[0.000000] (-) TimerEvent: {}
[0.000887] (mocap4r2_control_msgs) JobQueued: {'identifier': 'mocap4r2_control_msgs', 'dependencies': OrderedDict()}
[0.001113] (mocap4r2_marker_viz_srvs) JobQueued: {'identifier': 'mocap4r2_marker_viz_srvs', 'dependencies': OrderedDict()}
[0.001387] (mocap4r2_msgs) JobQueued: {'identifier': 'mocap4r2_msgs', 'dependencies': OrderedDict()}
[0.001558] (mocap4r2_robot_gt_msgs) JobQueued: {'identifier': 'mocap4r2_robot_gt_msgs', 'dependencies': OrderedDict()}
[0.002060] (mocap4r2_control) JobQueued: {'identifier': 'mocap4r2_control', 'dependencies': OrderedDict([('mocap4r2_control_msgs', '/home/airlab/seed25/ros_packages/mocap4r2_ws/install/mocap4r2_control_msgs')])}
[0.002340] (mocap4r2_marker_publisher) JobQueued: {'identifier': 'mocap4r2_marker_publisher', 'dependencies': OrderedDict([('mocap4r2_msgs', '/home/airlab/seed25/ros_packages/mocap4r2_ws/install/mocap4r2_msgs')])}
[0.002614] (mocap4r2_marker_viz) JobQueued: {'identifier': 'mocap4r2_marker_viz', 'dependencies': OrderedDict([('mocap4r2_marker_viz_srvs', '/home/airlab/seed25/ros_packages/mocap4r2_ws/install/mocap4r2_marker_viz_srvs'), ('mocap4r2_msgs', '/home/airlab/seed25/ros_packages/mocap4r2_ws/install/mocap4r2_msgs')])}
[0.002725] (mocap4r2_robot_gt) JobQueued: {'identifier': 'mocap4r2_robot_gt', 'dependencies': OrderedDict([('mocap4r2_msgs', '/home/airlab/seed25/ros_packages/mocap4r2_ws/install/mocap4r2_msgs'), ('mocap4r2_robot_gt_msgs', '/home/airlab/seed25/ros_packages/mocap4r2_ws/install/mocap4r2_robot_gt_msgs')])}
[0.002812] (mocap4r2cli) JobQueued: {'identifier': 'mocap4r2cli', 'dependencies': OrderedDict([('mocap4r2_control_msgs', '/home/airlab/seed25/ros_packages/mocap4r2_ws/install/mocap4r2_control_msgs')])}
[0.002892] (mocap4r2_dummy_driver) JobQueued: {'identifier': 'mocap4r2_dummy_driver', 'dependencies': OrderedDict([('mocap4r2_control_msgs', '/home/airlab/seed25/ros_packages/mocap4r2_ws/install/mocap4r2_control_msgs'), ('mocap4r2_msgs', '/home/airlab/seed25/ros_packages/mocap4r2_ws/install/mocap4r2_msgs'), ('mocap4r2_control', '/home/airlab/seed25/ros_packages/mocap4r2_ws/install/mocap4r2_control')])}
[0.002978] (mocap4r2_optitrack_driver) JobQueued: {'identifier': 'mocap4r2_optitrack_driver', 'dependencies': OrderedDict([('mocap4r2_control_msgs', '/home/airlab/seed25/ros_packages/mocap4r2_ws/install/mocap4r2_control_msgs'), ('mocap4r2_msgs', '/home/airlab/seed25/ros_packages/mocap4r2_ws/install/mocap4r2_msgs'), ('mocap4r2_control', '/home/airlab/seed25/ros_packages/mocap4r2_ws/install/mocap4r2_control')])}
[0.003090] (rqt_mocap4r2_control) JobQueued: {'identifier': 'rqt_mocap4r2_control', 'dependencies': OrderedDict([('mocap4r2_control_msgs', '/home/airlab/seed25/ros_packages/mocap4r2_ws/install/mocap4r2_control_msgs'), ('mocap4r2_control', '/home/airlab/seed25/ros_packages/mocap4r2_ws/install/mocap4r2_control')])}
[0.003192] (mocap4r2_control_msgs) JobStarted: {'identifier': 'mocap4r2_control_msgs'}
[0.019293] (mocap4r2_msgs) JobStarted: {'identifier': 'mocap4r2_msgs'}
[0.030367] (mocap4r2_marker_viz_srvs) JobStarted: {'identifier': 'mocap4r2_marker_viz_srvs'}
[0.040673] (mocap4r2_robot_gt_msgs) JobStarted: {'identifier': 'mocap4r2_robot_gt_msgs'}
[0.054873] (mocap4r2_control_msgs) JobProgress: {'identifier': 'mocap4r2_control_msgs', 'progress': 'cmake'}
[0.055937] (mocap4r2_control_msgs) Command: {'cmd': ['/usr/bin/cmake', '/home/airlab/seed25/ros_packages/mocap4r2_ws/src/mocap4r2/mocap4r2_control/mocap4r2_control_msgs', '-DCMAKE_INSTALL_PREFIX=/home/airlab/seed25/ros_packages/mocap4r2_ws/install/mocap4r2_control_msgs'], 'cwd': '/home/airlab/seed25/ros_packages/mocap4r2_ws/build/mocap4r2_control_msgs', 'env': OrderedDict([('LESSOPEN', '| /usr/bin/lesspipe %s'), ('USER', 'airlab'), ('SSH_CLIENT', '192.168.0.184 49493 22'), ('XDG_SESSION_TYPE', 'tty'), ('SHLVL', '1'), ('LD_LIBRARY_PATH', '/home/airlab/seed25/ros_packages/mocap4r2_ws/install/mocap4r2_robot_gt_msgs/lib:/home/airlab/seed25/ros_packages/mocap4r2_ws/install/mocap4r2_msgs/lib:/home/airlab/seed25/ros_packages/mocap4r2_ws/install/mocap4r2_marker_viz_srvs/lib:/home/airlab/seed25/ros_packages/mocap4r2_ws/install/mocap4r2_control_msgs/lib:/usr/local/cuda-11.4/lib64:/usr/local/cuda-11.4/lib64:/opt/ros/foxy/opt/yaml_cpp_vendor/lib:/opt/ros/foxy/opt/rviz_ogre_vendor/lib:/opt/ros/foxy/lib/aarch64-linux-gnu:/opt/ros/foxy/lib:/usr/local/cuda-11.4/lib64:'), ('MOTD_SHOWN', 'pam'), ('HOME', '/home/airlab'), ('OLDPWD', '/home/airlab/seed25/ros_packages/mocap4r2_ws/src'), ('SSH_TTY', '/dev/pts/1'), ('JETSON_L4T', '35.6.1'), ('ROS_PYTHON_VERSION', '3'), ('JETSON_MODEL', 'NVIDIA Orin NX Developer Kit'), ('DBUS_SESSION_BUS_ADDRESS', 'unix:path=/run/user/1000/bus'), ('COLCON_PREFIX_PATH', '/home/airlab/seed25/ros_packages/mocap4r2_ws/install'), ('ROS_DISTRO', 'foxy'), ('LOGNAME', 'airlab'), ('JETSON_MODULE', 'NVIDIA Jetson Orin NX (16GB ram)'), ('JETSON_SERIAL_NUMBER', '1425023203559'), ('_', '/usr/bin/colcon'), ('ROS_VERSION', '2'), ('JETSON_CODENAME', 'P3768'), ('XDG_SESSION_CLASS', 'user'), ('TERM', 'xterm'), ('XDG_SESSION_ID', '8'), ('ROS_LOCALHOST_ONLY', '0'), ('PATH', '/usr/local/cuda-11.4/bin:/usr/local/cuda-11.4/bin:/home/airlab/.local/bin:/opt/ros/foxy/bin:/usr/local/cuda-11.4/bin:/usr/local/sbin:/usr/local/bin:/usr/sbin:/usr/bin:/sbin:/bin:/usr/games:/usr/local/games:/snap/bin'), ('XDG_RUNTIME_DIR', '/run/user/1000'), ('DISPLAY', 'localhost:11.0'), ('LANG', 'en_US.UTF-8'), ('LS_COLORS', 'rs=0:di=01;34:ln=01;36:mh=00:pi=40;33:so=01;35:do=01;35:bd=40;33;01:cd=40;33;01:or=40;31;01:mi=00:su=37;41:sg=30;43:ca=30;41:tw=30;42:ow=34;42:st=37;44:ex=01;32:*.tar=01;31:*.tgz=01;31:*.arc=01;31:*.arj=01;31:*.taz=01;31:*.lha=01;31:*.lz4=01;31:*.lzh=01;31:*.lzma=01;31:*.tlz=01;31:*.txz=01;31:*.tzo=01;31:*.t7z=01;31:*.zip=01;31:*.z=01;31:*.dz=01;31:*.gz=01;31:*.lrz=01;31:*.lz=01;31:*.lzo=01;31:*.xz=01;31:*.zst=01;31:*.tzst=01;31:*.bz2=01;31:*.bz=01;31:*.tbz=01;31:*.tbz2=01;31:*.tz=01;31:*.deb=01;31:*.rpm=01;31:*.jar=01;31:*.war=01;31:*.ear=01;31:*.sar=01;31:*.rar=01;31:*.alz=01;31:*.ace=01;31:*.zoo=01;31:*.cpio=01;31:*.7z=01;31:*.rz=01;31:*.cab=01;31:*.wim=01;31:*.swm=01;31:*.dwm=01;31:*.esd=01;31:*.jpg=01;35:*.jpeg=01;35:*.mjpg=01;35:*.mjpeg=01;35:*.gif=01;35:*.bmp=01;35:*.pbm=01;35:*.pgm=01;35:*.ppm=01;35:*.tga=01;35:*.xbm=01;35:*.xpm=01;35:*.tif=01;35:*.tiff=01;35:*.png=01;35:*.svg=01;35:*.svgz=01;35:*.mng=01;35:*.pcx=01;35:*.mov=01;35:*.mpg=01;35:*.mpeg=01;35:*.m2v=01;35:*.mkv=01;35:*.webm=01;35:*.ogm=01;35:*.mp4=01;35:*.m4v=01;35:*.mp4v=01;35:*.vob=01;35:*.qt=01;35:*.nuv=01;35:*.wmv=01;35:*.asf=01;35:*.rm=01;35:*.rmvb=01;35:*.flc=01;35:*.avi=01;35:*.fli=01;35:*.flv=01;35:*.gl=01;35:*.dl=01;35:*.xcf=01;35:*.xwd=01;35:*.yuv=01;35:*.cgm=01;35:*.emf=01;35:*.ogv=01;35:*.ogx=01;35:*.aac=00;36:*.au=00;36:*.flac=00;36:*.m4a=00;36:*.mid=00;36:*.midi=00;36:*.mka=00;36:*.mp3=00;36:*.mpc=00;36:*.ogg=00;36:*.ra=00;36:*.wav=00;36:*.oga=00;36:*.opus=00;36:*.spx=00;36:*.xspf=00;36:'), ('JETSON_SOC', 'tegra23x'), ('ROS_DOMAIN_ID', '3'), ('AMENT_PREFIX_PATH', '/home/airlab/seed25/ros_packages/mocap4r2_ws/install/mocap4r2cli:/home/airlab/seed25/ros_packages/mocap4r2_ws/install/mocap4r2_robot_gt_msgs:/home/airlab/seed25/ros_packages/mocap4r2_ws/install/mocap4r2_marker_viz:/home/airlab/seed25/ros_packages/mocap4r2_ws/install/mocap4r2_marker_publisher:/home/airlab/seed25/ros_packages/mocap4r2_ws/install/mocap4r2_msgs:/home/airlab/seed25/ros_packages/mocap4r2_ws/install/mocap4r2_marker_viz_srvs:/home/airlab/seed25/ros_packages/mocap4r2_ws/install/mocap4r2_control_msgs:/opt/ros/foxy'), ('SHELL', '/bin/bash'), ('LESSCLOSE', '/usr/bin/lesspipe %s %s'), ('JETSON_CUDA_ARCH_BIN', '8.7'), ('PWD', '/home/airlab/seed25/ros_packages/mocap4r2_ws/build/mocap4r2_control_msgs'), ('LC_ALL', 'en_US.UTF-8'), ('SSH_CONNECTION', '192.168.0.184 49493 192.168.0.136 22'), ('XDG_DATA_DIRS', '/usr/local/share:/usr/share:/var/lib/snapd/desktop'), ('PYTHONPATH', '/home/airlab/seed25/ros_packages/mocap4r2_ws/install/mocap4r2cli/lib/python3.8/site-packages:/home/airlab/seed25/ros_packages/mocap4r2_ws/install/mocap4r2_robot_gt_msgs/lib/python3.8/site-packages:/home/airlab/seed25/ros_packages/mocap4r2_ws/install/mocap4r2_msgs/lib/python3.8/site-packages:/home/airlab/seed25/ros_packages/mocap4r2_ws/install/mocap4r2_marker_viz_srvs/lib/python3.8/site-packages:/home/airlab/seed25/ros_packages/mocap4r2_ws/install/mocap4r2_control_msgs/lib/python3.8/site-packages:/opt/ros/foxy/lib/python3.8/site-packages'), ('COLCON', '1'), ('JETSON_JETPACK', '5.1.5'), ('CMAKE_PREFIX_PATH', '/home/airlab/seed25/ros_packages/mocap4r2_ws/install/mocap4r2_robot_gt_msgs:/home/airlab/seed25/ros_packages/mocap4r2_ws/install/mocap4r2_marker_viz:/home/airlab/seed25/ros_packages/mocap4r2_ws/install/mocap4r2_marker_publisher:/home/airlab/seed25/ros_packages/mocap4r2_ws/install/mocap4r2_msgs:/home/airlab/seed25/ros_packages/mocap4r2_ws/install/mocap4r2_marker_viz_srvs:/home/airlab/seed25/ros_packages/mocap4r2_ws/install/mocap4r2_control_msgs:/home/airlab/seed25/ros_packages/mocap4r2_ws/install/mocap4r2cli:/opt/ros/foxy'), ('JETSON_P_NUMBER', 'p3767-0000')]), 'shell': False}
[0.064627] (mocap4r2_msgs) JobProgress: {'identifier': 'mocap4r2_msgs', 'progress': 'cmake'}
[0.065724] (mocap4r2_msgs) Command: {'cmd': ['/usr/bin/cmake', '/home/airlab/seed25/ros_packages/mocap4r2_ws/src/mocap_msgs', '-DCMAKE_INSTALL_PREFIX=/home/airlab/seed25/ros_packages/mocap4r2_ws/install/mocap4r2_msgs'], 'cwd': '/home/airlab/seed25/ros_packages/mocap4r2_ws/build/mocap4r2_msgs', 'env': OrderedDict([('LESSOPEN', '| /usr/bin/lesspipe %s'), ('USER', 'airlab'), ('SSH_CLIENT', '192.168.0.184 49493 22'), ('XDG_SESSION_TYPE', 'tty'), ('SHLVL', '1'), ('LD_LIBRARY_PATH', '/home/airlab/seed25/ros_packages/mocap4r2_ws/install/mocap4r2_robot_gt_msgs/lib:/home/airlab/seed25/ros_packages/mocap4r2_ws/install/mocap4r2_msgs/lib:/home/airlab/seed25/ros_packages/mocap4r2_ws/install/mocap4r2_marker_viz_srvs/lib:/home/airlab/seed25/ros_packages/mocap4r2_ws/install/mocap4r2_control_msgs/lib:/usr/local/cuda-11.4/lib64:/usr/local/cuda-11.4/lib64:/opt/ros/foxy/opt/yaml_cpp_vendor/lib:/opt/ros/foxy/opt/rviz_ogre_vendor/lib:/opt/ros/foxy/lib/aarch64-linux-gnu:/opt/ros/foxy/lib:/usr/local/cuda-11.4/lib64:'), ('MOTD_SHOWN', 'pam'), ('HOME', '/home/airlab'), ('OLDPWD', '/home/airlab/seed25/ros_packages/mocap4r2_ws/src'), ('SSH_TTY', '/dev/pts/1'), ('JETSON_L4T', '35.6.1'), ('ROS_PYTHON_VERSION', '3'), ('JETSON_MODEL', 'NVIDIA Orin NX Developer Kit'), ('DBUS_SESSION_BUS_ADDRESS', 'unix:path=/run/user/1000/bus'), ('COLCON_PREFIX_PATH', '/home/airlab/seed25/ros_packages/mocap4r2_ws/install'), ('ROS_DISTRO', 'foxy'), ('LOGNAME', 'airlab'), ('JETSON_MODULE', 'NVIDIA Jetson Orin NX (16GB ram)'), ('JETSON_SERIAL_NUMBER', '1425023203559'), ('_', '/usr/bin/colcon'), ('ROS_VERSION', '2'), ('JETSON_CODENAME', 'P3768'), ('XDG_SESSION_CLASS', 'user'), ('TERM', 'xterm'), ('XDG_SESSION_ID', '8'), ('ROS_LOCALHOST_ONLY', '0'), ('PATH', '/usr/local/cuda-11.4/bin:/usr/local/cuda-11.4/bin:/home/airlab/.local/bin:/opt/ros/foxy/bin:/usr/local/cuda-11.4/bin:/usr/local/sbin:/usr/local/bin:/usr/sbin:/usr/bin:/sbin:/bin:/usr/games:/usr/local/games:/snap/bin'), ('XDG_RUNTIME_DIR', '/run/user/1000'), ('DISPLAY', 'localhost:11.0'), ('LANG', 'en_US.UTF-8'), ('LS_COLORS', 'rs=0:di=01;34:ln=01;36:mh=00:pi=40;33:so=01;35:do=01;35:bd=40;33;01:cd=40;33;01:or=40;31;01:mi=00:su=37;41:sg=30;43:ca=30;41:tw=30;42:ow=34;42:st=37;44:ex=01;32:*.tar=01;31:*.tgz=01;31:*.arc=01;31:*.arj=01;31:*.taz=01;31:*.lha=01;31:*.lz4=01;31:*.lzh=01;31:*.lzma=01;31:*.tlz=01;31:*.txz=01;31:*.tzo=01;31:*.t7z=01;31:*.zip=01;31:*.z=01;31:*.dz=01;31:*.gz=01;31:*.lrz=01;31:*.lz=01;31:*.lzo=01;31:*.xz=01;31:*.zst=01;31:*.tzst=01;31:*.bz2=01;31:*.bz=01;31:*.tbz=01;31:*.tbz2=01;31:*.tz=01;31:*.deb=01;31:*.rpm=01;31:*.jar=01;31:*.war=01;31:*.ear=01;31:*.sar=01;31:*.rar=01;31:*.alz=01;31:*.ace=01;31:*.zoo=01;31:*.cpio=01;31:*.7z=01;31:*.rz=01;31:*.cab=01;31:*.wim=01;31:*.swm=01;31:*.dwm=01;31:*.esd=01;31:*.jpg=01;35:*.jpeg=01;35:*.mjpg=01;35:*.mjpeg=01;35:*.gif=01;35:*.bmp=01;35:*.pbm=01;35:*.pgm=01;35:*.ppm=01;35:*.tga=01;35:*.xbm=01;35:*.xpm=01;35:*.tif=01;35:*.tiff=01;35:*.png=01;35:*.svg=01;35:*.svgz=01;35:*.mng=01;35:*.pcx=01;35:*.mov=01;35:*.mpg=01;35:*.mpeg=01;35:*.m2v=01;35:*.mkv=01;35:*.webm=01;35:*.ogm=01;35:*.mp4=01;35:*.m4v=01;35:*.mp4v=01;35:*.vob=01;35:*.qt=01;35:*.nuv=01;35:*.wmv=01;35:*.asf=01;35:*.rm=01;35:*.rmvb=01;35:*.flc=01;35:*.avi=01;35:*.fli=01;35:*.flv=01;35:*.gl=01;35:*.dl=01;35:*.xcf=01;35:*.xwd=01;35:*.yuv=01;35:*.cgm=01;35:*.emf=01;35:*.ogv=01;35:*.ogx=01;35:*.aac=00;36:*.au=00;36:*.flac=00;36:*.m4a=00;36:*.mid=00;36:*.midi=00;36:*.mka=00;36:*.mp3=00;36:*.mpc=00;36:*.ogg=00;36:*.ra=00;36:*.wav=00;36:*.oga=00;36:*.opus=00;36:*.spx=00;36:*.xspf=00;36:'), ('JETSON_SOC', 'tegra23x'), ('ROS_DOMAIN_ID', '3'), ('AMENT_PREFIX_PATH', '/home/airlab/seed25/ros_packages/mocap4r2_ws/install/mocap4r2cli:/home/airlab/seed25/ros_packages/mocap4r2_ws/install/mocap4r2_robot_gt_msgs:/home/airlab/seed25/ros_packages/mocap4r2_ws/install/mocap4r2_marker_viz:/home/airlab/seed25/ros_packages/mocap4r2_ws/install/mocap4r2_marker_publisher:/home/airlab/seed25/ros_packages/mocap4r2_ws/install/mocap4r2_msgs:/home/airlab/seed25/ros_packages/mocap4r2_ws/install/mocap4r2_marker_viz_srvs:/home/airlab/seed25/ros_packages/mocap4r2_ws/install/mocap4r2_control_msgs:/opt/ros/foxy'), ('SHELL', '/bin/bash'), ('LESSCLOSE', '/usr/bin/lesspipe %s %s'), ('JETSON_CUDA_ARCH_BIN', '8.7'), ('PWD', '/home/airlab/seed25/ros_packages/mocap4r2_ws/build/mocap4r2_msgs'), ('LC_ALL', 'en_US.UTF-8'), ('SSH_CONNECTION', '192.168.0.184 49493 192.168.0.136 22'), ('XDG_DATA_DIRS', '/usr/local/share:/usr/share:/var/lib/snapd/desktop'), ('PYTHONPATH', '/home/airlab/seed25/ros_packages/mocap4r2_ws/install/mocap4r2cli/lib/python3.8/site-packages:/home/airlab/seed25/ros_packages/mocap4r2_ws/install/mocap4r2_robot_gt_msgs/lib/python3.8/site-packages:/home/airlab/seed25/ros_packages/mocap4r2_ws/install/mocap4r2_msgs/lib/python3.8/site-packages:/home/airlab/seed25/ros_packages/mocap4r2_ws/install/mocap4r2_marker_viz_srvs/lib/python3.8/site-packages:/home/airlab/seed25/ros_packages/mocap4r2_ws/install/mocap4r2_control_msgs/lib/python3.8/site-packages:/opt/ros/foxy/lib/python3.8/site-packages'), ('COLCON', '1'), ('JETSON_JETPACK', '5.1.5'), ('CMAKE_PREFIX_PATH', '/home/airlab/seed25/ros_packages/mocap4r2_ws/install/mocap4r2_robot_gt_msgs:/home/airlab/seed25/ros_packages/mocap4r2_ws/install/mocap4r2_marker_viz:/home/airlab/seed25/ros_packages/mocap4r2_ws/install/mocap4r2_marker_publisher:/home/airlab/seed25/ros_packages/mocap4r2_ws/install/mocap4r2_msgs:/home/airlab/seed25/ros_packages/mocap4r2_ws/install/mocap4r2_marker_viz_srvs:/home/airlab/seed25/ros_packages/mocap4r2_ws/install/mocap4r2_control_msgs:/home/airlab/seed25/ros_packages/mocap4r2_ws/install/mocap4r2cli:/opt/ros/foxy'), ('JETSON_P_NUMBER', 'p3767-0000')]), 'shell': False}
[0.071536] (mocap4r2_marker_viz_srvs) JobProgress: {'identifier': 'mocap4r2_marker_viz_srvs', 'progress': 'cmake'}
[0.072541] (mocap4r2_marker_viz_srvs) Command: {'cmd': ['/usr/bin/cmake', '/home/airlab/seed25/ros_packages/mocap4r2_ws/src/mocap4r2/mocap4r2_marker_viz/mocap4r2_marker_viz_srvs', '-DCMAKE_INSTALL_PREFIX=/home/airlab/seed25/ros_packages/mocap4r2_ws/install/mocap4r2_marker_viz_srvs'], 'cwd': '/home/airlab/seed25/ros_packages/mocap4r2_ws/build/mocap4r2_marker_viz_srvs', 'env': OrderedDict([('LESSOPEN', '| /usr/bin/lesspipe %s'), ('USER', 'airlab'), ('SSH_CLIENT', '192.168.0.184 49493 22'), ('XDG_SESSION_TYPE', 'tty'), ('SHLVL', '1'), ('LD_LIBRARY_PATH', '/home/airlab/seed25/ros_packages/mocap4r2_ws/install/mocap4r2_robot_gt_msgs/lib:/home/airlab/seed25/ros_packages/mocap4r2_ws/install/mocap4r2_msgs/lib:/home/airlab/seed25/ros_packages/mocap4r2_ws/install/mocap4r2_marker_viz_srvs/lib:/home/airlab/seed25/ros_packages/mocap4r2_ws/install/mocap4r2_control_msgs/lib:/usr/local/cuda-11.4/lib64:/usr/local/cuda-11.4/lib64:/opt/ros/foxy/opt/yaml_cpp_vendor/lib:/opt/ros/foxy/opt/rviz_ogre_vendor/lib:/opt/ros/foxy/lib/aarch64-linux-gnu:/opt/ros/foxy/lib:/usr/local/cuda-11.4/lib64:'), ('MOTD_SHOWN', 'pam'), ('HOME', '/home/airlab'), ('OLDPWD', '/home/airlab/seed25/ros_packages/mocap4r2_ws/src'), ('SSH_TTY', '/dev/pts/1'), ('JETSON_L4T', '35.6.1'), ('ROS_PYTHON_VERSION', '3'), ('JETSON_MODEL', 'NVIDIA Orin NX Developer Kit'), ('DBUS_SESSION_BUS_ADDRESS', 'unix:path=/run/user/1000/bus'), ('COLCON_PREFIX_PATH', '/home/airlab/seed25/ros_packages/mocap4r2_ws/install'), ('ROS_DISTRO', 'foxy'), ('LOGNAME', 'airlab'), ('JETSON_MODULE', 'NVIDIA Jetson Orin NX (16GB ram)'), ('JETSON_SERIAL_NUMBER', '1425023203559'), ('_', '/usr/bin/colcon'), ('ROS_VERSION', '2'), ('JETSON_CODENAME', 'P3768'), ('XDG_SESSION_CLASS', 'user'), ('TERM', 'xterm'), ('XDG_SESSION_ID', '8'), ('ROS_LOCALHOST_ONLY', '0'), ('PATH', '/usr/local/cuda-11.4/bin:/usr/local/cuda-11.4/bin:/home/airlab/.local/bin:/opt/ros/foxy/bin:/usr/local/cuda-11.4/bin:/usr/local/sbin:/usr/local/bin:/usr/sbin:/usr/bin:/sbin:/bin:/usr/games:/usr/local/games:/snap/bin'), ('XDG_RUNTIME_DIR', '/run/user/1000'), ('DISPLAY', 'localhost:11.0'), ('LANG', 'en_US.UTF-8'), ('LS_COLORS', 'rs=0:di=01;34:ln=01;36:mh=00:pi=40;33:so=01;35:do=01;35:bd=40;33;01:cd=40;33;01:or=40;31;01:mi=00:su=37;41:sg=30;43:ca=30;41:tw=30;42:ow=34;42:st=37;44:ex=01;32:*.tar=01;31:*.tgz=01;31:*.arc=01;31:*.arj=01;31:*.taz=01;31:*.lha=01;31:*.lz4=01;31:*.lzh=01;31:*.lzma=01;31:*.tlz=01;31:*.txz=01;31:*.tzo=01;31:*.t7z=01;31:*.zip=01;31:*.z=01;31:*.dz=01;31:*.gz=01;31:*.lrz=01;31:*.lz=01;31:*.lzo=01;31:*.xz=01;31:*.zst=01;31:*.tzst=01;31:*.bz2=01;31:*.bz=01;31:*.tbz=01;31:*.tbz2=01;31:*.tz=01;31:*.deb=01;31:*.rpm=01;31:*.jar=01;31:*.war=01;31:*.ear=01;31:*.sar=01;31:*.rar=01;31:*.alz=01;31:*.ace=01;31:*.zoo=01;31:*.cpio=01;31:*.7z=01;31:*.rz=01;31:*.cab=01;31:*.wim=01;31:*.swm=01;31:*.dwm=01;31:*.esd=01;31:*.jpg=01;35:*.jpeg=01;35:*.mjpg=01;35:*.mjpeg=01;35:*.gif=01;35:*.bmp=01;35:*.pbm=01;35:*.pgm=01;35:*.ppm=01;35:*.tga=01;35:*.xbm=01;35:*.xpm=01;35:*.tif=01;35:*.tiff=01;35:*.png=01;35:*.svg=01;35:*.svgz=01;35:*.mng=01;35:*.pcx=01;35:*.mov=01;35:*.mpg=01;35:*.mpeg=01;35:*.m2v=01;35:*.mkv=01;35:*.webm=01;35:*.ogm=01;35:*.mp4=01;35:*.m4v=01;35:*.mp4v=01;35:*.vob=01;35:*.qt=01;35:*.nuv=01;35:*.wmv=01;35:*.asf=01;35:*.rm=01;35:*.rmvb=01;35:*.flc=01;35:*.avi=01;35:*.fli=01;35:*.flv=01;35:*.gl=01;35:*.dl=01;35:*.xcf=01;35:*.xwd=01;35:*.yuv=01;35:*.cgm=01;35:*.emf=01;35:*.ogv=01;35:*.ogx=01;35:*.aac=00;36:*.au=00;36:*.flac=00;36:*.m4a=00;36:*.mid=00;36:*.midi=00;36:*.mka=00;36:*.mp3=00;36:*.mpc=00;36:*.ogg=00;36:*.ra=00;36:*.wav=00;36:*.oga=00;36:*.opus=00;36:*.spx=00;36:*.xspf=00;36:'), ('JETSON_SOC', 'tegra23x'), ('ROS_DOMAIN_ID', '3'), ('AMENT_PREFIX_PATH', '/home/airlab/seed25/ros_packages/mocap4r2_ws/install/mocap4r2cli:/home/airlab/seed25/ros_packages/mocap4r2_ws/install/mocap4r2_robot_gt_msgs:/home/airlab/seed25/ros_packages/mocap4r2_ws/install/mocap4r2_marker_viz:/home/airlab/seed25/ros_packages/mocap4r2_ws/install/mocap4r2_marker_publisher:/home/airlab/seed25/ros_packages/mocap4r2_ws/install/mocap4r2_msgs:/home/airlab/seed25/ros_packages/mocap4r2_ws/install/mocap4r2_marker_viz_srvs:/home/airlab/seed25/ros_packages/mocap4r2_ws/install/mocap4r2_control_msgs:/opt/ros/foxy'), ('SHELL', '/bin/bash'), ('LESSCLOSE', '/usr/bin/lesspipe %s %s'), ('JETSON_CUDA_ARCH_BIN', '8.7'), ('PWD', '/home/airlab/seed25/ros_packages/mocap4r2_ws/build/mocap4r2_marker_viz_srvs'), ('LC_ALL', 'en_US.UTF-8'), ('SSH_CONNECTION', '192.168.0.184 49493 192.168.0.136 22'), ('XDG_DATA_DIRS', '/usr/local/share:/usr/share:/var/lib/snapd/desktop'), ('PYTHONPATH', '/home/airlab/seed25/ros_packages/mocap4r2_ws/install/mocap4r2cli/lib/python3.8/site-packages:/home/airlab/seed25/ros_packages/mocap4r2_ws/install/mocap4r2_robot_gt_msgs/lib/python3.8/site-packages:/home/airlab/seed25/ros_packages/mocap4r2_ws/install/mocap4r2_msgs/lib/python3.8/site-packages:/home/airlab/seed25/ros_packages/mocap4r2_ws/install/mocap4r2_marker_viz_srvs/lib/python3.8/site-packages:/home/airlab/seed25/ros_packages/mocap4r2_ws/install/mocap4r2_control_msgs/lib/python3.8/site-packages:/opt/ros/foxy/lib/python3.8/site-packages'), ('COLCON', '1'), ('JETSON_JETPACK', '5.1.5'), ('CMAKE_PREFIX_PATH', '/home/airlab/seed25/ros_packages/mocap4r2_ws/install/mocap4r2_robot_gt_msgs:/home/airlab/seed25/ros_packages/mocap4r2_ws/install/mocap4r2_marker_viz:/home/airlab/seed25/ros_packages/mocap4r2_ws/install/mocap4r2_marker_publisher:/home/airlab/seed25/ros_packages/mocap4r2_ws/install/mocap4r2_msgs:/home/airlab/seed25/ros_packages/mocap4r2_ws/install/mocap4r2_marker_viz_srvs:/home/airlab/seed25/ros_packages/mocap4r2_ws/install/mocap4r2_control_msgs:/home/airlab/seed25/ros_packages/mocap4r2_ws/install/mocap4r2cli:/opt/ros/foxy'), ('JETSON_P_NUMBER', 'p3767-0000')]), 'shell': False}
[0.083340] (mocap4r2_robot_gt_msgs) JobProgress: {'identifier': 'mocap4r2_robot_gt_msgs', 'progress': 'cmake'}
[0.083751] (mocap4r2_robot_gt_msgs) Command: {'cmd': ['/usr/bin/cmake', '/home/airlab/seed25/ros_packages/mocap4r2_ws/src/mocap4r2/mocap4r2_robot_gt/mocap4r2_robot_gt_msgs', '-DCMAKE_INSTALL_PREFIX=/home/airlab/seed25/ros_packages/mocap4r2_ws/install/mocap4r2_robot_gt_msgs'], 'cwd': '/home/airlab/seed25/ros_packages/mocap4r2_ws/build/mocap4r2_robot_gt_msgs', 'env': OrderedDict([('LESSOPEN', '| /usr/bin/lesspipe %s'), ('USER', 'airlab'), ('SSH_CLIENT', '192.168.0.184 49493 22'), ('XDG_SESSION_TYPE', 'tty'), ('SHLVL', '1'), ('LD_LIBRARY_PATH', '/home/airlab/seed25/ros_packages/mocap4r2_ws/install/mocap4r2_robot_gt_msgs/lib:/home/airlab/seed25/ros_packages/mocap4r2_ws/install/mocap4r2_msgs/lib:/home/airlab/seed25/ros_packages/mocap4r2_ws/install/mocap4r2_marker_viz_srvs/lib:/home/airlab/seed25/ros_packages/mocap4r2_ws/install/mocap4r2_control_msgs/lib:/usr/local/cuda-11.4/lib64:/usr/local/cuda-11.4/lib64:/opt/ros/foxy/opt/yaml_cpp_vendor/lib:/opt/ros/foxy/opt/rviz_ogre_vendor/lib:/opt/ros/foxy/lib/aarch64-linux-gnu:/opt/ros/foxy/lib:/usr/local/cuda-11.4/lib64:'), ('MOTD_SHOWN', 'pam'), ('HOME', '/home/airlab'), ('OLDPWD', '/home/airlab/seed25/ros_packages/mocap4r2_ws/src'), ('SSH_TTY', '/dev/pts/1'), ('JETSON_L4T', '35.6.1'), ('ROS_PYTHON_VERSION', '3'), ('JETSON_MODEL', 'NVIDIA Orin NX Developer Kit'), ('DBUS_SESSION_BUS_ADDRESS', 'unix:path=/run/user/1000/bus'), ('COLCON_PREFIX_PATH', '/home/airlab/seed25/ros_packages/mocap4r2_ws/install'), ('ROS_DISTRO', 'foxy'), ('LOGNAME', 'airlab'), ('JETSON_MODULE', 'NVIDIA Jetson Orin NX (16GB ram)'), ('JETSON_SERIAL_NUMBER', '1425023203559'), ('_', '/usr/bin/colcon'), ('ROS_VERSION', '2'), ('JETSON_CODENAME', 'P3768'), ('XDG_SESSION_CLASS', 'user'), ('TERM', 'xterm'), ('XDG_SESSION_ID', '8'), ('ROS_LOCALHOST_ONLY', '0'), ('PATH', '/usr/local/cuda-11.4/bin:/usr/local/cuda-11.4/bin:/home/airlab/.local/bin:/opt/ros/foxy/bin:/usr/local/cuda-11.4/bin:/usr/local/sbin:/usr/local/bin:/usr/sbin:/usr/bin:/sbin:/bin:/usr/games:/usr/local/games:/snap/bin'), ('XDG_RUNTIME_DIR', '/run/user/1000'), ('DISPLAY', 'localhost:11.0'), ('LANG', 'en_US.UTF-8'), ('LS_COLORS', 'rs=0:di=01;34:ln=01;36:mh=00:pi=40;33:so=01;35:do=01;35:bd=40;33;01:cd=40;33;01:or=40;31;01:mi=00:su=37;41:sg=30;43:ca=30;41:tw=30;42:ow=34;42:st=37;44:ex=01;32:*.tar=01;31:*.tgz=01;31:*.arc=01;31:*.arj=01;31:*.taz=01;31:*.lha=01;31:*.lz4=01;31:*.lzh=01;31:*.lzma=01;31:*.tlz=01;31:*.txz=01;31:*.tzo=01;31:*.t7z=01;31:*.zip=01;31:*.z=01;31:*.dz=01;31:*.gz=01;31:*.lrz=01;31:*.lz=01;31:*.lzo=01;31:*.xz=01;31:*.zst=01;31:*.tzst=01;31:*.bz2=01;31:*.bz=01;31:*.tbz=01;31:*.tbz2=01;31:*.tz=01;31:*.deb=01;31:*.rpm=01;31:*.jar=01;31:*.war=01;31:*.ear=01;31:*.sar=01;31:*.rar=01;31:*.alz=01;31:*.ace=01;31:*.zoo=01;31:*.cpio=01;31:*.7z=01;31:*.rz=01;31:*.cab=01;31:*.wim=01;31:*.swm=01;31:*.dwm=01;31:*.esd=01;31:*.jpg=01;35:*.jpeg=01;35:*.mjpg=01;35:*.mjpeg=01;35:*.gif=01;35:*.bmp=01;35:*.pbm=01;35:*.pgm=01;35:*.ppm=01;35:*.tga=01;35:*.xbm=01;35:*.xpm=01;35:*.tif=01;35:*.tiff=01;35:*.png=01;35:*.svg=01;35:*.svgz=01;35:*.mng=01;35:*.pcx=01;35:*.mov=01;35:*.mpg=01;35:*.mpeg=01;35:*.m2v=01;35:*.mkv=01;35:*.webm=01;35:*.ogm=01;35:*.mp4=01;35:*.m4v=01;35:*.mp4v=01;35:*.vob=01;35:*.qt=01;35:*.nuv=01;35:*.wmv=01;35:*.asf=01;35:*.rm=01;35:*.rmvb=01;35:*.flc=01;35:*.avi=01;35:*.fli=01;35:*.flv=01;35:*.gl=01;35:*.dl=01;35:*.xcf=01;35:*.xwd=01;35:*.yuv=01;35:*.cgm=01;35:*.emf=01;35:*.ogv=01;35:*.ogx=01;35:*.aac=00;36:*.au=00;36:*.flac=00;36:*.m4a=00;36:*.mid=00;36:*.midi=00;36:*.mka=00;36:*.mp3=00;36:*.mpc=00;36:*.ogg=00;36:*.ra=00;36:*.wav=00;36:*.oga=00;36:*.opus=00;36:*.spx=00;36:*.xspf=00;36:'), ('JETSON_SOC', 'tegra23x'), ('ROS_DOMAIN_ID', '3'), ('AMENT_PREFIX_PATH', '/home/airlab/seed25/ros_packages/mocap4r2_ws/install/mocap4r2cli:/home/airlab/seed25/ros_packages/mocap4r2_ws/install/mocap4r2_robot_gt_msgs:/home/airlab/seed25/ros_packages/mocap4r2_ws/install/mocap4r2_marker_viz:/home/airlab/seed25/ros_packages/mocap4r2_ws/install/mocap4r2_marker_publisher:/home/airlab/seed25/ros_packages/mocap4r2_ws/install/mocap4r2_msgs:/home/airlab/seed25/ros_packages/mocap4r2_ws/install/mocap4r2_marker_viz_srvs:/home/airlab/seed25/ros_packages/mocap4r2_ws/install/mocap4r2_control_msgs:/opt/ros/foxy'), ('SHELL', '/bin/bash'), ('LESSCLOSE', '/usr/bin/lesspipe %s %s'), ('JETSON_CUDA_ARCH_BIN', '8.7'), ('PWD', '/home/airlab/seed25/ros_packages/mocap4r2_ws/build/mocap4r2_robot_gt_msgs'), ('LC_ALL', 'en_US.UTF-8'), ('SSH_CONNECTION', '192.168.0.184 49493 192.168.0.136 22'), ('XDG_DATA_DIRS', '/usr/local/share:/usr/share:/var/lib/snapd/desktop'), ('PYTHONPATH', '/home/airlab/seed25/ros_packages/mocap4r2_ws/install/mocap4r2cli/lib/python3.8/site-packages:/home/airlab/seed25/ros_packages/mocap4r2_ws/install/mocap4r2_robot_gt_msgs/lib/python3.8/site-packages:/home/airlab/seed25/ros_packages/mocap4r2_ws/install/mocap4r2_msgs/lib/python3.8/site-packages:/home/airlab/seed25/ros_packages/mocap4r2_ws/install/mocap4r2_marker_viz_srvs/lib/python3.8/site-packages:/home/airlab/seed25/ros_packages/mocap4r2_ws/install/mocap4r2_control_msgs/lib/python3.8/site-packages:/opt/ros/foxy/lib/python3.8/site-packages'), ('COLCON', '1'), ('JETSON_JETPACK', '5.1.5'), ('CMAKE_PREFIX_PATH', '/home/airlab/seed25/ros_packages/mocap4r2_ws/install/mocap4r2_robot_gt_msgs:/home/airlab/seed25/ros_packages/mocap4r2_ws/install/mocap4r2_marker_viz:/home/airlab/seed25/ros_packages/mocap4r2_ws/install/mocap4r2_marker_publisher:/home/airlab/seed25/ros_packages/mocap4r2_ws/install/mocap4r2_msgs:/home/airlab/seed25/ros_packages/mocap4r2_ws/install/mocap4r2_marker_viz_srvs:/home/airlab/seed25/ros_packages/mocap4r2_ws/install/mocap4r2_control_msgs:/home/airlab/seed25/ros_packages/mocap4r2_ws/install/mocap4r2cli:/opt/ros/foxy'), ('JETSON_P_NUMBER', 'p3767-0000')]), 'shell': False}
[0.099965] (-) TimerEvent: {}
[0.183382] (mocap4r2_msgs) StdoutLine: {'line': b'-- The C compiler identification is GNU 9.4.0\n'}
[0.184002] (mocap4r2_control_msgs) StdoutLine: {'line': b'-- The C compiler identification is GNU 9.4.0\n'}
[0.198414] (mocap4r2_marker_viz_srvs) StdoutLine: {'line': b'-- The C compiler identification is GNU 9.4.0\n'}
[0.200101] (-) TimerEvent: {}
[0.210820] (mocap4r2_robot_gt_msgs) StdoutLine: {'line': b'-- The C compiler identification is GNU 9.4.0\n'}
[0.296784] (mocap4r2_control_msgs) StdoutLine: {'line': b'-- The CXX compiler identification is GNU 9.4.0\n'}
[0.305705] (-) TimerEvent: {}
[0.308225] (mocap4r2_msgs) StdoutLine: {'line': b'-- The CXX compiler identification is GNU 9.4.0\n'}
[0.308698] (mocap4r2_control_msgs) StdoutLine: {'line': b'-- Check for working C compiler: /usr/bin/cc\n'}
[0.312230] (mocap4r2_msgs) StdoutLine: {'line': b'-- Check for working C compiler: /usr/bin/cc\n'}
[0.313079] (mocap4r2_marker_viz_srvs) StdoutLine: {'line': b'-- The CXX compiler identification is GNU 9.4.0\n'}
[0.323679] (mocap4r2_robot_gt_msgs) StdoutLine: {'line': b'-- The CXX compiler identification is GNU 9.4.0\n'}
[0.324409] (mocap4r2_marker_viz_srvs) StdoutLine: {'line': b'-- Check for working C compiler: /usr/bin/cc\n'}
[0.333288] (mocap4r2_robot_gt_msgs) StdoutLine: {'line': b'-- Check for working C compiler: /usr/bin/cc\n'}
[0.405930] (-) TimerEvent: {}
[0.459201] (mocap4r2_control_msgs) StdoutLine: {'line': b'-- Check for working C compiler: /usr/bin/cc -- works\n'}
[0.461116] (mocap4r2_control_msgs) StdoutLine: {'line': b'-- Detecting C compiler ABI info\n'}
[0.477191] (mocap4r2_msgs) StdoutLine: {'line': b'-- Check for working C compiler: /usr/bin/cc -- works\n'}
[0.480196] (mocap4r2_msgs) StdoutLine: {'line': b'-- Detecting C compiler ABI info\n'}
[0.490558] (mocap4r2_robot_gt_msgs) StdoutLine: {'line': b'-- Check for working C compiler: /usr/bin/cc -- works\n'}
[0.491063] (mocap4r2_marker_viz_srvs) StdoutLine: {'line': b'-- Check for working C compiler: /usr/bin/cc -- works\n'}
[0.492156] (mocap4r2_robot_gt_msgs) StdoutLine: {'line': b'-- Detecting C compiler ABI info\n'}
[0.492411] (mocap4r2_marker_viz_srvs) StdoutLine: {'line': b'-- Detecting C compiler ABI info\n'}
[0.506107] (-) TimerEvent: {}
[0.606857] (-) TimerEvent: {}
[0.616804] (mocap4r2_control_msgs) StdoutLine: {'line': b'-- Detecting C compiler ABI info - done\n'}
[0.636881] (mocap4r2_marker_viz_srvs) StdoutLine: {'line': b'-- Detecting C compiler ABI info - done\n'}
[0.637441] (mocap4r2_msgs) StdoutLine: {'line': b'-- Detecting C compiler ABI info - done\n'}
[0.638759] (mocap4r2_control_msgs) StdoutLine: {'line': b'-- Detecting C compile features\n'}
[0.639400] (mocap4r2_control_msgs) StdoutLine: {'line': b'-- Detecting C compile features - done\n'}
[0.644509] (mocap4r2_control_msgs) StdoutLine: {'line': b'-- Check for working CXX compiler: /usr/bin/c++\n'}
[0.657016] (mocap4r2_msgs) StdoutLine: {'line': b'-- Detecting C compile features\n'}
[0.657644] (mocap4r2_msgs) StdoutLine: {'line': b'-- Detecting C compile features - done\n'}
[0.661022] (mocap4r2_marker_viz_srvs) StdoutLine: {'line': b'-- Detecting C compile features\n'}
[0.662303] (mocap4r2_marker_viz_srvs) StdoutLine: {'line': b'-- Detecting C compile features - done\n'}
[0.665142] (mocap4r2_msgs) StdoutLine: {'line': b'-- Check for working CXX compiler: /usr/bin/c++\n'}
[0.665445] (mocap4r2_robot_gt_msgs) StdoutLine: {'line': b'-- Detecting C compiler ABI info - done\n'}
[0.667649] (mocap4r2_marker_viz_srvs) StdoutLine: {'line': b'-- Check for working CXX compiler: /usr/bin/c++\n'}
[0.682570] (mocap4r2_robot_gt_msgs) StdoutLine: {'line': b'-- Detecting C compile features\n'}
[0.683209] (mocap4r2_robot_gt_msgs) StdoutLine: {'line': b'-- Detecting C compile features - done\n'}
[0.688288] (mocap4r2_robot_gt_msgs) StdoutLine: {'line': b'-- Check for working CXX compiler: /usr/bin/c++\n'}
[0.707049] (-) TimerEvent: {}
[0.807823] (-) TimerEvent: {}
[0.830217] (mocap4r2_control_msgs) StdoutLine: {'line': b'-- Check for working CXX compiler: /usr/bin/c++ -- works\n'}
[0.832356] (mocap4r2_control_msgs) StdoutLine: {'line': b'-- Detecting CXX compiler ABI info\n'}
[0.843570] (mocap4r2_marker_viz_srvs) StdoutLine: {'line': b'-- Check for working CXX compiler: /usr/bin/c++ -- works\n'}
[0.847096] (mocap4r2_marker_viz_srvs) StdoutLine: {'line': b'-- Detecting CXX compiler ABI info\n'}
[0.855208] (mocap4r2_msgs) StdoutLine: {'line': b'-- Check for working CXX compiler: /usr/bin/c++ -- works\n'}
[0.855695] (mocap4r2_robot_gt_msgs) StdoutLine: {'line': b'-- Check for working CXX compiler: /usr/bin/c++ -- works\n'}
[0.865166] (mocap4r2_robot_gt_msgs) StdoutLine: {'line': b'-- Detecting CXX compiler ABI info\n'}
[0.865689] (mocap4r2_msgs) StdoutLine: {'line': b'-- Detecting CXX compiler ABI info\n'}
[0.908012] (-) TimerEvent: {}
[1.009277] (-) TimerEvent: {}
[1.018421] (mocap4r2_control_msgs) StdoutLine: {'line': b'-- Detecting CXX compiler ABI info - done\n'}
[1.027611] (mocap4r2_robot_gt_msgs) StdoutLine: {'line': b'-- Detecting CXX compiler ABI info - done\n'}
[1.029132] (mocap4r2_marker_viz_srvs) StdoutLine: {'line': b'-- Detecting CXX compiler ABI info - done\n'}
[1.032995] (mocap4r2_msgs) StdoutLine: {'line': b'-- Detecting CXX compiler ABI info - done\n'}
[1.045240] (mocap4r2_control_msgs) StdoutLine: {'line': b'-- Detecting CXX compile features\n'}
[1.046244] (mocap4r2_control_msgs) StdoutLine: {'line': b'-- Detecting CXX compile features - done\n'}
[1.050414] (mocap4r2_control_msgs) StdoutLine: {'line': b'-- Found ament_cmake: 0.9.12 (/opt/ros/foxy/share/ament_cmake/cmake)\n'}
[1.052467] (mocap4r2_marker_viz_srvs) StdoutLine: {'line': b'-- Detecting CXX compile features\n'}
[1.053489] (mocap4r2_marker_viz_srvs) StdoutLine: {'line': b'-- Detecting CXX compile features - done\n'}
[1.055317] (mocap4r2_robot_gt_msgs) StdoutLine: {'line': b'-- Detecting CXX compile features\n'}
[1.056686] (mocap4r2_robot_gt_msgs) StdoutLine: {'line': b'-- Detecting CXX compile features - done\n'}
[1.057413] (mocap4r2_marker_viz_srvs) StdoutLine: {'line': b'-- Found ament_cmake: 0.9.12 (/opt/ros/foxy/share/ament_cmake/cmake)\n'}
[1.058279] (mocap4r2_msgs) StdoutLine: {'line': b'-- Detecting CXX compile features\n'}
[1.059419] (mocap4r2_msgs) StdoutLine: {'line': b'-- Detecting CXX compile features - done\n'}
[1.062268] (mocap4r2_robot_gt_msgs) StdoutLine: {'line': b'-- Found ament_cmake: 0.9.12 (/opt/ros/foxy/share/ament_cmake/cmake)\n'}
[1.063623] (mocap4r2_msgs) StdoutLine: {'line': b'-- Found ament_cmake: 0.9.12 (/opt/ros/foxy/share/ament_cmake/cmake)\n'}
[1.106919] (mocap4r2_control_msgs) StdoutLine: {'line': b'-- Found PythonInterp: /usr/bin/python3 (found suitable version "3.8.10", minimum required is "3") \n'}
[1.107484] (mocap4r2_control_msgs) StdoutLine: {'line': b'-- Using PYTHON_EXECUTABLE: /usr/bin/python3\n'}
[1.109369] (-) TimerEvent: {}
[1.114114] (mocap4r2_marker_viz_srvs) StdoutLine: {'line': b'-- Found PythonInterp: /usr/bin/python3 (found suitable version "3.8.10", minimum required is "3") \n'}
[1.114697] (mocap4r2_marker_viz_srvs) StdoutLine: {'line': b'-- Using PYTHON_EXECUTABLE: /usr/bin/python3\n'}
[1.121556] (mocap4r2_msgs) StdoutLine: {'line': b'-- Found PythonInterp: /usr/bin/python3 (found suitable version "3.8.10", minimum required is "3") \n'}
[1.122297] (mocap4r2_robot_gt_msgs) StdoutLine: {'line': b'-- Found PythonInterp: /usr/bin/python3 (found suitable version "3.8.10", minimum required is "3") \n'}
[1.122674] (mocap4r2_robot_gt_msgs) StdoutLine: {'line': b'-- Using PYTHON_EXECUTABLE: /usr/bin/python3\n'}
[1.123177] (mocap4r2_msgs) StdoutLine: {'line': b'-- Using PYTHON_EXECUTABLE: /usr/bin/python3\n'}
[1.209539] (-) TimerEvent: {}
[1.310677] (-) TimerEvent: {}
[1.411779] (-) TimerEvent: {}
[1.513056] (-) TimerEvent: {}
[1.614289] (-) TimerEvent: {}
[1.615759] (mocap4r2_control_msgs) StdoutLine: {'line': b'-- Found rosidl_default_generators: 1.0.1 (/opt/ros/foxy/share/rosidl_default_generators/cmake)\n'}
[1.618138] (mocap4r2_marker_viz_srvs) StdoutLine: {'line': b'-- Found rosidl_default_generators: 1.0.1 (/opt/ros/foxy/share/rosidl_default_generators/cmake)\n'}
[1.623036] (mocap4r2_control_msgs) StdoutLine: {'line': b'-- Using all available rosidl_typesupport_c: rosidl_typesupport_fastrtps_c;rosidl_typesupport_introspection_c\n'}
[1.625592] (mocap4r2_marker_viz_srvs) StdoutLine: {'line': b'-- Using all available rosidl_typesupport_c: rosidl_typesupport_fastrtps_c;rosidl_typesupport_introspection_c\n'}
[1.626350] (mocap4r2_robot_gt_msgs) StdoutLine: {'line': b'-- Found rosidl_default_generators: 1.0.1 (/opt/ros/foxy/share/rosidl_default_generators/cmake)\n'}
[1.627473] (mocap4r2_msgs) StdoutLine: {'line': b'-- Found rosidl_default_generators: 1.0.1 (/opt/ros/foxy/share/rosidl_default_generators/cmake)\n'}
[1.633788] (mocap4r2_robot_gt_msgs) StdoutLine: {'line': b'-- Using all available rosidl_typesupport_c: rosidl_typesupport_fastrtps_c;rosidl_typesupport_introspection_c\n'}
[1.634703] (mocap4r2_msgs) StdoutLine: {'line': b'-- Using all available rosidl_typesupport_c: rosidl_typesupport_fastrtps_c;rosidl_typesupport_introspection_c\n'}
[1.637587] (mocap4r2_control_msgs) StdoutLine: {'line': b'-- Found rosidl_adapter: 1.3.1 (/opt/ros/foxy/share/rosidl_adapter/cmake)\n'}
[1.637971] (mocap4r2_marker_viz_srvs) StdoutLine: {'line': b'-- Found rosidl_adapter: 1.3.1 (/opt/ros/foxy/share/rosidl_adapter/cmake)\n'}
[1.645401] (mocap4r2_robot_gt_msgs) StdoutLine: {'line': b'-- Found rosidl_adapter: 1.3.1 (/opt/ros/foxy/share/rosidl_adapter/cmake)\n'}
[1.645956] (mocap4r2_msgs) StdoutLine: {'line': b'-- Found rosidl_adapter: 1.3.1 (/opt/ros/foxy/share/rosidl_adapter/cmake)\n'}
[1.714471] (-) TimerEvent: {}
[1.815239] (-) TimerEvent: {}
[1.839699] (mocap4r2_control_msgs) StdoutLine: {'line': b'-- Found OpenSSL: /usr/lib/aarch64-linux-gnu/libcrypto.so (found version "1.1.1f")  \n'}
[1.841265] (mocap4r2_marker_viz_srvs) StdoutLine: {'line': b'-- Found OpenSSL: /usr/lib/aarch64-linux-gnu/libcrypto.so (found version "1.1.1f")  \n'}
[1.845314] (mocap4r2_msgs) StdoutLine: {'line': b'-- Found OpenSSL: /usr/lib/aarch64-linux-gnu/libcrypto.so (found version "1.1.1f")  \n'}
[1.851141] (mocap4r2_robot_gt_msgs) StdoutLine: {'line': b'-- Found OpenSSL: /usr/lib/aarch64-linux-gnu/libcrypto.so (found version "1.1.1f")  \n'}
[1.901529] (mocap4r2_control_msgs) StdoutLine: {'line': b'-- Found FastRTPS: /opt/ros/foxy/include  \n'}
[1.903617] (mocap4r2_marker_viz_srvs) StdoutLine: {'line': b'-- Found FastRTPS: /opt/ros/foxy/include  \n'}
[1.905976] (mocap4r2_msgs) StdoutLine: {'line': b'-- Found FastRTPS: /opt/ros/foxy/include  \n'}
[1.912788] (mocap4r2_robot_gt_msgs) StdoutLine: {'line': b'-- Found FastRTPS: /opt/ros/foxy/include  \n'}
[1.915333] (-) TimerEvent: {}
[2.015921] (-) TimerEvent: {}
[2.066305] (mocap4r2_msgs) StdoutLine: {'line': b'-- Using all available rosidl_typesupport_cpp: rosidl_typesupport_fastrtps_cpp;rosidl_typesupport_introspection_cpp\n'}
[2.066863] (mocap4r2_control_msgs) StdoutLine: {'line': b'-- Using all available rosidl_typesupport_cpp: rosidl_typesupport_fastrtps_cpp;rosidl_typesupport_introspection_cpp\n'}
[2.067073] (mocap4r2_marker_viz_srvs) StdoutLine: {'line': b'-- Using all available rosidl_typesupport_cpp: rosidl_typesupport_fastrtps_cpp;rosidl_typesupport_introspection_cpp\n'}
[2.071569] (mocap4r2_robot_gt_msgs) StdoutLine: {'line': b'-- Using all available rosidl_typesupport_cpp: rosidl_typesupport_fastrtps_cpp;rosidl_typesupport_introspection_cpp\n'}
[2.116067] (-) TimerEvent: {}
[2.119991] (mocap4r2_msgs) StdoutLine: {'line': b'-- Found builtin_interfaces: 1.0.0 (/opt/ros/foxy/share/builtin_interfaces/cmake)\n'}
[2.120664] (mocap4r2_marker_viz_srvs) StdoutLine: {'line': b'-- Found std_msgs: 2.0.5 (/opt/ros/foxy/share/std_msgs/cmake)\n'}
[2.121703] (mocap4r2_control_msgs) StdoutLine: {'line': b'-- Found builtin_interfaces: 1.0.0 (/opt/ros/foxy/share/builtin_interfaces/cmake)\n'}
[2.123496] (mocap4r2_robot_gt_msgs) StdoutLine: {'line': b'-- Found builtin_interfaces: 1.0.0 (/opt/ros/foxy/share/builtin_interfaces/cmake)\n'}
[2.146833] (mocap4r2_msgs) StdoutLine: {'line': b'-- Found std_msgs: 2.0.5 (/opt/ros/foxy/share/std_msgs/cmake)\n'}
[2.149113] (mocap4r2_control_msgs) StdoutLine: {'line': b'-- Found std_msgs: 2.0.5 (/opt/ros/foxy/share/std_msgs/cmake)\n'}
[2.149535] (mocap4r2_robot_gt_msgs) StdoutLine: {'line': b'-- Found std_msgs: 2.0.5 (/opt/ros/foxy/share/std_msgs/cmake)\n'}
[2.181092] (mocap4r2_msgs) StdoutLine: {'line': b'-- Found geometry_msgs: 2.0.5 (/opt/ros/foxy/share/geometry_msgs/cmake)\n'}
[2.183268] (mocap4r2_robot_gt_msgs) StdoutLine: {'line': b'-- Found geometry_msgs: 2.0.5 (/opt/ros/foxy/share/geometry_msgs/cmake)\n'}
[2.184658] (mocap4r2_control_msgs) StdoutLine: {'line': b'-- Found geometry_msgs: 2.0.5 (/opt/ros/foxy/share/geometry_msgs/cmake)\n'}
[2.216230] (-) TimerEvent: {}
[2.232274] (mocap4r2_marker_viz_srvs) StdoutLine: {'line': b'-- Found PythonInterp: /usr/bin/python3 (found version "3.8.10") \n'}
[2.302697] (mocap4r2_msgs) StdoutLine: {'line': b'-- Found PythonInterp: /usr/bin/python3 (found version "3.8.10") \n'}
[2.307110] (mocap4r2_robot_gt_msgs) StdoutLine: {'line': b'-- Found PythonInterp: /usr/bin/python3 (found version "3.8.10") \n'}
[2.308355] (mocap4r2_control_msgs) StdoutLine: {'line': b'-- Found PythonInterp: /usr/bin/python3 (found version "3.8.10") \n'}
[2.316353] (-) TimerEvent: {}
[2.417476] (-) TimerEvent: {}
[2.518556] (-) TimerEvent: {}
[2.608664] (mocap4r2_marker_viz_srvs) StdoutLine: {'line': b'-- Found ament_cmake_cppcheck: 0.9.8 (/opt/ros/foxy/share/ament_cmake_cppcheck/cmake)\n'}
[2.612871] (mocap4r2_marker_viz_srvs) StdoutLine: {'line': b'-- Found ament_cmake_cpplint: 0.9.8 (/opt/ros/foxy/share/ament_cmake_cpplint/cmake)\n'}
[2.617027] (mocap4r2_marker_viz_srvs) StdoutLine: {'line': b'-- Found ament_cmake_uncrustify: 0.9.8 (/opt/ros/foxy/share/ament_cmake_uncrustify/cmake)\n'}
[2.618662] (-) TimerEvent: {}
[2.621939] (mocap4r2_marker_viz_srvs) StdoutLine: {'line': b'-- Found ament_cmake_ros: 0.9.2 (/opt/ros/foxy/share/ament_cmake_ros/cmake)\n'}
[2.718880] (-) TimerEvent: {}
[2.724530] (mocap4r2_robot_gt_msgs) StdoutLine: {'line': b'-- Found ament_cmake_ros: 0.9.2 (/opt/ros/foxy/share/ament_cmake_ros/cmake)\n'}
[2.740506] (mocap4r2_control_msgs) StdoutLine: {'line': b'-- Found ament_cmake_ros: 0.9.2 (/opt/ros/foxy/share/ament_cmake_ros/cmake)\n'}
[2.749662] (mocap4r2_msgs) StdoutLine: {'line': b'-- Found ament_cmake_ros: 0.9.2 (/opt/ros/foxy/share/ament_cmake_ros/cmake)\n'}
[2.819067] (-) TimerEvent: {}
[2.919813] (-) TimerEvent: {}
[2.991104] (mocap4r2_marker_viz_srvs) StdoutLine: {'line': b'-- Using all available rosidl_typesupport_c: rosidl_typesupport_fastrtps_c;rosidl_typesupport_introspection_c\n'}
[3.020005] (-) TimerEvent: {}
[3.120726] (-) TimerEvent: {}
[3.121937] (mocap4r2_marker_viz_srvs) StdoutLine: {'line': b'-- Using all available rosidl_typesupport_cpp: rosidl_typesupport_fastrtps_cpp;rosidl_typesupport_introspection_cpp\n'}
[3.179749] (mocap4r2_marker_viz_srvs) StdoutLine: {'line': b'-- Found PythonInterp: /usr/bin/python3 (found suitable version "3.8.10", minimum required is "3.5") \n'}
[3.182133] (mocap4r2_marker_viz_srvs) StdoutLine: {'line': b'-- Found python_cmake_module: 0.8.1 (/opt/ros/foxy/share/python_cmake_module/cmake)\n'}
[3.203432] (mocap4r2_robot_gt_msgs) StdoutLine: {'line': b'-- Using all available rosidl_typesupport_c: rosidl_typesupport_fastrtps_c;rosidl_typesupport_introspection_c\n'}
[3.220883] (-) TimerEvent: {}
[3.225576] (mocap4r2_control_msgs) StdoutLine: {'line': b'-- Using all available rosidl_typesupport_c: rosidl_typesupport_fastrtps_c;rosidl_typesupport_introspection_c\n'}
[3.230635] (mocap4r2_msgs) StdoutLine: {'line': b'-- Using all available rosidl_typesupport_c: rosidl_typesupport_fastrtps_c;rosidl_typesupport_introspection_c\n'}
[3.239778] (mocap4r2_marker_viz_srvs) StdoutLine: {'line': b'-- Found PythonLibs: /usr/lib/aarch64-linux-gnu/libpython3.8.so (found suitable version "3.8.10", minimum required is "3.5") \n'}
[3.240292] (mocap4r2_marker_viz_srvs) StdoutLine: {'line': b'-- Using PYTHON_EXECUTABLE: /usr/bin/python3\n'}
[3.240488] (mocap4r2_marker_viz_srvs) StdoutLine: {'line': b'-- Using PYTHON_INCLUDE_DIRS: /usr/include/python3.8\n'}
[3.240648] (mocap4r2_marker_viz_srvs) StdoutLine: {'line': b'-- Using PYTHON_LIBRARIES: /usr/lib/aarch64-linux-gnu/libpython3.8.so\n'}
[3.287385] (mocap4r2_marker_viz_srvs) StdoutLine: {'line': b'-- Found PythonExtra: .so  \n'}
[3.321045] (-) TimerEvent: {}
[3.417923] (mocap4r2_robot_gt_msgs) StdoutLine: {'line': b'-- Using all available rosidl_typesupport_cpp: rosidl_typesupport_fastrtps_cpp;rosidl_typesupport_introspection_cpp\n'}
[3.419544] (mocap4r2_marker_viz_srvs) StdoutLine: {'line': b'-- Found ament_cmake_flake8: 0.9.8 (/opt/ros/foxy/share/ament_cmake_flake8/cmake)\n'}
[3.421133] (-) TimerEvent: {}
[3.424744] (mocap4r2_marker_viz_srvs) StdoutLine: {'line': b'-- Found ament_cmake_pep257: 0.9.8 (/opt/ros/foxy/share/ament_cmake_pep257/cmake)\n'}
[3.441683] (mocap4r2_control_msgs) StdoutLine: {'line': b'-- Using all available rosidl_typesupport_cpp: rosidl_typesupport_fastrtps_cpp;rosidl_typesupport_introspection_cpp\n'}
[3.442487] (mocap4r2_msgs) StdoutLine: {'line': b'-- Using all available rosidl_typesupport_cpp: rosidl_typesupport_fastrtps_cpp;rosidl_typesupport_introspection_cpp\n'}
[3.451159] (mocap4r2_marker_viz_srvs) StdoutLine: {'line': b'-- Configuring done\n'}
[3.485725] (mocap4r2_robot_gt_msgs) StdoutLine: {'line': b'-- Found PythonInterp: /usr/bin/python3 (found suitable version "3.8.10", minimum required is "3.5") \n'}
[3.488352] (mocap4r2_robot_gt_msgs) StdoutLine: {'line': b'-- Found python_cmake_module: 0.8.1 (/opt/ros/foxy/share/python_cmake_module/cmake)\n'}
[3.504094] (mocap4r2_control_msgs) StdoutLine: {'line': b'-- Found PythonInterp: /usr/bin/python3 (found suitable version "3.8.10", minimum required is "3.5") \n'}
[3.504585] (mocap4r2_msgs) StdoutLine: {'line': b'-- Found PythonInterp: /usr/bin/python3 (found suitable version "3.8.10", minimum required is "3.5") \n'}
[3.506503] (mocap4r2_msgs) StdoutLine: {'line': b'-- Found python_cmake_module: 0.8.1 (/opt/ros/foxy/share/python_cmake_module/cmake)\n'}
[3.506816] (mocap4r2_control_msgs) StdoutLine: {'line': b'-- Found python_cmake_module: 0.8.1 (/opt/ros/foxy/share/python_cmake_module/cmake)\n'}
[3.521321] (-) TimerEvent: {}
[3.554566] (mocap4r2_robot_gt_msgs) StdoutLine: {'line': b'-- Found PythonLibs: /usr/lib/aarch64-linux-gnu/libpython3.8.so (found suitable version "3.8.10", minimum required is "3.5") \n'}
[3.555668] (mocap4r2_robot_gt_msgs) StdoutLine: {'line': b'-- Using PYTHON_EXECUTABLE: /usr/bin/python3\n'}
[3.556093] (mocap4r2_robot_gt_msgs) StdoutLine: {'line': b'-- Using PYTHON_INCLUDE_DIRS: /usr/include/python3.8\n'}
[3.556453] (mocap4r2_robot_gt_msgs) StdoutLine: {'line': b'-- Using PYTHON_LIBRARIES: /usr/lib/aarch64-linux-gnu/libpython3.8.so\n'}
[3.565398] (mocap4r2_marker_viz_srvs) StdoutLine: {'line': b'-- Generating done\n'}
[3.570515] (mocap4r2_control_msgs) StdoutLine: {'line': b'-- Found PythonLibs: /usr/lib/aarch64-linux-gnu/libpython3.8.so (found suitable version "3.8.10", minimum required is "3.5") \n'}
[3.571124] (mocap4r2_msgs) StdoutLine: {'line': b'-- Found PythonLibs: /usr/lib/aarch64-linux-gnu/libpython3.8.so (found suitable version "3.8.10", minimum required is "3.5") \n'}
[3.571406] (mocap4r2_msgs) StdoutLine: {'line': b'-- Using PYTHON_EXECUTABLE: /usr/bin/python3\n'}
[3.571579] (mocap4r2_msgs) StdoutLine: {'line': b'-- Using PYTHON_INCLUDE_DIRS: /usr/include/python3.8\n'}
[3.571734] (mocap4r2_msgs) StdoutLine: {'line': b'-- Using PYTHON_LIBRARIES: /usr/lib/aarch64-linux-gnu/libpython3.8.so\n'}
[3.571996] (mocap4r2_control_msgs) StdoutLine: {'line': b'-- Using PYTHON_EXECUTABLE: /usr/bin/python3\n'}
[3.572169] (mocap4r2_control_msgs) StdoutLine: {'line': b'-- Using PYTHON_INCLUDE_DIRS: /usr/include/python3.8\n'}
[3.572315] (mocap4r2_control_msgs) StdoutLine: {'line': b'-- Using PYTHON_LIBRARIES: /usr/lib/aarch64-linux-gnu/libpython3.8.so\n'}
[3.601421] (mocap4r2_marker_viz_srvs) StdoutLine: {'line': b'-- Build files have been written to: /home/airlab/seed25/ros_packages/mocap4r2_ws/build/mocap4r2_marker_viz_srvs\n'}
[3.610579] (mocap4r2_robot_gt_msgs) StdoutLine: {'line': b'-- Found PythonExtra: .so  \n'}
[3.621522] (-) TimerEvent: {}
[3.624744] (mocap4r2_control_msgs) StdoutLine: {'line': b'-- Found PythonExtra: .so  \n'}
[3.627375] (mocap4r2_msgs) StdoutLine: {'line': b'-- Found PythonExtra: .so  \n'}
[3.642859] (mocap4r2_marker_viz_srvs) CommandEnded: {'returncode': 0}
[3.644934] (mocap4r2_marker_viz_srvs) JobProgress: {'identifier': 'mocap4r2_marker_viz_srvs', 'progress': 'build'}
[3.645060] (mocap4r2_marker_viz_srvs) Command: {'cmd': ['/usr/bin/cmake', '--build', '/home/airlab/seed25/ros_packages/mocap4r2_ws/build/mocap4r2_marker_viz_srvs', '--', '-j4', '-l4'], 'cwd': '/home/airlab/seed25/ros_packages/mocap4r2_ws/build/mocap4r2_marker_viz_srvs', 'env': OrderedDict([('LESSOPEN', '| /usr/bin/lesspipe %s'), ('USER', 'airlab'), ('SSH_CLIENT', '192.168.0.184 49493 22'), ('XDG_SESSION_TYPE', 'tty'), ('SHLVL', '1'), ('LD_LIBRARY_PATH', '/home/airlab/seed25/ros_packages/mocap4r2_ws/install/mocap4r2_robot_gt_msgs/lib:/home/airlab/seed25/ros_packages/mocap4r2_ws/install/mocap4r2_msgs/lib:/home/airlab/seed25/ros_packages/mocap4r2_ws/install/mocap4r2_marker_viz_srvs/lib:/home/airlab/seed25/ros_packages/mocap4r2_ws/install/mocap4r2_control_msgs/lib:/usr/local/cuda-11.4/lib64:/usr/local/cuda-11.4/lib64:/opt/ros/foxy/opt/yaml_cpp_vendor/lib:/opt/ros/foxy/opt/rviz_ogre_vendor/lib:/opt/ros/foxy/lib/aarch64-linux-gnu:/opt/ros/foxy/lib:/usr/local/cuda-11.4/lib64:'), ('MOTD_SHOWN', 'pam'), ('HOME', '/home/airlab'), ('OLDPWD', '/home/airlab/seed25/ros_packages/mocap4r2_ws/src'), ('SSH_TTY', '/dev/pts/1'), ('JETSON_L4T', '35.6.1'), ('ROS_PYTHON_VERSION', '3'), ('JETSON_MODEL', 'NVIDIA Orin NX Developer Kit'), ('DBUS_SESSION_BUS_ADDRESS', 'unix:path=/run/user/1000/bus'), ('COLCON_PREFIX_PATH', '/home/airlab/seed25/ros_packages/mocap4r2_ws/install'), ('ROS_DISTRO', 'foxy'), ('LOGNAME', 'airlab'), ('JETSON_MODULE', 'NVIDIA Jetson Orin NX (16GB ram)'), ('JETSON_SERIAL_NUMBER', '1425023203559'), ('_', '/usr/bin/colcon'), ('ROS_VERSION', '2'), ('JETSON_CODENAME', 'P3768'), ('XDG_SESSION_CLASS', 'user'), ('TERM', 'xterm'), ('XDG_SESSION_ID', '8'), ('ROS_LOCALHOST_ONLY', '0'), ('PATH', '/usr/local/cuda-11.4/bin:/usr/local/cuda-11.4/bin:/home/airlab/.local/bin:/opt/ros/foxy/bin:/usr/local/cuda-11.4/bin:/usr/local/sbin:/usr/local/bin:/usr/sbin:/usr/bin:/sbin:/bin:/usr/games:/usr/local/games:/snap/bin'), ('XDG_RUNTIME_DIR', '/run/user/1000'), ('DISPLAY', 'localhost:11.0'), ('LANG', 'en_US.UTF-8'), ('LS_COLORS', 'rs=0:di=01;34:ln=01;36:mh=00:pi=40;33:so=01;35:do=01;35:bd=40;33;01:cd=40;33;01:or=40;31;01:mi=00:su=37;41:sg=30;43:ca=30;41:tw=30;42:ow=34;42:st=37;44:ex=01;32:*.tar=01;31:*.tgz=01;31:*.arc=01;31:*.arj=01;31:*.taz=01;31:*.lha=01;31:*.lz4=01;31:*.lzh=01;31:*.lzma=01;31:*.tlz=01;31:*.txz=01;31:*.tzo=01;31:*.t7z=01;31:*.zip=01;31:*.z=01;31:*.dz=01;31:*.gz=01;31:*.lrz=01;31:*.lz=01;31:*.lzo=01;31:*.xz=01;31:*.zst=01;31:*.tzst=01;31:*.bz2=01;31:*.bz=01;31:*.tbz=01;31:*.tbz2=01;31:*.tz=01;31:*.deb=01;31:*.rpm=01;31:*.jar=01;31:*.war=01;31:*.ear=01;31:*.sar=01;31:*.rar=01;31:*.alz=01;31:*.ace=01;31:*.zoo=01;31:*.cpio=01;31:*.7z=01;31:*.rz=01;31:*.cab=01;31:*.wim=01;31:*.swm=01;31:*.dwm=01;31:*.esd=01;31:*.jpg=01;35:*.jpeg=01;35:*.mjpg=01;35:*.mjpeg=01;35:*.gif=01;35:*.bmp=01;35:*.pbm=01;35:*.pgm=01;35:*.ppm=01;35:*.tga=01;35:*.xbm=01;35:*.xpm=01;35:*.tif=01;35:*.tiff=01;35:*.png=01;35:*.svg=01;35:*.svgz=01;35:*.mng=01;35:*.pcx=01;35:*.mov=01;35:*.mpg=01;35:*.mpeg=01;35:*.m2v=01;35:*.mkv=01;35:*.webm=01;35:*.ogm=01;35:*.mp4=01;35:*.m4v=01;35:*.mp4v=01;35:*.vob=01;35:*.qt=01;35:*.nuv=01;35:*.wmv=01;35:*.asf=01;35:*.rm=01;35:*.rmvb=01;35:*.flc=01;35:*.avi=01;35:*.fli=01;35:*.flv=01;35:*.gl=01;35:*.dl=01;35:*.xcf=01;35:*.xwd=01;35:*.yuv=01;35:*.cgm=01;35:*.emf=01;35:*.ogv=01;35:*.ogx=01;35:*.aac=00;36:*.au=00;36:*.flac=00;36:*.m4a=00;36:*.mid=00;36:*.midi=00;36:*.mka=00;36:*.mp3=00;36:*.mpc=00;36:*.ogg=00;36:*.ra=00;36:*.wav=00;36:*.oga=00;36:*.opus=00;36:*.spx=00;36:*.xspf=00;36:'), ('JETSON_SOC', 'tegra23x'), ('ROS_DOMAIN_ID', '3'), ('AMENT_PREFIX_PATH', '/home/airlab/seed25/ros_packages/mocap4r2_ws/install/mocap4r2cli:/home/airlab/seed25/ros_packages/mocap4r2_ws/install/mocap4r2_robot_gt_msgs:/home/airlab/seed25/ros_packages/mocap4r2_ws/install/mocap4r2_marker_viz:/home/airlab/seed25/ros_packages/mocap4r2_ws/install/mocap4r2_marker_publisher:/home/airlab/seed25/ros_packages/mocap4r2_ws/install/mocap4r2_msgs:/home/airlab/seed25/ros_packages/mocap4r2_ws/install/mocap4r2_marker_viz_srvs:/home/airlab/seed25/ros_packages/mocap4r2_ws/install/mocap4r2_control_msgs:/opt/ros/foxy'), ('SHELL', '/bin/bash'), ('LESSCLOSE', '/usr/bin/lesspipe %s %s'), ('JETSON_CUDA_ARCH_BIN', '8.7'), ('PWD', '/home/airlab/seed25/ros_packages/mocap4r2_ws/build/mocap4r2_marker_viz_srvs'), ('LC_ALL', 'en_US.UTF-8'), ('SSH_CONNECTION', '192.168.0.184 49493 192.168.0.136 22'), ('XDG_DATA_DIRS', '/usr/local/share:/usr/share:/var/lib/snapd/desktop'), ('PYTHONPATH', '/home/airlab/seed25/ros_packages/mocap4r2_ws/install/mocap4r2cli/lib/python3.8/site-packages:/home/airlab/seed25/ros_packages/mocap4r2_ws/install/mocap4r2_robot_gt_msgs/lib/python3.8/site-packages:/home/airlab/seed25/ros_packages/mocap4r2_ws/install/mocap4r2_msgs/lib/python3.8/site-packages:/home/airlab/seed25/ros_packages/mocap4r2_ws/install/mocap4r2_marker_viz_srvs/lib/python3.8/site-packages:/home/airlab/seed25/ros_packages/mocap4r2_ws/install/mocap4r2_control_msgs/lib/python3.8/site-packages:/opt/ros/foxy/lib/python3.8/site-packages'), ('COLCON', '1'), ('JETSON_JETPACK', '5.1.5'), ('CMAKE_PREFIX_PATH', '/home/airlab/seed25/ros_packages/mocap4r2_ws/install/mocap4r2_robot_gt_msgs:/home/airlab/seed25/ros_packages/mocap4r2_ws/install/mocap4r2_marker_viz:/home/airlab/seed25/ros_packages/mocap4r2_ws/install/mocap4r2_marker_publisher:/home/airlab/seed25/ros_packages/mocap4r2_ws/install/mocap4r2_msgs:/home/airlab/seed25/ros_packages/mocap4r2_ws/install/mocap4r2_marker_viz_srvs:/home/airlab/seed25/ros_packages/mocap4r2_ws/install/mocap4r2_control_msgs:/home/airlab/seed25/ros_packages/mocap4r2_ws/install/mocap4r2cli:/opt/ros/foxy'), ('JETSON_P_NUMBER', 'p3767-0000')]), 'shell': False}
[3.721701] (-) TimerEvent: {}
[3.758354] (mocap4r2_marker_viz_srvs) StdoutLine: {'line': b'\x1b[35m\x1b[1mScanning dependencies of target mocap4r2_marker_viz_srvs__cpp\x1b[0m\n'}
[3.780350] (mocap4r2_marker_viz_srvs) StdoutLine: {'line': b'[  2%] \x1b[34m\x1b[1mGenerating C code for ROS interfaces\x1b[0m\n'}
[3.808375] (mocap4r2_robot_gt_msgs) StdoutLine: {'line': b'-- Configuring done\n'}
[3.817665] (mocap4r2_control_msgs) StdoutLine: {'line': b'-- Configuring done\n'}
[3.821842] (-) TimerEvent: {}
[3.823552] (mocap4r2_marker_viz_srvs) StdoutLine: {'line': b'[  5%] \x1b[34m\x1b[1mGenerating C++ code for ROS interfaces\x1b[0m\n'}
[3.840847] (mocap4r2_msgs) StdoutLine: {'line': b'-- Configuring done\n'}
[3.919182] (mocap4r2_robot_gt_msgs) StdoutLine: {'line': b'-- Generating done\n'}
[3.921960] (-) TimerEvent: {}
[3.933188] (mocap4r2_control_msgs) StdoutLine: {'line': b'-- Generating done\n'}
[3.957255] (mocap4r2_robot_gt_msgs) StdoutLine: {'line': b'-- Build files have been written to: /home/airlab/seed25/ros_packages/mocap4r2_ws/build/mocap4r2_robot_gt_msgs\n'}
[3.965708] (mocap4r2_msgs) StdoutLine: {'line': b'-- Generating done\n'}
[3.974129] (mocap4r2_control_msgs) StdoutLine: {'line': b'-- Build files have been written to: /home/airlab/seed25/ros_packages/mocap4r2_ws/build/mocap4r2_control_msgs\n'}
[3.986701] (mocap4r2_robot_gt_msgs) CommandEnded: {'returncode': 0}
[3.992894] (mocap4r2_robot_gt_msgs) JobProgress: {'identifier': 'mocap4r2_robot_gt_msgs', 'progress': 'build'}
[3.993328] (mocap4r2_robot_gt_msgs) Command: {'cmd': ['/usr/bin/cmake', '--build', '/home/airlab/seed25/ros_packages/mocap4r2_ws/build/mocap4r2_robot_gt_msgs', '--', '-j4', '-l4'], 'cwd': '/home/airlab/seed25/ros_packages/mocap4r2_ws/build/mocap4r2_robot_gt_msgs', 'env': OrderedDict([('LESSOPEN', '| /usr/bin/lesspipe %s'), ('USER', 'airlab'), ('SSH_CLIENT', '192.168.0.184 49493 22'), ('XDG_SESSION_TYPE', 'tty'), ('SHLVL', '1'), ('LD_LIBRARY_PATH', '/home/airlab/seed25/ros_packages/mocap4r2_ws/install/mocap4r2_robot_gt_msgs/lib:/home/airlab/seed25/ros_packages/mocap4r2_ws/install/mocap4r2_msgs/lib:/home/airlab/seed25/ros_packages/mocap4r2_ws/install/mocap4r2_marker_viz_srvs/lib:/home/airlab/seed25/ros_packages/mocap4r2_ws/install/mocap4r2_control_msgs/lib:/usr/local/cuda-11.4/lib64:/usr/local/cuda-11.4/lib64:/opt/ros/foxy/opt/yaml_cpp_vendor/lib:/opt/ros/foxy/opt/rviz_ogre_vendor/lib:/opt/ros/foxy/lib/aarch64-linux-gnu:/opt/ros/foxy/lib:/usr/local/cuda-11.4/lib64:'), ('MOTD_SHOWN', 'pam'), ('HOME', '/home/airlab'), ('OLDPWD', '/home/airlab/seed25/ros_packages/mocap4r2_ws/src'), ('SSH_TTY', '/dev/pts/1'), ('JETSON_L4T', '35.6.1'), ('ROS_PYTHON_VERSION', '3'), ('JETSON_MODEL', 'NVIDIA Orin NX Developer Kit'), ('DBUS_SESSION_BUS_ADDRESS', 'unix:path=/run/user/1000/bus'), ('COLCON_PREFIX_PATH', '/home/airlab/seed25/ros_packages/mocap4r2_ws/install'), ('ROS_DISTRO', 'foxy'), ('LOGNAME', 'airlab'), ('JETSON_MODULE', 'NVIDIA Jetson Orin NX (16GB ram)'), ('JETSON_SERIAL_NUMBER', '1425023203559'), ('_', '/usr/bin/colcon'), ('ROS_VERSION', '2'), ('JETSON_CODENAME', 'P3768'), ('XDG_SESSION_CLASS', 'user'), ('TERM', 'xterm'), ('XDG_SESSION_ID', '8'), ('ROS_LOCALHOST_ONLY', '0'), ('PATH', '/usr/local/cuda-11.4/bin:/usr/local/cuda-11.4/bin:/home/airlab/.local/bin:/opt/ros/foxy/bin:/usr/local/cuda-11.4/bin:/usr/local/sbin:/usr/local/bin:/usr/sbin:/usr/bin:/sbin:/bin:/usr/games:/usr/local/games:/snap/bin'), ('XDG_RUNTIME_DIR', '/run/user/1000'), ('DISPLAY', 'localhost:11.0'), ('LANG', 'en_US.UTF-8'), ('LS_COLORS', 'rs=0:di=01;34:ln=01;36:mh=00:pi=40;33:so=01;35:do=01;35:bd=40;33;01:cd=40;33;01:or=40;31;01:mi=00:su=37;41:sg=30;43:ca=30;41:tw=30;42:ow=34;42:st=37;44:ex=01;32:*.tar=01;31:*.tgz=01;31:*.arc=01;31:*.arj=01;31:*.taz=01;31:*.lha=01;31:*.lz4=01;31:*.lzh=01;31:*.lzma=01;31:*.tlz=01;31:*.txz=01;31:*.tzo=01;31:*.t7z=01;31:*.zip=01;31:*.z=01;31:*.dz=01;31:*.gz=01;31:*.lrz=01;31:*.lz=01;31:*.lzo=01;31:*.xz=01;31:*.zst=01;31:*.tzst=01;31:*.bz2=01;31:*.bz=01;31:*.tbz=01;31:*.tbz2=01;31:*.tz=01;31:*.deb=01;31:*.rpm=01;31:*.jar=01;31:*.war=01;31:*.ear=01;31:*.sar=01;31:*.rar=01;31:*.alz=01;31:*.ace=01;31:*.zoo=01;31:*.cpio=01;31:*.7z=01;31:*.rz=01;31:*.cab=01;31:*.wim=01;31:*.swm=01;31:*.dwm=01;31:*.esd=01;31:*.jpg=01;35:*.jpeg=01;35:*.mjpg=01;35:*.mjpeg=01;35:*.gif=01;35:*.bmp=01;35:*.pbm=01;35:*.pgm=01;35:*.ppm=01;35:*.tga=01;35:*.xbm=01;35:*.xpm=01;35:*.tif=01;35:*.tiff=01;35:*.png=01;35:*.svg=01;35:*.svgz=01;35:*.mng=01;35:*.pcx=01;35:*.mov=01;35:*.mpg=01;35:*.mpeg=01;35:*.m2v=01;35:*.mkv=01;35:*.webm=01;35:*.ogm=01;35:*.mp4=01;35:*.m4v=01;35:*.mp4v=01;35:*.vob=01;35:*.qt=01;35:*.nuv=01;35:*.wmv=01;35:*.asf=01;35:*.rm=01;35:*.rmvb=01;35:*.flc=01;35:*.avi=01;35:*.fli=01;35:*.flv=01;35:*.gl=01;35:*.dl=01;35:*.xcf=01;35:*.xwd=01;35:*.yuv=01;35:*.cgm=01;35:*.emf=01;35:*.ogv=01;35:*.ogx=01;35:*.aac=00;36:*.au=00;36:*.flac=00;36:*.m4a=00;36:*.mid=00;36:*.midi=00;36:*.mka=00;36:*.mp3=00;36:*.mpc=00;36:*.ogg=00;36:*.ra=00;36:*.wav=00;36:*.oga=00;36:*.opus=00;36:*.spx=00;36:*.xspf=00;36:'), ('JETSON_SOC', 'tegra23x'), ('ROS_DOMAIN_ID', '3'), ('AMENT_PREFIX_PATH', '/home/airlab/seed25/ros_packages/mocap4r2_ws/install/mocap4r2cli:/home/airlab/seed25/ros_packages/mocap4r2_ws/install/mocap4r2_robot_gt_msgs:/home/airlab/seed25/ros_packages/mocap4r2_ws/install/mocap4r2_marker_viz:/home/airlab/seed25/ros_packages/mocap4r2_ws/install/mocap4r2_marker_publisher:/home/airlab/seed25/ros_packages/mocap4r2_ws/install/mocap4r2_msgs:/home/airlab/seed25/ros_packages/mocap4r2_ws/install/mocap4r2_marker_viz_srvs:/home/airlab/seed25/ros_packages/mocap4r2_ws/install/mocap4r2_control_msgs:/opt/ros/foxy'), ('SHELL', '/bin/bash'), ('LESSCLOSE', '/usr/bin/lesspipe %s %s'), ('JETSON_CUDA_ARCH_BIN', '8.7'), ('PWD', '/home/airlab/seed25/ros_packages/mocap4r2_ws/build/mocap4r2_robot_gt_msgs'), ('LC_ALL', 'en_US.UTF-8'), ('SSH_CONNECTION', '192.168.0.184 49493 192.168.0.136 22'), ('XDG_DATA_DIRS', '/usr/local/share:/usr/share:/var/lib/snapd/desktop'), ('PYTHONPATH', '/home/airlab/seed25/ros_packages/mocap4r2_ws/install/mocap4r2cli/lib/python3.8/site-packages:/home/airlab/seed25/ros_packages/mocap4r2_ws/install/mocap4r2_robot_gt_msgs/lib/python3.8/site-packages:/home/airlab/seed25/ros_packages/mocap4r2_ws/install/mocap4r2_msgs/lib/python3.8/site-packages:/home/airlab/seed25/ros_packages/mocap4r2_ws/install/mocap4r2_marker_viz_srvs/lib/python3.8/site-packages:/home/airlab/seed25/ros_packages/mocap4r2_ws/install/mocap4r2_control_msgs/lib/python3.8/site-packages:/opt/ros/foxy/lib/python3.8/site-packages'), ('COLCON', '1'), ('JETSON_JETPACK', '5.1.5'), ('CMAKE_PREFIX_PATH', '/home/airlab/seed25/ros_packages/mocap4r2_ws/install/mocap4r2_robot_gt_msgs:/home/airlab/seed25/ros_packages/mocap4r2_ws/install/mocap4r2_marker_viz:/home/airlab/seed25/ros_packages/mocap4r2_ws/install/mocap4r2_marker_publisher:/home/airlab/seed25/ros_packages/mocap4r2_ws/install/mocap4r2_msgs:/home/airlab/seed25/ros_packages/mocap4r2_ws/install/mocap4r2_marker_viz_srvs:/home/airlab/seed25/ros_packages/mocap4r2_ws/install/mocap4r2_control_msgs:/home/airlab/seed25/ros_packages/mocap4r2_ws/install/mocap4r2cli:/opt/ros/foxy'), ('JETSON_P_NUMBER', 'p3767-0000')]), 'shell': False}
[4.009700] (mocap4r2_msgs) StdoutLine: {'line': b'-- Build files have been written to: /home/airlab/seed25/ros_packages/mocap4r2_ws/build/mocap4r2_msgs\n'}
[4.022394] (-) TimerEvent: {}
[4.024190] (mocap4r2_control_msgs) CommandEnded: {'returncode': 0}
[4.025783] (mocap4r2_control_msgs) JobProgress: {'identifier': 'mocap4r2_control_msgs', 'progress': 'build'}
[4.026377] (mocap4r2_control_msgs) Command: {'cmd': ['/usr/bin/cmake', '--build', '/home/airlab/seed25/ros_packages/mocap4r2_ws/build/mocap4r2_control_msgs', '--', '-j4', '-l4'], 'cwd': '/home/airlab/seed25/ros_packages/mocap4r2_ws/build/mocap4r2_control_msgs', 'env': OrderedDict([('LESSOPEN', '| /usr/bin/lesspipe %s'), ('USER', 'airlab'), ('SSH_CLIENT', '192.168.0.184 49493 22'), ('XDG_SESSION_TYPE', 'tty'), ('SHLVL', '1'), ('LD_LIBRARY_PATH', '/home/airlab/seed25/ros_packages/mocap4r2_ws/install/mocap4r2_robot_gt_msgs/lib:/home/airlab/seed25/ros_packages/mocap4r2_ws/install/mocap4r2_msgs/lib:/home/airlab/seed25/ros_packages/mocap4r2_ws/install/mocap4r2_marker_viz_srvs/lib:/home/airlab/seed25/ros_packages/mocap4r2_ws/install/mocap4r2_control_msgs/lib:/usr/local/cuda-11.4/lib64:/usr/local/cuda-11.4/lib64:/opt/ros/foxy/opt/yaml_cpp_vendor/lib:/opt/ros/foxy/opt/rviz_ogre_vendor/lib:/opt/ros/foxy/lib/aarch64-linux-gnu:/opt/ros/foxy/lib:/usr/local/cuda-11.4/lib64:'), ('MOTD_SHOWN', 'pam'), ('HOME', '/home/airlab'), ('OLDPWD', '/home/airlab/seed25/ros_packages/mocap4r2_ws/src'), ('SSH_TTY', '/dev/pts/1'), ('JETSON_L4T', '35.6.1'), ('ROS_PYTHON_VERSION', '3'), ('JETSON_MODEL', 'NVIDIA Orin NX Developer Kit'), ('DBUS_SESSION_BUS_ADDRESS', 'unix:path=/run/user/1000/bus'), ('COLCON_PREFIX_PATH', '/home/airlab/seed25/ros_packages/mocap4r2_ws/install'), ('ROS_DISTRO', 'foxy'), ('LOGNAME', 'airlab'), ('JETSON_MODULE', 'NVIDIA Jetson Orin NX (16GB ram)'), ('JETSON_SERIAL_NUMBER', '1425023203559'), ('_', '/usr/bin/colcon'), ('ROS_VERSION', '2'), ('JETSON_CODENAME', 'P3768'), ('XDG_SESSION_CLASS', 'user'), ('TERM', 'xterm'), ('XDG_SESSION_ID', '8'), ('ROS_LOCALHOST_ONLY', '0'), ('PATH', '/usr/local/cuda-11.4/bin:/usr/local/cuda-11.4/bin:/home/airlab/.local/bin:/opt/ros/foxy/bin:/usr/local/cuda-11.4/bin:/usr/local/sbin:/usr/local/bin:/usr/sbin:/usr/bin:/sbin:/bin:/usr/games:/usr/local/games:/snap/bin'), ('XDG_RUNTIME_DIR', '/run/user/1000'), ('DISPLAY', 'localhost:11.0'), ('LANG', 'en_US.UTF-8'), ('LS_COLORS', 'rs=0:di=01;34:ln=01;36:mh=00:pi=40;33:so=01;35:do=01;35:bd=40;33;01:cd=40;33;01:or=40;31;01:mi=00:su=37;41:sg=30;43:ca=30;41:tw=30;42:ow=34;42:st=37;44:ex=01;32:*.tar=01;31:*.tgz=01;31:*.arc=01;31:*.arj=01;31:*.taz=01;31:*.lha=01;31:*.lz4=01;31:*.lzh=01;31:*.lzma=01;31:*.tlz=01;31:*.txz=01;31:*.tzo=01;31:*.t7z=01;31:*.zip=01;31:*.z=01;31:*.dz=01;31:*.gz=01;31:*.lrz=01;31:*.lz=01;31:*.lzo=01;31:*.xz=01;31:*.zst=01;31:*.tzst=01;31:*.bz2=01;31:*.bz=01;31:*.tbz=01;31:*.tbz2=01;31:*.tz=01;31:*.deb=01;31:*.rpm=01;31:*.jar=01;31:*.war=01;31:*.ear=01;31:*.sar=01;31:*.rar=01;31:*.alz=01;31:*.ace=01;31:*.zoo=01;31:*.cpio=01;31:*.7z=01;31:*.rz=01;31:*.cab=01;31:*.wim=01;31:*.swm=01;31:*.dwm=01;31:*.esd=01;31:*.jpg=01;35:*.jpeg=01;35:*.mjpg=01;35:*.mjpeg=01;35:*.gif=01;35:*.bmp=01;35:*.pbm=01;35:*.pgm=01;35:*.ppm=01;35:*.tga=01;35:*.xbm=01;35:*.xpm=01;35:*.tif=01;35:*.tiff=01;35:*.png=01;35:*.svg=01;35:*.svgz=01;35:*.mng=01;35:*.pcx=01;35:*.mov=01;35:*.mpg=01;35:*.mpeg=01;35:*.m2v=01;35:*.mkv=01;35:*.webm=01;35:*.ogm=01;35:*.mp4=01;35:*.m4v=01;35:*.mp4v=01;35:*.vob=01;35:*.qt=01;35:*.nuv=01;35:*.wmv=01;35:*.asf=01;35:*.rm=01;35:*.rmvb=01;35:*.flc=01;35:*.avi=01;35:*.fli=01;35:*.flv=01;35:*.gl=01;35:*.dl=01;35:*.xcf=01;35:*.xwd=01;35:*.yuv=01;35:*.cgm=01;35:*.emf=01;35:*.ogv=01;35:*.ogx=01;35:*.aac=00;36:*.au=00;36:*.flac=00;36:*.m4a=00;36:*.mid=00;36:*.midi=00;36:*.mka=00;36:*.mp3=00;36:*.mpc=00;36:*.ogg=00;36:*.ra=00;36:*.wav=00;36:*.oga=00;36:*.opus=00;36:*.spx=00;36:*.xspf=00;36:'), ('JETSON_SOC', 'tegra23x'), ('ROS_DOMAIN_ID', '3'), ('AMENT_PREFIX_PATH', '/home/airlab/seed25/ros_packages/mocap4r2_ws/install/mocap4r2cli:/home/airlab/seed25/ros_packages/mocap4r2_ws/install/mocap4r2_robot_gt_msgs:/home/airlab/seed25/ros_packages/mocap4r2_ws/install/mocap4r2_marker_viz:/home/airlab/seed25/ros_packages/mocap4r2_ws/install/mocap4r2_marker_publisher:/home/airlab/seed25/ros_packages/mocap4r2_ws/install/mocap4r2_msgs:/home/airlab/seed25/ros_packages/mocap4r2_ws/install/mocap4r2_marker_viz_srvs:/home/airlab/seed25/ros_packages/mocap4r2_ws/install/mocap4r2_control_msgs:/opt/ros/foxy'), ('SHELL', '/bin/bash'), ('LESSCLOSE', '/usr/bin/lesspipe %s %s'), ('JETSON_CUDA_ARCH_BIN', '8.7'), ('PWD', '/home/airlab/seed25/ros_packages/mocap4r2_ws/build/mocap4r2_control_msgs'), ('LC_ALL', 'en_US.UTF-8'), ('SSH_CONNECTION', '192.168.0.184 49493 192.168.0.136 22'), ('XDG_DATA_DIRS', '/usr/local/share:/usr/share:/var/lib/snapd/desktop'), ('PYTHONPATH', '/home/airlab/seed25/ros_packages/mocap4r2_ws/install/mocap4r2cli/lib/python3.8/site-packages:/home/airlab/seed25/ros_packages/mocap4r2_ws/install/mocap4r2_robot_gt_msgs/lib/python3.8/site-packages:/home/airlab/seed25/ros_packages/mocap4r2_ws/install/mocap4r2_msgs/lib/python3.8/site-packages:/home/airlab/seed25/ros_packages/mocap4r2_ws/install/mocap4r2_marker_viz_srvs/lib/python3.8/site-packages:/home/airlab/seed25/ros_packages/mocap4r2_ws/install/mocap4r2_control_msgs/lib/python3.8/site-packages:/opt/ros/foxy/lib/python3.8/site-packages'), ('COLCON', '1'), ('JETSON_JETPACK', '5.1.5'), ('CMAKE_PREFIX_PATH', '/home/airlab/seed25/ros_packages/mocap4r2_ws/install/mocap4r2_robot_gt_msgs:/home/airlab/seed25/ros_packages/mocap4r2_ws/install/mocap4r2_marker_viz:/home/airlab/seed25/ros_packages/mocap4r2_ws/install/mocap4r2_marker_publisher:/home/airlab/seed25/ros_packages/mocap4r2_ws/install/mocap4r2_msgs:/home/airlab/seed25/ros_packages/mocap4r2_ws/install/mocap4r2_marker_viz_srvs:/home/airlab/seed25/ros_packages/mocap4r2_ws/install/mocap4r2_control_msgs:/home/airlab/seed25/ros_packages/mocap4r2_ws/install/mocap4r2cli:/opt/ros/foxy'), ('JETSON_P_NUMBER', 'p3767-0000')]), 'shell': False}
[4.055677] (mocap4r2_msgs) CommandEnded: {'returncode': 0}
[4.061869] (mocap4r2_msgs) JobProgress: {'identifier': 'mocap4r2_msgs', 'progress': 'build'}
[4.062320] (mocap4r2_msgs) Command: {'cmd': ['/usr/bin/cmake', '--build', '/home/airlab/seed25/ros_packages/mocap4r2_ws/build/mocap4r2_msgs', '--', '-j4', '-l4'], 'cwd': '/home/airlab/seed25/ros_packages/mocap4r2_ws/build/mocap4r2_msgs', 'env': OrderedDict([('LESSOPEN', '| /usr/bin/lesspipe %s'), ('USER', 'airlab'), ('SSH_CLIENT', '192.168.0.184 49493 22'), ('XDG_SESSION_TYPE', 'tty'), ('SHLVL', '1'), ('LD_LIBRARY_PATH', '/home/airlab/seed25/ros_packages/mocap4r2_ws/install/mocap4r2_robot_gt_msgs/lib:/home/airlab/seed25/ros_packages/mocap4r2_ws/install/mocap4r2_msgs/lib:/home/airlab/seed25/ros_packages/mocap4r2_ws/install/mocap4r2_marker_viz_srvs/lib:/home/airlab/seed25/ros_packages/mocap4r2_ws/install/mocap4r2_control_msgs/lib:/usr/local/cuda-11.4/lib64:/usr/local/cuda-11.4/lib64:/opt/ros/foxy/opt/yaml_cpp_vendor/lib:/opt/ros/foxy/opt/rviz_ogre_vendor/lib:/opt/ros/foxy/lib/aarch64-linux-gnu:/opt/ros/foxy/lib:/usr/local/cuda-11.4/lib64:'), ('MOTD_SHOWN', 'pam'), ('HOME', '/home/airlab'), ('OLDPWD', '/home/airlab/seed25/ros_packages/mocap4r2_ws/src'), ('SSH_TTY', '/dev/pts/1'), ('JETSON_L4T', '35.6.1'), ('ROS_PYTHON_VERSION', '3'), ('JETSON_MODEL', 'NVIDIA Orin NX Developer Kit'), ('DBUS_SESSION_BUS_ADDRESS', 'unix:path=/run/user/1000/bus'), ('COLCON_PREFIX_PATH', '/home/airlab/seed25/ros_packages/mocap4r2_ws/install'), ('ROS_DISTRO', 'foxy'), ('LOGNAME', 'airlab'), ('JETSON_MODULE', 'NVIDIA Jetson Orin NX (16GB ram)'), ('JETSON_SERIAL_NUMBER', '1425023203559'), ('_', '/usr/bin/colcon'), ('ROS_VERSION', '2'), ('JETSON_CODENAME', 'P3768'), ('XDG_SESSION_CLASS', 'user'), ('TERM', 'xterm'), ('XDG_SESSION_ID', '8'), ('ROS_LOCALHOST_ONLY', '0'), ('PATH', '/usr/local/cuda-11.4/bin:/usr/local/cuda-11.4/bin:/home/airlab/.local/bin:/opt/ros/foxy/bin:/usr/local/cuda-11.4/bin:/usr/local/sbin:/usr/local/bin:/usr/sbin:/usr/bin:/sbin:/bin:/usr/games:/usr/local/games:/snap/bin'), ('XDG_RUNTIME_DIR', '/run/user/1000'), ('DISPLAY', 'localhost:11.0'), ('LANG', 'en_US.UTF-8'), ('LS_COLORS', 'rs=0:di=01;34:ln=01;36:mh=00:pi=40;33:so=01;35:do=01;35:bd=40;33;01:cd=40;33;01:or=40;31;01:mi=00:su=37;41:sg=30;43:ca=30;41:tw=30;42:ow=34;42:st=37;44:ex=01;32:*.tar=01;31:*.tgz=01;31:*.arc=01;31:*.arj=01;31:*.taz=01;31:*.lha=01;31:*.lz4=01;31:*.lzh=01;31:*.lzma=01;31:*.tlz=01;31:*.txz=01;31:*.tzo=01;31:*.t7z=01;31:*.zip=01;31:*.z=01;31:*.dz=01;31:*.gz=01;31:*.lrz=01;31:*.lz=01;31:*.lzo=01;31:*.xz=01;31:*.zst=01;31:*.tzst=01;31:*.bz2=01;31:*.bz=01;31:*.tbz=01;31:*.tbz2=01;31:*.tz=01;31:*.deb=01;31:*.rpm=01;31:*.jar=01;31:*.war=01;31:*.ear=01;31:*.sar=01;31:*.rar=01;31:*.alz=01;31:*.ace=01;31:*.zoo=01;31:*.cpio=01;31:*.7z=01;31:*.rz=01;31:*.cab=01;31:*.wim=01;31:*.swm=01;31:*.dwm=01;31:*.esd=01;31:*.jpg=01;35:*.jpeg=01;35:*.mjpg=01;35:*.mjpeg=01;35:*.gif=01;35:*.bmp=01;35:*.pbm=01;35:*.pgm=01;35:*.ppm=01;35:*.tga=01;35:*.xbm=01;35:*.xpm=01;35:*.tif=01;35:*.tiff=01;35:*.png=01;35:*.svg=01;35:*.svgz=01;35:*.mng=01;35:*.pcx=01;35:*.mov=01;35:*.mpg=01;35:*.mpeg=01;35:*.m2v=01;35:*.mkv=01;35:*.webm=01;35:*.ogm=01;35:*.mp4=01;35:*.m4v=01;35:*.mp4v=01;35:*.vob=01;35:*.qt=01;35:*.nuv=01;35:*.wmv=01;35:*.asf=01;35:*.rm=01;35:*.rmvb=01;35:*.flc=01;35:*.avi=01;35:*.fli=01;35:*.flv=01;35:*.gl=01;35:*.dl=01;35:*.xcf=01;35:*.xwd=01;35:*.yuv=01;35:*.cgm=01;35:*.emf=01;35:*.ogv=01;35:*.ogx=01;35:*.aac=00;36:*.au=00;36:*.flac=00;36:*.m4a=00;36:*.mid=00;36:*.midi=00;36:*.mka=00;36:*.mp3=00;36:*.mpc=00;36:*.ogg=00;36:*.ra=00;36:*.wav=00;36:*.oga=00;36:*.opus=00;36:*.spx=00;36:*.xspf=00;36:'), ('JETSON_SOC', 'tegra23x'), ('ROS_DOMAIN_ID', '3'), ('AMENT_PREFIX_PATH', '/home/airlab/seed25/ros_packages/mocap4r2_ws/install/mocap4r2cli:/home/airlab/seed25/ros_packages/mocap4r2_ws/install/mocap4r2_robot_gt_msgs:/home/airlab/seed25/ros_packages/mocap4r2_ws/install/mocap4r2_marker_viz:/home/airlab/seed25/ros_packages/mocap4r2_ws/install/mocap4r2_marker_publisher:/home/airlab/seed25/ros_packages/mocap4r2_ws/install/mocap4r2_msgs:/home/airlab/seed25/ros_packages/mocap4r2_ws/install/mocap4r2_marker_viz_srvs:/home/airlab/seed25/ros_packages/mocap4r2_ws/install/mocap4r2_control_msgs:/opt/ros/foxy'), ('SHELL', '/bin/bash'), ('LESSCLOSE', '/usr/bin/lesspipe %s %s'), ('JETSON_CUDA_ARCH_BIN', '8.7'), ('PWD', '/home/airlab/seed25/ros_packages/mocap4r2_ws/build/mocap4r2_msgs'), ('LC_ALL', 'en_US.UTF-8'), ('SSH_CONNECTION', '192.168.0.184 49493 192.168.0.136 22'), ('XDG_DATA_DIRS', '/usr/local/share:/usr/share:/var/lib/snapd/desktop'), ('PYTHONPATH', '/home/airlab/seed25/ros_packages/mocap4r2_ws/install/mocap4r2cli/lib/python3.8/site-packages:/home/airlab/seed25/ros_packages/mocap4r2_ws/install/mocap4r2_robot_gt_msgs/lib/python3.8/site-packages:/home/airlab/seed25/ros_packages/mocap4r2_ws/install/mocap4r2_msgs/lib/python3.8/site-packages:/home/airlab/seed25/ros_packages/mocap4r2_ws/install/mocap4r2_marker_viz_srvs/lib/python3.8/site-packages:/home/airlab/seed25/ros_packages/mocap4r2_ws/install/mocap4r2_control_msgs/lib/python3.8/site-packages:/opt/ros/foxy/lib/python3.8/site-packages'), ('COLCON', '1'), ('JETSON_JETPACK', '5.1.5'), ('CMAKE_PREFIX_PATH', '/home/airlab/seed25/ros_packages/mocap4r2_ws/install/mocap4r2_robot_gt_msgs:/home/airlab/seed25/ros_packages/mocap4r2_ws/install/mocap4r2_marker_viz:/home/airlab/seed25/ros_packages/mocap4r2_ws/install/mocap4r2_marker_publisher:/home/airlab/seed25/ros_packages/mocap4r2_ws/install/mocap4r2_msgs:/home/airlab/seed25/ros_packages/mocap4r2_ws/install/mocap4r2_marker_viz_srvs:/home/airlab/seed25/ros_packages/mocap4r2_ws/install/mocap4r2_control_msgs:/home/airlab/seed25/ros_packages/mocap4r2_ws/install/mocap4r2cli:/opt/ros/foxy'), ('JETSON_P_NUMBER', 'p3767-0000')]), 'shell': False}
[4.122610] (-) TimerEvent: {}
[4.155312] (mocap4r2_control_msgs) StdoutLine: {'line': b'\x1b[35m\x1b[1mScanning dependencies of target mocap4r2_control_msgs__cpp\x1b[0m\n'}
[4.174329] (mocap4r2_robot_gt_msgs) StdoutLine: {'line': b'\x1b[35m\x1b[1mScanning dependencies of target mocap4r2_robot_gt_msgs__cpp\x1b[0m\n'}
[4.182700] (mocap4r2_control_msgs) StdoutLine: {'line': b'[  2%] \x1b[34m\x1b[1mGenerating C code for ROS interfaces\x1b[0m\n'}
[4.190124] (mocap4r2_robot_gt_msgs) StdoutLine: {'line': b'[  3%] \x1b[34m\x1b[1mGenerating C code for ROS interfaces\x1b[0m\n'}
[4.204432] (mocap4r2_msgs) StdoutLine: {'line': b'\x1b[35m\x1b[1mScanning dependencies of target mocap4r2_msgs__cpp\x1b[0m\n'}
[4.212701] (mocap4r2_control_msgs) StdoutLine: {'line': b'[  5%] \x1b[34m\x1b[1mGenerating C++ code for ROS interfaces\x1b[0m\n'}
[4.214698] (mocap4r2_msgs) StdoutLine: {'line': b'[  1%] \x1b[34m\x1b[1mGenerating C code for ROS interfaces\x1b[0m\n'}
[4.222743] (-) TimerEvent: {}
[4.251639] (mocap4r2_robot_gt_msgs) StdoutLine: {'line': b'[  6%] \x1b[34m\x1b[1mGenerating C++ code for ROS interfaces\x1b[0m\n'}
[4.287792] (mocap4r2_msgs) StdoutLine: {'line': b'[  3%] \x1b[34m\x1b[1mGenerating C++ code for ROS interfaces\x1b[0m\n'}
[4.322913] (-) TimerEvent: {}
[4.423608] (-) TimerEvent: {}
[4.524306] (-) TimerEvent: {}
[4.625014] (-) TimerEvent: {}
[4.725707] (-) TimerEvent: {}
[4.826405] (-) TimerEvent: {}
[4.927130] (-) TimerEvent: {}
[5.027829] (-) TimerEvent: {}
[5.128466] (-) TimerEvent: {}
[5.162939] (mocap4r2_marker_viz_srvs) StdoutLine: {'line': b'\x1b[35m\x1b[1mScanning dependencies of target mocap4r2_marker_viz_srvs__rosidl_generator_c\x1b[0m\n'}
[5.228633] (-) TimerEvent: {}
[5.267277] (mocap4r2_marker_viz_srvs) StdoutLine: {'line': b'[  7%] \x1b[32mBuilding C object CMakeFiles/mocap4r2_marker_viz_srvs__rosidl_generator_c.dir/rosidl_generator_c/mocap4r2_marker_viz_srvs/srv/detail/set_marker_color__functions.c.o\x1b[0m\n'}
[5.277151] (mocap4r2_marker_viz_srvs) StdoutLine: {'line': b'[  7%] Built target mocap4r2_marker_viz_srvs__cpp\n'}
[5.282168] (mocap4r2_marker_viz_srvs) StdoutLine: {'line': b'[ 10%] \x1b[32mBuilding C object CMakeFiles/mocap4r2_marker_viz_srvs__rosidl_generator_c.dir/rosidl_generator_c/mocap4r2_marker_viz_srvs/srv/detail/reset_marker_color__functions.c.o\x1b[0m\n'}
[5.328834] (-) TimerEvent: {}
[5.361107] (mocap4r2_marker_viz_srvs) StdoutLine: {'line': b'[ 12%] \x1b[34m\x1b[1mGenerating C++ type support for eProsima Fast-RTPS\x1b[0m\n'}
[5.374885] (mocap4r2_marker_viz_srvs) StdoutLine: {'line': b'[ 15%] \x1b[34m\x1b[1mGenerating C++ type support dispatch for ROS interfaces\x1b[0m\n'}
[5.429275] (-) TimerEvent: {}
[5.529963] (-) TimerEvent: {}
[5.567311] (mocap4r2_robot_gt_msgs) StdoutLine: {'line': b'[  6%] Built target mocap4r2_robot_gt_msgs__cpp\n'}
[5.626815] (mocap4r2_robot_gt_msgs) StdoutLine: {'line': b'\x1b[35m\x1b[1mScanning dependencies of target mocap4r2_robot_gt_msgs__rosidl_generator_c\x1b[0m\n'}
[5.630114] (-) TimerEvent: {}
[5.648523] (mocap4r2_robot_gt_msgs) StdoutLine: {'line': b'[  9%] \x1b[34m\x1b[1mGenerating C++ introspection for ROS interfaces\x1b[0m\n'}
[5.661207] (mocap4r2_robot_gt_msgs) StdoutLine: {'line': b'[ 16%] \x1b[34m\x1b[1mGenerating C++ type support dispatch for ROS interfaces\x1b[0m\n'}
[5.673347] (mocap4r2_robot_gt_msgs) StdoutLine: {'line': b'[ 16%] \x1b[34m\x1b[1mGenerating C++ type support for eProsima Fast-RTPS\x1b[0m\n'}
[5.674791] (mocap4r2_marker_viz_srvs) StdoutLine: {'line': b'[ 17%] \x1b[34m\x1b[1mGenerating C++ introspection for ROS interfaces\x1b[0m\n'}
[5.709762] (mocap4r2_robot_gt_msgs) StdoutLine: {'line': b'[ 19%] \x1b[32mBuilding C object CMakeFiles/mocap4r2_robot_gt_msgs__rosidl_generator_c.dir/rosidl_generator_c/mocap4r2_robot_gt_msgs/srv/detail/set_gt_origin__functions.c.o\x1b[0m\n'}
[5.712157] (mocap4r2_marker_viz_srvs) StdoutLine: {'line': b'[ 20%] \x1b[32m\x1b[1mLinking C shared library libmocap4r2_marker_viz_srvs__rosidl_generator_c.so\x1b[0m\n'}
[5.730285] (-) TimerEvent: {}
[5.830941] (-) TimerEvent: {}
[5.931641] (-) TimerEvent: {}
[5.954923] (mocap4r2_control_msgs) StdoutLine: {'line': b'[  5%] Built target mocap4r2_control_msgs__cpp\n'}
[6.027913] (mocap4r2_marker_viz_srvs) StdoutLine: {'line': b'[ 20%] Built target mocap4r2_marker_viz_srvs__rosidl_generator_c\n'}
[6.031775] (-) TimerEvent: {}
[6.072687] (mocap4r2_control_msgs) StdoutLine: {'line': b'[  7%] \x1b[34m\x1b[1mGenerating C++ type support for eProsima Fast-RTPS\x1b[0m\n'}
[6.081446] (mocap4r2_control_msgs) StdoutLine: {'line': b'[ 10%] \x1b[34m\x1b[1mGenerating C++ introspection for ROS interfaces\x1b[0m\n'}
[6.099801] (mocap4r2_control_msgs) StdoutLine: {'line': b'[ 12%] \x1b[34m\x1b[1mGenerating C++ type support dispatch for ROS interfaces\x1b[0m\n'}
[6.125925] (mocap4r2_robot_gt_msgs) StdoutLine: {'line': b'[ 22%] \x1b[32m\x1b[1mLinking C shared library libmocap4r2_robot_gt_msgs__rosidl_generator_c.so\x1b[0m\n'}
[6.131928] (-) TimerEvent: {}
[6.182921] (mocap4r2_control_msgs) StdoutLine: {'line': b'\x1b[35m\x1b[1mScanning dependencies of target mocap4r2_control_msgs__rosidl_generator_c\x1b[0m\n'}
[6.207192] (mocap4r2_marker_viz_srvs) StdoutLine: {'line': b'[ 23%] \x1b[34m\x1b[1mGenerating C introspection for ROS interfaces\x1b[0m\n'}
[6.232108] (-) TimerEvent: {}
[6.296244] (mocap4r2_control_msgs) StdoutLine: {'line': b'[ 15%] \x1b[32mBuilding C object CMakeFiles/mocap4r2_control_msgs__rosidl_generator_c.dir/rosidl_generator_c/mocap4r2_control_msgs/msg/detail/control__functions.c.o\x1b[0m\n'}
[6.332286] (-) TimerEvent: {}
[6.433010] (-) TimerEvent: {}
[6.483542] (mocap4r2_robot_gt_msgs) StdoutLine: {'line': b'[ 22%] Built target mocap4r2_robot_gt_msgs__rosidl_generator_c\n'}
[6.533165] (-) TimerEvent: {}
[6.585240] (mocap4r2_robot_gt_msgs) StdoutLine: {'line': b'[ 25%] \x1b[34m\x1b[1mGenerating C type support dispatch for ROS interfaces\x1b[0m\n'}
[6.633317] (-) TimerEvent: {}
[6.734456] (-) TimerEvent: {}
[6.740456] (mocap4r2_control_msgs) StdoutLine: {'line': b'[ 17%] \x1b[32mBuilding C object CMakeFiles/mocap4r2_control_msgs__rosidl_generator_c.dir/rosidl_generator_c/mocap4r2_control_msgs/msg/detail/mocap_info__functions.c.o\x1b[0m\n'}
[6.834625] (-) TimerEvent: {}
[6.935711] (-) TimerEvent: {}
[7.036813] (-) TimerEvent: {}
[7.137939] (-) TimerEvent: {}
[7.147412] (mocap4r2_msgs) StdoutLine: {'line': b'[  3%] Built target mocap4r2_msgs__cpp\n'}
[7.174943] (mocap4r2_marker_viz_srvs) StdoutLine: {'line': b'\x1b[35m\x1b[1mScanning dependencies of target mocap4r2_marker_viz_srvs__rosidl_typesupport_cpp\x1b[0m\n'}
[7.194895] (mocap4r2_control_msgs) StdoutLine: {'line': b'[ 20%] \x1b[32m\x1b[1mLinking C shared library libmocap4r2_control_msgs__rosidl_generator_c.so\x1b[0m\n'}
[7.238107] (-) TimerEvent: {}
[7.280437] (mocap4r2_msgs) StdoutLine: {'line': b'[  4%] \x1b[34m\x1b[1mGenerating C++ introspection for ROS interfaces\x1b[0m\n'}
[7.304642] (mocap4r2_marker_viz_srvs) StdoutLine: {'line': b'[ 25%] \x1b[32mBuilding CXX object CMakeFiles/mocap4r2_marker_viz_srvs__rosidl_typesupport_cpp.dir/rosidl_typesupport_cpp/mocap4r2_marker_viz_srvs/srv/set_marker_color__type_support.cpp.o\x1b[0m\n'}
[7.338276] (-) TimerEvent: {}
[7.373541] (mocap4r2_robot_gt_msgs) StdoutLine: {'line': b'\x1b[35m\x1b[1mScanning dependencies of target mocap4r2_robot_gt_msgs__rosidl_typesupport_cpp\x1b[0m\n'}
[7.376573] (mocap4r2_msgs) StdoutLine: {'line': b'[  6%] \x1b[34m\x1b[1mGenerating C++ type support for eProsima Fast-RTPS\x1b[0m\n'}
[7.438467] (-) TimerEvent: {}
[7.487036] (mocap4r2_robot_gt_msgs) StdoutLine: {'line': b'[ 29%] \x1b[32mBuilding CXX object CMakeFiles/mocap4r2_robot_gt_msgs__rosidl_typesupport_cpp.dir/rosidl_typesupport_cpp/mocap4r2_robot_gt_msgs/srv/set_gt_origin__type_support.cpp.o\x1b[0m\n'}
[7.537611] (mocap4r2_control_msgs) StdoutLine: {'line': b'[ 20%] Built target mocap4r2_control_msgs__rosidl_generator_c\n'}
[7.538548] (-) TimerEvent: {}
[7.639510] (-) TimerEvent: {}
[7.642556] (mocap4r2_control_msgs) StdoutLine: {'line': b'[ 23%] \x1b[34m\x1b[1mGenerating C introspection for ROS interfaces\x1b[0m\n'}
[7.739678] (-) TimerEvent: {}
[7.761222] (mocap4r2_msgs) StdoutLine: {'line': b'[  7%] \x1b[34m\x1b[1mGenerating C++ type support dispatch for ROS interfaces\x1b[0m\n'}
[7.801194] (mocap4r2_msgs) StdoutLine: {'line': b'\x1b[35m\x1b[1mScanning dependencies of target mocap4r2_msgs__rosidl_generator_c\x1b[0m\n'}
[7.808795] (mocap4r2_robot_gt_msgs) StdoutLine: {'line': b'\x1b[35m\x1b[1mScanning dependencies of target mocap4r2_robot_gt_msgs__rosidl_typesupport_introspection_cpp\x1b[0m\n'}
[7.839851] (-) TimerEvent: {}
[7.941060] (-) TimerEvent: {}
[7.949071] (mocap4r2_robot_gt_msgs) StdoutLine: {'line': b'[ 32%] \x1b[32mBuilding CXX object CMakeFiles/mocap4r2_robot_gt_msgs__rosidl_typesupport_introspection_cpp.dir/rosidl_typesupport_introspection_cpp/mocap4r2_robot_gt_msgs/srv/detail/set_gt_origin__type_support.cpp.o\x1b[0m\n'}
[7.950600] (mocap4r2_msgs) StdoutLine: {'line': b'[  9%] \x1b[32mBuilding C object CMakeFiles/mocap4r2_msgs__rosidl_generator_c.dir/rosidl_generator_c/mocap4r2_msgs/msg/detail/marker__functions.c.o\x1b[0m\n'}
[7.999436] (mocap4r2_robot_gt_msgs) StdoutLine: {'line': b'\x1b[35m\x1b[1mScanning dependencies of target mocap4r2_robot_gt_msgs__rosidl_typesupport_fastrtps_cpp\x1b[0m\n'}
[8.041217] (-) TimerEvent: {}
[8.082722] (mocap4r2_control_msgs) StdoutLine: {'line': b'\x1b[35m\x1b[1mScanning dependencies of target mocap4r2_control_msgs__rosidl_typesupport_cpp\x1b[0m\n'}
[8.141386] (-) TimerEvent: {}
[8.178226] (mocap4r2_robot_gt_msgs) StdoutLine: {'line': b'[ 35%] \x1b[32mBuilding CXX object CMakeFiles/mocap4r2_robot_gt_msgs__rosidl_typesupport_fastrtps_cpp.dir/rosidl_typesupport_fastrtps_cpp/mocap4r2_robot_gt_msgs/srv/detail/dds_fastrtps/set_gt_origin__type_support.cpp.o\x1b[0m\n'}
[8.222357] (mocap4r2_control_msgs) StdoutLine: {'line': b'[ 25%] \x1b[32mBuilding CXX object CMakeFiles/mocap4r2_control_msgs__rosidl_typesupport_cpp.dir/rosidl_typesupport_cpp/mocap4r2_control_msgs/msg/control__type_support.cpp.o\x1b[0m\n'}
[8.241550] (-) TimerEvent: {}
[8.342710] (-) TimerEvent: {}
[8.344503] (mocap4r2_robot_gt_msgs) StdoutLine: {'line': b'\x1b[35m\x1b[1mScanning dependencies of target mocap4r2_robot_gt_msgs__rosidl_typesupport_c\x1b[0m\n'}
[8.408237] (mocap4r2_msgs) StdoutLine: {'line': b'[ 11%] \x1b[32mBuilding C object CMakeFiles/mocap4r2_msgs__rosidl_generator_c.dir/rosidl_generator_c/mocap4r2_msgs/msg/detail/markers__functions.c.o\x1b[0m\n'}
[8.436466] (mocap4r2_marker_viz_srvs) StdoutLine: {'line': b'\x1b[35m\x1b[1mScanning dependencies of target mocap4r2_marker_viz_srvs__rosidl_typesupport_fastrtps_cpp\x1b[0m\n'}
[8.442890] (-) TimerEvent: {}
[8.461546] (mocap4r2_robot_gt_msgs) StdoutLine: {'line': b'[ 38%] \x1b[32mBuilding CXX object CMakeFiles/mocap4r2_robot_gt_msgs__rosidl_typesupport_c.dir/rosidl_typesupport_c/mocap4r2_robot_gt_msgs/srv/set_gt_origin__type_support.cpp.o\x1b[0m\n'}
[8.503334] (mocap4r2_marker_viz_srvs) StdoutLine: {'line': b'\x1b[35m\x1b[1mScanning dependencies of target mocap4r2_marker_viz_srvs__rosidl_typesupport_introspection_cpp\x1b[0m\n'}
[8.543112] (-) TimerEvent: {}
[8.637706] (mocap4r2_marker_viz_srvs) StdoutLine: {'line': b'[ 30%] \x1b[32mBuilding CXX object CMakeFiles/mocap4r2_marker_viz_srvs__rosidl_typesupport_introspection_cpp.dir/rosidl_typesupport_introspection_cpp/mocap4r2_marker_viz_srvs/srv/detail/set_marker_color__type_support.cpp.o\x1b[0m\n'}
[8.641561] (mocap4r2_marker_viz_srvs) StdoutLine: {'line': b'[ 30%] \x1b[32mBuilding CXX object CMakeFiles/mocap4r2_marker_viz_srvs__rosidl_typesupport_fastrtps_cpp.dir/rosidl_typesupport_fastrtps_cpp/mocap4r2_marker_viz_srvs/srv/detail/dds_fastrtps/set_marker_color__type_support.cpp.o\x1b[0m\n'}
[8.643214] (-) TimerEvent: {}
[8.674883] (mocap4r2_control_msgs) StdoutLine: {'line': b'\x1b[35m\x1b[1mScanning dependencies of target mocap4r2_control_msgs__rosidl_typesupport_fastrtps_cpp\x1b[0m\n'}
[8.724111] (mocap4r2_robot_gt_msgs) StdoutLine: {'line': b'[ 41%] \x1b[32m\x1b[1mLinking CXX shared library libmocap4r2_robot_gt_msgs__rosidl_typesupport_c.so\x1b[0m\n'}
[8.743399] (-) TimerEvent: {}
[8.794374] (mocap4r2_control_msgs) StdoutLine: {'line': b'[ 28%] \x1b[32mBuilding CXX object CMakeFiles/mocap4r2_control_msgs__rosidl_typesupport_fastrtps_cpp.dir/rosidl_typesupport_fastrtps_cpp/mocap4r2_control_msgs/msg/detail/dds_fastrtps/control__type_support.cpp.o\x1b[0m\n'}
[8.843583] (-) TimerEvent: {}
[8.859942] (mocap4r2_control_msgs) StdoutLine: {'line': b'\x1b[35m\x1b[1mScanning dependencies of target mocap4r2_control_msgs__rosidl_typesupport_introspection_cpp\x1b[0m\n'}
[8.943764] (-) TimerEvent: {}
[8.945299] (mocap4r2_robot_gt_msgs) StdoutLine: {'line': b'[ 41%] Built target mocap4r2_robot_gt_msgs__rosidl_typesupport_c\n'}
[8.969974] (mocap4r2_msgs) StdoutLine: {'line': b'[ 12%] \x1b[32mBuilding C object CMakeFiles/mocap4r2_msgs__rosidl_generator_c.dir/rosidl_generator_c/mocap4r2_msgs/msg/detail/imus_info__functions.c.o\x1b[0m\n'}
[8.982653] (mocap4r2_marker_viz_srvs) StdoutLine: {'line': b'\x1b[35m\x1b[1mScanning dependencies of target mocap4r2_marker_viz_srvs__rosidl_typesupport_introspection_c\x1b[0m\n'}
[8.996710] (mocap4r2_control_msgs) StdoutLine: {'line': b'[ 30%] \x1b[32mBuilding CXX object CMakeFiles/mocap4r2_control_msgs__rosidl_typesupport_introspection_cpp.dir/rosidl_typesupport_introspection_cpp/mocap4r2_control_msgs/msg/detail/control__type_support.cpp.o\x1b[0m\n'}
[9.043950] (-) TimerEvent: {}
[9.068918] (mocap4r2_robot_gt_msgs) StdoutLine: {'line': b'[ 45%] \x1b[34m\x1b[1mGenerating C introspection for ROS interfaces\x1b[0m\n'}
[9.106577] (mocap4r2_marker_viz_srvs) StdoutLine: {'line': b'[ 33%] \x1b[32mBuilding C object CMakeFiles/mocap4r2_marker_viz_srvs__rosidl_typesupport_introspection_c.dir/rosidl_typesupport_introspection_c/mocap4r2_marker_viz_srvs/srv/detail/set_marker_color__type_support.c.o\x1b[0m\n'}
[9.144121] (-) TimerEvent: {}
[9.245262] (-) TimerEvent: {}
[9.344427] (mocap4r2_msgs) StdoutLine: {'line': b'[ 14%] \x1b[32mBuilding C object CMakeFiles/mocap4r2_msgs__rosidl_generator_c.dir/rosidl_generator_c/mocap4r2_msgs/msg/detail/rigid_body__functions.c.o\x1b[0m\n'}
[9.346341] (-) TimerEvent: {}
[9.431808] (mocap4r2_marker_viz_srvs) StdoutLine: {'line': b'[ 35%] \x1b[32mBuilding C object CMakeFiles/mocap4r2_marker_viz_srvs__rosidl_typesupport_introspection_c.dir/rosidl_typesupport_introspection_c/mocap4r2_marker_viz_srvs/srv/detail/reset_marker_color__type_support.c.o\x1b[0m\n'}
[9.446518] (-) TimerEvent: {}
[9.547652] (-) TimerEvent: {}
[9.648884] (-) TimerEvent: {}
[9.750221] (-) TimerEvent: {}
[9.768290] (mocap4r2_marker_viz_srvs) StdoutLine: {'line': b'[ 38%] \x1b[32m\x1b[1mLinking C shared library libmocap4r2_marker_viz_srvs__rosidl_typesupport_introspection_c.so\x1b[0m\n'}
[9.826792] (mocap4r2_msgs) StdoutLine: {'line': b'[ 15%] \x1b[32mBuilding C object CMakeFiles/mocap4r2_msgs__rosidl_generator_c.dir/rosidl_generator_c/mocap4r2_msgs/msg/detail/rigid_bodies__functions.c.o\x1b[0m\n'}
[9.850424] (-) TimerEvent: {}
[9.951189] (-) TimerEvent: {}
[10.052391] (-) TimerEvent: {}
[10.141947] (mocap4r2_marker_viz_srvs) StdoutLine: {'line': b'[ 38%] Built target mocap4r2_marker_viz_srvs__rosidl_typesupport_introspection_c\n'}
[10.152601] (-) TimerEvent: {}
[10.250586] (mocap4r2_marker_viz_srvs) StdoutLine: {'line': b'[ 41%] \x1b[32mBuilding CXX object CMakeFiles/mocap4r2_marker_viz_srvs__rosidl_typesupport_fastrtps_cpp.dir/rosidl_typesupport_fastrtps_cpp/mocap4r2_marker_viz_srvs/srv/detail/dds_fastrtps/reset_marker_color__type_support.cpp.o\x1b[0m\n'}
[10.252726] (-) TimerEvent: {}
[10.309181] (mocap4r2_msgs) StdoutLine: {'line': b'[ 17%] \x1b[32m\x1b[1mLinking C shared library libmocap4r2_msgs__rosidl_generator_c.so\x1b[0m\n'}
[10.353015] (-) TimerEvent: {}
[10.453763] (-) TimerEvent: {}
[10.500659] (mocap4r2_marker_viz_srvs) StdoutLine: {'line': b'[ 43%] \x1b[32mBuilding CXX object CMakeFiles/mocap4r2_marker_viz_srvs__rosidl_typesupport_cpp.dir/rosidl_typesupport_cpp/mocap4r2_marker_viz_srvs/srv/reset_marker_color__type_support.cpp.o\x1b[0m\n'}
[10.553928] (-) TimerEvent: {}
[10.573098] (mocap4r2_robot_gt_msgs) StdoutLine: {'line': b'[ 48%] \x1b[32m\x1b[1mLinking CXX shared library libmocap4r2_robot_gt_msgs__rosidl_typesupport_cpp.so\x1b[0m\n'}
[10.575862] (mocap4r2_control_msgs) StdoutLine: {'line': b'\x1b[35m\x1b[1mScanning dependencies of target mocap4r2_control_msgs__rosidl_typesupport_introspection_c\x1b[0m\n'}
[10.581830] (mocap4r2_msgs) StdoutLine: {'line': b'\x1b[35m\x1b[1mScanning dependencies of target mocap4r2_msgs__rosidl_typesupport_cpp\x1b[0m\n'}
[10.654129] (-) TimerEvent: {}
[10.686801] (mocap4r2_control_msgs) StdoutLine: {'line': b'[ 33%] \x1b[32mBuilding C object CMakeFiles/mocap4r2_control_msgs__rosidl_typesupport_introspection_c.dir/rosidl_typesupport_introspection_c/mocap4r2_control_msgs/msg/detail/control__type_support.c.o\x1b[0m\n'}
[10.713135] (mocap4r2_msgs) StdoutLine: {'line': b'[ 19%] \x1b[32mBuilding CXX object CMakeFiles/mocap4r2_msgs__rosidl_typesupport_cpp.dir/rosidl_typesupport_cpp/mocap4r2_msgs/msg/marker__type_support.cpp.o\x1b[0m\n'}
[10.724726] (mocap4r2_msgs) StdoutLine: {'line': b'[ 19%] Built target mocap4r2_msgs__rosidl_generator_c\n'}
[10.754290] (-) TimerEvent: {}
[10.760130] (mocap4r2_robot_gt_msgs) StdoutLine: {'line': b'[ 51%] \x1b[32m\x1b[1mLinking CXX shared library libmocap4r2_robot_gt_msgs__rosidl_typesupport_introspection_cpp.so\x1b[0m\n'}
[10.842935] (mocap4r2_msgs) StdoutLine: {'line': b'[ 20%] \x1b[34m\x1b[1mGenerating C introspection for ROS interfaces\x1b[0m\n'}
[10.854474] (-) TimerEvent: {}
[10.955682] (-) TimerEvent: {}
[11.001821] (mocap4r2_robot_gt_msgs) StdoutLine: {'line': b'[ 51%] Built target mocap4r2_robot_gt_msgs__rosidl_typesupport_cpp\n'}
[11.048509] (mocap4r2_control_msgs) StdoutLine: {'line': b'[ 35%] \x1b[32mBuilding C object CMakeFiles/mocap4r2_control_msgs__rosidl_typesupport_introspection_c.dir/rosidl_typesupport_introspection_c/mocap4r2_control_msgs/msg/detail/mocap_info__type_support.c.o\x1b[0m\n'}
[11.055893] (-) TimerEvent: {}
[11.157134] (-) TimerEvent: {}
[11.206008] (mocap4r2_msgs) StdoutLine: {'line': b'\x1b[35m\x1b[1mScanning dependencies of target mocap4r2_msgs__rosidl_typesupport_introspection_cpp\x1b[0m\n'}
[11.257350] (-) TimerEvent: {}
[11.279756] (mocap4r2_control_msgs) StdoutLine: {'line': b'[ 38%] \x1b[32mBuilding CXX object CMakeFiles/mocap4r2_control_msgs__rosidl_typesupport_cpp.dir/rosidl_typesupport_cpp/mocap4r2_control_msgs/msg/mocap_info__type_support.cpp.o\x1b[0m\n'}
[11.356713] (mocap4r2_control_msgs) StdoutLine: {'line': b'[ 41%] \x1b[32m\x1b[1mLinking C shared library libmocap4r2_control_msgs__rosidl_typesupport_introspection_c.so\x1b[0m\n'}
[11.357419] (-) TimerEvent: {}
[11.368794] (mocap4r2_msgs) StdoutLine: {'line': b'[ 22%] \x1b[32mBuilding CXX object CMakeFiles/mocap4r2_msgs__rosidl_typesupport_introspection_cpp.dir/rosidl_typesupport_introspection_cpp/mocap4r2_msgs/msg/detail/marker__type_support.cpp.o\x1b[0m\n'}
[11.447841] (mocap4r2_robot_gt_msgs) StdoutLine: {'line': b'[ 51%] Built target mocap4r2_robot_gt_msgs__rosidl_typesupport_introspection_cpp\n'}
[11.457617] (-) TimerEvent: {}
[11.475676] (mocap4r2_marker_viz_srvs) StdoutLine: {'line': b'[ 46%] \x1b[32mBuilding CXX object CMakeFiles/mocap4r2_marker_viz_srvs__rosidl_typesupport_introspection_cpp.dir/rosidl_typesupport_introspection_cpp/mocap4r2_marker_viz_srvs/srv/detail/reset_marker_color__type_support.cpp.o\x1b[0m\n'}
[11.532599] (mocap4r2_robot_gt_msgs) StdoutLine: {'line': b'\x1b[35m\x1b[1mScanning dependencies of target mocap4r2_robot_gt_msgs__rosidl_typesupport_introspection_c\x1b[0m\n'}
[11.557813] (-) TimerEvent: {}
[11.653942] (mocap4r2_msgs) StdoutLine: {'line': b'\x1b[35m\x1b[1mScanning dependencies of target mocap4r2_msgs__rosidl_typesupport_fastrtps_cpp\x1b[0m\n'}
[11.657965] (-) TimerEvent: {}
[11.691686] (mocap4r2_control_msgs) StdoutLine: {'line': b'[ 41%] Built target mocap4r2_control_msgs__rosidl_typesupport_introspection_c\n'}
[11.695097] (mocap4r2_robot_gt_msgs) StdoutLine: {'line': b'[ 54%] \x1b[32mBuilding C object CMakeFiles/mocap4r2_robot_gt_msgs__rosidl_typesupport_introspection_c.dir/rosidl_typesupport_introspection_c/mocap4r2_robot_gt_msgs/srv/detail/set_gt_origin__type_support.c.o\x1b[0m\n'}
[11.758157] (-) TimerEvent: {}
[11.800693] (mocap4r2_control_msgs) StdoutLine: {'line': b'[ 43%] \x1b[34m\x1b[1mGenerating C type support dispatch for ROS interfaces\x1b[0m\n'}
[11.825411] (mocap4r2_msgs) StdoutLine: {'line': b'[ 23%] \x1b[32mBuilding CXX object CMakeFiles/mocap4r2_msgs__rosidl_typesupport_fastrtps_cpp.dir/rosidl_typesupport_fastrtps_cpp/mocap4r2_msgs/msg/detail/dds_fastrtps/marker__type_support.cpp.o\x1b[0m\n'}
[11.858383] (-) TimerEvent: {}
[11.959604] (-) TimerEvent: {}
[12.040859] (mocap4r2_robot_gt_msgs) StdoutLine: {'line': b'[ 58%] \x1b[32m\x1b[1mLinking C shared library libmocap4r2_robot_gt_msgs__rosidl_typesupport_introspection_c.so\x1b[0m\n'}
[12.059786] (-) TimerEvent: {}
[12.161098] (-) TimerEvent: {}
[12.262257] (-) TimerEvent: {}
[12.279906] (mocap4r2_control_msgs) StdoutLine: {'line': b'[ 46%] \x1b[32mBuilding CXX object CMakeFiles/mocap4r2_control_msgs__rosidl_typesupport_introspection_cpp.dir/rosidl_typesupport_introspection_cpp/mocap4r2_control_msgs/msg/detail/mocap_info__type_support.cpp.o\x1b[0m\n'}
[12.338886] (mocap4r2_robot_gt_msgs) StdoutLine: {'line': b'[ 61%] \x1b[32m\x1b[1mLinking CXX shared library libmocap4r2_robot_gt_msgs__rosidl_typesupport_fastrtps_cpp.so\x1b[0m\n'}
[12.362427] (-) TimerEvent: {}
[12.381449] (mocap4r2_robot_gt_msgs) StdoutLine: {'line': b'[ 61%] Built target mocap4r2_robot_gt_msgs__rosidl_typesupport_introspection_c\n'}
[12.462622] (-) TimerEvent: {}
[12.563372] (-) TimerEvent: {}
[12.664070] (-) TimerEvent: {}
[12.764807] (-) TimerEvent: {}
[12.837036] (mocap4r2_marker_viz_srvs) StdoutLine: {'line': b'[ 48%] \x1b[32m\x1b[1mLinking CXX shared library libmocap4r2_marker_viz_srvs__rosidl_typesupport_cpp.so\x1b[0m\n'}
[12.865037] (-) TimerEvent: {}
[12.954229] (mocap4r2_marker_viz_srvs) StdoutLine: {'line': b'[ 51%] \x1b[34m\x1b[1mGenerating C type support dispatch for ROS interfaces\x1b[0m\n'}
[12.965206] (-) TimerEvent: {}
[13.000320] (mocap4r2_msgs) StdoutLine: {'line': b'[ 25%] \x1b[32mBuilding CXX object CMakeFiles/mocap4r2_msgs__rosidl_typesupport_cpp.dir/rosidl_typesupport_cpp/mocap4r2_msgs/msg/markers__type_support.cpp.o\x1b[0m\n'}
[13.039415] (mocap4r2_robot_gt_msgs) StdoutLine: {'line': b'[ 61%] Built target mocap4r2_robot_gt_msgs__rosidl_typesupport_fastrtps_cpp\n'}
[13.065381] (-) TimerEvent: {}
[13.084983] (mocap4r2_control_msgs) StdoutLine: {'line': b'[ 48%] \x1b[32mBuilding CXX object CMakeFiles/mocap4r2_control_msgs__rosidl_typesupport_fastrtps_cpp.dir/rosidl_typesupport_fastrtps_cpp/mocap4r2_control_msgs/msg/detail/dds_fastrtps/mocap_info__type_support.cpp.o\x1b[0m\n'}
[13.159894] (mocap4r2_robot_gt_msgs) StdoutLine: {'line': b'[ 64%] \x1b[34m\x1b[1mGenerating C type support for eProsima Fast-RTPS\x1b[0m\n'}
[13.165543] (-) TimerEvent: {}
[13.233771] (mocap4r2_marker_viz_srvs) StdoutLine: {'line': b'[ 51%] Built target mocap4r2_marker_viz_srvs__rosidl_typesupport_cpp\n'}
[13.265713] (-) TimerEvent: {}
[13.366400] (-) TimerEvent: {}
[13.467078] (-) TimerEvent: {}
[13.535249] (mocap4r2_control_msgs) StdoutLine: {'line': b'[ 51%] \x1b[32m\x1b[1mLinking CXX shared library libmocap4r2_control_msgs__rosidl_typesupport_cpp.so\x1b[0m\n'}
[13.567288] (-) TimerEvent: {}
[13.618159] (mocap4r2_control_msgs) StdoutLine: {'line': b'\x1b[35m\x1b[1mScanning dependencies of target mocap4r2_control_msgs__rosidl_typesupport_c\x1b[0m\n'}
[13.667472] (-) TimerEvent: {}
[13.671211] (mocap4r2_marker_viz_srvs) StdoutLine: {'line': b'[ 53%] \x1b[32m\x1b[1mLinking CXX shared library libmocap4r2_marker_viz_srvs__rosidl_typesupport_fastrtps_cpp.so\x1b[0m\n'}
[13.740538] (mocap4r2_control_msgs) StdoutLine: {'line': b'[ 53%] \x1b[32mBuilding CXX object CMakeFiles/mocap4r2_control_msgs__rosidl_typesupport_c.dir/rosidl_typesupport_c/mocap4r2_control_msgs/msg/control__type_support.cpp.o\x1b[0m\n'}
[13.767650] (-) TimerEvent: {}
[13.868862] (-) TimerEvent: {}
[13.871052] (mocap4r2_marker_viz_srvs) StdoutLine: {'line': b'[ 56%] \x1b[32m\x1b[1mLinking CXX shared library libmocap4r2_marker_viz_srvs__rosidl_typesupport_introspection_cpp.so\x1b[0m\n'}
[13.879700] (mocap4r2_msgs) StdoutLine: {'line': b'[ 26%] \x1b[32mBuilding CXX object CMakeFiles/mocap4r2_msgs__rosidl_typesupport_introspection_cpp.dir/rosidl_typesupport_introspection_cpp/mocap4r2_msgs/msg/detail/markers__type_support.cpp.o\x1b[0m\n'}
[13.889734] (mocap4r2_control_msgs) StdoutLine: {'line': b'[ 53%] Built target mocap4r2_control_msgs__rosidl_typesupport_cpp\n'}
[13.960578] (mocap4r2_control_msgs) StdoutLine: {'line': b'[ 56%] \x1b[32mBuilding CXX object CMakeFiles/mocap4r2_control_msgs__rosidl_typesupport_c.dir/rosidl_typesupport_c/mocap4r2_control_msgs/msg/mocap_info__type_support.cpp.o\x1b[0m\n'}
[13.969126] (-) TimerEvent: {}
[14.069887] (-) TimerEvent: {}
[14.170655] (-) TimerEvent: {}
[14.212207] (mocap4r2_control_msgs) StdoutLine: {'line': b'[ 58%] \x1b[32m\x1b[1mLinking CXX shared library libmocap4r2_control_msgs__rosidl_typesupport_c.so\x1b[0m\n'}
[14.221422] (mocap4r2_msgs) StdoutLine: {'line': b'\x1b[35m\x1b[1mScanning dependencies of target mocap4r2_msgs__rosidl_typesupport_introspection_c\x1b[0m\n'}
[14.270993] (-) TimerEvent: {}
[14.339886] (mocap4r2_msgs) StdoutLine: {'line': b'[ 28%] \x1b[32mBuilding C object CMakeFiles/mocap4r2_msgs__rosidl_typesupport_introspection_c.dir/rosidl_typesupport_introspection_c/mocap4r2_msgs/msg/detail/marker__type_support.c.o\x1b[0m\n'}
[14.361561] (mocap4r2_marker_viz_srvs) StdoutLine: {'line': b'[ 56%] Built target mocap4r2_marker_viz_srvs__rosidl_typesupport_fastrtps_cpp\n'}
[14.370005] (mocap4r2_marker_viz_srvs) StdoutLine: {'line': b'[ 56%] Built target mocap4r2_marker_viz_srvs__rosidl_typesupport_introspection_cpp\n'}
[14.371095] (-) TimerEvent: {}
[14.443135] (mocap4r2_marker_viz_srvs) StdoutLine: {'line': b'[ 58%] \x1b[34m\x1b[1mGenerating C type support for eProsima Fast-RTPS\x1b[0m\n'}
[14.471275] (-) TimerEvent: {}
[14.527024] (mocap4r2_control_msgs) StdoutLine: {'line': b'[ 58%] Built target mocap4r2_control_msgs__rosidl_typesupport_c\n'}
[14.571468] (-) TimerEvent: {}
[14.604183] (mocap4r2_msgs) StdoutLine: {'line': b'[ 30%] \x1b[32mBuilding C object CMakeFiles/mocap4r2_msgs__rosidl_typesupport_introspection_c.dir/rosidl_typesupport_introspection_c/mocap4r2_msgs/msg/detail/markers__type_support.c.o\x1b[0m\n'}
[14.671705] (-) TimerEvent: {}
[14.725296] (mocap4r2_marker_viz_srvs) StdoutLine: {'line': b'\x1b[35m\x1b[1mScanning dependencies of target mocap4r2_marker_viz_srvs__rosidl_typesupport_c\x1b[0m\n'}
[14.756669] (mocap4r2_control_msgs) StdoutLine: {'line': b'[ 61%] \x1b[32m\x1b[1mLinking CXX shared library libmocap4r2_control_msgs__rosidl_typesupport_introspection_cpp.so\x1b[0m\n'}
[14.771892] (-) TimerEvent: {}
[14.787580] (mocap4r2_msgs) StdoutLine: {'line': b'[ 31%] \x1b[32mBuilding C object CMakeFiles/mocap4r2_msgs__rosidl_typesupport_introspection_c.dir/rosidl_typesupport_introspection_c/mocap4r2_msgs/msg/detail/imus_info__type_support.c.o\x1b[0m\n'}
[14.791887] (mocap4r2_msgs) StdoutLine: {'line': b'[ 33%] \x1b[32mBuilding CXX object CMakeFiles/mocap4r2_msgs__rosidl_typesupport_fastrtps_cpp.dir/rosidl_typesupport_fastrtps_cpp/mocap4r2_msgs/msg/detail/dds_fastrtps/markers__type_support.cpp.o\x1b[0m\n'}
[14.792427] (mocap4r2_marker_viz_srvs) StdoutLine: {'line': b'[ 61%] \x1b[32mBuilding CXX object CMakeFiles/mocap4r2_marker_viz_srvs__rosidl_typesupport_c.dir/rosidl_typesupport_c/mocap4r2_marker_viz_srvs/srv/set_marker_color__type_support.cpp.o\x1b[0m\n'}
[14.835101] (mocap4r2_marker_viz_srvs) StdoutLine: {'line': b'[ 64%] \x1b[32mBuilding CXX object CMakeFiles/mocap4r2_marker_viz_srvs__rosidl_typesupport_c.dir/rosidl_typesupport_c/mocap4r2_marker_viz_srvs/srv/reset_marker_color__type_support.cpp.o\x1b[0m\n'}
[14.872083] (-) TimerEvent: {}
[14.928791] (mocap4r2_robot_gt_msgs) StdoutLine: {'line': b'\x1b[35m\x1b[1mScanning dependencies of target mocap4r2_robot_gt_msgs__rosidl_typesupport_fastrtps_c\x1b[0m\n'}
[14.972287] (-) TimerEvent: {}
[14.992858] (mocap4r2_msgs) StdoutLine: {'line': b'[ 34%] \x1b[32mBuilding C object CMakeFiles/mocap4r2_msgs__rosidl_typesupport_introspection_c.dir/rosidl_typesupport_introspection_c/mocap4r2_msgs/msg/detail/rigid_body__type_support.c.o\x1b[0m\n'}
[15.003291] (mocap4r2_msgs) StdoutLine: {'line': b'[ 36%] \x1b[32mBuilding CXX object CMakeFiles/mocap4r2_msgs__rosidl_typesupport_cpp.dir/rosidl_typesupport_cpp/mocap4r2_msgs/msg/imus_info__type_support.cpp.o\x1b[0m\n'}
[15.042793] (mocap4r2_robot_gt_msgs) StdoutLine: {'line': b'[ 67%] \x1b[32mBuilding CXX object CMakeFiles/mocap4r2_robot_gt_msgs__rosidl_typesupport_fastrtps_c.dir/rosidl_typesupport_fastrtps_c/mocap4r2_robot_gt_msgs/srv/detail/set_gt_origin__type_support_c.cpp.o\x1b[0m\n'}
[15.056415] (mocap4r2_marker_viz_srvs) StdoutLine: {'line': b'[ 66%] \x1b[32m\x1b[1mLinking CXX shared library libmocap4r2_marker_viz_srvs__rosidl_typesupport_c.so\x1b[0m\n'}
[15.072533] (-) TimerEvent: {}
[15.173281] (-) TimerEvent: {}
[15.259763] (mocap4r2_msgs) StdoutLine: {'line': b'[ 38%] \x1b[32mBuilding C object CMakeFiles/mocap4r2_msgs__rosidl_typesupport_introspection_c.dir/rosidl_typesupport_introspection_c/mocap4r2_msgs/msg/detail/rigid_bodies__type_support.c.o\x1b[0m\n'}
[15.273457] (-) TimerEvent: {}
[15.275969] (mocap4r2_control_msgs) StdoutLine: {'line': b'[ 61%] Built target mocap4r2_control_msgs__rosidl_typesupport_introspection_cpp\n'}
[15.328074] (mocap4r2_marker_viz_srvs) StdoutLine: {'line': b'[ 66%] Built target mocap4r2_marker_viz_srvs__rosidl_typesupport_c\n'}
[15.373621] (-) TimerEvent: {}
[15.469565] (mocap4r2_msgs) StdoutLine: {'line': b'[ 39%] \x1b[32m\x1b[1mLinking C shared library libmocap4r2_msgs__rosidl_typesupport_introspection_c.so\x1b[0m\n'}
[15.473766] (-) TimerEvent: {}
[15.574934] (-) TimerEvent: {}
[15.659800] (mocap4r2_msgs) StdoutLine: {'line': b'[ 39%] Built target mocap4r2_msgs__rosidl_typesupport_introspection_c\n'}
[15.675137] (-) TimerEvent: {}
[15.683235] (mocap4r2_marker_viz_srvs) StdoutLine: {'line': b'\x1b[35m\x1b[1mScanning dependencies of target mocap4r2_marker_viz_srvs__rosidl_typesupport_fastrtps_c\x1b[0m\n'}
[15.701005] (mocap4r2_control_msgs) StdoutLine: {'line': b'[ 64%] \x1b[32m\x1b[1mLinking CXX shared library libmocap4r2_control_msgs__rosidl_typesupport_fastrtps_cpp.so\x1b[0m\n'}
[15.712010] (mocap4r2_msgs) StdoutLine: {'line': b'[ 41%] \x1b[34m\x1b[1mGenerating C type support dispatch for ROS interfaces\x1b[0m\n'}
[15.768881] (mocap4r2_marker_viz_srvs) StdoutLine: {'line': b'[ 69%] \x1b[32mBuilding CXX object CMakeFiles/mocap4r2_marker_viz_srvs__rosidl_typesupport_fastrtps_c.dir/rosidl_typesupport_fastrtps_c/mocap4r2_marker_viz_srvs/srv/detail/set_marker_color__type_support_c.cpp.o\x1b[0m\n'}
[15.775304] (-) TimerEvent: {}
[15.808316] (mocap4r2_marker_viz_srvs) StdoutLine: {'line': b'[ 71%] \x1b[32mBuilding CXX object CMakeFiles/mocap4r2_marker_viz_srvs__rosidl_typesupport_fastrtps_c.dir/rosidl_typesupport_fastrtps_c/mocap4r2_marker_viz_srvs/srv/detail/reset_marker_color__type_support_c.cpp.o\x1b[0m\n'}
[15.832113] (mocap4r2_msgs) StdoutLine: {'line': b'[ 42%] \x1b[32mBuilding CXX object CMakeFiles/mocap4r2_msgs__rosidl_typesupport_introspection_cpp.dir/rosidl_typesupport_introspection_cpp/mocap4r2_msgs/msg/detail/imus_info__type_support.cpp.o\x1b[0m\n'}
[15.875483] (-) TimerEvent: {}
[15.976648] (-) TimerEvent: {}
[16.077899] (-) TimerEvent: {}
[16.132776] (mocap4r2_control_msgs) StdoutLine: {'line': b'[ 64%] Built target mocap4r2_control_msgs__rosidl_typesupport_fastrtps_cpp\n'}
[16.178077] (-) TimerEvent: {}
[16.223902] (mocap4r2_control_msgs) StdoutLine: {'line': b'[ 66%] \x1b[34m\x1b[1mGenerating C type support for eProsima Fast-RTPS\x1b[0m\n'}
[16.278258] (-) TimerEvent: {}
[16.366718] (mocap4r2_msgs) StdoutLine: {'line': b'[ 44%] \x1b[32mBuilding CXX object CMakeFiles/mocap4r2_msgs__rosidl_typesupport_cpp.dir/rosidl_typesupport_cpp/mocap4r2_msgs/msg/rigid_body__type_support.cpp.o\x1b[0m\n'}
[16.378433] (-) TimerEvent: {}
[16.479652] (-) TimerEvent: {}
[16.580816] (-) TimerEvent: {}
[16.682066] (-) TimerEvent: {}
[16.711303] (mocap4r2_msgs) StdoutLine: {'line': b'[ 46%] \x1b[32mBuilding CXX object CMakeFiles/mocap4r2_msgs__rosidl_typesupport_fastrtps_cpp.dir/rosidl_typesupport_fastrtps_cpp/mocap4r2_msgs/msg/detail/dds_fastrtps/imus_info__type_support.cpp.o\x1b[0m\n'}
[16.782264] (-) TimerEvent: {}
[16.876746] (mocap4r2_robot_gt_msgs) StdoutLine: {'line': b'[ 70%] \x1b[32m\x1b[1mLinking CXX shared library libmocap4r2_robot_gt_msgs__rosidl_typesupport_fastrtps_c.so\x1b[0m\n'}
[16.882428] (-) TimerEvent: {}
[16.983141] (-) TimerEvent: {}
[17.084403] (-) TimerEvent: {}
[17.185752] (-) TimerEvent: {}
[17.226486] (mocap4r2_msgs) StdoutLine: {'line': b'\x1b[35m\x1b[1mScanning dependencies of target mocap4r2_msgs__rosidl_typesupport_c\x1b[0m\n'}
[17.285938] (-) TimerEvent: {}
[17.309771] (mocap4r2_robot_gt_msgs) StdoutLine: {'line': b'[ 70%] Built target mocap4r2_robot_gt_msgs__rosidl_typesupport_fastrtps_c\n'}
[17.327954] (mocap4r2_msgs) StdoutLine: {'line': b'[ 47%] \x1b[32mBuilding CXX object CMakeFiles/mocap4r2_msgs__rosidl_typesupport_c.dir/rosidl_typesupport_c/mocap4r2_msgs/msg/marker__type_support.cpp.o\x1b[0m\n'}
[17.349062] (mocap4r2_robot_gt_msgs) StdoutLine: {'line': b'\x1b[35m\x1b[1mScanning dependencies of target mocap4r2_robot_gt_msgs\x1b[0m\n'}
[17.382363] (mocap4r2_robot_gt_msgs) StdoutLine: {'line': b'[ 70%] Built target mocap4r2_robot_gt_msgs\n'}
[17.386109] (-) TimerEvent: {}
[17.410986] (mocap4r2_msgs) StdoutLine: {'line': b'[ 49%] \x1b[32mBuilding CXX object CMakeFiles/mocap4r2_msgs__rosidl_typesupport_introspection_cpp.dir/rosidl_typesupport_introspection_cpp/mocap4r2_msgs/msg/detail/rigid_body__type_support.cpp.o\x1b[0m\n'}
[17.419466] (mocap4r2_robot_gt_msgs) StdoutLine: {'line': b'\x1b[35m\x1b[1mScanning dependencies of target mocap4r2_robot_gt_msgs__py\x1b[0m\n'}
[17.486322] (-) TimerEvent: {}
[17.492929] (mocap4r2_robot_gt_msgs) StdoutLine: {'line': b'[ 74%] \x1b[34m\x1b[1mGenerating Python code for ROS interfaces\x1b[0m\n'}
[17.495891] (mocap4r2_msgs) StdoutLine: {'line': b'[ 50%] \x1b[32mBuilding CXX object CMakeFiles/mocap4r2_msgs__rosidl_typesupport_c.dir/rosidl_typesupport_c/mocap4r2_msgs/msg/markers__type_support.cpp.o\x1b[0m\n'}
[17.506483] (mocap4r2_marker_viz_srvs) StdoutLine: {'line': b'[ 74%] \x1b[32m\x1b[1mLinking CXX shared library libmocap4r2_marker_viz_srvs__rosidl_typesupport_fastrtps_c.so\x1b[0m\n'}
[17.516267] (mocap4r2_control_msgs) StdoutLine: {'line': b'\x1b[35m\x1b[1mScanning dependencies of target mocap4r2_control_msgs__rosidl_typesupport_fastrtps_c\x1b[0m\n'}
[17.586506] (-) TimerEvent: {}
[17.626698] (mocap4r2_control_msgs) StdoutLine: {'line': b'[ 69%] \x1b[32mBuilding CXX object CMakeFiles/mocap4r2_control_msgs__rosidl_typesupport_fastrtps_c.dir/rosidl_typesupport_fastrtps_c/mocap4r2_control_msgs/msg/detail/control__type_support_c.cpp.o\x1b[0m\n'}
[17.647740] (mocap4r2_control_msgs) StdoutLine: {'line': b'[ 71%] \x1b[32mBuilding CXX object CMakeFiles/mocap4r2_control_msgs__rosidl_typesupport_fastrtps_c.dir/rosidl_typesupport_fastrtps_c/mocap4r2_control_msgs/msg/detail/mocap_info__type_support_c.cpp.o\x1b[0m\n'}
[17.663026] (mocap4r2_msgs) StdoutLine: {'line': b'[ 52%] \x1b[32mBuilding CXX object CMakeFiles/mocap4r2_msgs__rosidl_typesupport_c.dir/rosidl_typesupport_c/mocap4r2_msgs/msg/imus_info__type_support.cpp.o\x1b[0m\n'}
[17.686692] (-) TimerEvent: {}
[17.787936] (-) TimerEvent: {}
[17.819535] (mocap4r2_msgs) StdoutLine: {'line': b'[ 53%] \x1b[32mBuilding CXX object CMakeFiles/mocap4r2_msgs__rosidl_typesupport_cpp.dir/rosidl_typesupport_cpp/mocap4r2_msgs/msg/rigid_bodies__type_support.cpp.o\x1b[0m\n'}
[17.848222] (mocap4r2_msgs) StdoutLine: {'line': b'[ 55%] \x1b[32mBuilding CXX object CMakeFiles/mocap4r2_msgs__rosidl_typesupport_c.dir/rosidl_typesupport_c/mocap4r2_msgs/msg/rigid_body__type_support.cpp.o\x1b[0m\n'}
[17.888135] (-) TimerEvent: {}
[17.900604] (mocap4r2_marker_viz_srvs) StdoutLine: {'line': b'[ 74%] Built target mocap4r2_marker_viz_srvs__rosidl_typesupport_fastrtps_c\n'}
[17.988352] (-) TimerEvent: {}
[17.996367] (mocap4r2_marker_viz_srvs) StdoutLine: {'line': b'\x1b[35m\x1b[1mScanning dependencies of target mocap4r2_marker_viz_srvs\x1b[0m\n'}
[18.052759] (mocap4r2_msgs) StdoutLine: {'line': b'[ 57%] \x1b[32mBuilding CXX object CMakeFiles/mocap4r2_msgs__rosidl_typesupport_c.dir/rosidl_typesupport_c/mocap4r2_msgs/msg/rigid_bodies__type_support.cpp.o\x1b[0m\n'}
[18.088546] (-) TimerEvent: {}
[18.091360] (mocap4r2_marker_viz_srvs) StdoutLine: {'line': b'[ 74%] Built target mocap4r2_marker_viz_srvs\n'}
[18.172518] (mocap4r2_marker_viz_srvs) StdoutLine: {'line': b'\x1b[35m\x1b[1mScanning dependencies of target mocap4r2_marker_viz_srvs__py\x1b[0m\n'}
[18.188737] (-) TimerEvent: {}
[18.243341] (mocap4r2_msgs) StdoutLine: {'line': b'[ 58%] \x1b[32m\x1b[1mLinking CXX shared library libmocap4r2_msgs__rosidl_typesupport_c.so\x1b[0m\n'}
[18.264401] (mocap4r2_marker_viz_srvs) StdoutLine: {'line': b'[ 76%] \x1b[34m\x1b[1mGenerating Python code for ROS interfaces\x1b[0m\n'}
[18.288935] (-) TimerEvent: {}
[18.390134] (-) TimerEvent: {}
[18.491411] (-) TimerEvent: {}
[18.506549] (mocap4r2_msgs) StdoutLine: {'line': b'[ 58%] Built target mocap4r2_msgs__rosidl_typesupport_c\n'}
[18.541804] (mocap4r2_msgs) StdoutLine: {'line': b'[ 60%] \x1b[32mBuilding CXX object CMakeFiles/mocap4r2_msgs__rosidl_typesupport_introspection_cpp.dir/rosidl_typesupport_introspection_cpp/mocap4r2_msgs/msg/detail/rigid_bodies__type_support.cpp.o\x1b[0m\n'}
[18.591586] (-) TimerEvent: {}
[18.692871] (-) TimerEvent: {}
[18.794049] (-) TimerEvent: {}
[18.895317] (-) TimerEvent: {}
[18.968331] (mocap4r2_msgs) StdoutLine: {'line': b'[ 61%] \x1b[32mBuilding CXX object CMakeFiles/mocap4r2_msgs__rosidl_typesupport_fastrtps_cpp.dir/rosidl_typesupport_fastrtps_cpp/mocap4r2_msgs/msg/detail/dds_fastrtps/rigid_body__type_support.cpp.o\x1b[0m\n'}
[18.995533] (-) TimerEvent: {}
[19.096867] (-) TimerEvent: {}
[19.124044] (mocap4r2_msgs) StdoutLine: {'line': b'[ 63%] \x1b[32m\x1b[1mLinking CXX shared library libmocap4r2_msgs__rosidl_typesupport_cpp.so\x1b[0m\n'}
[19.133104] (mocap4r2_msgs) StdoutLine: {'line': b'[ 65%] \x1b[32mBuilding CXX object CMakeFiles/mocap4r2_msgs__rosidl_typesupport_fastrtps_cpp.dir/rosidl_typesupport_fastrtps_cpp/mocap4r2_msgs/msg/detail/dds_fastrtps/rigid_bodies__type_support.cpp.o\x1b[0m\n'}
[19.197067] (-) TimerEvent: {}
[19.298190] (-) TimerEvent: {}
[19.358287] (mocap4r2_robot_gt_msgs) StdoutLine: {'line': b'[ 74%] Built target mocap4r2_robot_gt_msgs__py\n'}
[19.371848] (mocap4r2_msgs) StdoutLine: {'line': b'[ 65%] Built target mocap4r2_msgs__rosidl_typesupport_cpp\n'}
[19.397051] (mocap4r2_robot_gt_msgs) StdoutLine: {'line': b'\x1b[35m\x1b[1mScanning dependencies of target mocap4r2_robot_gt_msgs__python\x1b[0m\n'}
[19.398278] (-) TimerEvent: {}
[19.448871] (mocap4r2_control_msgs) StdoutLine: {'line': b'[ 74%] \x1b[32m\x1b[1mLinking CXX shared library libmocap4r2_control_msgs__rosidl_typesupport_fastrtps_c.so\x1b[0m\n'}
[19.462341] (mocap4r2_robot_gt_msgs) StdoutLine: {'line': b'[ 77%] \x1b[32mBuilding C object CMakeFiles/mocap4r2_robot_gt_msgs__python.dir/rosidl_generator_py/mocap4r2_robot_gt_msgs/srv/_set_gt_origin_s.c.o\x1b[0m\n'}
[19.498497] (-) TimerEvent: {}
[19.599696] (-) TimerEvent: {}
[19.701005] (-) TimerEvent: {}
[19.744237] (mocap4r2_robot_gt_msgs) StdoutLine: {'line': b'[ 80%] \x1b[32m\x1b[1mLinking C shared library rosidl_generator_py/mocap4r2_robot_gt_msgs/libmocap4r2_robot_gt_msgs__python.so\x1b[0m\n'}
[19.796230] (mocap4r2_control_msgs) StdoutLine: {'line': b'[ 74%] Built target mocap4r2_control_msgs__rosidl_typesupport_fastrtps_c\n'}
[19.801119] (-) TimerEvent: {}
[19.872883] (mocap4r2_control_msgs) StdoutLine: {'line': b'\x1b[35m\x1b[1mScanning dependencies of target mocap4r2_control_msgs\x1b[0m\n'}
[19.901303] (-) TimerEvent: {}
[19.962519] (mocap4r2_control_msgs) StdoutLine: {'line': b'[ 74%] Built target mocap4r2_control_msgs\n'}
[20.001871] (-) TimerEvent: {}
[20.005309] (mocap4r2_robot_gt_msgs) StdoutLine: {'line': b'[ 80%] Built target mocap4r2_robot_gt_msgs__python\n'}
[20.009012] (mocap4r2_msgs) StdoutLine: {'line': b'[ 66%] \x1b[32m\x1b[1mLinking CXX shared library libmocap4r2_msgs__rosidl_typesupport_introspection_cpp.so\x1b[0m\n'}
[20.033587] (mocap4r2_control_msgs) StdoutLine: {'line': b'\x1b[35m\x1b[1mScanning dependencies of target mocap4r2_control_msgs__py\x1b[0m\n'}
[20.080781] (mocap4r2_robot_gt_msgs) StdoutLine: {'line': b'\x1b[35m\x1b[1mScanning dependencies of target mocap4r2_robot_gt_msgs__rosidl_typesupport_c__pyext\x1b[0m\n'}
[20.095274] (mocap4r2_robot_gt_msgs) StdoutLine: {'line': b'\x1b[35m\x1b[1mScanning dependencies of target mocap4r2_robot_gt_msgs__rosidl_typesupport_fastrtps_c__pyext\x1b[0m\n'}
[20.096882] (mocap4r2_robot_gt_msgs) StdoutLine: {'line': b'\x1b[35m\x1b[1mScanning dependencies of target mocap4r2_robot_gt_msgs__rosidl_typesupport_introspection_c__pyext\x1b[0m\n'}
[20.102069] (-) TimerEvent: {}
[20.114577] (mocap4r2_control_msgs) StdoutLine: {'line': b'[ 76%] \x1b[34m\x1b[1mGenerating Python code for ROS interfaces\x1b[0m\n'}
[20.202240] (-) TimerEvent: {}
[20.206207] (mocap4r2_msgs) StdoutLine: {'line': b'[ 66%] Built target mocap4r2_msgs__rosidl_typesupport_introspection_cpp\n'}
[20.225248] (mocap4r2_robot_gt_msgs) StdoutLine: {'line': b'[ 83%] \x1b[32mBuilding C object CMakeFiles/mocap4r2_robot_gt_msgs__rosidl_typesupport_c__pyext.dir/rosidl_generator_py/mocap4r2_robot_gt_msgs/_mocap4r2_robot_gt_msgs_s.ep.rosidl_typesupport_c.c.o\x1b[0m\n'}
[20.230997] (mocap4r2_robot_gt_msgs) StdoutLine: {'line': b'[ 87%] \x1b[32mBuilding C object CMakeFiles/mocap4r2_robot_gt_msgs__rosidl_typesupport_introspection_c__pyext.dir/rosidl_generator_py/mocap4r2_robot_gt_msgs/_mocap4r2_robot_gt_msgs_s.ep.rosidl_typesupport_introspection_c.c.o\x1b[0m\n'}
[20.232914] (mocap4r2_robot_gt_msgs) StdoutLine: {'line': b'[ 90%] \x1b[32mBuilding C object CMakeFiles/mocap4r2_robot_gt_msgs__rosidl_typesupport_fastrtps_c__pyext.dir/rosidl_generator_py/mocap4r2_robot_gt_msgs/_mocap4r2_robot_gt_msgs_s.ep.rosidl_typesupport_fastrtps_c.c.o\x1b[0m\n'}
[20.302399] (-) TimerEvent: {}
[20.403563] (-) TimerEvent: {}
[20.504787] (-) TimerEvent: {}
[20.598796] (mocap4r2_robot_gt_msgs) StdoutLine: {'line': b'[ 93%] \x1b[32m\x1b[1mLinking C shared library rosidl_generator_py/mocap4r2_robot_gt_msgs/mocap4r2_robot_gt_msgs_s__rosidl_typesupport_c.cpython-38-aarch64-linux-gnu.so\x1b[0m\n'}
[20.604979] (-) TimerEvent: {}
[20.612698] (mocap4r2_robot_gt_msgs) StdoutLine: {'line': b'[ 96%] \x1b[32m\x1b[1mLinking CXX shared library rosidl_generator_py/mocap4r2_robot_gt_msgs/mocap4r2_robot_gt_msgs_s__rosidl_typesupport_fastrtps_c.cpython-38-aarch64-linux-gnu.so\x1b[0m\n'}
[20.631813] (mocap4r2_robot_gt_msgs) StdoutLine: {'line': b'[100%] \x1b[32m\x1b[1mLinking C shared library rosidl_generator_py/mocap4r2_robot_gt_msgs/mocap4r2_robot_gt_msgs_s__rosidl_typesupport_introspection_c.cpython-38-aarch64-linux-gnu.so\x1b[0m\n'}
[20.695796] (mocap4r2_marker_viz_srvs) StdoutLine: {'line': b'[ 76%] Built target mocap4r2_marker_viz_srvs__py\n'}
[20.705132] (-) TimerEvent: {}
[20.740964] (mocap4r2_marker_viz_srvs) StdoutLine: {'line': b'\x1b[35m\x1b[1mScanning dependencies of target mocap4r2_marker_viz_srvs__python\x1b[0m\n'}
[20.753351] (mocap4r2_robot_gt_msgs) StdoutLine: {'line': b'[100%] Built target mocap4r2_robot_gt_msgs__rosidl_typesupport_c__pyext\n'}
[20.805320] (-) TimerEvent: {}
[20.806554] (mocap4r2_marker_viz_srvs) StdoutLine: {'line': b'[ 79%] \x1b[32mBuilding C object CMakeFiles/mocap4r2_marker_viz_srvs__python.dir/rosidl_generator_py/mocap4r2_marker_viz_srvs/srv/_set_marker_color_s.c.o\x1b[0m\n'}
[20.807132] (mocap4r2_marker_viz_srvs) StdoutLine: {'line': b'[ 82%] \x1b[32mBuilding C object CMakeFiles/mocap4r2_marker_viz_srvs__python.dir/rosidl_generator_py/mocap4r2_marker_viz_srvs/srv/_reset_marker_color_s.c.o\x1b[0m\n'}
[20.839644] (mocap4r2_robot_gt_msgs) StdoutLine: {'line': b'[100%] Built target mocap4r2_robot_gt_msgs__rosidl_typesupport_introspection_c__pyext\n'}
[20.855971] (mocap4r2_msgs) StdoutLine: {'line': b'[ 68%] \x1b[32m\x1b[1mLinking CXX shared library libmocap4r2_msgs__rosidl_typesupport_fastrtps_cpp.so\x1b[0m\n'}
[20.891317] (mocap4r2_robot_gt_msgs) StdoutLine: {'line': b'[100%] Built target mocap4r2_robot_gt_msgs__rosidl_typesupport_fastrtps_c__pyext\n'}
[20.905467] (-) TimerEvent: {}
[20.942730] (mocap4r2_robot_gt_msgs) CommandEnded: {'returncode': 0}
[20.948632] (mocap4r2_robot_gt_msgs) JobProgress: {'identifier': 'mocap4r2_robot_gt_msgs', 'progress': 'install'}
[20.997948] (mocap4r2_robot_gt_msgs) Command: {'cmd': ['/usr/bin/cmake', '--install', '/home/airlab/seed25/ros_packages/mocap4r2_ws/build/mocap4r2_robot_gt_msgs'], 'cwd': '/home/airlab/seed25/ros_packages/mocap4r2_ws/build/mocap4r2_robot_gt_msgs', 'env': OrderedDict([('LESSOPEN', '| /usr/bin/lesspipe %s'), ('USER', 'airlab'), ('SSH_CLIENT', '192.168.0.184 49493 22'), ('XDG_SESSION_TYPE', 'tty'), ('SHLVL', '1'), ('LD_LIBRARY_PATH', '/home/airlab/seed25/ros_packages/mocap4r2_ws/install/mocap4r2_robot_gt_msgs/lib:/home/airlab/seed25/ros_packages/mocap4r2_ws/install/mocap4r2_msgs/lib:/home/airlab/seed25/ros_packages/mocap4r2_ws/install/mocap4r2_marker_viz_srvs/lib:/home/airlab/seed25/ros_packages/mocap4r2_ws/install/mocap4r2_control_msgs/lib:/usr/local/cuda-11.4/lib64:/usr/local/cuda-11.4/lib64:/opt/ros/foxy/opt/yaml_cpp_vendor/lib:/opt/ros/foxy/opt/rviz_ogre_vendor/lib:/opt/ros/foxy/lib/aarch64-linux-gnu:/opt/ros/foxy/lib:/usr/local/cuda-11.4/lib64:'), ('MOTD_SHOWN', 'pam'), ('HOME', '/home/airlab'), ('OLDPWD', '/home/airlab/seed25/ros_packages/mocap4r2_ws/src'), ('SSH_TTY', '/dev/pts/1'), ('JETSON_L4T', '35.6.1'), ('ROS_PYTHON_VERSION', '3'), ('JETSON_MODEL', 'NVIDIA Orin NX Developer Kit'), ('DBUS_SESSION_BUS_ADDRESS', 'unix:path=/run/user/1000/bus'), ('COLCON_PREFIX_PATH', '/home/airlab/seed25/ros_packages/mocap4r2_ws/install'), ('ROS_DISTRO', 'foxy'), ('LOGNAME', 'airlab'), ('JETSON_MODULE', 'NVIDIA Jetson Orin NX (16GB ram)'), ('JETSON_SERIAL_NUMBER', '1425023203559'), ('_', '/usr/bin/colcon'), ('ROS_VERSION', '2'), ('JETSON_CODENAME', 'P3768'), ('XDG_SESSION_CLASS', 'user'), ('TERM', 'xterm'), ('XDG_SESSION_ID', '8'), ('ROS_LOCALHOST_ONLY', '0'), ('PATH', '/usr/local/cuda-11.4/bin:/usr/local/cuda-11.4/bin:/home/airlab/.local/bin:/opt/ros/foxy/bin:/usr/local/cuda-11.4/bin:/usr/local/sbin:/usr/local/bin:/usr/sbin:/usr/bin:/sbin:/bin:/usr/games:/usr/local/games:/snap/bin'), ('XDG_RUNTIME_DIR', '/run/user/1000'), ('DISPLAY', 'localhost:11.0'), ('LANG', 'en_US.UTF-8'), ('LS_COLORS', 'rs=0:di=01;34:ln=01;36:mh=00:pi=40;33:so=01;35:do=01;35:bd=40;33;01:cd=40;33;01:or=40;31;01:mi=00:su=37;41:sg=30;43:ca=30;41:tw=30;42:ow=34;42:st=37;44:ex=01;32:*.tar=01;31:*.tgz=01;31:*.arc=01;31:*.arj=01;31:*.taz=01;31:*.lha=01;31:*.lz4=01;31:*.lzh=01;31:*.lzma=01;31:*.tlz=01;31:*.txz=01;31:*.tzo=01;31:*.t7z=01;31:*.zip=01;31:*.z=01;31:*.dz=01;31:*.gz=01;31:*.lrz=01;31:*.lz=01;31:*.lzo=01;31:*.xz=01;31:*.zst=01;31:*.tzst=01;31:*.bz2=01;31:*.bz=01;31:*.tbz=01;31:*.tbz2=01;31:*.tz=01;31:*.deb=01;31:*.rpm=01;31:*.jar=01;31:*.war=01;31:*.ear=01;31:*.sar=01;31:*.rar=01;31:*.alz=01;31:*.ace=01;31:*.zoo=01;31:*.cpio=01;31:*.7z=01;31:*.rz=01;31:*.cab=01;31:*.wim=01;31:*.swm=01;31:*.dwm=01;31:*.esd=01;31:*.jpg=01;35:*.jpeg=01;35:*.mjpg=01;35:*.mjpeg=01;35:*.gif=01;35:*.bmp=01;35:*.pbm=01;35:*.pgm=01;35:*.ppm=01;35:*.tga=01;35:*.xbm=01;35:*.xpm=01;35:*.tif=01;35:*.tiff=01;35:*.png=01;35:*.svg=01;35:*.svgz=01;35:*.mng=01;35:*.pcx=01;35:*.mov=01;35:*.mpg=01;35:*.mpeg=01;35:*.m2v=01;35:*.mkv=01;35:*.webm=01;35:*.ogm=01;35:*.mp4=01;35:*.m4v=01;35:*.mp4v=01;35:*.vob=01;35:*.qt=01;35:*.nuv=01;35:*.wmv=01;35:*.asf=01;35:*.rm=01;35:*.rmvb=01;35:*.flc=01;35:*.avi=01;35:*.fli=01;35:*.flv=01;35:*.gl=01;35:*.dl=01;35:*.xcf=01;35:*.xwd=01;35:*.yuv=01;35:*.cgm=01;35:*.emf=01;35:*.ogv=01;35:*.ogx=01;35:*.aac=00;36:*.au=00;36:*.flac=00;36:*.m4a=00;36:*.mid=00;36:*.midi=00;36:*.mka=00;36:*.mp3=00;36:*.mpc=00;36:*.ogg=00;36:*.ra=00;36:*.wav=00;36:*.oga=00;36:*.opus=00;36:*.spx=00;36:*.xspf=00;36:'), ('JETSON_SOC', 'tegra23x'), ('ROS_DOMAIN_ID', '3'), ('AMENT_PREFIX_PATH', '/home/airlab/seed25/ros_packages/mocap4r2_ws/install/mocap4r2cli:/home/airlab/seed25/ros_packages/mocap4r2_ws/install/mocap4r2_robot_gt_msgs:/home/airlab/seed25/ros_packages/mocap4r2_ws/install/mocap4r2_marker_viz:/home/airlab/seed25/ros_packages/mocap4r2_ws/install/mocap4r2_marker_publisher:/home/airlab/seed25/ros_packages/mocap4r2_ws/install/mocap4r2_msgs:/home/airlab/seed25/ros_packages/mocap4r2_ws/install/mocap4r2_marker_viz_srvs:/home/airlab/seed25/ros_packages/mocap4r2_ws/install/mocap4r2_control_msgs:/opt/ros/foxy'), ('SHELL', '/bin/bash'), ('LESSCLOSE', '/usr/bin/lesspipe %s %s'), ('JETSON_CUDA_ARCH_BIN', '8.7'), ('PWD', '/home/airlab/seed25/ros_packages/mocap4r2_ws/build/mocap4r2_robot_gt_msgs'), ('LC_ALL', 'en_US.UTF-8'), ('SSH_CONNECTION', '192.168.0.184 49493 192.168.0.136 22'), ('XDG_DATA_DIRS', '/usr/local/share:/usr/share:/var/lib/snapd/desktop'), ('PYTHONPATH', '/home/airlab/seed25/ros_packages/mocap4r2_ws/install/mocap4r2cli/lib/python3.8/site-packages:/home/airlab/seed25/ros_packages/mocap4r2_ws/install/mocap4r2_robot_gt_msgs/lib/python3.8/site-packages:/home/airlab/seed25/ros_packages/mocap4r2_ws/install/mocap4r2_msgs/lib/python3.8/site-packages:/home/airlab/seed25/ros_packages/mocap4r2_ws/install/mocap4r2_marker_viz_srvs/lib/python3.8/site-packages:/home/airlab/seed25/ros_packages/mocap4r2_ws/install/mocap4r2_control_msgs/lib/python3.8/site-packages:/opt/ros/foxy/lib/python3.8/site-packages'), ('COLCON', '1'), ('JETSON_JETPACK', '5.1.5'), ('CMAKE_PREFIX_PATH', '/home/airlab/seed25/ros_packages/mocap4r2_ws/install/mocap4r2_robot_gt_msgs:/home/airlab/seed25/ros_packages/mocap4r2_ws/install/mocap4r2_marker_viz:/home/airlab/seed25/ros_packages/mocap4r2_ws/install/mocap4r2_marker_publisher:/home/airlab/seed25/ros_packages/mocap4r2_ws/install/mocap4r2_msgs:/home/airlab/seed25/ros_packages/mocap4r2_ws/install/mocap4r2_marker_viz_srvs:/home/airlab/seed25/ros_packages/mocap4r2_ws/install/mocap4r2_control_msgs:/home/airlab/seed25/ros_packages/mocap4r2_ws/install/mocap4r2cli:/opt/ros/foxy'), ('JETSON_P_NUMBER', 'p3767-0000')]), 'shell': False}
[21.005682] (-) TimerEvent: {}
[21.045491] (mocap4r2_robot_gt_msgs) StdoutLine: {'line': b'-- Install configuration: ""\n'}
[21.046160] (mocap4r2_robot_gt_msgs) StdoutLine: {'line': b'-- Installing: /home/airlab/seed25/ros_packages/mocap4r2_ws/install/mocap4r2_robot_gt_msgs/share/ament_index/resource_index/rosidl_interfaces/mocap4r2_robot_gt_msgs\n'}
[21.046503] (mocap4r2_robot_gt_msgs) StdoutLine: {'line': b'-- Installing: /home/airlab/seed25/ros_packages/mocap4r2_ws/install/mocap4r2_robot_gt_msgs/include/mocap4r2_robot_gt_msgs\n'}
[21.046692] (mocap4r2_robot_gt_msgs) StdoutLine: {'line': b'-- Installing: /home/airlab/seed25/ros_packages/mocap4r2_ws/install/mocap4r2_robot_gt_msgs/include/mocap4r2_robot_gt_msgs/msg\n'}
[21.053994] (mocap4r2_robot_gt_msgs) StdoutLine: {'line': b'-- Installing: /home/airlab/seed25/ros_packages/mocap4r2_ws/install/mocap4r2_robot_gt_msgs/include/mocap4r2_robot_gt_msgs/msg/rosidl_generator_c__visibility_control.h\n'}
[21.054594] (mocap4r2_robot_gt_msgs) StdoutLine: {'line': b'-- Installing: /home/airlab/seed25/ros_packages/mocap4r2_ws/install/mocap4r2_robot_gt_msgs/include/mocap4r2_robot_gt_msgs/srv\n'}
[21.054806] (mocap4r2_robot_gt_msgs) StdoutLine: {'line': b'-- Installing: /home/airlab/seed25/ros_packages/mocap4r2_ws/install/mocap4r2_robot_gt_msgs/include/mocap4r2_robot_gt_msgs/srv/detail\n'}
[21.054978] (mocap4r2_robot_gt_msgs) StdoutLine: {'line': b'-- Installing: /home/airlab/seed25/ros_packages/mocap4r2_ws/install/mocap4r2_robot_gt_msgs/include/mocap4r2_robot_gt_msgs/srv/detail/set_gt_origin__type_support.h\n'}
[21.055231] (mocap4r2_robot_gt_msgs) StdoutLine: {'line': b'-- Installing: /home/airlab/seed25/ros_packages/mocap4r2_ws/install/mocap4r2_robot_gt_msgs/include/mocap4r2_robot_gt_msgs/srv/detail/set_gt_origin__functions.h\n'}
[21.062062] (mocap4r2_robot_gt_msgs) StdoutLine: {'line': b'-- Installing: /home/airlab/seed25/ros_packages/mocap4r2_ws/install/mocap4r2_robot_gt_msgs/include/mocap4r2_robot_gt_msgs/srv/detail/set_gt_origin__struct.h\n'}
[21.063094] (mocap4r2_robot_gt_msgs) StdoutLine: {'line': b'-- Installing: /home/airlab/seed25/ros_packages/mocap4r2_ws/install/mocap4r2_robot_gt_msgs/include/mocap4r2_robot_gt_msgs/srv/detail/set_gt_origin__functions.c\n'}
[21.063944] (mocap4r2_robot_gt_msgs) StdoutLine: {'line': b'-- Installing: /home/airlab/seed25/ros_packages/mocap4r2_ws/install/mocap4r2_robot_gt_msgs/include/mocap4r2_robot_gt_msgs/srv/set_gt_origin.h\n'}
[21.065151] (mocap4r2_robot_gt_msgs) StdoutLine: {'line': b'-- Installing: /home/airlab/seed25/ros_packages/mocap4r2_ws/install/mocap4r2_robot_gt_msgs/share/mocap4r2_robot_gt_msgs/environment/library_path.sh\n'}
[21.066168] (mocap4r2_robot_gt_msgs) StdoutLine: {'line': b'-- Installing: /home/airlab/seed25/ros_packages/mocap4r2_ws/install/mocap4r2_robot_gt_msgs/share/mocap4r2_robot_gt_msgs/environment/library_path.dsv\n'}
[21.067659] (mocap4r2_robot_gt_msgs) StdoutLine: {'line': b'-- Installing: /home/airlab/seed25/ros_packages/mocap4r2_ws/install/mocap4r2_robot_gt_msgs/lib/libmocap4r2_robot_gt_msgs__rosidl_generator_c.so\n'}
[21.069103] (mocap4r2_robot_gt_msgs) StdoutLine: {'line': b'-- Set runtime path of "/home/airlab/seed25/ros_packages/mocap4r2_ws/install/mocap4r2_robot_gt_msgs/lib/libmocap4r2_robot_gt_msgs__rosidl_generator_c.so" to ""\n'}
[21.069722] (mocap4r2_robot_gt_msgs) StdoutLine: {'line': b'-- Up-to-date: /home/airlab/seed25/ros_packages/mocap4r2_ws/install/mocap4r2_robot_gt_msgs/include/mocap4r2_robot_gt_msgs\n'}
[21.070183] (mocap4r2_robot_gt_msgs) StdoutLine: {'line': b'-- Up-to-date: /home/airlab/seed25/ros_packages/mocap4r2_ws/install/mocap4r2_robot_gt_msgs/include/mocap4r2_robot_gt_msgs/msg\n'}
[21.070633] (mocap4r2_robot_gt_msgs) StdoutLine: {'line': b'-- Installing: /home/airlab/seed25/ros_packages/mocap4r2_ws/install/mocap4r2_robot_gt_msgs/include/mocap4r2_robot_gt_msgs/msg/rosidl_typesupport_fastrtps_c__visibility_control.h\n'}
[21.071255] (mocap4r2_robot_gt_msgs) StdoutLine: {'line': b'-- Up-to-date: /home/airlab/seed25/ros_packages/mocap4r2_ws/install/mocap4r2_robot_gt_msgs/include/mocap4r2_robot_gt_msgs/srv\n'}
[21.071714] (mocap4r2_robot_gt_msgs) StdoutLine: {'line': b'-- Up-to-date: /home/airlab/seed25/ros_packages/mocap4r2_ws/install/mocap4r2_robot_gt_msgs/include/mocap4r2_robot_gt_msgs/srv/detail\n'}
[21.072160] (mocap4r2_robot_gt_msgs) StdoutLine: {'line': b'-- Installing: /home/airlab/seed25/ros_packages/mocap4r2_ws/install/mocap4r2_robot_gt_msgs/include/mocap4r2_robot_gt_msgs/srv/detail/set_gt_origin__rosidl_typesupport_fastrtps_c.h\n'}
[21.073154] (mocap4r2_robot_gt_msgs) StdoutLine: {'line': b'-- Installing: /home/airlab/seed25/ros_packages/mocap4r2_ws/install/mocap4r2_robot_gt_msgs/lib/libmocap4r2_robot_gt_msgs__rosidl_typesupport_fastrtps_c.so\n'}
[21.074434] (mocap4r2_robot_gt_msgs) StdoutLine: {'line': b'-- Set runtime path of "/home/airlab/seed25/ros_packages/mocap4r2_ws/install/mocap4r2_robot_gt_msgs/lib/libmocap4r2_robot_gt_msgs__rosidl_typesupport_fastrtps_c.so" to ""\n'}
[21.075069] (mocap4r2_robot_gt_msgs) StdoutLine: {'line': b'-- Up-to-date: /home/airlab/seed25/ros_packages/mocap4r2_ws/install/mocap4r2_robot_gt_msgs/include/mocap4r2_robot_gt_msgs\n'}
[21.075580] (mocap4r2_robot_gt_msgs) StdoutLine: {'line': b'-- Up-to-date: /home/airlab/seed25/ros_packages/mocap4r2_ws/install/mocap4r2_robot_gt_msgs/include/mocap4r2_robot_gt_msgs/msg\n'}
[21.076135] (mocap4r2_robot_gt_msgs) StdoutLine: {'line': b'-- Installing: /home/airlab/seed25/ros_packages/mocap4r2_ws/install/mocap4r2_robot_gt_msgs/include/mocap4r2_robot_gt_msgs/msg/rosidl_typesupport_fastrtps_cpp__visibility_control.h\n'}
[21.076933] (mocap4r2_robot_gt_msgs) StdoutLine: {'line': b'-- Up-to-date: /home/airlab/seed25/ros_packages/mocap4r2_ws/install/mocap4r2_robot_gt_msgs/include/mocap4r2_robot_gt_msgs/srv\n'}
[21.077523] (mocap4r2_robot_gt_msgs) StdoutLine: {'line': b'-- Up-to-date: /home/airlab/seed25/ros_packages/mocap4r2_ws/install/mocap4r2_robot_gt_msgs/include/mocap4r2_robot_gt_msgs/srv/detail\n'}
[21.078058] (mocap4r2_robot_gt_msgs) StdoutLine: {'line': b'-- Installing: /home/airlab/seed25/ros_packages/mocap4r2_ws/install/mocap4r2_robot_gt_msgs/include/mocap4r2_robot_gt_msgs/srv/detail/set_gt_origin__rosidl_typesupport_fastrtps_cpp.hpp\n'}
[21.078838] (mocap4r2_robot_gt_msgs) StdoutLine: {'line': b'-- Installing: /home/airlab/seed25/ros_packages/mocap4r2_ws/install/mocap4r2_robot_gt_msgs/include/mocap4r2_robot_gt_msgs/srv/detail/dds_fastrtps\n'}
[21.079853] (mocap4r2_robot_gt_msgs) StdoutLine: {'line': b'-- Installing: /home/airlab/seed25/ros_packages/mocap4r2_ws/install/mocap4r2_robot_gt_msgs/lib/libmocap4r2_robot_gt_msgs__rosidl_typesupport_fastrtps_cpp.so\n'}
[21.081218] (mocap4r2_robot_gt_msgs) StdoutLine: {'line': b'-- Set runtime path of "/home/airlab/seed25/ros_packages/mocap4r2_ws/install/mocap4r2_robot_gt_msgs/lib/libmocap4r2_robot_gt_msgs__rosidl_typesupport_fastrtps_cpp.so" to ""\n'}
[21.081807] (mocap4r2_robot_gt_msgs) StdoutLine: {'line': b'-- Up-to-date: /home/airlab/seed25/ros_packages/mocap4r2_ws/install/mocap4r2_robot_gt_msgs/include/mocap4r2_robot_gt_msgs\n'}
[21.082258] (mocap4r2_robot_gt_msgs) StdoutLine: {'line': b'-- Up-to-date: /home/airlab/seed25/ros_packages/mocap4r2_ws/install/mocap4r2_robot_gt_msgs/include/mocap4r2_robot_gt_msgs/msg\n'}
[21.082719] (mocap4r2_robot_gt_msgs) StdoutLine: {'line': b'-- Installing: /home/airlab/seed25/ros_packages/mocap4r2_ws/install/mocap4r2_robot_gt_msgs/include/mocap4r2_robot_gt_msgs/msg/rosidl_typesupport_introspection_c__visibility_control.h\n'}
[21.083368] (mocap4r2_robot_gt_msgs) StdoutLine: {'line': b'-- Up-to-date: /home/airlab/seed25/ros_packages/mocap4r2_ws/install/mocap4r2_robot_gt_msgs/include/mocap4r2_robot_gt_msgs/srv\n'}
[21.083804] (mocap4r2_robot_gt_msgs) StdoutLine: {'line': b'-- Up-to-date: /home/airlab/seed25/ros_packages/mocap4r2_ws/install/mocap4r2_robot_gt_msgs/include/mocap4r2_robot_gt_msgs/srv/detail\n'}
[21.084243] (mocap4r2_robot_gt_msgs) StdoutLine: {'line': b'-- Installing: /home/airlab/seed25/ros_packages/mocap4r2_ws/install/mocap4r2_robot_gt_msgs/include/mocap4r2_robot_gt_msgs/srv/detail/set_gt_origin__rosidl_typesupport_introspection_c.h\n'}
[21.084901] (mocap4r2_robot_gt_msgs) StdoutLine: {'line': b'-- Installing: /home/airlab/seed25/ros_packages/mocap4r2_ws/install/mocap4r2_robot_gt_msgs/include/mocap4r2_robot_gt_msgs/srv/detail/set_gt_origin__type_support.c\n'}
[21.085916] (mocap4r2_robot_gt_msgs) StdoutLine: {'line': b'-- Installing: /home/airlab/seed25/ros_packages/mocap4r2_ws/install/mocap4r2_robot_gt_msgs/lib/libmocap4r2_robot_gt_msgs__rosidl_typesupport_introspection_c.so\n'}
[21.087186] (mocap4r2_robot_gt_msgs) StdoutLine: {'line': b'-- Set runtime path of "/home/airlab/seed25/ros_packages/mocap4r2_ws/install/mocap4r2_robot_gt_msgs/lib/libmocap4r2_robot_gt_msgs__rosidl_typesupport_introspection_c.so" to ""\n'}
[21.087913] (mocap4r2_robot_gt_msgs) StdoutLine: {'line': b'-- Installing: /home/airlab/seed25/ros_packages/mocap4r2_ws/install/mocap4r2_robot_gt_msgs/lib/libmocap4r2_robot_gt_msgs__rosidl_typesupport_c.so\n'}
[21.088249] (mocap4r2_marker_viz_srvs) StdoutLine: {'line': b'[ 84%] \x1b[32m\x1b[1mLinking C shared library rosidl_generator_py/mocap4r2_marker_viz_srvs/libmocap4r2_marker_viz_srvs__python.so\x1b[0m\n'}
[21.089388] (mocap4r2_robot_gt_msgs) StdoutLine: {'line': b'-- Set runtime path of "/home/airlab/seed25/ros_packages/mocap4r2_ws/install/mocap4r2_robot_gt_msgs/lib/libmocap4r2_robot_gt_msgs__rosidl_typesupport_c.so" to ""\n'}
[21.089932] (mocap4r2_robot_gt_msgs) StdoutLine: {'line': b'-- Up-to-date: /home/airlab/seed25/ros_packages/mocap4r2_ws/install/mocap4r2_robot_gt_msgs/include/mocap4r2_robot_gt_msgs\n'}
[21.090381] (mocap4r2_robot_gt_msgs) StdoutLine: {'line': b'-- Up-to-date: /home/airlab/seed25/ros_packages/mocap4r2_ws/install/mocap4r2_robot_gt_msgs/include/mocap4r2_robot_gt_msgs/msg\n'}
[21.090813] (mocap4r2_robot_gt_msgs) StdoutLine: {'line': b'-- Installing: /home/airlab/seed25/ros_packages/mocap4r2_ws/install/mocap4r2_robot_gt_msgs/include/mocap4r2_robot_gt_msgs/msg/rosidl_generator_cpp__visibility_control.hpp\n'}
[21.091412] (mocap4r2_robot_gt_msgs) StdoutLine: {'line': b'-- Up-to-date: /home/airlab/seed25/ros_packages/mocap4r2_ws/install/mocap4r2_robot_gt_msgs/include/mocap4r2_robot_gt_msgs/srv\n'}
[21.091861] (mocap4r2_robot_gt_msgs) StdoutLine: {'line': b'-- Installing: /home/airlab/seed25/ros_packages/mocap4r2_ws/install/mocap4r2_robot_gt_msgs/include/mocap4r2_robot_gt_msgs/srv/set_gt_origin.hpp\n'}
[21.092461] (mocap4r2_robot_gt_msgs) StdoutLine: {'line': b'-- Up-to-date: /home/airlab/seed25/ros_packages/mocap4r2_ws/install/mocap4r2_robot_gt_msgs/include/mocap4r2_robot_gt_msgs/srv/detail\n'}
[21.092906] (mocap4r2_robot_gt_msgs) StdoutLine: {'line': b'-- Installing: /home/airlab/seed25/ros_packages/mocap4r2_ws/install/mocap4r2_robot_gt_msgs/include/mocap4r2_robot_gt_msgs/srv/detail/set_gt_origin__type_support.hpp\n'}
[21.093676] (mocap4r2_robot_gt_msgs) StdoutLine: {'line': b'-- Installing: /home/airlab/seed25/ros_packages/mocap4r2_ws/install/mocap4r2_robot_gt_msgs/include/mocap4r2_robot_gt_msgs/srv/detail/set_gt_origin__struct.hpp\n'}
[21.094326] (mocap4r2_robot_gt_msgs) StdoutLine: {'line': b'-- Installing: /home/airlab/seed25/ros_packages/mocap4r2_ws/install/mocap4r2_robot_gt_msgs/include/mocap4r2_robot_gt_msgs/srv/detail/set_gt_origin__traits.hpp\n'}
[21.095000] (mocap4r2_robot_gt_msgs) StdoutLine: {'line': b'-- Installing: /home/airlab/seed25/ros_packages/mocap4r2_ws/install/mocap4r2_robot_gt_msgs/include/mocap4r2_robot_gt_msgs/srv/detail/set_gt_origin__builder.hpp\n'}
[21.095767] (mocap4r2_robot_gt_msgs) StdoutLine: {'line': b'-- Up-to-date: /home/airlab/seed25/ros_packages/mocap4r2_ws/install/mocap4r2_robot_gt_msgs/include/mocap4r2_robot_gt_msgs\n'}
[21.096242] (mocap4r2_robot_gt_msgs) StdoutLine: {'line': b'-- Up-to-date: /home/airlab/seed25/ros_packages/mocap4r2_ws/install/mocap4r2_robot_gt_msgs/include/mocap4r2_robot_gt_msgs/srv\n'}
[21.096687] (mocap4r2_robot_gt_msgs) StdoutLine: {'line': b'-- Up-to-date: /home/airlab/seed25/ros_packages/mocap4r2_ws/install/mocap4r2_robot_gt_msgs/include/mocap4r2_robot_gt_msgs/srv/detail\n'}
[21.097145] (mocap4r2_robot_gt_msgs) StdoutLine: {'line': b'-- Installing: /home/airlab/seed25/ros_packages/mocap4r2_ws/install/mocap4r2_robot_gt_msgs/include/mocap4r2_robot_gt_msgs/srv/detail/set_gt_origin__rosidl_typesupport_introspection_cpp.hpp\n'}
[21.097816] (mocap4r2_robot_gt_msgs) StdoutLine: {'line': b'-- Installing: /home/airlab/seed25/ros_packages/mocap4r2_ws/install/mocap4r2_robot_gt_msgs/include/mocap4r2_robot_gt_msgs/srv/detail/set_gt_origin__type_support.cpp\n'}
[21.098742] (mocap4r2_robot_gt_msgs) StdoutLine: {'line': b'-- Installing: /home/airlab/seed25/ros_packages/mocap4r2_ws/install/mocap4r2_robot_gt_msgs/lib/libmocap4r2_robot_gt_msgs__rosidl_typesupport_introspection_cpp.so\n'}
[21.099990] (mocap4r2_robot_gt_msgs) StdoutLine: {'line': b'-- Set runtime path of "/home/airlab/seed25/ros_packages/mocap4r2_ws/install/mocap4r2_robot_gt_msgs/lib/libmocap4r2_robot_gt_msgs__rosidl_typesupport_introspection_cpp.so" to ""\n'}
[21.100674] (mocap4r2_robot_gt_msgs) StdoutLine: {'line': b'-- Installing: /home/airlab/seed25/ros_packages/mocap4r2_ws/install/mocap4r2_robot_gt_msgs/lib/libmocap4r2_robot_gt_msgs__rosidl_typesupport_cpp.so\n'}
[21.101907] (mocap4r2_robot_gt_msgs) StdoutLine: {'line': b'-- Set runtime path of "/home/airlab/seed25/ros_packages/mocap4r2_ws/install/mocap4r2_robot_gt_msgs/lib/libmocap4r2_robot_gt_msgs__rosidl_typesupport_cpp.so" to ""\n'}
[21.102511] (mocap4r2_robot_gt_msgs) StdoutLine: {'line': b'-- Installing: /home/airlab/seed25/ros_packages/mocap4r2_ws/install/mocap4r2_robot_gt_msgs/share/mocap4r2_robot_gt_msgs/environment/pythonpath.sh\n'}
[21.103283] (mocap4r2_robot_gt_msgs) StdoutLine: {'line': b'-- Installing: /home/airlab/seed25/ros_packages/mocap4r2_ws/install/mocap4r2_robot_gt_msgs/share/mocap4r2_robot_gt_msgs/environment/pythonpath.dsv\n'}
[21.104264] (mocap4r2_robot_gt_msgs) StdoutLine: {'line': b'-- Installing: /home/airlab/seed25/ros_packages/mocap4r2_ws/install/mocap4r2_robot_gt_msgs/lib/python3.8/site-packages/mocap4r2_robot_gt_msgs/__init__.py\n'}
[21.105768] (-) TimerEvent: {}
[21.168862] (mocap4r2_msgs) StdoutLine: {'line': b'[ 68%] Built target mocap4r2_msgs__rosidl_typesupport_fastrtps_cpp\n'}
[21.178477] (mocap4r2_robot_gt_msgs) StdoutLine: {'line': b"Compiling '/home/airlab/seed25/ros_packages/mocap4r2_ws/install/mocap4r2_robot_gt_msgs/lib/python3.8/site-packages/mocap4r2_robot_gt_msgs/__init__.py'...\n"}
[21.183266] (mocap4r2_marker_viz_srvs) StdoutLine: {'line': b'[ 84%] Built target mocap4r2_marker_viz_srvs__python\n'}
[21.192519] (mocap4r2_robot_gt_msgs) StdoutLine: {'line': b'-- Installing: /home/airlab/seed25/ros_packages/mocap4r2_ws/install/mocap4r2_robot_gt_msgs/lib/python3.8/site-packages/mocap4r2_robot_gt_msgs/srv\n'}
[21.193544] (mocap4r2_robot_gt_msgs) StdoutLine: {'line': b'-- Installing: /home/airlab/seed25/ros_packages/mocap4r2_ws/install/mocap4r2_robot_gt_msgs/lib/python3.8/site-packages/mocap4r2_robot_gt_msgs/srv/_set_gt_origin_s.c\n'}
[21.194398] (mocap4r2_robot_gt_msgs) StdoutLine: {'line': b'-- Installing: /home/airlab/seed25/ros_packages/mocap4r2_ws/install/mocap4r2_robot_gt_msgs/lib/python3.8/site-packages/mocap4r2_robot_gt_msgs/srv/_set_gt_origin.py\n'}
[21.194777] (mocap4r2_msgs) StdoutLine: {'line': b'[ 69%] \x1b[34m\x1b[1mGenerating C type support for eProsima Fast-RTPS\x1b[0m\n'}
[21.195475] (mocap4r2_robot_gt_msgs) StdoutLine: {'line': b'-- Installing: /home/airlab/seed25/ros_packages/mocap4r2_ws/install/mocap4r2_robot_gt_msgs/lib/python3.8/site-packages/mocap4r2_robot_gt_msgs/srv/__init__.py\n'}
[21.196760] (mocap4r2_robot_gt_msgs) StdoutLine: {'line': b'-- Installing: /home/airlab/seed25/ros_packages/mocap4r2_ws/install/mocap4r2_robot_gt_msgs/lib/python3.8/site-packages/mocap4r2_robot_gt_msgs/mocap4r2_robot_gt_msgs_s__rosidl_typesupport_fastrtps_c.cpython-38-aarch64-linux-gnu.so\n'}
[21.198512] (mocap4r2_robot_gt_msgs) StdoutLine: {'line': b'-- Set runtime path of "/home/airlab/seed25/ros_packages/mocap4r2_ws/install/mocap4r2_robot_gt_msgs/lib/python3.8/site-packages/mocap4r2_robot_gt_msgs/mocap4r2_robot_gt_msgs_s__rosidl_typesupport_fastrtps_c.cpython-38-aarch64-linux-gnu.so" to ""\n'}
[21.199549] (mocap4r2_robot_gt_msgs) StdoutLine: {'line': b'-- Installing: /home/airlab/seed25/ros_packages/mocap4r2_ws/install/mocap4r2_robot_gt_msgs/lib/python3.8/site-packages/mocap4r2_robot_gt_msgs/mocap4r2_robot_gt_msgs_s__rosidl_typesupport_introspection_c.cpython-38-aarch64-linux-gnu.so\n'}
[21.201213] (mocap4r2_robot_gt_msgs) StdoutLine: {'line': b'-- Set runtime path of "/home/airlab/seed25/ros_packages/mocap4r2_ws/install/mocap4r2_robot_gt_msgs/lib/python3.8/site-packages/mocap4r2_robot_gt_msgs/mocap4r2_robot_gt_msgs_s__rosidl_typesupport_introspection_c.cpython-38-aarch64-linux-gnu.so" to ""\n'}
[21.202174] (mocap4r2_robot_gt_msgs) StdoutLine: {'line': b'-- Installing: /home/airlab/seed25/ros_packages/mocap4r2_ws/install/mocap4r2_robot_gt_msgs/lib/python3.8/site-packages/mocap4r2_robot_gt_msgs/mocap4r2_robot_gt_msgs_s__rosidl_typesupport_c.cpython-38-aarch64-linux-gnu.so\n'}
[21.203724] (mocap4r2_robot_gt_msgs) StdoutLine: {'line': b'-- Set runtime path of "/home/airlab/seed25/ros_packages/mocap4r2_ws/install/mocap4r2_robot_gt_msgs/lib/python3.8/site-packages/mocap4r2_robot_gt_msgs/mocap4r2_robot_gt_msgs_s__rosidl_typesupport_c.cpython-38-aarch64-linux-gnu.so" to ""\n'}
[21.204388] (mocap4r2_robot_gt_msgs) StdoutLine: {'line': b'-- Installing: /home/airlab/seed25/ros_packages/mocap4r2_ws/install/mocap4r2_robot_gt_msgs/lib/libmocap4r2_robot_gt_msgs__python.so\n'}
[21.205577] (mocap4r2_robot_gt_msgs) StdoutLine: {'line': b'-- Set runtime path of "/home/airlab/seed25/ros_packages/mocap4r2_ws/install/mocap4r2_robot_gt_msgs/lib/libmocap4r2_robot_gt_msgs__python.so" to ""\n'}
[21.205824] (-) TimerEvent: {}
[21.207080] (mocap4r2_robot_gt_msgs) StdoutLine: {'line': b'-- Installing: /home/airlab/seed25/ros_packages/mocap4r2_ws/install/mocap4r2_robot_gt_msgs/share/mocap4r2_robot_gt_msgs/srv/SetGTOrigin.idl\n'}
[21.207921] (mocap4r2_robot_gt_msgs) StdoutLine: {'line': b'-- Installing: /home/airlab/seed25/ros_packages/mocap4r2_ws/install/mocap4r2_robot_gt_msgs/share/mocap4r2_robot_gt_msgs/srv/SetGTOrigin.srv\n'}
[21.208708] (mocap4r2_robot_gt_msgs) StdoutLine: {'line': b'-- Installing: /home/airlab/seed25/ros_packages/mocap4r2_ws/install/mocap4r2_robot_gt_msgs/share/mocap4r2_robot_gt_msgs/srv/SetGTOrigin_Request.msg\n'}
[21.209534] (mocap4r2_robot_gt_msgs) StdoutLine: {'line': b'-- Installing: /home/airlab/seed25/ros_packages/mocap4r2_ws/install/mocap4r2_robot_gt_msgs/share/mocap4r2_robot_gt_msgs/srv/SetGTOrigin_Response.msg\n'}
[21.210496] (mocap4r2_robot_gt_msgs) StdoutLine: {'line': b'-- Installing: /home/airlab/seed25/ros_packages/mocap4r2_ws/install/mocap4r2_robot_gt_msgs/share/ament_index/resource_index/package_run_dependencies/mocap4r2_robot_gt_msgs\n'}
[21.211401] (mocap4r2_robot_gt_msgs) StdoutLine: {'line': b'-- Installing: /home/airlab/seed25/ros_packages/mocap4r2_ws/install/mocap4r2_robot_gt_msgs/share/ament_index/resource_index/parent_prefix_path/mocap4r2_robot_gt_msgs\n'}
[21.212244] (mocap4r2_robot_gt_msgs) StdoutLine: {'line': b'-- Installing: /home/airlab/seed25/ros_packages/mocap4r2_ws/install/mocap4r2_robot_gt_msgs/share/mocap4r2_robot_gt_msgs/environment/ament_prefix_path.sh\n'}
[21.213162] (mocap4r2_robot_gt_msgs) StdoutLine: {'line': b'-- Installing: /home/airlab/seed25/ros_packages/mocap4r2_ws/install/mocap4r2_robot_gt_msgs/share/mocap4r2_robot_gt_msgs/environment/ament_prefix_path.dsv\n'}
[21.213929] (mocap4r2_robot_gt_msgs) StdoutLine: {'line': b'-- Installing: /home/airlab/seed25/ros_packages/mocap4r2_ws/install/mocap4r2_robot_gt_msgs/share/mocap4r2_robot_gt_msgs/environment/path.sh\n'}
[21.214680] (mocap4r2_robot_gt_msgs) StdoutLine: {'line': b'-- Installing: /home/airlab/seed25/ros_packages/mocap4r2_ws/install/mocap4r2_robot_gt_msgs/share/mocap4r2_robot_gt_msgs/environment/path.dsv\n'}
[21.215433] (mocap4r2_robot_gt_msgs) StdoutLine: {'line': b'-- Installing: /home/airlab/seed25/ros_packages/mocap4r2_ws/install/mocap4r2_robot_gt_msgs/share/mocap4r2_robot_gt_msgs/local_setup.bash\n'}
[21.216178] (mocap4r2_robot_gt_msgs) StdoutLine: {'line': b'-- Installing: /home/airlab/seed25/ros_packages/mocap4r2_ws/install/mocap4r2_robot_gt_msgs/share/mocap4r2_robot_gt_msgs/local_setup.sh\n'}
[21.216573] (mocap4r2_marker_viz_srvs) StdoutLine: {'line': b'\x1b[35m\x1b[1mScanning dependencies of target mocap4r2_marker_viz_srvs__rosidl_typesupport_c__pyext\x1b[0m\n'}
[21.217407] (mocap4r2_robot_gt_msgs) StdoutLine: {'line': b'-- Installing: /home/airlab/seed25/ros_packages/mocap4r2_ws/install/mocap4r2_robot_gt_msgs/share/mocap4r2_robot_gt_msgs/local_setup.zsh\n'}
[21.218163] (mocap4r2_robot_gt_msgs) StdoutLine: {'line': b'-- Installing: /home/airlab/seed25/ros_packages/mocap4r2_ws/install/mocap4r2_robot_gt_msgs/share/mocap4r2_robot_gt_msgs/local_setup.dsv\n'}
[21.218860] (mocap4r2_robot_gt_msgs) StdoutLine: {'line': b'-- Installing: /home/airlab/seed25/ros_packages/mocap4r2_ws/install/mocap4r2_robot_gt_msgs/share/mocap4r2_robot_gt_msgs/package.dsv\n'}
[21.219717] (mocap4r2_robot_gt_msgs) StdoutLine: {'line': b'-- Installing: /home/airlab/seed25/ros_packages/mocap4r2_ws/install/mocap4r2_robot_gt_msgs/share/ament_index/resource_index/packages/mocap4r2_robot_gt_msgs\n'}
[21.220679] (mocap4r2_robot_gt_msgs) StdoutLine: {'line': b'-- Installing: /home/airlab/seed25/ros_packages/mocap4r2_ws/install/mocap4r2_robot_gt_msgs/share/mocap4r2_robot_gt_msgs/cmake/mocap4r2_robot_gt_msgs__rosidl_generator_cExport.cmake\n'}
[21.221477] (mocap4r2_robot_gt_msgs) StdoutLine: {'line': b'-- Installing: /home/airlab/seed25/ros_packages/mocap4r2_ws/install/mocap4r2_robot_gt_msgs/share/mocap4r2_robot_gt_msgs/cmake/mocap4r2_robot_gt_msgs__rosidl_generator_cExport-noconfig.cmake\n'}
[21.222384] (mocap4r2_robot_gt_msgs) StdoutLine: {'line': b'-- Installing: /home/airlab/seed25/ros_packages/mocap4r2_ws/install/mocap4r2_robot_gt_msgs/share/mocap4r2_robot_gt_msgs/cmake/mocap4r2_robot_gt_msgs__rosidl_typesupport_introspection_cExport.cmake\n'}
[21.223130] (mocap4r2_robot_gt_msgs) StdoutLine: {'line': b'-- Installing: /home/airlab/seed25/ros_packages/mocap4r2_ws/install/mocap4r2_robot_gt_msgs/share/mocap4r2_robot_gt_msgs/cmake/mocap4r2_robot_gt_msgs__rosidl_typesupport_introspection_cExport-noconfig.cmake\n'}
[21.223972] (mocap4r2_robot_gt_msgs) StdoutLine: {'line': b'-- Installing: /home/airlab/seed25/ros_packages/mocap4r2_ws/install/mocap4r2_robot_gt_msgs/share/mocap4r2_robot_gt_msgs/cmake/mocap4r2_robot_gt_msgs__rosidl_typesupport_cExport.cmake\n'}
[21.224713] (mocap4r2_robot_gt_msgs) StdoutLine: {'line': b'-- Installing: /home/airlab/seed25/ros_packages/mocap4r2_ws/install/mocap4r2_robot_gt_msgs/share/mocap4r2_robot_gt_msgs/cmake/mocap4r2_robot_gt_msgs__rosidl_typesupport_cExport-noconfig.cmake\n'}
[21.225651] (mocap4r2_robot_gt_msgs) StdoutLine: {'line': b'-- Installing: /home/airlab/seed25/ros_packages/mocap4r2_ws/install/mocap4r2_robot_gt_msgs/share/mocap4r2_robot_gt_msgs/cmake/mocap4r2_robot_gt_msgs__rosidl_generator_cppExport.cmake\n'}
[21.226621] (mocap4r2_robot_gt_msgs) StdoutLine: {'line': b'-- Installing: /home/airlab/seed25/ros_packages/mocap4r2_ws/install/mocap4r2_robot_gt_msgs/share/mocap4r2_robot_gt_msgs/cmake/mocap4r2_robot_gt_msgs__rosidl_typesupport_introspection_cppExport.cmake\n'}
[21.227420] (mocap4r2_robot_gt_msgs) StdoutLine: {'line': b'-- Installing: /home/airlab/seed25/ros_packages/mocap4r2_ws/install/mocap4r2_robot_gt_msgs/share/mocap4r2_robot_gt_msgs/cmake/mocap4r2_robot_gt_msgs__rosidl_typesupport_introspection_cppExport-noconfig.cmake\n'}
[21.228308] (mocap4r2_robot_gt_msgs) StdoutLine: {'line': b'-- Installing: /home/airlab/seed25/ros_packages/mocap4r2_ws/install/mocap4r2_robot_gt_msgs/share/mocap4r2_robot_gt_msgs/cmake/mocap4r2_robot_gt_msgs__rosidl_typesupport_cppExport.cmake\n'}
[21.229164] (mocap4r2_robot_gt_msgs) StdoutLine: {'line': b'-- Installing: /home/airlab/seed25/ros_packages/mocap4r2_ws/install/mocap4r2_robot_gt_msgs/share/mocap4r2_robot_gt_msgs/cmake/mocap4r2_robot_gt_msgs__rosidl_typesupport_cppExport-noconfig.cmake\n'}
[21.229951] (mocap4r2_robot_gt_msgs) StdoutLine: {'line': b'-- Installing: /home/airlab/seed25/ros_packages/mocap4r2_ws/install/mocap4r2_robot_gt_msgs/share/mocap4r2_robot_gt_msgs/cmake/rosidl_cmake-extras.cmake\n'}
[21.230284] (mocap4r2_marker_viz_srvs) StdoutLine: {'line': b'\x1b[35m\x1b[1mScanning dependencies of target mocap4r2_marker_viz_srvs__rosidl_typesupport_introspection_c__pyext\x1b[0m\n'}
[21.231015] (mocap4r2_robot_gt_msgs) StdoutLine: {'line': b'-- Installing: /home/airlab/seed25/ros_packages/mocap4r2_ws/install/mocap4r2_robot_gt_msgs/share/mocap4r2_robot_gt_msgs/cmake/ament_cmake_export_dependencies-extras.cmake\n'}
[21.231776] (mocap4r2_robot_gt_msgs) StdoutLine: {'line': b'-- Installing: /home/airlab/seed25/ros_packages/mocap4r2_ws/install/mocap4r2_robot_gt_msgs/share/mocap4r2_robot_gt_msgs/cmake/ament_cmake_export_libraries-extras.cmake\n'}
[21.232536] (mocap4r2_robot_gt_msgs) StdoutLine: {'line': b'-- Installing: /home/airlab/seed25/ros_packages/mocap4r2_ws/install/mocap4r2_robot_gt_msgs/share/mocap4r2_robot_gt_msgs/cmake/ament_cmake_export_targets-extras.cmake\n'}
[21.233309] (mocap4r2_robot_gt_msgs) StdoutLine: {'line': b'-- Installing: /home/airlab/seed25/ros_packages/mocap4r2_ws/install/mocap4r2_robot_gt_msgs/share/mocap4r2_robot_gt_msgs/cmake/ament_cmake_export_include_directories-extras.cmake\n'}
[21.234044] (mocap4r2_robot_gt_msgs) StdoutLine: {'line': b'-- Installing: /home/airlab/seed25/ros_packages/mocap4r2_ws/install/mocap4r2_robot_gt_msgs/share/mocap4r2_robot_gt_msgs/cmake/rosidl_cmake_export_typesupport_libraries-extras.cmake\n'}
[21.234773] (mocap4r2_robot_gt_msgs) StdoutLine: {'line': b'-- Installing: /home/airlab/seed25/ros_packages/mocap4r2_ws/install/mocap4r2_robot_gt_msgs/share/mocap4r2_robot_gt_msgs/cmake/rosidl_cmake_export_typesupport_targets-extras.cmake\n'}
[21.235585] (mocap4r2_robot_gt_msgs) StdoutLine: {'line': b'-- Installing: /home/airlab/seed25/ros_packages/mocap4r2_ws/install/mocap4r2_robot_gt_msgs/share/mocap4r2_robot_gt_msgs/cmake/mocap4r2_robot_gt_msgsConfig.cmake\n'}
[21.236243] (mocap4r2_robot_gt_msgs) StdoutLine: {'line': b'-- Installing: /home/airlab/seed25/ros_packages/mocap4r2_ws/install/mocap4r2_robot_gt_msgs/share/mocap4r2_robot_gt_msgs/cmake/mocap4r2_robot_gt_msgsConfig-version.cmake\n'}
[21.237021] (mocap4r2_robot_gt_msgs) StdoutLine: {'line': b'-- Installing: /home/airlab/seed25/ros_packages/mocap4r2_ws/install/mocap4r2_robot_gt_msgs/share/mocap4r2_robot_gt_msgs/package.xml\n'}
[21.245096] (mocap4r2_robot_gt_msgs) CommandEnded: {'returncode': 0}
[21.259883] (mocap4r2_marker_viz_srvs) StdoutLine: {'line': b'\x1b[35m\x1b[1mScanning dependencies of target mocap4r2_marker_viz_srvs__rosidl_typesupport_fastrtps_c__pyext\x1b[0m\n'}
[21.260838] (mocap4r2_marker_viz_srvs) StdoutLine: {'line': b'[ 87%] \x1b[32mBuilding C object CMakeFiles/mocap4r2_marker_viz_srvs__rosidl_typesupport_c__pyext.dir/rosidl_generator_py/mocap4r2_marker_viz_srvs/_mocap4r2_marker_viz_srvs_s.ep.rosidl_typesupport_c.c.o\x1b[0m\n'}
[21.306069] (-) TimerEvent: {}
[21.317168] (mocap4r2_robot_gt_msgs) JobEnded: {'identifier': 'mocap4r2_robot_gt_msgs', 'rc': 0}
[21.322499] (mocap4r2_marker_viz_srvs) StdoutLine: {'line': b'[ 89%] \x1b[32mBuilding C object CMakeFiles/mocap4r2_marker_viz_srvs__rosidl_typesupport_introspection_c__pyext.dir/rosidl_generator_py/mocap4r2_marker_viz_srvs/_mocap4r2_marker_viz_srvs_s.ep.rosidl_typesupport_introspection_c.c.o\x1b[0m\n'}
[21.342979] (mocap4r2_marker_viz_srvs) StdoutLine: {'line': b'[ 92%] \x1b[32mBuilding C object CMakeFiles/mocap4r2_marker_viz_srvs__rosidl_typesupport_fastrtps_c__pyext.dir/rosidl_generator_py/mocap4r2_marker_viz_srvs/_mocap4r2_marker_viz_srvs_s.ep.rosidl_typesupport_fastrtps_c.c.o\x1b[0m\n'}
[21.406255] (-) TimerEvent: {}
[21.489255] (mocap4r2_marker_viz_srvs) StdoutLine: {'line': b'[ 94%] \x1b[32m\x1b[1mLinking C shared library rosidl_generator_py/mocap4r2_marker_viz_srvs/mocap4r2_marker_viz_srvs_s__rosidl_typesupport_c.cpython-38-aarch64-linux-gnu.so\x1b[0m\n'}
[21.506469] (-) TimerEvent: {}
[21.549215] (mocap4r2_marker_viz_srvs) StdoutLine: {'line': b'[ 97%] \x1b[32m\x1b[1mLinking C shared library rosidl_generator_py/mocap4r2_marker_viz_srvs/mocap4r2_marker_viz_srvs_s__rosidl_typesupport_introspection_c.cpython-38-aarch64-linux-gnu.so\x1b[0m\n'}
[21.606695] (-) TimerEvent: {}
[21.624878] (mocap4r2_marker_viz_srvs) StdoutLine: {'line': b'[ 97%] Built target mocap4r2_marker_viz_srvs__rosidl_typesupport_c__pyext\n'}
[21.657855] (mocap4r2_marker_viz_srvs) StdoutLine: {'line': b'[100%] \x1b[32m\x1b[1mLinking CXX shared library rosidl_generator_py/mocap4r2_marker_viz_srvs/mocap4r2_marker_viz_srvs_s__rosidl_typesupport_fastrtps_c.cpython-38-aarch64-linux-gnu.so\x1b[0m\n'}
[21.674666] (mocap4r2_control_msgs) StdoutLine: {'line': b'[ 76%] Built target mocap4r2_control_msgs__py\n'}
[21.694269] (mocap4r2_marker_viz_srvs) StdoutLine: {'line': b'[100%] Built target mocap4r2_marker_viz_srvs__rosidl_typesupport_introspection_c__pyext\n'}
[21.696386] (mocap4r2_control_msgs) StdoutLine: {'line': b'\x1b[35m\x1b[1mScanning dependencies of target mocap4r2_control_msgs__python\x1b[0m\n'}
[21.706825] (-) TimerEvent: {}
[21.741202] (mocap4r2_control_msgs) StdoutLine: {'line': b'[ 79%] \x1b[32mBuilding C object CMakeFiles/mocap4r2_control_msgs__python.dir/rosidl_generator_py/mocap4r2_control_msgs/msg/_control_s.c.o\x1b[0m\n'}
[21.748255] (mocap4r2_control_msgs) StdoutLine: {'line': b'[ 82%] \x1b[32mBuilding C object CMakeFiles/mocap4r2_control_msgs__python.dir/rosidl_generator_py/mocap4r2_control_msgs/msg/_mocap_info_s.c.o\x1b[0m\n'}
[21.793357] (mocap4r2_marker_viz_srvs) StdoutLine: {'line': b'[100%] Built target mocap4r2_marker_viz_srvs__rosidl_typesupport_fastrtps_c__pyext\n'}
[21.807001] (-) TimerEvent: {}
[21.821293] (mocap4r2_marker_viz_srvs) CommandEnded: {'returncode': 0}
[21.823038] (mocap4r2_marker_viz_srvs) JobProgress: {'identifier': 'mocap4r2_marker_viz_srvs', 'progress': 'install'}
[21.823603] (mocap4r2_marker_viz_srvs) Command: {'cmd': ['/usr/bin/cmake', '--install', '/home/airlab/seed25/ros_packages/mocap4r2_ws/build/mocap4r2_marker_viz_srvs'], 'cwd': '/home/airlab/seed25/ros_packages/mocap4r2_ws/build/mocap4r2_marker_viz_srvs', 'env': OrderedDict([('LESSOPEN', '| /usr/bin/lesspipe %s'), ('USER', 'airlab'), ('SSH_CLIENT', '192.168.0.184 49493 22'), ('XDG_SESSION_TYPE', 'tty'), ('SHLVL', '1'), ('LD_LIBRARY_PATH', '/home/airlab/seed25/ros_packages/mocap4r2_ws/install/mocap4r2_robot_gt_msgs/lib:/home/airlab/seed25/ros_packages/mocap4r2_ws/install/mocap4r2_msgs/lib:/home/airlab/seed25/ros_packages/mocap4r2_ws/install/mocap4r2_marker_viz_srvs/lib:/home/airlab/seed25/ros_packages/mocap4r2_ws/install/mocap4r2_control_msgs/lib:/usr/local/cuda-11.4/lib64:/usr/local/cuda-11.4/lib64:/opt/ros/foxy/opt/yaml_cpp_vendor/lib:/opt/ros/foxy/opt/rviz_ogre_vendor/lib:/opt/ros/foxy/lib/aarch64-linux-gnu:/opt/ros/foxy/lib:/usr/local/cuda-11.4/lib64:'), ('MOTD_SHOWN', 'pam'), ('HOME', '/home/airlab'), ('OLDPWD', '/home/airlab/seed25/ros_packages/mocap4r2_ws/src'), ('SSH_TTY', '/dev/pts/1'), ('JETSON_L4T', '35.6.1'), ('ROS_PYTHON_VERSION', '3'), ('JETSON_MODEL', 'NVIDIA Orin NX Developer Kit'), ('DBUS_SESSION_BUS_ADDRESS', 'unix:path=/run/user/1000/bus'), ('COLCON_PREFIX_PATH', '/home/airlab/seed25/ros_packages/mocap4r2_ws/install'), ('ROS_DISTRO', 'foxy'), ('LOGNAME', 'airlab'), ('JETSON_MODULE', 'NVIDIA Jetson Orin NX (16GB ram)'), ('JETSON_SERIAL_NUMBER', '1425023203559'), ('_', '/usr/bin/colcon'), ('ROS_VERSION', '2'), ('JETSON_CODENAME', 'P3768'), ('XDG_SESSION_CLASS', 'user'), ('TERM', 'xterm'), ('XDG_SESSION_ID', '8'), ('ROS_LOCALHOST_ONLY', '0'), ('PATH', '/usr/local/cuda-11.4/bin:/usr/local/cuda-11.4/bin:/home/airlab/.local/bin:/opt/ros/foxy/bin:/usr/local/cuda-11.4/bin:/usr/local/sbin:/usr/local/bin:/usr/sbin:/usr/bin:/sbin:/bin:/usr/games:/usr/local/games:/snap/bin'), ('XDG_RUNTIME_DIR', '/run/user/1000'), ('DISPLAY', 'localhost:11.0'), ('LANG', 'en_US.UTF-8'), ('LS_COLORS', 'rs=0:di=01;34:ln=01;36:mh=00:pi=40;33:so=01;35:do=01;35:bd=40;33;01:cd=40;33;01:or=40;31;01:mi=00:su=37;41:sg=30;43:ca=30;41:tw=30;42:ow=34;42:st=37;44:ex=01;32:*.tar=01;31:*.tgz=01;31:*.arc=01;31:*.arj=01;31:*.taz=01;31:*.lha=01;31:*.lz4=01;31:*.lzh=01;31:*.lzma=01;31:*.tlz=01;31:*.txz=01;31:*.tzo=01;31:*.t7z=01;31:*.zip=01;31:*.z=01;31:*.dz=01;31:*.gz=01;31:*.lrz=01;31:*.lz=01;31:*.lzo=01;31:*.xz=01;31:*.zst=01;31:*.tzst=01;31:*.bz2=01;31:*.bz=01;31:*.tbz=01;31:*.tbz2=01;31:*.tz=01;31:*.deb=01;31:*.rpm=01;31:*.jar=01;31:*.war=01;31:*.ear=01;31:*.sar=01;31:*.rar=01;31:*.alz=01;31:*.ace=01;31:*.zoo=01;31:*.cpio=01;31:*.7z=01;31:*.rz=01;31:*.cab=01;31:*.wim=01;31:*.swm=01;31:*.dwm=01;31:*.esd=01;31:*.jpg=01;35:*.jpeg=01;35:*.mjpg=01;35:*.mjpeg=01;35:*.gif=01;35:*.bmp=01;35:*.pbm=01;35:*.pgm=01;35:*.ppm=01;35:*.tga=01;35:*.xbm=01;35:*.xpm=01;35:*.tif=01;35:*.tiff=01;35:*.png=01;35:*.svg=01;35:*.svgz=01;35:*.mng=01;35:*.pcx=01;35:*.mov=01;35:*.mpg=01;35:*.mpeg=01;35:*.m2v=01;35:*.mkv=01;35:*.webm=01;35:*.ogm=01;35:*.mp4=01;35:*.m4v=01;35:*.mp4v=01;35:*.vob=01;35:*.qt=01;35:*.nuv=01;35:*.wmv=01;35:*.asf=01;35:*.rm=01;35:*.rmvb=01;35:*.flc=01;35:*.avi=01;35:*.fli=01;35:*.flv=01;35:*.gl=01;35:*.dl=01;35:*.xcf=01;35:*.xwd=01;35:*.yuv=01;35:*.cgm=01;35:*.emf=01;35:*.ogv=01;35:*.ogx=01;35:*.aac=00;36:*.au=00;36:*.flac=00;36:*.m4a=00;36:*.mid=00;36:*.midi=00;36:*.mka=00;36:*.mp3=00;36:*.mpc=00;36:*.ogg=00;36:*.ra=00;36:*.wav=00;36:*.oga=00;36:*.opus=00;36:*.spx=00;36:*.xspf=00;36:'), ('JETSON_SOC', 'tegra23x'), ('ROS_DOMAIN_ID', '3'), ('AMENT_PREFIX_PATH', '/home/airlab/seed25/ros_packages/mocap4r2_ws/install/mocap4r2cli:/home/airlab/seed25/ros_packages/mocap4r2_ws/install/mocap4r2_robot_gt_msgs:/home/airlab/seed25/ros_packages/mocap4r2_ws/install/mocap4r2_marker_viz:/home/airlab/seed25/ros_packages/mocap4r2_ws/install/mocap4r2_marker_publisher:/home/airlab/seed25/ros_packages/mocap4r2_ws/install/mocap4r2_msgs:/home/airlab/seed25/ros_packages/mocap4r2_ws/install/mocap4r2_marker_viz_srvs:/home/airlab/seed25/ros_packages/mocap4r2_ws/install/mocap4r2_control_msgs:/opt/ros/foxy'), ('SHELL', '/bin/bash'), ('LESSCLOSE', '/usr/bin/lesspipe %s %s'), ('JETSON_CUDA_ARCH_BIN', '8.7'), ('PWD', '/home/airlab/seed25/ros_packages/mocap4r2_ws/build/mocap4r2_marker_viz_srvs'), ('LC_ALL', 'en_US.UTF-8'), ('SSH_CONNECTION', '192.168.0.184 49493 192.168.0.136 22'), ('XDG_DATA_DIRS', '/usr/local/share:/usr/share:/var/lib/snapd/desktop'), ('PYTHONPATH', '/home/airlab/seed25/ros_packages/mocap4r2_ws/install/mocap4r2cli/lib/python3.8/site-packages:/home/airlab/seed25/ros_packages/mocap4r2_ws/install/mocap4r2_robot_gt_msgs/lib/python3.8/site-packages:/home/airlab/seed25/ros_packages/mocap4r2_ws/install/mocap4r2_msgs/lib/python3.8/site-packages:/home/airlab/seed25/ros_packages/mocap4r2_ws/install/mocap4r2_marker_viz_srvs/lib/python3.8/site-packages:/home/airlab/seed25/ros_packages/mocap4r2_ws/install/mocap4r2_control_msgs/lib/python3.8/site-packages:/opt/ros/foxy/lib/python3.8/site-packages'), ('COLCON', '1'), ('JETSON_JETPACK', '5.1.5'), ('CMAKE_PREFIX_PATH', '/home/airlab/seed25/ros_packages/mocap4r2_ws/install/mocap4r2_robot_gt_msgs:/home/airlab/seed25/ros_packages/mocap4r2_ws/install/mocap4r2_marker_viz:/home/airlab/seed25/ros_packages/mocap4r2_ws/install/mocap4r2_marker_publisher:/home/airlab/seed25/ros_packages/mocap4r2_ws/install/mocap4r2_msgs:/home/airlab/seed25/ros_packages/mocap4r2_ws/install/mocap4r2_marker_viz_srvs:/home/airlab/seed25/ros_packages/mocap4r2_ws/install/mocap4r2_control_msgs:/home/airlab/seed25/ros_packages/mocap4r2_ws/install/mocap4r2cli:/opt/ros/foxy'), ('JETSON_P_NUMBER', 'p3767-0000')]), 'shell': False}
[21.853832] (mocap4r2_marker_viz_srvs) StdoutLine: {'line': b'-- Install configuration: ""\n'}
[21.854484] (mocap4r2_marker_viz_srvs) StdoutLine: {'line': b'-- Installing: /home/airlab/seed25/ros_packages/mocap4r2_ws/install/mocap4r2_marker_viz_srvs/share/ament_index/resource_index/rosidl_interfaces/mocap4r2_marker_viz_srvs\n'}
[21.854905] (mocap4r2_marker_viz_srvs) StdoutLine: {'line': b'-- Installing: /home/airlab/seed25/ros_packages/mocap4r2_ws/install/mocap4r2_marker_viz_srvs/include/mocap4r2_marker_viz_srvs\n'}
[21.855216] (mocap4r2_marker_viz_srvs) StdoutLine: {'line': b'-- Installing: /home/airlab/seed25/ros_packages/mocap4r2_ws/install/mocap4r2_marker_viz_srvs/include/mocap4r2_marker_viz_srvs/msg\n'}
[21.855544] (mocap4r2_marker_viz_srvs) StdoutLine: {'line': b'-- Installing: /home/airlab/seed25/ros_packages/mocap4r2_ws/install/mocap4r2_marker_viz_srvs/include/mocap4r2_marker_viz_srvs/msg/rosidl_generator_c__visibility_control.h\n'}
[21.855836] (mocap4r2_marker_viz_srvs) StdoutLine: {'line': b'-- Installing: /home/airlab/seed25/ros_packages/mocap4r2_ws/install/mocap4r2_marker_viz_srvs/include/mocap4r2_marker_viz_srvs/srv\n'}
[21.856151] (mocap4r2_marker_viz_srvs) StdoutLine: {'line': b'-- Installing: /home/airlab/seed25/ros_packages/mocap4r2_ws/install/mocap4r2_marker_viz_srvs/include/mocap4r2_marker_viz_srvs/srv/reset_marker_color.h\n'}
[21.856425] (mocap4r2_marker_viz_srvs) StdoutLine: {'line': b'-- Installing: /home/airlab/seed25/ros_packages/mocap4r2_ws/install/mocap4r2_marker_viz_srvs/include/mocap4r2_marker_viz_srvs/srv/set_marker_color.h\n'}
[21.856710] (mocap4r2_marker_viz_srvs) StdoutLine: {'line': b'-- Installing: /home/airlab/seed25/ros_packages/mocap4r2_ws/install/mocap4r2_marker_viz_srvs/include/mocap4r2_marker_viz_srvs/srv/detail\n'}
[21.856997] (mocap4r2_marker_viz_srvs) StdoutLine: {'line': b'-- Installing: /home/airlab/seed25/ros_packages/mocap4r2_ws/install/mocap4r2_marker_viz_srvs/include/mocap4r2_marker_viz_srvs/srv/detail/set_marker_color__type_support.h\n'}
[21.857299] (mocap4r2_marker_viz_srvs) StdoutLine: {'line': b'-- Installing: /home/airlab/seed25/ros_packages/mocap4r2_ws/install/mocap4r2_marker_viz_srvs/include/mocap4r2_marker_viz_srvs/srv/detail/set_marker_color__struct.h\n'}
[21.857570] (mocap4r2_marker_viz_srvs) StdoutLine: {'line': b'-- Installing: /home/airlab/seed25/ros_packages/mocap4r2_ws/install/mocap4r2_marker_viz_srvs/include/mocap4r2_marker_viz_srvs/srv/detail/set_marker_color__functions.c\n'}
[21.857838] (mocap4r2_marker_viz_srvs) StdoutLine: {'line': b'-- Installing: /home/airlab/seed25/ros_packages/mocap4r2_ws/install/mocap4r2_marker_viz_srvs/include/mocap4r2_marker_viz_srvs/srv/detail/reset_marker_color__functions.c\n'}
[21.858098] (mocap4r2_marker_viz_srvs) StdoutLine: {'line': b'-- Installing: /home/airlab/seed25/ros_packages/mocap4r2_ws/install/mocap4r2_marker_viz_srvs/include/mocap4r2_marker_viz_srvs/srv/detail/reset_marker_color__struct.h\n'}
[21.858258] (mocap4r2_marker_viz_srvs) StdoutLine: {'line': b'-- Installing: /home/airlab/seed25/ros_packages/mocap4r2_ws/install/mocap4r2_marker_viz_srvs/include/mocap4r2_marker_viz_srvs/srv/detail/reset_marker_color__functions.h\n'}
[21.858402] (mocap4r2_marker_viz_srvs) StdoutLine: {'line': b'-- Installing: /home/airlab/seed25/ros_packages/mocap4r2_ws/install/mocap4r2_marker_viz_srvs/include/mocap4r2_marker_viz_srvs/srv/detail/reset_marker_color__type_support.h\n'}
[21.858642] (mocap4r2_marker_viz_srvs) StdoutLine: {'line': b'-- Installing: /home/airlab/seed25/ros_packages/mocap4r2_ws/install/mocap4r2_marker_viz_srvs/include/mocap4r2_marker_viz_srvs/srv/detail/set_marker_color__functions.h\n'}
[21.858794] (mocap4r2_marker_viz_srvs) StdoutLine: {'line': b'-- Installing: /home/airlab/seed25/ros_packages/mocap4r2_ws/install/mocap4r2_marker_viz_srvs/share/mocap4r2_marker_viz_srvs/environment/library_path.sh\n'}
[21.859041] (mocap4r2_marker_viz_srvs) StdoutLine: {'line': b'-- Installing: /home/airlab/seed25/ros_packages/mocap4r2_ws/install/mocap4r2_marker_viz_srvs/share/mocap4r2_marker_viz_srvs/environment/library_path.dsv\n'}
[21.859461] (mocap4r2_marker_viz_srvs) StdoutLine: {'line': b'-- Installing: /home/airlab/seed25/ros_packages/mocap4r2_ws/install/mocap4r2_marker_viz_srvs/lib/libmocap4r2_marker_viz_srvs__rosidl_generator_c.so\n'}
[21.860281] (mocap4r2_marker_viz_srvs) StdoutLine: {'line': b'-- Set runtime path of "/home/airlab/seed25/ros_packages/mocap4r2_ws/install/mocap4r2_marker_viz_srvs/lib/libmocap4r2_marker_viz_srvs__rosidl_generator_c.so" to ""\n'}
[21.860639] (mocap4r2_marker_viz_srvs) StdoutLine: {'line': b'-- Up-to-date: /home/airlab/seed25/ros_packages/mocap4r2_ws/install/mocap4r2_marker_viz_srvs/include/mocap4r2_marker_viz_srvs\n'}
[21.860900] (mocap4r2_marker_viz_srvs) StdoutLine: {'line': b'-- Up-to-date: /home/airlab/seed25/ros_packages/mocap4r2_ws/install/mocap4r2_marker_viz_srvs/include/mocap4r2_marker_viz_srvs/msg\n'}
[21.861266] (mocap4r2_marker_viz_srvs) StdoutLine: {'line': b'-- Installing: /home/airlab/seed25/ros_packages/mocap4r2_ws/install/mocap4r2_marker_viz_srvs/include/mocap4r2_marker_viz_srvs/msg/rosidl_typesupport_fastrtps_c__visibility_control.h\n'}
[21.861528] (mocap4r2_marker_viz_srvs) StdoutLine: {'line': b'-- Up-to-date: /home/airlab/seed25/ros_packages/mocap4r2_ws/install/mocap4r2_marker_viz_srvs/include/mocap4r2_marker_viz_srvs/srv\n'}
[21.861692] (mocap4r2_marker_viz_srvs) StdoutLine: {'line': b'-- Up-to-date: /home/airlab/seed25/ros_packages/mocap4r2_ws/install/mocap4r2_marker_viz_srvs/include/mocap4r2_marker_viz_srvs/srv/detail\n'}
[21.861837] (mocap4r2_marker_viz_srvs) StdoutLine: {'line': b'-- Installing: /home/airlab/seed25/ros_packages/mocap4r2_ws/install/mocap4r2_marker_viz_srvs/include/mocap4r2_marker_viz_srvs/srv/detail/reset_marker_color__rosidl_typesupport_fastrtps_c.h\n'}
[21.862077] (mocap4r2_marker_viz_srvs) StdoutLine: {'line': b'-- Installing: /home/airlab/seed25/ros_packages/mocap4r2_ws/install/mocap4r2_marker_viz_srvs/include/mocap4r2_marker_viz_srvs/srv/detail/set_marker_color__rosidl_typesupport_fastrtps_c.h\n'}
[21.862224] (mocap4r2_marker_viz_srvs) StdoutLine: {'line': b'-- Installing: /home/airlab/seed25/ros_packages/mocap4r2_ws/install/mocap4r2_marker_viz_srvs/lib/libmocap4r2_marker_viz_srvs__rosidl_typesupport_fastrtps_c.so\n'}
[21.862705] (mocap4r2_marker_viz_srvs) StdoutLine: {'line': b'-- Set runtime path of "/home/airlab/seed25/ros_packages/mocap4r2_ws/install/mocap4r2_marker_viz_srvs/lib/libmocap4r2_marker_viz_srvs__rosidl_typesupport_fastrtps_c.so" to ""\n'}
[21.863032] (mocap4r2_marker_viz_srvs) StdoutLine: {'line': b'-- Up-to-date: /home/airlab/seed25/ros_packages/mocap4r2_ws/install/mocap4r2_marker_viz_srvs/include/mocap4r2_marker_viz_srvs\n'}
[21.863270] (mocap4r2_marker_viz_srvs) StdoutLine: {'line': b'-- Up-to-date: /home/airlab/seed25/ros_packages/mocap4r2_ws/install/mocap4r2_marker_viz_srvs/include/mocap4r2_marker_viz_srvs/msg\n'}
[21.869455] (mocap4r2_marker_viz_srvs) StdoutLine: {'line': b'-- Installing: /home/airlab/seed25/ros_packages/mocap4r2_ws/install/mocap4r2_marker_viz_srvs/include/mocap4r2_marker_viz_srvs/msg/rosidl_typesupport_fastrtps_cpp__visibility_control.h\n'}
[21.869666] (mocap4r2_marker_viz_srvs) StdoutLine: {'line': b'-- Up-to-date: /home/airlab/seed25/ros_packages/mocap4r2_ws/install/mocap4r2_marker_viz_srvs/include/mocap4r2_marker_viz_srvs/srv\n'}
[21.869993] (mocap4r2_marker_viz_srvs) StdoutLine: {'line': b'-- Up-to-date: /home/airlab/seed25/ros_packages/mocap4r2_ws/install/mocap4r2_marker_viz_srvs/include/mocap4r2_marker_viz_srvs/srv/detail\n'}
[21.870286] (mocap4r2_marker_viz_srvs) StdoutLine: {'line': b'-- Installing: /home/airlab/seed25/ros_packages/mocap4r2_ws/install/mocap4r2_marker_viz_srvs/include/mocap4r2_marker_viz_srvs/srv/detail/set_marker_color__rosidl_typesupport_fastrtps_cpp.hpp\n'}
[21.870641] (mocap4r2_marker_viz_srvs) StdoutLine: {'line': b'-- Installing: /home/airlab/seed25/ros_packages/mocap4r2_ws/install/mocap4r2_marker_viz_srvs/include/mocap4r2_marker_viz_srvs/srv/detail/dds_fastrtps\n'}
[21.870825] (mocap4r2_marker_viz_srvs) StdoutLine: {'line': b'-- Installing: /home/airlab/seed25/ros_packages/mocap4r2_ws/install/mocap4r2_marker_viz_srvs/include/mocap4r2_marker_viz_srvs/srv/detail/reset_marker_color__rosidl_typesupport_fastrtps_cpp.hpp\n'}
[21.871071] (mocap4r2_marker_viz_srvs) StdoutLine: {'line': b'-- Installing: /home/airlab/seed25/ros_packages/mocap4r2_ws/install/mocap4r2_marker_viz_srvs/lib/libmocap4r2_marker_viz_srvs__rosidl_typesupport_fastrtps_cpp.so\n'}
[21.871327] (mocap4r2_marker_viz_srvs) StdoutLine: {'line': b'-- Set runtime path of "/home/airlab/seed25/ros_packages/mocap4r2_ws/install/mocap4r2_marker_viz_srvs/lib/libmocap4r2_marker_viz_srvs__rosidl_typesupport_fastrtps_cpp.so" to ""\n'}
[21.871593] (mocap4r2_marker_viz_srvs) StdoutLine: {'line': b'-- Up-to-date: /home/airlab/seed25/ros_packages/mocap4r2_ws/install/mocap4r2_marker_viz_srvs/include/mocap4r2_marker_viz_srvs\n'}
[21.871843] (mocap4r2_marker_viz_srvs) StdoutLine: {'line': b'-- Up-to-date: /home/airlab/seed25/ros_packages/mocap4r2_ws/install/mocap4r2_marker_viz_srvs/include/mocap4r2_marker_viz_srvs/msg\n'}
[21.872095] (mocap4r2_marker_viz_srvs) StdoutLine: {'line': b'-- Installing: /home/airlab/seed25/ros_packages/mocap4r2_ws/install/mocap4r2_marker_viz_srvs/include/mocap4r2_marker_viz_srvs/msg/rosidl_typesupport_introspection_c__visibility_control.h\n'}
[21.872361] (mocap4r2_marker_viz_srvs) StdoutLine: {'line': b'-- Up-to-date: /home/airlab/seed25/ros_packages/mocap4r2_ws/install/mocap4r2_marker_viz_srvs/include/mocap4r2_marker_viz_srvs/srv\n'}
[21.872636] (mocap4r2_marker_viz_srvs) StdoutLine: {'line': b'-- Up-to-date: /home/airlab/seed25/ros_packages/mocap4r2_ws/install/mocap4r2_marker_viz_srvs/include/mocap4r2_marker_viz_srvs/srv/detail\n'}
[21.872889] (mocap4r2_marker_viz_srvs) StdoutLine: {'line': b'-- Installing: /home/airlab/seed25/ros_packages/mocap4r2_ws/install/mocap4r2_marker_viz_srvs/include/mocap4r2_marker_viz_srvs/srv/detail/set_marker_color__type_support.c\n'}
[21.873277] (mocap4r2_marker_viz_srvs) StdoutLine: {'line': b'-- Installing: /home/airlab/seed25/ros_packages/mocap4r2_ws/install/mocap4r2_marker_viz_srvs/include/mocap4r2_marker_viz_srvs/srv/detail/set_marker_color__rosidl_typesupport_introspection_c.h\n'}
[21.873659] (mocap4r2_marker_viz_srvs) StdoutLine: {'line': b'-- Installing: /home/airlab/seed25/ros_packages/mocap4r2_ws/install/mocap4r2_marker_viz_srvs/include/mocap4r2_marker_viz_srvs/srv/detail/reset_marker_color__rosidl_typesupport_introspection_c.h\n'}
[21.873852] (mocap4r2_marker_viz_srvs) StdoutLine: {'line': b'-- Installing: /home/airlab/seed25/ros_packages/mocap4r2_ws/install/mocap4r2_marker_viz_srvs/include/mocap4r2_marker_viz_srvs/srv/detail/reset_marker_color__type_support.c\n'}
[21.874106] (mocap4r2_marker_viz_srvs) StdoutLine: {'line': b'-- Installing: /home/airlab/seed25/ros_packages/mocap4r2_ws/install/mocap4r2_marker_viz_srvs/lib/libmocap4r2_marker_viz_srvs__rosidl_typesupport_introspection_c.so\n'}
[21.874339] (mocap4r2_marker_viz_srvs) StdoutLine: {'line': b'-- Set runtime path of "/home/airlab/seed25/ros_packages/mocap4r2_ws/install/mocap4r2_marker_viz_srvs/lib/libmocap4r2_marker_viz_srvs__rosidl_typesupport_introspection_c.so" to ""\n'}
[21.874580] (mocap4r2_marker_viz_srvs) StdoutLine: {'line': b'-- Installing: /home/airlab/seed25/ros_packages/mocap4r2_ws/install/mocap4r2_marker_viz_srvs/lib/libmocap4r2_marker_viz_srvs__rosidl_typesupport_c.so\n'}
[21.874735] (mocap4r2_marker_viz_srvs) StdoutLine: {'line': b'-- Set runtime path of "/home/airlab/seed25/ros_packages/mocap4r2_ws/install/mocap4r2_marker_viz_srvs/lib/libmocap4r2_marker_viz_srvs__rosidl_typesupport_c.so" to ""\n'}
[21.874877] (mocap4r2_marker_viz_srvs) StdoutLine: {'line': b'-- Up-to-date: /home/airlab/seed25/ros_packages/mocap4r2_ws/install/mocap4r2_marker_viz_srvs/include/mocap4r2_marker_viz_srvs\n'}
[21.875104] (mocap4r2_marker_viz_srvs) StdoutLine: {'line': b'-- Up-to-date: /home/airlab/seed25/ros_packages/mocap4r2_ws/install/mocap4r2_marker_viz_srvs/include/mocap4r2_marker_viz_srvs/msg\n'}
[21.875251] (mocap4r2_marker_viz_srvs) StdoutLine: {'line': b'-- Installing: /home/airlab/seed25/ros_packages/mocap4r2_ws/install/mocap4r2_marker_viz_srvs/include/mocap4r2_marker_viz_srvs/msg/rosidl_generator_cpp__visibility_control.hpp\n'}
[21.875391] (mocap4r2_marker_viz_srvs) StdoutLine: {'line': b'-- Up-to-date: /home/airlab/seed25/ros_packages/mocap4r2_ws/install/mocap4r2_marker_viz_srvs/include/mocap4r2_marker_viz_srvs/srv\n'}
[21.875524] (mocap4r2_marker_viz_srvs) StdoutLine: {'line': b'-- Up-to-date: /home/airlab/seed25/ros_packages/mocap4r2_ws/install/mocap4r2_marker_viz_srvs/include/mocap4r2_marker_viz_srvs/srv/detail\n'}
[21.875652] (mocap4r2_marker_viz_srvs) StdoutLine: {'line': b'-- Installing: /home/airlab/seed25/ros_packages/mocap4r2_ws/install/mocap4r2_marker_viz_srvs/include/mocap4r2_marker_viz_srvs/srv/detail/set_marker_color__struct.hpp\n'}
[21.875780] (mocap4r2_marker_viz_srvs) StdoutLine: {'line': b'-- Installing: /home/airlab/seed25/ros_packages/mocap4r2_ws/install/mocap4r2_marker_viz_srvs/include/mocap4r2_marker_viz_srvs/srv/detail/reset_marker_color__builder.hpp\n'}
[21.876729] (mocap4r2_marker_viz_srvs) StdoutLine: {'line': b'-- Installing: /home/airlab/seed25/ros_packages/mocap4r2_ws/install/mocap4r2_marker_viz_srvs/include/mocap4r2_marker_viz_srvs/srv/detail/reset_marker_color__traits.hpp\n'}
[21.877090] (mocap4r2_marker_viz_srvs) StdoutLine: {'line': b'-- Installing: /home/airlab/seed25/ros_packages/mocap4r2_ws/install/mocap4r2_marker_viz_srvs/include/mocap4r2_marker_viz_srvs/srv/detail/reset_marker_color__struct.hpp\n'}
[21.877315] (mocap4r2_marker_viz_srvs) StdoutLine: {'line': b'-- Installing: /home/airlab/seed25/ros_packages/mocap4r2_ws/install/mocap4r2_marker_viz_srvs/include/mocap4r2_marker_viz_srvs/srv/detail/set_marker_color__traits.hpp\n'}
[21.885531] (mocap4r2_marker_viz_srvs) StdoutLine: {'line': b'-- Installing: /home/airlab/seed25/ros_packages/mocap4r2_ws/install/mocap4r2_marker_viz_srvs/include/mocap4r2_marker_viz_srvs/srv/detail/reset_marker_color__type_support.hpp\n'}
[21.885815] (mocap4r2_marker_viz_srvs) StdoutLine: {'line': b'-- Installing: /home/airlab/seed25/ros_packages/mocap4r2_ws/install/mocap4r2_marker_viz_srvs/include/mocap4r2_marker_viz_srvs/srv/detail/set_marker_color__builder.hpp\n'}
[21.886017] (mocap4r2_marker_viz_srvs) StdoutLine: {'line': b'-- Installing: /home/airlab/seed25/ros_packages/mocap4r2_ws/install/mocap4r2_marker_viz_srvs/include/mocap4r2_marker_viz_srvs/srv/detail/set_marker_color__type_support.hpp\n'}
[21.886178] (mocap4r2_marker_viz_srvs) StdoutLine: {'line': b'-- Installing: /home/airlab/seed25/ros_packages/mocap4r2_ws/install/mocap4r2_marker_viz_srvs/include/mocap4r2_marker_viz_srvs/srv/set_marker_color.hpp\n'}
[21.886331] (mocap4r2_marker_viz_srvs) StdoutLine: {'line': b'-- Installing: /home/airlab/seed25/ros_packages/mocap4r2_ws/install/mocap4r2_marker_viz_srvs/include/mocap4r2_marker_viz_srvs/srv/reset_marker_color.hpp\n'}
[21.886475] (mocap4r2_marker_viz_srvs) StdoutLine: {'line': b'-- Up-to-date: /home/airlab/seed25/ros_packages/mocap4r2_ws/install/mocap4r2_marker_viz_srvs/include/mocap4r2_marker_viz_srvs\n'}
[21.886619] (mocap4r2_marker_viz_srvs) StdoutLine: {'line': b'-- Up-to-date: /home/airlab/seed25/ros_packages/mocap4r2_ws/install/mocap4r2_marker_viz_srvs/include/mocap4r2_marker_viz_srvs/srv\n'}
[21.886759] (mocap4r2_marker_viz_srvs) StdoutLine: {'line': b'-- Up-to-date: /home/airlab/seed25/ros_packages/mocap4r2_ws/install/mocap4r2_marker_viz_srvs/include/mocap4r2_marker_viz_srvs/srv/detail\n'}
[21.886898] (mocap4r2_marker_viz_srvs) StdoutLine: {'line': b'-- Installing: /home/airlab/seed25/ros_packages/mocap4r2_ws/install/mocap4r2_marker_viz_srvs/include/mocap4r2_marker_viz_srvs/srv/detail/set_marker_color__rosidl_typesupport_introspection_cpp.hpp\n'}
[21.887034] (mocap4r2_marker_viz_srvs) StdoutLine: {'line': b'-- Installing: /home/airlab/seed25/ros_packages/mocap4r2_ws/install/mocap4r2_marker_viz_srvs/include/mocap4r2_marker_viz_srvs/srv/detail/reset_marker_color__rosidl_typesupport_introspection_cpp.hpp\n'}
[21.887169] (mocap4r2_marker_viz_srvs) StdoutLine: {'line': b'-- Installing: /home/airlab/seed25/ros_packages/mocap4r2_ws/install/mocap4r2_marker_viz_srvs/include/mocap4r2_marker_viz_srvs/srv/detail/reset_marker_color__type_support.cpp\n'}
[21.887300] (mocap4r2_marker_viz_srvs) StdoutLine: {'line': b'-- Installing: /home/airlab/seed25/ros_packages/mocap4r2_ws/install/mocap4r2_marker_viz_srvs/include/mocap4r2_marker_viz_srvs/srv/detail/set_marker_color__type_support.cpp\n'}
[21.887429] (mocap4r2_marker_viz_srvs) StdoutLine: {'line': b'-- Installing: /home/airlab/seed25/ros_packages/mocap4r2_ws/install/mocap4r2_marker_viz_srvs/lib/libmocap4r2_marker_viz_srvs__rosidl_typesupport_introspection_cpp.so\n'}
[21.887558] (mocap4r2_marker_viz_srvs) StdoutLine: {'line': b'-- Set runtime path of "/home/airlab/seed25/ros_packages/mocap4r2_ws/install/mocap4r2_marker_viz_srvs/lib/libmocap4r2_marker_viz_srvs__rosidl_typesupport_introspection_cpp.so" to ""\n'}
[21.887690] (mocap4r2_marker_viz_srvs) StdoutLine: {'line': b'-- Installing: /home/airlab/seed25/ros_packages/mocap4r2_ws/install/mocap4r2_marker_viz_srvs/lib/libmocap4r2_marker_viz_srvs__rosidl_typesupport_cpp.so\n'}
[21.887846] (mocap4r2_marker_viz_srvs) StdoutLine: {'line': b'-- Set runtime path of "/home/airlab/seed25/ros_packages/mocap4r2_ws/install/mocap4r2_marker_viz_srvs/lib/libmocap4r2_marker_viz_srvs__rosidl_typesupport_cpp.so" to ""\n'}
[21.887979] (mocap4r2_marker_viz_srvs) StdoutLine: {'line': b'-- Installing: /home/airlab/seed25/ros_packages/mocap4r2_ws/install/mocap4r2_marker_viz_srvs/share/mocap4r2_marker_viz_srvs/environment/pythonpath.sh\n'}
[21.888110] (mocap4r2_marker_viz_srvs) StdoutLine: {'line': b'-- Installing: /home/airlab/seed25/ros_packages/mocap4r2_ws/install/mocap4r2_marker_viz_srvs/share/mocap4r2_marker_viz_srvs/environment/pythonpath.dsv\n'}
[21.888236] (mocap4r2_marker_viz_srvs) StdoutLine: {'line': b'-- Installing: /home/airlab/seed25/ros_packages/mocap4r2_ws/install/mocap4r2_marker_viz_srvs/lib/python3.8/site-packages/mocap4r2_marker_viz_srvs/__init__.py\n'}
[21.907207] (-) TimerEvent: {}
[21.951517] (mocap4r2_marker_viz_srvs) StdoutLine: {'line': b"Compiling '/home/airlab/seed25/ros_packages/mocap4r2_ws/install/mocap4r2_marker_viz_srvs/lib/python3.8/site-packages/mocap4r2_marker_viz_srvs/__init__.py'...\n"}
[21.963700] (mocap4r2_marker_viz_srvs) StdoutLine: {'line': b'-- Installing: /home/airlab/seed25/ros_packages/mocap4r2_ws/install/mocap4r2_marker_viz_srvs/lib/python3.8/site-packages/mocap4r2_marker_viz_srvs/srv\n'}
[21.964288] (mocap4r2_marker_viz_srvs) StdoutLine: {'line': b'-- Installing: /home/airlab/seed25/ros_packages/mocap4r2_ws/install/mocap4r2_marker_viz_srvs/lib/python3.8/site-packages/mocap4r2_marker_viz_srvs/srv/_set_marker_color.py\n'}
[21.964546] (mocap4r2_marker_viz_srvs) StdoutLine: {'line': b'-- Installing: /home/airlab/seed25/ros_packages/mocap4r2_ws/install/mocap4r2_marker_viz_srvs/lib/python3.8/site-packages/mocap4r2_marker_viz_srvs/srv/__init__.py\n'}
[21.964787] (mocap4r2_marker_viz_srvs) StdoutLine: {'line': b'-- Installing: /home/airlab/seed25/ros_packages/mocap4r2_ws/install/mocap4r2_marker_viz_srvs/lib/python3.8/site-packages/mocap4r2_marker_viz_srvs/srv/_reset_marker_color_s.c\n'}
[21.965084] (mocap4r2_marker_viz_srvs) StdoutLine: {'line': b'-- Installing: /home/airlab/seed25/ros_packages/mocap4r2_ws/install/mocap4r2_marker_viz_srvs/lib/python3.8/site-packages/mocap4r2_marker_viz_srvs/srv/_reset_marker_color.py\n'}
[21.965250] (mocap4r2_marker_viz_srvs) StdoutLine: {'line': b'-- Installing: /home/airlab/seed25/ros_packages/mocap4r2_ws/install/mocap4r2_marker_viz_srvs/lib/python3.8/site-packages/mocap4r2_marker_viz_srvs/srv/_set_marker_color_s.c\n'}
[21.965836] (mocap4r2_marker_viz_srvs) StdoutLine: {'line': b'-- Installing: /home/airlab/seed25/ros_packages/mocap4r2_ws/install/mocap4r2_marker_viz_srvs/lib/python3.8/site-packages/mocap4r2_marker_viz_srvs/mocap4r2_marker_viz_srvs_s__rosidl_typesupport_fastrtps_c.cpython-38-aarch64-linux-gnu.so\n'}
[21.967023] (mocap4r2_marker_viz_srvs) StdoutLine: {'line': b'-- Set runtime path of "/home/airlab/seed25/ros_packages/mocap4r2_ws/install/mocap4r2_marker_viz_srvs/lib/python3.8/site-packages/mocap4r2_marker_viz_srvs/mocap4r2_marker_viz_srvs_s__rosidl_typesupport_fastrtps_c.cpython-38-aarch64-linux-gnu.so" to ""\n'}
[21.967611] (mocap4r2_marker_viz_srvs) StdoutLine: {'line': b'-- Installing: /home/airlab/seed25/ros_packages/mocap4r2_ws/install/mocap4r2_marker_viz_srvs/lib/python3.8/site-packages/mocap4r2_marker_viz_srvs/mocap4r2_marker_viz_srvs_s__rosidl_typesupport_introspection_c.cpython-38-aarch64-linux-gnu.so\n'}
[21.968788] (mocap4r2_marker_viz_srvs) StdoutLine: {'line': b'-- Set runtime path of "/home/airlab/seed25/ros_packages/mocap4r2_ws/install/mocap4r2_marker_viz_srvs/lib/python3.8/site-packages/mocap4r2_marker_viz_srvs/mocap4r2_marker_viz_srvs_s__rosidl_typesupport_introspection_c.cpython-38-aarch64-linux-gnu.so" to ""\n'}
[21.969343] (mocap4r2_marker_viz_srvs) StdoutLine: {'line': b'-- Installing: /home/airlab/seed25/ros_packages/mocap4r2_ws/install/mocap4r2_marker_viz_srvs/lib/python3.8/site-packages/mocap4r2_marker_viz_srvs/mocap4r2_marker_viz_srvs_s__rosidl_typesupport_c.cpython-38-aarch64-linux-gnu.so\n'}
[21.970434] (mocap4r2_marker_viz_srvs) StdoutLine: {'line': b'-- Set runtime path of "/home/airlab/seed25/ros_packages/mocap4r2_ws/install/mocap4r2_marker_viz_srvs/lib/python3.8/site-packages/mocap4r2_marker_viz_srvs/mocap4r2_marker_viz_srvs_s__rosidl_typesupport_c.cpython-38-aarch64-linux-gnu.so" to ""\n'}
[21.970697] (mocap4r2_marker_viz_srvs) StdoutLine: {'line': b'-- Installing: /home/airlab/seed25/ros_packages/mocap4r2_ws/install/mocap4r2_marker_viz_srvs/lib/libmocap4r2_marker_viz_srvs__python.so\n'}
[21.971335] (mocap4r2_marker_viz_srvs) StdoutLine: {'line': b'-- Set runtime path of "/home/airlab/seed25/ros_packages/mocap4r2_ws/install/mocap4r2_marker_viz_srvs/lib/libmocap4r2_marker_viz_srvs__python.so" to ""\n'}
[21.971622] (mocap4r2_marker_viz_srvs) StdoutLine: {'line': b'-- Installing: /home/airlab/seed25/ros_packages/mocap4r2_ws/install/mocap4r2_marker_viz_srvs/share/mocap4r2_marker_viz_srvs/srv/SetMarkerColor.idl\n'}
[21.971956] (mocap4r2_marker_viz_srvs) StdoutLine: {'line': b'-- Installing: /home/airlab/seed25/ros_packages/mocap4r2_ws/install/mocap4r2_marker_viz_srvs/share/mocap4r2_marker_viz_srvs/srv/ResetMarkerColor.idl\n'}
[21.972277] (mocap4r2_marker_viz_srvs) StdoutLine: {'line': b'-- Installing: /home/airlab/seed25/ros_packages/mocap4r2_ws/install/mocap4r2_marker_viz_srvs/share/mocap4r2_marker_viz_srvs/srv/SetMarkerColor.srv\n'}
[21.972596] (mocap4r2_marker_viz_srvs) StdoutLine: {'line': b'-- Installing: /home/airlab/seed25/ros_packages/mocap4r2_ws/install/mocap4r2_marker_viz_srvs/share/mocap4r2_marker_viz_srvs/srv/SetMarkerColor_Request.msg\n'}
[21.972912] (mocap4r2_marker_viz_srvs) StdoutLine: {'line': b'-- Installing: /home/airlab/seed25/ros_packages/mocap4r2_ws/install/mocap4r2_marker_viz_srvs/share/mocap4r2_marker_viz_srvs/srv/SetMarkerColor_Response.msg\n'}
[21.973271] (mocap4r2_marker_viz_srvs) StdoutLine: {'line': b'-- Installing: /home/airlab/seed25/ros_packages/mocap4r2_ws/install/mocap4r2_marker_viz_srvs/share/mocap4r2_marker_viz_srvs/srv/ResetMarkerColor.srv\n'}
[21.973582] (mocap4r2_marker_viz_srvs) StdoutLine: {'line': b'-- Installing: /home/airlab/seed25/ros_packages/mocap4r2_ws/install/mocap4r2_marker_viz_srvs/share/mocap4r2_marker_viz_srvs/srv/ResetMarkerColor_Request.msg\n'}
[21.973892] (mocap4r2_marker_viz_srvs) StdoutLine: {'line': b'-- Installing: /home/airlab/seed25/ros_packages/mocap4r2_ws/install/mocap4r2_marker_viz_srvs/share/mocap4r2_marker_viz_srvs/srv/ResetMarkerColor_Response.msg\n'}
[21.974340] (mocap4r2_marker_viz_srvs) StdoutLine: {'line': b'-- Installing: /home/airlab/seed25/ros_packages/mocap4r2_ws/install/mocap4r2_marker_viz_srvs/share/ament_index/resource_index/package_run_dependencies/mocap4r2_marker_viz_srvs\n'}
[21.974783] (mocap4r2_marker_viz_srvs) StdoutLine: {'line': b'-- Installing: /home/airlab/seed25/ros_packages/mocap4r2_ws/install/mocap4r2_marker_viz_srvs/share/ament_index/resource_index/parent_prefix_path/mocap4r2_marker_viz_srvs\n'}
[21.975126] (mocap4r2_marker_viz_srvs) StdoutLine: {'line': b'-- Installing: /home/airlab/seed25/ros_packages/mocap4r2_ws/install/mocap4r2_marker_viz_srvs/share/mocap4r2_marker_viz_srvs/environment/ament_prefix_path.sh\n'}
[21.975458] (mocap4r2_marker_viz_srvs) StdoutLine: {'line': b'-- Installing: /home/airlab/seed25/ros_packages/mocap4r2_ws/install/mocap4r2_marker_viz_srvs/share/mocap4r2_marker_viz_srvs/environment/ament_prefix_path.dsv\n'}
[21.975777] (mocap4r2_marker_viz_srvs) StdoutLine: {'line': b'-- Installing: /home/airlab/seed25/ros_packages/mocap4r2_ws/install/mocap4r2_marker_viz_srvs/share/mocap4r2_marker_viz_srvs/environment/path.sh\n'}
[21.976097] (mocap4r2_marker_viz_srvs) StdoutLine: {'line': b'-- Installing: /home/airlab/seed25/ros_packages/mocap4r2_ws/install/mocap4r2_marker_viz_srvs/share/mocap4r2_marker_viz_srvs/environment/path.dsv\n'}
[21.976405] (mocap4r2_marker_viz_srvs) StdoutLine: {'line': b'-- Installing: /home/airlab/seed25/ros_packages/mocap4r2_ws/install/mocap4r2_marker_viz_srvs/share/mocap4r2_marker_viz_srvs/local_setup.bash\n'}
[21.976713] (mocap4r2_marker_viz_srvs) StdoutLine: {'line': b'-- Installing: /home/airlab/seed25/ros_packages/mocap4r2_ws/install/mocap4r2_marker_viz_srvs/share/mocap4r2_marker_viz_srvs/local_setup.sh\n'}
[21.977063] (mocap4r2_marker_viz_srvs) StdoutLine: {'line': b'-- Installing: /home/airlab/seed25/ros_packages/mocap4r2_ws/install/mocap4r2_marker_viz_srvs/share/mocap4r2_marker_viz_srvs/local_setup.zsh\n'}
[21.977374] (mocap4r2_marker_viz_srvs) StdoutLine: {'line': b'-- Installing: /home/airlab/seed25/ros_packages/mocap4r2_ws/install/mocap4r2_marker_viz_srvs/share/mocap4r2_marker_viz_srvs/local_setup.dsv\n'}
[21.977670] (mocap4r2_marker_viz_srvs) StdoutLine: {'line': b'-- Installing: /home/airlab/seed25/ros_packages/mocap4r2_ws/install/mocap4r2_marker_viz_srvs/share/mocap4r2_marker_viz_srvs/package.dsv\n'}
[21.978072] (mocap4r2_marker_viz_srvs) StdoutLine: {'line': b'-- Installing: /home/airlab/seed25/ros_packages/mocap4r2_ws/install/mocap4r2_marker_viz_srvs/share/ament_index/resource_index/packages/mocap4r2_marker_viz_srvs\n'}
[21.978594] (mocap4r2_marker_viz_srvs) StdoutLine: {'line': b'-- Installing: /home/airlab/seed25/ros_packages/mocap4r2_ws/install/mocap4r2_marker_viz_srvs/share/mocap4r2_marker_viz_srvs/cmake/mocap4r2_marker_viz_srvs__rosidl_generator_cExport.cmake\n'}
[21.978940] (mocap4r2_marker_viz_srvs) StdoutLine: {'line': b'-- Installing: /home/airlab/seed25/ros_packages/mocap4r2_ws/install/mocap4r2_marker_viz_srvs/share/mocap4r2_marker_viz_srvs/cmake/mocap4r2_marker_viz_srvs__rosidl_generator_cExport-noconfig.cmake\n'}
[21.979407] (mocap4r2_marker_viz_srvs) StdoutLine: {'line': b'-- Installing: /home/airlab/seed25/ros_packages/mocap4r2_ws/install/mocap4r2_marker_viz_srvs/share/mocap4r2_marker_viz_srvs/cmake/mocap4r2_marker_viz_srvs__rosidl_typesupport_introspection_cExport.cmake\n'}
[21.979774] (mocap4r2_marker_viz_srvs) StdoutLine: {'line': b'-- Installing: /home/airlab/seed25/ros_packages/mocap4r2_ws/install/mocap4r2_marker_viz_srvs/share/mocap4r2_marker_viz_srvs/cmake/mocap4r2_marker_viz_srvs__rosidl_typesupport_introspection_cExport-noconfig.cmake\n'}
[21.980223] (mocap4r2_marker_viz_srvs) StdoutLine: {'line': b'-- Installing: /home/airlab/seed25/ros_packages/mocap4r2_ws/install/mocap4r2_marker_viz_srvs/share/mocap4r2_marker_viz_srvs/cmake/mocap4r2_marker_viz_srvs__rosidl_typesupport_cExport.cmake\n'}
[21.980577] (mocap4r2_marker_viz_srvs) StdoutLine: {'line': b'-- Installing: /home/airlab/seed25/ros_packages/mocap4r2_ws/install/mocap4r2_marker_viz_srvs/share/mocap4r2_marker_viz_srvs/cmake/mocap4r2_marker_viz_srvs__rosidl_typesupport_cExport-noconfig.cmake\n'}
[21.981119] (mocap4r2_marker_viz_srvs) StdoutLine: {'line': b'-- Installing: /home/airlab/seed25/ros_packages/mocap4r2_ws/install/mocap4r2_marker_viz_srvs/share/mocap4r2_marker_viz_srvs/cmake/mocap4r2_marker_viz_srvs__rosidl_generator_cppExport.cmake\n'}
[21.981592] (mocap4r2_marker_viz_srvs) StdoutLine: {'line': b'-- Installing: /home/airlab/seed25/ros_packages/mocap4r2_ws/install/mocap4r2_marker_viz_srvs/share/mocap4r2_marker_viz_srvs/cmake/mocap4r2_marker_viz_srvs__rosidl_typesupport_introspection_cppExport.cmake\n'}
[21.981941] (mocap4r2_marker_viz_srvs) StdoutLine: {'line': b'-- Installing: /home/airlab/seed25/ros_packages/mocap4r2_ws/install/mocap4r2_marker_viz_srvs/share/mocap4r2_marker_viz_srvs/cmake/mocap4r2_marker_viz_srvs__rosidl_typesupport_introspection_cppExport-noconfig.cmake\n'}
[21.982396] (mocap4r2_marker_viz_srvs) StdoutLine: {'line': b'-- Installing: /home/airlab/seed25/ros_packages/mocap4r2_ws/install/mocap4r2_marker_viz_srvs/share/mocap4r2_marker_viz_srvs/cmake/mocap4r2_marker_viz_srvs__rosidl_typesupport_cppExport.cmake\n'}
[21.982745] (mocap4r2_marker_viz_srvs) StdoutLine: {'line': b'-- Installing: /home/airlab/seed25/ros_packages/mocap4r2_ws/install/mocap4r2_marker_viz_srvs/share/mocap4r2_marker_viz_srvs/cmake/mocap4r2_marker_viz_srvs__rosidl_typesupport_cppExport-noconfig.cmake\n'}
[21.983081] (mocap4r2_marker_viz_srvs) StdoutLine: {'line': b'-- Installing: /home/airlab/seed25/ros_packages/mocap4r2_ws/install/mocap4r2_marker_viz_srvs/share/mocap4r2_marker_viz_srvs/cmake/rosidl_cmake-extras.cmake\n'}
[21.983402] (mocap4r2_marker_viz_srvs) StdoutLine: {'line': b'-- Installing: /home/airlab/seed25/ros_packages/mocap4r2_ws/install/mocap4r2_marker_viz_srvs/share/mocap4r2_marker_viz_srvs/cmake/ament_cmake_export_dependencies-extras.cmake\n'}
[21.983745] (mocap4r2_marker_viz_srvs) StdoutLine: {'line': b'-- Installing: /home/airlab/seed25/ros_packages/mocap4r2_ws/install/mocap4r2_marker_viz_srvs/share/mocap4r2_marker_viz_srvs/cmake/ament_cmake_export_libraries-extras.cmake\n'}
[21.984083] (mocap4r2_marker_viz_srvs) StdoutLine: {'line': b'-- Installing: /home/airlab/seed25/ros_packages/mocap4r2_ws/install/mocap4r2_marker_viz_srvs/share/mocap4r2_marker_viz_srvs/cmake/ament_cmake_export_targets-extras.cmake\n'}
[21.984396] (mocap4r2_marker_viz_srvs) StdoutLine: {'line': b'-- Installing: /home/airlab/seed25/ros_packages/mocap4r2_ws/install/mocap4r2_marker_viz_srvs/share/mocap4r2_marker_viz_srvs/cmake/ament_cmake_export_include_directories-extras.cmake\n'}
[21.984711] (mocap4r2_marker_viz_srvs) StdoutLine: {'line': b'-- Installing: /home/airlab/seed25/ros_packages/mocap4r2_ws/install/mocap4r2_marker_viz_srvs/share/mocap4r2_marker_viz_srvs/cmake/rosidl_cmake_export_typesupport_libraries-extras.cmake\n'}
[21.985049] (mocap4r2_marker_viz_srvs) StdoutLine: {'line': b'-- Installing: /home/airlab/seed25/ros_packages/mocap4r2_ws/install/mocap4r2_marker_viz_srvs/share/mocap4r2_marker_viz_srvs/cmake/rosidl_cmake_export_typesupport_targets-extras.cmake\n'}
[21.985379] (mocap4r2_marker_viz_srvs) StdoutLine: {'line': b'-- Installing: /home/airlab/seed25/ros_packages/mocap4r2_ws/install/mocap4r2_marker_viz_srvs/share/mocap4r2_marker_viz_srvs/cmake/mocap4r2_marker_viz_srvsConfig.cmake\n'}
[21.985617] (mocap4r2_marker_viz_srvs) StdoutLine: {'line': b'-- Installing: /home/airlab/seed25/ros_packages/mocap4r2_ws/install/mocap4r2_marker_viz_srvs/share/mocap4r2_marker_viz_srvs/cmake/mocap4r2_marker_viz_srvsConfig-version.cmake\n'}
[21.985941] (mocap4r2_marker_viz_srvs) StdoutLine: {'line': b'-- Installing: /home/airlab/seed25/ros_packages/mocap4r2_ws/install/mocap4r2_marker_viz_srvs/share/mocap4r2_marker_viz_srvs/package.xml\n'}
[21.987120] (mocap4r2_control_msgs) StdoutLine: {'line': b'[ 84%] \x1b[32m\x1b[1mLinking C shared library rosidl_generator_py/mocap4r2_control_msgs/libmocap4r2_control_msgs__python.so\x1b[0m\n'}
[21.990672] (mocap4r2_marker_viz_srvs) CommandEnded: {'returncode': 0}
[22.008366] (-) TimerEvent: {}
[22.041708] (mocap4r2_marker_viz_srvs) JobEnded: {'identifier': 'mocap4r2_marker_viz_srvs', 'rc': 0}
[22.083176] (mocap4r2_control_msgs) StdoutLine: {'line': b'[ 84%] Built target mocap4r2_control_msgs__python\n'}
[22.104292] (mocap4r2_control_msgs) StdoutLine: {'line': b'\x1b[35m\x1b[1mScanning dependencies of target mocap4r2_control_msgs__rosidl_typesupport_c__pyext\x1b[0m\n'}
[22.108534] (-) TimerEvent: {}
[22.119547] (mocap4r2_control_msgs) StdoutLine: {'line': b'\x1b[35m\x1b[1mScanning dependencies of target mocap4r2_control_msgs__rosidl_typesupport_introspection_c__pyext\x1b[0m\n'}
[22.127170] (mocap4r2_control_msgs) StdoutLine: {'line': b'\x1b[35m\x1b[1mScanning dependencies of target mocap4r2_control_msgs__rosidl_typesupport_fastrtps_c__pyext\x1b[0m\n'}
[22.128677] (mocap4r2_msgs) StdoutLine: {'line': b'\x1b[35m\x1b[1mScanning dependencies of target mocap4r2_msgs__rosidl_typesupport_fastrtps_c\x1b[0m\n'}
[22.148382] (mocap4r2_control_msgs) StdoutLine: {'line': b'[ 87%] \x1b[32mBuilding C object CMakeFiles/mocap4r2_control_msgs__rosidl_typesupport_c__pyext.dir/rosidl_generator_py/mocap4r2_control_msgs/_mocap4r2_control_msgs_s.ep.rosidl_typesupport_c.c.o\x1b[0m\n'}
[22.164493] (mocap4r2_control_msgs) StdoutLine: {'line': b'[ 89%] \x1b[32mBuilding C object CMakeFiles/mocap4r2_control_msgs__rosidl_typesupport_introspection_c__pyext.dir/rosidl_generator_py/mocap4r2_control_msgs/_mocap4r2_control_msgs_s.ep.rosidl_typesupport_introspection_c.c.o\x1b[0m\n'}
[22.179262] (mocap4r2_control_msgs) StdoutLine: {'line': b'[ 92%] \x1b[32mBuilding C object CMakeFiles/mocap4r2_control_msgs__rosidl_typesupport_fastrtps_c__pyext.dir/rosidl_generator_py/mocap4r2_control_msgs/_mocap4r2_control_msgs_s.ep.rosidl_typesupport_fastrtps_c.c.o\x1b[0m\n'}
[22.195021] (mocap4r2_msgs) StdoutLine: {'line': b'[ 71%] \x1b[32mBuilding CXX object CMakeFiles/mocap4r2_msgs__rosidl_typesupport_fastrtps_c.dir/rosidl_typesupport_fastrtps_c/mocap4r2_msgs/msg/detail/marker__type_support_c.cpp.o\x1b[0m\n'}
[22.203477] (mocap4r2_msgs) StdoutLine: {'line': b'[ 73%] \x1b[32mBuilding CXX object CMakeFiles/mocap4r2_msgs__rosidl_typesupport_fastrtps_c.dir/rosidl_typesupport_fastrtps_c/mocap4r2_msgs/msg/detail/imus_info__type_support_c.cpp.o\x1b[0m\n'}
[22.208715] (-) TimerEvent: {}
[22.217446] (mocap4r2_msgs) StdoutLine: {'line': b'[ 74%] \x1b[32mBuilding CXX object CMakeFiles/mocap4r2_msgs__rosidl_typesupport_fastrtps_c.dir/rosidl_typesupport_fastrtps_c/mocap4r2_msgs/msg/detail/markers__type_support_c.cpp.o\x1b[0m\n'}
[22.308931] (-) TimerEvent: {}
[22.368518] (mocap4r2_control_msgs) StdoutLine: {'line': b'[ 94%] \x1b[32m\x1b[1mLinking C shared library rosidl_generator_py/mocap4r2_control_msgs/mocap4r2_control_msgs_s__rosidl_typesupport_introspection_c.cpython-38-aarch64-linux-gnu.so\x1b[0m\n'}
[22.390467] (mocap4r2_control_msgs) StdoutLine: {'line': b'[ 97%] \x1b[32m\x1b[1mLinking C shared library rosidl_generator_py/mocap4r2_control_msgs/mocap4r2_control_msgs_s__rosidl_typesupport_c.cpython-38-aarch64-linux-gnu.so\x1b[0m\n'}
[22.409133] (-) TimerEvent: {}
[22.510402] (-) TimerEvent: {}
[22.579498] (mocap4r2_control_msgs) StdoutLine: {'line': b'[ 97%] Built target mocap4r2_control_msgs__rosidl_typesupport_c__pyext\n'}
[22.591358] (mocap4r2_control_msgs) StdoutLine: {'line': b'[100%] \x1b[32m\x1b[1mLinking CXX shared library rosidl_generator_py/mocap4r2_control_msgs/mocap4r2_control_msgs_s__rosidl_typesupport_fastrtps_c.cpython-38-aarch64-linux-gnu.so\x1b[0m\n'}
[22.593942] (mocap4r2_control_msgs) StdoutLine: {'line': b'[100%] Built target mocap4r2_control_msgs__rosidl_typesupport_introspection_c__pyext\n'}
[22.610611] (-) TimerEvent: {}
[22.711853] (-) TimerEvent: {}
[22.738270] (mocap4r2_control_msgs) StdoutLine: {'line': b'[100%] Built target mocap4r2_control_msgs__rosidl_typesupport_fastrtps_c__pyext\n'}
[22.774543] (mocap4r2_control_msgs) CommandEnded: {'returncode': 0}
[22.776784] (mocap4r2_control_msgs) JobProgress: {'identifier': 'mocap4r2_control_msgs', 'progress': 'install'}
[22.776897] (mocap4r2_control_msgs) Command: {'cmd': ['/usr/bin/cmake', '--install', '/home/airlab/seed25/ros_packages/mocap4r2_ws/build/mocap4r2_control_msgs'], 'cwd': '/home/airlab/seed25/ros_packages/mocap4r2_ws/build/mocap4r2_control_msgs', 'env': OrderedDict([('LESSOPEN', '| /usr/bin/lesspipe %s'), ('USER', 'airlab'), ('SSH_CLIENT', '192.168.0.184 49493 22'), ('XDG_SESSION_TYPE', 'tty'), ('SHLVL', '1'), ('LD_LIBRARY_PATH', '/home/airlab/seed25/ros_packages/mocap4r2_ws/install/mocap4r2_robot_gt_msgs/lib:/home/airlab/seed25/ros_packages/mocap4r2_ws/install/mocap4r2_msgs/lib:/home/airlab/seed25/ros_packages/mocap4r2_ws/install/mocap4r2_marker_viz_srvs/lib:/home/airlab/seed25/ros_packages/mocap4r2_ws/install/mocap4r2_control_msgs/lib:/usr/local/cuda-11.4/lib64:/usr/local/cuda-11.4/lib64:/opt/ros/foxy/opt/yaml_cpp_vendor/lib:/opt/ros/foxy/opt/rviz_ogre_vendor/lib:/opt/ros/foxy/lib/aarch64-linux-gnu:/opt/ros/foxy/lib:/usr/local/cuda-11.4/lib64:'), ('MOTD_SHOWN', 'pam'), ('HOME', '/home/airlab'), ('OLDPWD', '/home/airlab/seed25/ros_packages/mocap4r2_ws/src'), ('SSH_TTY', '/dev/pts/1'), ('JETSON_L4T', '35.6.1'), ('ROS_PYTHON_VERSION', '3'), ('JETSON_MODEL', 'NVIDIA Orin NX Developer Kit'), ('DBUS_SESSION_BUS_ADDRESS', 'unix:path=/run/user/1000/bus'), ('COLCON_PREFIX_PATH', '/home/airlab/seed25/ros_packages/mocap4r2_ws/install'), ('ROS_DISTRO', 'foxy'), ('LOGNAME', 'airlab'), ('JETSON_MODULE', 'NVIDIA Jetson Orin NX (16GB ram)'), ('JETSON_SERIAL_NUMBER', '1425023203559'), ('_', '/usr/bin/colcon'), ('ROS_VERSION', '2'), ('JETSON_CODENAME', 'P3768'), ('XDG_SESSION_CLASS', 'user'), ('TERM', 'xterm'), ('XDG_SESSION_ID', '8'), ('ROS_LOCALHOST_ONLY', '0'), ('PATH', '/usr/local/cuda-11.4/bin:/usr/local/cuda-11.4/bin:/home/airlab/.local/bin:/opt/ros/foxy/bin:/usr/local/cuda-11.4/bin:/usr/local/sbin:/usr/local/bin:/usr/sbin:/usr/bin:/sbin:/bin:/usr/games:/usr/local/games:/snap/bin'), ('XDG_RUNTIME_DIR', '/run/user/1000'), ('DISPLAY', 'localhost:11.0'), ('LANG', 'en_US.UTF-8'), ('LS_COLORS', 'rs=0:di=01;34:ln=01;36:mh=00:pi=40;33:so=01;35:do=01;35:bd=40;33;01:cd=40;33;01:or=40;31;01:mi=00:su=37;41:sg=30;43:ca=30;41:tw=30;42:ow=34;42:st=37;44:ex=01;32:*.tar=01;31:*.tgz=01;31:*.arc=01;31:*.arj=01;31:*.taz=01;31:*.lha=01;31:*.lz4=01;31:*.lzh=01;31:*.lzma=01;31:*.tlz=01;31:*.txz=01;31:*.tzo=01;31:*.t7z=01;31:*.zip=01;31:*.z=01;31:*.dz=01;31:*.gz=01;31:*.lrz=01;31:*.lz=01;31:*.lzo=01;31:*.xz=01;31:*.zst=01;31:*.tzst=01;31:*.bz2=01;31:*.bz=01;31:*.tbz=01;31:*.tbz2=01;31:*.tz=01;31:*.deb=01;31:*.rpm=01;31:*.jar=01;31:*.war=01;31:*.ear=01;31:*.sar=01;31:*.rar=01;31:*.alz=01;31:*.ace=01;31:*.zoo=01;31:*.cpio=01;31:*.7z=01;31:*.rz=01;31:*.cab=01;31:*.wim=01;31:*.swm=01;31:*.dwm=01;31:*.esd=01;31:*.jpg=01;35:*.jpeg=01;35:*.mjpg=01;35:*.mjpeg=01;35:*.gif=01;35:*.bmp=01;35:*.pbm=01;35:*.pgm=01;35:*.ppm=01;35:*.tga=01;35:*.xbm=01;35:*.xpm=01;35:*.tif=01;35:*.tiff=01;35:*.png=01;35:*.svg=01;35:*.svgz=01;35:*.mng=01;35:*.pcx=01;35:*.mov=01;35:*.mpg=01;35:*.mpeg=01;35:*.m2v=01;35:*.mkv=01;35:*.webm=01;35:*.ogm=01;35:*.mp4=01;35:*.m4v=01;35:*.mp4v=01;35:*.vob=01;35:*.qt=01;35:*.nuv=01;35:*.wmv=01;35:*.asf=01;35:*.rm=01;35:*.rmvb=01;35:*.flc=01;35:*.avi=01;35:*.fli=01;35:*.flv=01;35:*.gl=01;35:*.dl=01;35:*.xcf=01;35:*.xwd=01;35:*.yuv=01;35:*.cgm=01;35:*.emf=01;35:*.ogv=01;35:*.ogx=01;35:*.aac=00;36:*.au=00;36:*.flac=00;36:*.m4a=00;36:*.mid=00;36:*.midi=00;36:*.mka=00;36:*.mp3=00;36:*.mpc=00;36:*.ogg=00;36:*.ra=00;36:*.wav=00;36:*.oga=00;36:*.opus=00;36:*.spx=00;36:*.xspf=00;36:'), ('JETSON_SOC', 'tegra23x'), ('ROS_DOMAIN_ID', '3'), ('AMENT_PREFIX_PATH', '/home/airlab/seed25/ros_packages/mocap4r2_ws/install/mocap4r2cli:/home/airlab/seed25/ros_packages/mocap4r2_ws/install/mocap4r2_robot_gt_msgs:/home/airlab/seed25/ros_packages/mocap4r2_ws/install/mocap4r2_marker_viz:/home/airlab/seed25/ros_packages/mocap4r2_ws/install/mocap4r2_marker_publisher:/home/airlab/seed25/ros_packages/mocap4r2_ws/install/mocap4r2_msgs:/home/airlab/seed25/ros_packages/mocap4r2_ws/install/mocap4r2_marker_viz_srvs:/home/airlab/seed25/ros_packages/mocap4r2_ws/install/mocap4r2_control_msgs:/opt/ros/foxy'), ('SHELL', '/bin/bash'), ('LESSCLOSE', '/usr/bin/lesspipe %s %s'), ('JETSON_CUDA_ARCH_BIN', '8.7'), ('PWD', '/home/airlab/seed25/ros_packages/mocap4r2_ws/build/mocap4r2_control_msgs'), ('LC_ALL', 'en_US.UTF-8'), ('SSH_CONNECTION', '192.168.0.184 49493 192.168.0.136 22'), ('XDG_DATA_DIRS', '/usr/local/share:/usr/share:/var/lib/snapd/desktop'), ('PYTHONPATH', '/home/airlab/seed25/ros_packages/mocap4r2_ws/install/mocap4r2cli/lib/python3.8/site-packages:/home/airlab/seed25/ros_packages/mocap4r2_ws/install/mocap4r2_robot_gt_msgs/lib/python3.8/site-packages:/home/airlab/seed25/ros_packages/mocap4r2_ws/install/mocap4r2_msgs/lib/python3.8/site-packages:/home/airlab/seed25/ros_packages/mocap4r2_ws/install/mocap4r2_marker_viz_srvs/lib/python3.8/site-packages:/home/airlab/seed25/ros_packages/mocap4r2_ws/install/mocap4r2_control_msgs/lib/python3.8/site-packages:/opt/ros/foxy/lib/python3.8/site-packages'), ('COLCON', '1'), ('JETSON_JETPACK', '5.1.5'), ('CMAKE_PREFIX_PATH', '/home/airlab/seed25/ros_packages/mocap4r2_ws/install/mocap4r2_robot_gt_msgs:/home/airlab/seed25/ros_packages/mocap4r2_ws/install/mocap4r2_marker_viz:/home/airlab/seed25/ros_packages/mocap4r2_ws/install/mocap4r2_marker_publisher:/home/airlab/seed25/ros_packages/mocap4r2_ws/install/mocap4r2_msgs:/home/airlab/seed25/ros_packages/mocap4r2_ws/install/mocap4r2_marker_viz_srvs:/home/airlab/seed25/ros_packages/mocap4r2_ws/install/mocap4r2_control_msgs:/home/airlab/seed25/ros_packages/mocap4r2_ws/install/mocap4r2cli:/opt/ros/foxy'), ('JETSON_P_NUMBER', 'p3767-0000')]), 'shell': False}
[22.804538] (mocap4r2_control_msgs) StdoutLine: {'line': b'-- Install configuration: ""\n'}
[22.805235] (mocap4r2_control_msgs) StdoutLine: {'line': b'-- Installing: /home/airlab/seed25/ros_packages/mocap4r2_ws/install/mocap4r2_control_msgs/share/ament_index/resource_index/rosidl_interfaces/mocap4r2_control_msgs\n'}
[22.805704] (mocap4r2_control_msgs) StdoutLine: {'line': b'-- Installing: /home/airlab/seed25/ros_packages/mocap4r2_ws/install/mocap4r2_control_msgs/include/mocap4r2_control_msgs\n'}
[22.806023] (mocap4r2_control_msgs) StdoutLine: {'line': b'-- Installing: /home/airlab/seed25/ros_packages/mocap4r2_ws/install/mocap4r2_control_msgs/include/mocap4r2_control_msgs/msg\n'}
[22.806278] (mocap4r2_control_msgs) StdoutLine: {'line': b'-- Installing: /home/airlab/seed25/ros_packages/mocap4r2_ws/install/mocap4r2_control_msgs/include/mocap4r2_control_msgs/msg/control.h\n'}
[22.806523] (mocap4r2_control_msgs) StdoutLine: {'line': b'-- Installing: /home/airlab/seed25/ros_packages/mocap4r2_ws/install/mocap4r2_control_msgs/include/mocap4r2_control_msgs/msg/detail\n'}
[22.806755] (mocap4r2_control_msgs) StdoutLine: {'line': b'-- Installing: /home/airlab/seed25/ros_packages/mocap4r2_ws/install/mocap4r2_control_msgs/include/mocap4r2_control_msgs/msg/detail/mocap_info__functions.c\n'}
[22.806988] (mocap4r2_control_msgs) StdoutLine: {'line': b'-- Installing: /home/airlab/seed25/ros_packages/mocap4r2_ws/install/mocap4r2_control_msgs/include/mocap4r2_control_msgs/msg/detail/control__struct.h\n'}
[22.807211] (mocap4r2_control_msgs) StdoutLine: {'line': b'-- Installing: /home/airlab/seed25/ros_packages/mocap4r2_ws/install/mocap4r2_control_msgs/include/mocap4r2_control_msgs/msg/detail/mocap_info__functions.h\n'}
[22.807481] (mocap4r2_control_msgs) StdoutLine: {'line': b'-- Installing: /home/airlab/seed25/ros_packages/mocap4r2_ws/install/mocap4r2_control_msgs/include/mocap4r2_control_msgs/msg/detail/control__type_support.h\n'}
[22.807738] (mocap4r2_control_msgs) StdoutLine: {'line': b'-- Installing: /home/airlab/seed25/ros_packages/mocap4r2_ws/install/mocap4r2_control_msgs/include/mocap4r2_control_msgs/msg/detail/mocap_info__struct.h\n'}
[22.807971] (mocap4r2_control_msgs) StdoutLine: {'line': b'-- Installing: /home/airlab/seed25/ros_packages/mocap4r2_ws/install/mocap4r2_control_msgs/include/mocap4r2_control_msgs/msg/detail/control__functions.h\n'}
[22.808230] (mocap4r2_control_msgs) StdoutLine: {'line': b'-- Installing: /home/airlab/seed25/ros_packages/mocap4r2_ws/install/mocap4r2_control_msgs/include/mocap4r2_control_msgs/msg/detail/mocap_info__type_support.h\n'}
[22.808483] (mocap4r2_control_msgs) StdoutLine: {'line': b'-- Installing: /home/airlab/seed25/ros_packages/mocap4r2_ws/install/mocap4r2_control_msgs/include/mocap4r2_control_msgs/msg/detail/control__functions.c\n'}
[22.808762] (mocap4r2_control_msgs) StdoutLine: {'line': b'-- Installing: /home/airlab/seed25/ros_packages/mocap4r2_ws/install/mocap4r2_control_msgs/include/mocap4r2_control_msgs/msg/rosidl_generator_c__visibility_control.h\n'}
[22.809086] (mocap4r2_control_msgs) StdoutLine: {'line': b'-- Installing: /home/airlab/seed25/ros_packages/mocap4r2_ws/install/mocap4r2_control_msgs/include/mocap4r2_control_msgs/msg/mocap_info.h\n'}
[22.809574] (mocap4r2_control_msgs) StdoutLine: {'line': b'-- Installing: /home/airlab/seed25/ros_packages/mocap4r2_ws/install/mocap4r2_control_msgs/share/mocap4r2_control_msgs/environment/library_path.sh\n'}
[22.809945] (mocap4r2_control_msgs) StdoutLine: {'line': b'-- Installing: /home/airlab/seed25/ros_packages/mocap4r2_ws/install/mocap4r2_control_msgs/share/mocap4r2_control_msgs/environment/library_path.dsv\n'}
[22.810519] (mocap4r2_control_msgs) StdoutLine: {'line': b'-- Installing: /home/airlab/seed25/ros_packages/mocap4r2_ws/install/mocap4r2_control_msgs/lib/libmocap4r2_control_msgs__rosidl_generator_c.so\n'}
[22.811304] (mocap4r2_control_msgs) StdoutLine: {'line': b'-- Set runtime path of "/home/airlab/seed25/ros_packages/mocap4r2_ws/install/mocap4r2_control_msgs/lib/libmocap4r2_control_msgs__rosidl_generator_c.so" to ""\n'}
[22.811732] (mocap4r2_control_msgs) StdoutLine: {'line': b'-- Up-to-date: /home/airlab/seed25/ros_packages/mocap4r2_ws/install/mocap4r2_control_msgs/include/mocap4r2_control_msgs\n'}
[22.811949] (-) TimerEvent: {}
[22.812876] (mocap4r2_control_msgs) StdoutLine: {'line': b'-- Up-to-date: /home/airlab/seed25/ros_packages/mocap4r2_ws/install/mocap4r2_control_msgs/include/mocap4r2_control_msgs/msg\n'}
[22.813185] (mocap4r2_control_msgs) StdoutLine: {'line': b'-- Up-to-date: /home/airlab/seed25/ros_packages/mocap4r2_ws/install/mocap4r2_control_msgs/include/mocap4r2_control_msgs/msg/detail\n'}
[22.813359] (mocap4r2_control_msgs) StdoutLine: {'line': b'-- Installing: /home/airlab/seed25/ros_packages/mocap4r2_ws/install/mocap4r2_control_msgs/include/mocap4r2_control_msgs/msg/detail/control__rosidl_typesupport_fastrtps_c.h\n'}
[22.813509] (mocap4r2_control_msgs) StdoutLine: {'line': b'-- Installing: /home/airlab/seed25/ros_packages/mocap4r2_ws/install/mocap4r2_control_msgs/include/mocap4r2_control_msgs/msg/detail/mocap_info__rosidl_typesupport_fastrtps_c.h\n'}
[22.813648] (mocap4r2_control_msgs) StdoutLine: {'line': b'-- Installing: /home/airlab/seed25/ros_packages/mocap4r2_ws/install/mocap4r2_control_msgs/include/mocap4r2_control_msgs/msg/rosidl_typesupport_fastrtps_c__visibility_control.h\n'}
[22.813874] (mocap4r2_control_msgs) StdoutLine: {'line': b'-- Installing: /home/airlab/seed25/ros_packages/mocap4r2_ws/install/mocap4r2_control_msgs/lib/libmocap4r2_control_msgs__rosidl_typesupport_fastrtps_c.so\n'}
[22.814137] (mocap4r2_control_msgs) StdoutLine: {'line': b'-- Set runtime path of "/home/airlab/seed25/ros_packages/mocap4r2_ws/install/mocap4r2_control_msgs/lib/libmocap4r2_control_msgs__rosidl_typesupport_fastrtps_c.so" to ""\n'}
[22.814339] (mocap4r2_control_msgs) StdoutLine: {'line': b'-- Up-to-date: /home/airlab/seed25/ros_packages/mocap4r2_ws/install/mocap4r2_control_msgs/include/mocap4r2_control_msgs\n'}
[22.814615] (mocap4r2_control_msgs) StdoutLine: {'line': b'-- Up-to-date: /home/airlab/seed25/ros_packages/mocap4r2_ws/install/mocap4r2_control_msgs/include/mocap4r2_control_msgs/msg\n'}
[22.814780] (mocap4r2_control_msgs) StdoutLine: {'line': b'-- Installing: /home/airlab/seed25/ros_packages/mocap4r2_ws/install/mocap4r2_control_msgs/include/mocap4r2_control_msgs/msg/rosidl_typesupport_fastrtps_cpp__visibility_control.h\n'}
[22.814977] (mocap4r2_control_msgs) StdoutLine: {'line': b'-- Up-to-date: /home/airlab/seed25/ros_packages/mocap4r2_ws/install/mocap4r2_control_msgs/include/mocap4r2_control_msgs/msg/detail\n'}
[22.815186] (mocap4r2_control_msgs) StdoutLine: {'line': b'-- Installing: /home/airlab/seed25/ros_packages/mocap4r2_ws/install/mocap4r2_control_msgs/include/mocap4r2_control_msgs/msg/detail/mocap_info__rosidl_typesupport_fastrtps_cpp.hpp\n'}
[22.815329] (mocap4r2_control_msgs) StdoutLine: {'line': b'-- Installing: /home/airlab/seed25/ros_packages/mocap4r2_ws/install/mocap4r2_control_msgs/include/mocap4r2_control_msgs/msg/detail/control__rosidl_typesupport_fastrtps_cpp.hpp\n'}
[22.815509] (mocap4r2_control_msgs) StdoutLine: {'line': b'-- Installing: /home/airlab/seed25/ros_packages/mocap4r2_ws/install/mocap4r2_control_msgs/include/mocap4r2_control_msgs/msg/detail/dds_fastrtps\n'}
[22.815656] (mocap4r2_control_msgs) StdoutLine: {'line': b'-- Installing: /home/airlab/seed25/ros_packages/mocap4r2_ws/install/mocap4r2_control_msgs/lib/libmocap4r2_control_msgs__rosidl_typesupport_fastrtps_cpp.so\n'}
[22.816426] (mocap4r2_control_msgs) StdoutLine: {'line': b'-- Set runtime path of "/home/airlab/seed25/ros_packages/mocap4r2_ws/install/mocap4r2_control_msgs/lib/libmocap4r2_control_msgs__rosidl_typesupport_fastrtps_cpp.so" to ""\n'}
[22.816826] (mocap4r2_control_msgs) StdoutLine: {'line': b'-- Up-to-date: /home/airlab/seed25/ros_packages/mocap4r2_ws/install/mocap4r2_control_msgs/include/mocap4r2_control_msgs\n'}
[22.817088] (mocap4r2_control_msgs) StdoutLine: {'line': b'-- Up-to-date: /home/airlab/seed25/ros_packages/mocap4r2_ws/install/mocap4r2_control_msgs/include/mocap4r2_control_msgs/msg\n'}
[22.817250] (mocap4r2_control_msgs) StdoutLine: {'line': b'-- Up-to-date: /home/airlab/seed25/ros_packages/mocap4r2_ws/install/mocap4r2_control_msgs/include/mocap4r2_control_msgs/msg/detail\n'}
[22.825365] (mocap4r2_control_msgs) StdoutLine: {'line': b'-- Installing: /home/airlab/seed25/ros_packages/mocap4r2_ws/install/mocap4r2_control_msgs/include/mocap4r2_control_msgs/msg/detail/mocap_info__rosidl_typesupport_introspection_c.h\n'}
[22.825739] (mocap4r2_control_msgs) StdoutLine: {'line': b'-- Installing: /home/airlab/seed25/ros_packages/mocap4r2_ws/install/mocap4r2_control_msgs/include/mocap4r2_control_msgs/msg/detail/control__rosidl_typesupport_introspection_c.h\n'}
[22.826061] (mocap4r2_control_msgs) StdoutLine: {'line': b'-- Installing: /home/airlab/seed25/ros_packages/mocap4r2_ws/install/mocap4r2_control_msgs/include/mocap4r2_control_msgs/msg/detail/mocap_info__type_support.c\n'}
[22.826251] (mocap4r2_control_msgs) StdoutLine: {'line': b'-- Installing: /home/airlab/seed25/ros_packages/mocap4r2_ws/install/mocap4r2_control_msgs/include/mocap4r2_control_msgs/msg/detail/control__type_support.c\n'}
[22.826515] (mocap4r2_control_msgs) StdoutLine: {'line': b'-- Installing: /home/airlab/seed25/ros_packages/mocap4r2_ws/install/mocap4r2_control_msgs/include/mocap4r2_control_msgs/msg/rosidl_typesupport_introspection_c__visibility_control.h\n'}
[22.826811] (mocap4r2_control_msgs) StdoutLine: {'line': b'-- Installing: /home/airlab/seed25/ros_packages/mocap4r2_ws/install/mocap4r2_control_msgs/lib/libmocap4r2_control_msgs__rosidl_typesupport_introspection_c.so\n'}
[22.827145] (mocap4r2_control_msgs) StdoutLine: {'line': b'-- Set runtime path of "/home/airlab/seed25/ros_packages/mocap4r2_ws/install/mocap4r2_control_msgs/lib/libmocap4r2_control_msgs__rosidl_typesupport_introspection_c.so" to ""\n'}
[22.827357] (mocap4r2_control_msgs) StdoutLine: {'line': b'-- Installing: /home/airlab/seed25/ros_packages/mocap4r2_ws/install/mocap4r2_control_msgs/lib/libmocap4r2_control_msgs__rosidl_typesupport_c.so\n'}
[22.827621] (mocap4r2_control_msgs) StdoutLine: {'line': b'-- Set runtime path of "/home/airlab/seed25/ros_packages/mocap4r2_ws/install/mocap4r2_control_msgs/lib/libmocap4r2_control_msgs__rosidl_typesupport_c.so" to ""\n'}
[22.827798] (mocap4r2_control_msgs) StdoutLine: {'line': b'-- Up-to-date: /home/airlab/seed25/ros_packages/mocap4r2_ws/install/mocap4r2_control_msgs/include/mocap4r2_control_msgs\n'}
[22.828071] (mocap4r2_control_msgs) StdoutLine: {'line': b'-- Up-to-date: /home/airlab/seed25/ros_packages/mocap4r2_ws/install/mocap4r2_control_msgs/include/mocap4r2_control_msgs/msg\n'}
[22.828234] (mocap4r2_control_msgs) StdoutLine: {'line': b'-- Installing: /home/airlab/seed25/ros_packages/mocap4r2_ws/install/mocap4r2_control_msgs/include/mocap4r2_control_msgs/msg/rosidl_generator_cpp__visibility_control.hpp\n'}
[22.828481] (mocap4r2_control_msgs) StdoutLine: {'line': b'-- Installing: /home/airlab/seed25/ros_packages/mocap4r2_ws/install/mocap4r2_control_msgs/include/mocap4r2_control_msgs/msg/control.hpp\n'}
[22.828643] (mocap4r2_control_msgs) StdoutLine: {'line': b'-- Up-to-date: /home/airlab/seed25/ros_packages/mocap4r2_ws/install/mocap4r2_control_msgs/include/mocap4r2_control_msgs/msg/detail\n'}
[22.828782] (mocap4r2_control_msgs) StdoutLine: {'line': b'-- Installing: /home/airlab/seed25/ros_packages/mocap4r2_ws/install/mocap4r2_control_msgs/include/mocap4r2_control_msgs/msg/detail/control__type_support.hpp\n'}
[22.828918] (mocap4r2_control_msgs) StdoutLine: {'line': b'-- Installing: /home/airlab/seed25/ros_packages/mocap4r2_ws/install/mocap4r2_control_msgs/include/mocap4r2_control_msgs/msg/detail/mocap_info__type_support.hpp\n'}
[22.829170] (mocap4r2_control_msgs) StdoutLine: {'line': b'-- Installing: /home/airlab/seed25/ros_packages/mocap4r2_ws/install/mocap4r2_control_msgs/include/mocap4r2_control_msgs/msg/detail/mocap_info__builder.hpp\n'}
[22.829351] (mocap4r2_control_msgs) StdoutLine: {'line': b'-- Installing: /home/airlab/seed25/ros_packages/mocap4r2_ws/install/mocap4r2_control_msgs/include/mocap4r2_control_msgs/msg/detail/control__builder.hpp\n'}
[22.829517] (mocap4r2_control_msgs) StdoutLine: {'line': b'-- Installing: /home/airlab/seed25/ros_packages/mocap4r2_ws/install/mocap4r2_control_msgs/include/mocap4r2_control_msgs/msg/detail/mocap_info__traits.hpp\n'}
[22.829655] (mocap4r2_control_msgs) StdoutLine: {'line': b'-- Installing: /home/airlab/seed25/ros_packages/mocap4r2_ws/install/mocap4r2_control_msgs/include/mocap4r2_control_msgs/msg/detail/control__struct.hpp\n'}
[22.829788] (mocap4r2_control_msgs) StdoutLine: {'line': b'-- Installing: /home/airlab/seed25/ros_packages/mocap4r2_ws/install/mocap4r2_control_msgs/include/mocap4r2_control_msgs/msg/detail/mocap_info__struct.hpp\n'}
[22.829921] (mocap4r2_control_msgs) StdoutLine: {'line': b'-- Installing: /home/airlab/seed25/ros_packages/mocap4r2_ws/install/mocap4r2_control_msgs/include/mocap4r2_control_msgs/msg/detail/control__traits.hpp\n'}
[22.830049] (mocap4r2_control_msgs) StdoutLine: {'line': b'-- Installing: /home/airlab/seed25/ros_packages/mocap4r2_ws/install/mocap4r2_control_msgs/include/mocap4r2_control_msgs/msg/mocap_info.hpp\n'}
[22.830301] (mocap4r2_control_msgs) StdoutLine: {'line': b'-- Up-to-date: /home/airlab/seed25/ros_packages/mocap4r2_ws/install/mocap4r2_control_msgs/include/mocap4r2_control_msgs\n'}
[22.830461] (mocap4r2_control_msgs) StdoutLine: {'line': b'-- Up-to-date: /home/airlab/seed25/ros_packages/mocap4r2_ws/install/mocap4r2_control_msgs/include/mocap4r2_control_msgs/msg\n'}
[22.830722] (mocap4r2_control_msgs) StdoutLine: {'line': b'-- Up-to-date: /home/airlab/seed25/ros_packages/mocap4r2_ws/install/mocap4r2_control_msgs/include/mocap4r2_control_msgs/msg/detail\n'}
[22.830894] (mocap4r2_control_msgs) StdoutLine: {'line': b'-- Installing: /home/airlab/seed25/ros_packages/mocap4r2_ws/install/mocap4r2_control_msgs/include/mocap4r2_control_msgs/msg/detail/control__rosidl_typesupport_introspection_cpp.hpp\n'}
[22.831039] (mocap4r2_control_msgs) StdoutLine: {'line': b'-- Installing: /home/airlab/seed25/ros_packages/mocap4r2_ws/install/mocap4r2_control_msgs/include/mocap4r2_control_msgs/msg/detail/mocap_info__rosidl_typesupport_introspection_cpp.hpp\n'}
[22.831178] (mocap4r2_control_msgs) StdoutLine: {'line': b'-- Installing: /home/airlab/seed25/ros_packages/mocap4r2_ws/install/mocap4r2_control_msgs/include/mocap4r2_control_msgs/msg/detail/control__type_support.cpp\n'}
[22.831343] (mocap4r2_control_msgs) StdoutLine: {'line': b'-- Installing: /home/airlab/seed25/ros_packages/mocap4r2_ws/install/mocap4r2_control_msgs/include/mocap4r2_control_msgs/msg/detail/mocap_info__type_support.cpp\n'}
[22.831619] (mocap4r2_control_msgs) StdoutLine: {'line': b'-- Installing: /home/airlab/seed25/ros_packages/mocap4r2_ws/install/mocap4r2_control_msgs/lib/libmocap4r2_control_msgs__rosidl_typesupport_introspection_cpp.so\n'}
[22.831796] (mocap4r2_control_msgs) StdoutLine: {'line': b'-- Set runtime path of "/home/airlab/seed25/ros_packages/mocap4r2_ws/install/mocap4r2_control_msgs/lib/libmocap4r2_control_msgs__rosidl_typesupport_introspection_cpp.so" to ""\n'}
[22.832073] (mocap4r2_control_msgs) StdoutLine: {'line': b'-- Installing: /home/airlab/seed25/ros_packages/mocap4r2_ws/install/mocap4r2_control_msgs/lib/libmocap4r2_control_msgs__rosidl_typesupport_cpp.so\n'}
[22.832226] (mocap4r2_control_msgs) StdoutLine: {'line': b'-- Set runtime path of "/home/airlab/seed25/ros_packages/mocap4r2_ws/install/mocap4r2_control_msgs/lib/libmocap4r2_control_msgs__rosidl_typesupport_cpp.so" to ""\n'}
[22.832481] (mocap4r2_control_msgs) StdoutLine: {'line': b'-- Installing: /home/airlab/seed25/ros_packages/mocap4r2_ws/install/mocap4r2_control_msgs/share/mocap4r2_control_msgs/environment/pythonpath.sh\n'}
[22.832681] (mocap4r2_control_msgs) StdoutLine: {'line': b'-- Installing: /home/airlab/seed25/ros_packages/mocap4r2_ws/install/mocap4r2_control_msgs/share/mocap4r2_control_msgs/environment/pythonpath.dsv\n'}
[22.834467] (mocap4r2_control_msgs) StdoutLine: {'line': b'-- Installing: /home/airlab/seed25/ros_packages/mocap4r2_ws/install/mocap4r2_control_msgs/lib/python3.8/site-packages/mocap4r2_control_msgs/__init__.py\n'}
[22.911177] (mocap4r2_control_msgs) StdoutLine: {'line': b"Compiling '/home/airlab/seed25/ros_packages/mocap4r2_ws/install/mocap4r2_control_msgs/lib/python3.8/site-packages/mocap4r2_control_msgs/__init__.py'...\n"}
[22.912077] (-) TimerEvent: {}
[22.925568] (mocap4r2_control_msgs) StdoutLine: {'line': b'-- Installing: /home/airlab/seed25/ros_packages/mocap4r2_ws/install/mocap4r2_control_msgs/lib/python3.8/site-packages/mocap4r2_control_msgs/msg\n'}
[22.926660] (mocap4r2_control_msgs) StdoutLine: {'line': b'-- Installing: /home/airlab/seed25/ros_packages/mocap4r2_ws/install/mocap4r2_control_msgs/lib/python3.8/site-packages/mocap4r2_control_msgs/msg/_control.py\n'}
[22.927563] (mocap4r2_control_msgs) StdoutLine: {'line': b'-- Installing: /home/airlab/seed25/ros_packages/mocap4r2_ws/install/mocap4r2_control_msgs/lib/python3.8/site-packages/mocap4r2_control_msgs/msg/_control_s.c\n'}
[22.928334] (mocap4r2_control_msgs) StdoutLine: {'line': b'-- Installing: /home/airlab/seed25/ros_packages/mocap4r2_ws/install/mocap4r2_control_msgs/lib/python3.8/site-packages/mocap4r2_control_msgs/msg/_mocap_info_s.c\n'}
[22.929176] (mocap4r2_control_msgs) StdoutLine: {'line': b'-- Installing: /home/airlab/seed25/ros_packages/mocap4r2_ws/install/mocap4r2_control_msgs/lib/python3.8/site-packages/mocap4r2_control_msgs/msg/__init__.py\n'}
[22.929897] (mocap4r2_control_msgs) StdoutLine: {'line': b'-- Installing: /home/airlab/seed25/ros_packages/mocap4r2_ws/install/mocap4r2_control_msgs/lib/python3.8/site-packages/mocap4r2_control_msgs/msg/_mocap_info.py\n'}
[22.931242] (mocap4r2_control_msgs) StdoutLine: {'line': b'-- Installing: /home/airlab/seed25/ros_packages/mocap4r2_ws/install/mocap4r2_control_msgs/lib/python3.8/site-packages/mocap4r2_control_msgs/mocap4r2_control_msgs_s__rosidl_typesupport_fastrtps_c.cpython-38-aarch64-linux-gnu.so\n'}
[22.932888] (mocap4r2_control_msgs) StdoutLine: {'line': b'-- Set runtime path of "/home/airlab/seed25/ros_packages/mocap4r2_ws/install/mocap4r2_control_msgs/lib/python3.8/site-packages/mocap4r2_control_msgs/mocap4r2_control_msgs_s__rosidl_typesupport_fastrtps_c.cpython-38-aarch64-linux-gnu.so" to ""\n'}
[22.934019] (mocap4r2_control_msgs) StdoutLine: {'line': b'-- Installing: /home/airlab/seed25/ros_packages/mocap4r2_ws/install/mocap4r2_control_msgs/lib/python3.8/site-packages/mocap4r2_control_msgs/mocap4r2_control_msgs_s__rosidl_typesupport_introspection_c.cpython-38-aarch64-linux-gnu.so\n'}
[22.935726] (mocap4r2_control_msgs) StdoutLine: {'line': b'-- Set runtime path of "/home/airlab/seed25/ros_packages/mocap4r2_ws/install/mocap4r2_control_msgs/lib/python3.8/site-packages/mocap4r2_control_msgs/mocap4r2_control_msgs_s__rosidl_typesupport_introspection_c.cpython-38-aarch64-linux-gnu.so" to ""\n'}
[22.936779] (mocap4r2_control_msgs) StdoutLine: {'line': b'-- Installing: /home/airlab/seed25/ros_packages/mocap4r2_ws/install/mocap4r2_control_msgs/lib/python3.8/site-packages/mocap4r2_control_msgs/mocap4r2_control_msgs_s__rosidl_typesupport_c.cpython-38-aarch64-linux-gnu.so\n'}
[22.938455] (mocap4r2_control_msgs) StdoutLine: {'line': b'-- Set runtime path of "/home/airlab/seed25/ros_packages/mocap4r2_ws/install/mocap4r2_control_msgs/lib/python3.8/site-packages/mocap4r2_control_msgs/mocap4r2_control_msgs_s__rosidl_typesupport_c.cpython-38-aarch64-linux-gnu.so" to ""\n'}
[22.939255] (mocap4r2_control_msgs) StdoutLine: {'line': b'-- Installing: /home/airlab/seed25/ros_packages/mocap4r2_ws/install/mocap4r2_control_msgs/lib/libmocap4r2_control_msgs__python.so\n'}
[22.940539] (mocap4r2_control_msgs) StdoutLine: {'line': b'-- Set runtime path of "/home/airlab/seed25/ros_packages/mocap4r2_ws/install/mocap4r2_control_msgs/lib/libmocap4r2_control_msgs__python.so" to ""\n'}
[22.941485] (mocap4r2_control_msgs) StdoutLine: {'line': b'-- Installing: /home/airlab/seed25/ros_packages/mocap4r2_ws/install/mocap4r2_control_msgs/share/mocap4r2_control_msgs/msg/Control.idl\n'}
[22.942386] (mocap4r2_control_msgs) StdoutLine: {'line': b'-- Installing: /home/airlab/seed25/ros_packages/mocap4r2_ws/install/mocap4r2_control_msgs/share/mocap4r2_control_msgs/msg/MocapInfo.idl\n'}
[22.943248] (mocap4r2_control_msgs) StdoutLine: {'line': b'-- Installing: /home/airlab/seed25/ros_packages/mocap4r2_ws/install/mocap4r2_control_msgs/share/mocap4r2_control_msgs/msg/Control.msg\n'}
[22.944080] (mocap4r2_control_msgs) StdoutLine: {'line': b'-- Installing: /home/airlab/seed25/ros_packages/mocap4r2_ws/install/mocap4r2_control_msgs/share/mocap4r2_control_msgs/msg/MocapInfo.msg\n'}
[22.944932] (mocap4r2_control_msgs) StdoutLine: {'line': b'-- Installing: /home/airlab/seed25/ros_packages/mocap4r2_ws/install/mocap4r2_control_msgs/share/mocap4r2_control_msgs/mocap4r2_control_bridge_mapping_rule.yaml\n'}
[22.946030] (mocap4r2_control_msgs) StdoutLine: {'line': b'-- Installing: /home/airlab/seed25/ros_packages/mocap4r2_ws/install/mocap4r2_control_msgs/share/ament_index/resource_index/package_run_dependencies/mocap4r2_control_msgs\n'}
[22.947039] (mocap4r2_control_msgs) StdoutLine: {'line': b'-- Installing: /home/airlab/seed25/ros_packages/mocap4r2_ws/install/mocap4r2_control_msgs/share/ament_index/resource_index/parent_prefix_path/mocap4r2_control_msgs\n'}
[22.947919] (mocap4r2_control_msgs) StdoutLine: {'line': b'-- Installing: /home/airlab/seed25/ros_packages/mocap4r2_ws/install/mocap4r2_control_msgs/share/mocap4r2_control_msgs/environment/ament_prefix_path.sh\n'}
[22.948736] (mocap4r2_control_msgs) StdoutLine: {'line': b'-- Installing: /home/airlab/seed25/ros_packages/mocap4r2_ws/install/mocap4r2_control_msgs/share/mocap4r2_control_msgs/environment/ament_prefix_path.dsv\n'}
[22.949600] (mocap4r2_control_msgs) StdoutLine: {'line': b'-- Installing: /home/airlab/seed25/ros_packages/mocap4r2_ws/install/mocap4r2_control_msgs/share/mocap4r2_control_msgs/environment/path.sh\n'}
[22.950466] (mocap4r2_control_msgs) StdoutLine: {'line': b'-- Installing: /home/airlab/seed25/ros_packages/mocap4r2_ws/install/mocap4r2_control_msgs/share/mocap4r2_control_msgs/environment/path.dsv\n'}
[22.951323] (mocap4r2_control_msgs) StdoutLine: {'line': b'-- Installing: /home/airlab/seed25/ros_packages/mocap4r2_ws/install/mocap4r2_control_msgs/share/mocap4r2_control_msgs/local_setup.bash\n'}
[22.952148] (mocap4r2_control_msgs) StdoutLine: {'line': b'-- Installing: /home/airlab/seed25/ros_packages/mocap4r2_ws/install/mocap4r2_control_msgs/share/mocap4r2_control_msgs/local_setup.sh\n'}
[22.953053] (mocap4r2_control_msgs) StdoutLine: {'line': b'-- Installing: /home/airlab/seed25/ros_packages/mocap4r2_ws/install/mocap4r2_control_msgs/share/mocap4r2_control_msgs/local_setup.zsh\n'}
[22.953894] (mocap4r2_control_msgs) StdoutLine: {'line': b'-- Installing: /home/airlab/seed25/ros_packages/mocap4r2_ws/install/mocap4r2_control_msgs/share/mocap4r2_control_msgs/local_setup.dsv\n'}
[22.954692] (mocap4r2_control_msgs) StdoutLine: {'line': b'-- Installing: /home/airlab/seed25/ros_packages/mocap4r2_ws/install/mocap4r2_control_msgs/share/mocap4r2_control_msgs/package.dsv\n'}
[22.955709] (mocap4r2_control_msgs) StdoutLine: {'line': b'-- Installing: /home/airlab/seed25/ros_packages/mocap4r2_ws/install/mocap4r2_control_msgs/share/ament_index/resource_index/packages/mocap4r2_control_msgs\n'}
[22.956822] (mocap4r2_control_msgs) StdoutLine: {'line': b'-- Installing: /home/airlab/seed25/ros_packages/mocap4r2_ws/install/mocap4r2_control_msgs/share/mocap4r2_control_msgs/cmake/mocap4r2_control_msgs__rosidl_generator_cExport.cmake\n'}
[22.957880] (mocap4r2_control_msgs) StdoutLine: {'line': b'-- Installing: /home/airlab/seed25/ros_packages/mocap4r2_ws/install/mocap4r2_control_msgs/share/mocap4r2_control_msgs/cmake/mocap4r2_control_msgs__rosidl_generator_cExport-noconfig.cmake\n'}
[22.958933] (mocap4r2_control_msgs) StdoutLine: {'line': b'-- Installing: /home/airlab/seed25/ros_packages/mocap4r2_ws/install/mocap4r2_control_msgs/share/mocap4r2_control_msgs/cmake/mocap4r2_control_msgs__rosidl_typesupport_introspection_cExport.cmake\n'}
[22.959860] (mocap4r2_control_msgs) StdoutLine: {'line': b'-- Installing: /home/airlab/seed25/ros_packages/mocap4r2_ws/install/mocap4r2_control_msgs/share/mocap4r2_control_msgs/cmake/mocap4r2_control_msgs__rosidl_typesupport_introspection_cExport-noconfig.cmake\n'}
[22.960884] (mocap4r2_control_msgs) StdoutLine: {'line': b'-- Installing: /home/airlab/seed25/ros_packages/mocap4r2_ws/install/mocap4r2_control_msgs/share/mocap4r2_control_msgs/cmake/mocap4r2_control_msgs__rosidl_typesupport_cExport.cmake\n'}
[22.961887] (mocap4r2_control_msgs) StdoutLine: {'line': b'-- Installing: /home/airlab/seed25/ros_packages/mocap4r2_ws/install/mocap4r2_control_msgs/share/mocap4r2_control_msgs/cmake/mocap4r2_control_msgs__rosidl_typesupport_cExport-noconfig.cmake\n'}
[22.962930] (mocap4r2_control_msgs) StdoutLine: {'line': b'-- Installing: /home/airlab/seed25/ros_packages/mocap4r2_ws/install/mocap4r2_control_msgs/share/mocap4r2_control_msgs/cmake/mocap4r2_control_msgs__rosidl_generator_cppExport.cmake\n'}
[22.963963] (mocap4r2_control_msgs) StdoutLine: {'line': b'-- Installing: /home/airlab/seed25/ros_packages/mocap4r2_ws/install/mocap4r2_control_msgs/share/mocap4r2_control_msgs/cmake/mocap4r2_control_msgs__rosidl_typesupport_introspection_cppExport.cmake\n'}
[22.964833] (mocap4r2_control_msgs) StdoutLine: {'line': b'-- Installing: /home/airlab/seed25/ros_packages/mocap4r2_ws/install/mocap4r2_control_msgs/share/mocap4r2_control_msgs/cmake/mocap4r2_control_msgs__rosidl_typesupport_introspection_cppExport-noconfig.cmake\n'}
[22.965910] (mocap4r2_control_msgs) StdoutLine: {'line': b'-- Installing: /home/airlab/seed25/ros_packages/mocap4r2_ws/install/mocap4r2_control_msgs/share/mocap4r2_control_msgs/cmake/mocap4r2_control_msgs__rosidl_typesupport_cppExport.cmake\n'}
[22.966807] (mocap4r2_control_msgs) StdoutLine: {'line': b'-- Installing: /home/airlab/seed25/ros_packages/mocap4r2_ws/install/mocap4r2_control_msgs/share/mocap4r2_control_msgs/cmake/mocap4r2_control_msgs__rosidl_typesupport_cppExport-noconfig.cmake\n'}
[22.967657] (mocap4r2_control_msgs) StdoutLine: {'line': b'-- Installing: /home/airlab/seed25/ros_packages/mocap4r2_ws/install/mocap4r2_control_msgs/share/mocap4r2_control_msgs/cmake/rosidl_cmake-extras.cmake\n'}
[22.968468] (mocap4r2_control_msgs) StdoutLine: {'line': b'-- Installing: /home/airlab/seed25/ros_packages/mocap4r2_ws/install/mocap4r2_control_msgs/share/mocap4r2_control_msgs/cmake/ament_cmake_export_dependencies-extras.cmake\n'}
[22.969370] (mocap4r2_control_msgs) StdoutLine: {'line': b'-- Installing: /home/airlab/seed25/ros_packages/mocap4r2_ws/install/mocap4r2_control_msgs/share/mocap4r2_control_msgs/cmake/ament_cmake_export_libraries-extras.cmake\n'}
[22.970243] (mocap4r2_control_msgs) StdoutLine: {'line': b'-- Installing: /home/airlab/seed25/ros_packages/mocap4r2_ws/install/mocap4r2_control_msgs/share/mocap4r2_control_msgs/cmake/ament_cmake_export_targets-extras.cmake\n'}
[22.971093] (mocap4r2_control_msgs) StdoutLine: {'line': b'-- Installing: /home/airlab/seed25/ros_packages/mocap4r2_ws/install/mocap4r2_control_msgs/share/mocap4r2_control_msgs/cmake/ament_cmake_export_include_directories-extras.cmake\n'}
[22.971949] (mocap4r2_control_msgs) StdoutLine: {'line': b'-- Installing: /home/airlab/seed25/ros_packages/mocap4r2_ws/install/mocap4r2_control_msgs/share/mocap4r2_control_msgs/cmake/rosidl_cmake_export_typesupport_libraries-extras.cmake\n'}
[22.972823] (mocap4r2_control_msgs) StdoutLine: {'line': b'-- Installing: /home/airlab/seed25/ros_packages/mocap4r2_ws/install/mocap4r2_control_msgs/share/mocap4r2_control_msgs/cmake/rosidl_cmake_export_typesupport_targets-extras.cmake\n'}
[22.973769] (mocap4r2_control_msgs) StdoutLine: {'line': b'-- Installing: /home/airlab/seed25/ros_packages/mocap4r2_ws/install/mocap4r2_control_msgs/share/mocap4r2_control_msgs/cmake/mocap4r2_control_msgsConfig.cmake\n'}
[22.974539] (mocap4r2_control_msgs) StdoutLine: {'line': b'-- Installing: /home/airlab/seed25/ros_packages/mocap4r2_ws/install/mocap4r2_control_msgs/share/mocap4r2_control_msgs/cmake/mocap4r2_control_msgsConfig-version.cmake\n'}
[22.975400] (mocap4r2_control_msgs) StdoutLine: {'line': b'-- Installing: /home/airlab/seed25/ros_packages/mocap4r2_ws/install/mocap4r2_control_msgs/share/mocap4r2_control_msgs/package.xml\n'}
[22.985094] (mocap4r2_control_msgs) CommandEnded: {'returncode': 0}
[23.012407] (-) TimerEvent: {}
[23.032422] (mocap4r2_control_msgs) JobEnded: {'identifier': 'mocap4r2_control_msgs', 'rc': 0}
[23.034717] (mocap4r2_control) JobStarted: {'identifier': 'mocap4r2_control'}
[23.057425] (mocap4r2cli) JobStarted: {'identifier': 'mocap4r2cli'}
[23.091380] (mocap4r2_control) JobProgress: {'identifier': 'mocap4r2_control', 'progress': 'cmake'}
[23.092692] (mocap4r2_control) Command: {'cmd': ['/usr/bin/cmake', '/home/airlab/seed25/ros_packages/mocap4r2_ws/src/mocap4r2/mocap4r2_control/mocap4r2_control', '-DCMAKE_INSTALL_PREFIX=/home/airlab/seed25/ros_packages/mocap4r2_ws/install/mocap4r2_control'], 'cwd': '/home/airlab/seed25/ros_packages/mocap4r2_ws/build/mocap4r2_control', 'env': OrderedDict([('LESSOPEN', '| /usr/bin/lesspipe %s'), ('USER', 'airlab'), ('SSH_CLIENT', '192.168.0.184 49493 22'), ('XDG_SESSION_TYPE', 'tty'), ('SHLVL', '1'), ('LD_LIBRARY_PATH', '/home/airlab/seed25/ros_packages/mocap4r2_ws/install/mocap4r2_control_msgs/lib:/home/airlab/seed25/ros_packages/mocap4r2_ws/install/mocap4r2_robot_gt_msgs/lib:/home/airlab/seed25/ros_packages/mocap4r2_ws/install/mocap4r2_msgs/lib:/home/airlab/seed25/ros_packages/mocap4r2_ws/install/mocap4r2_marker_viz_srvs/lib:/usr/local/cuda-11.4/lib64:/usr/local/cuda-11.4/lib64:/opt/ros/foxy/opt/yaml_cpp_vendor/lib:/opt/ros/foxy/opt/rviz_ogre_vendor/lib:/opt/ros/foxy/lib/aarch64-linux-gnu:/opt/ros/foxy/lib:/usr/local/cuda-11.4/lib64'), ('MOTD_SHOWN', 'pam'), ('HOME', '/home/airlab'), ('OLDPWD', '/home/airlab/seed25/ros_packages/mocap4r2_ws/src'), ('SSH_TTY', '/dev/pts/1'), ('JETSON_L4T', '35.6.1'), ('ROS_PYTHON_VERSION', '3'), ('JETSON_MODEL', 'NVIDIA Orin NX Developer Kit'), ('DBUS_SESSION_BUS_ADDRESS', 'unix:path=/run/user/1000/bus'), ('COLCON_PREFIX_PATH', '/home/airlab/seed25/ros_packages/mocap4r2_ws/install'), ('ROS_DISTRO', 'foxy'), ('LOGNAME', 'airlab'), ('JETSON_MODULE', 'NVIDIA Jetson Orin NX (16GB ram)'), ('JETSON_SERIAL_NUMBER', '1425023203559'), ('_', '/usr/bin/colcon'), ('ROS_VERSION', '2'), ('JETSON_CODENAME', 'P3768'), ('XDG_SESSION_CLASS', 'user'), ('TERM', 'xterm'), ('XDG_SESSION_ID', '8'), ('ROS_LOCALHOST_ONLY', '0'), ('PATH', '/usr/local/cuda-11.4/bin:/usr/local/cuda-11.4/bin:/home/airlab/.local/bin:/opt/ros/foxy/bin:/usr/local/cuda-11.4/bin:/usr/local/sbin:/usr/local/bin:/usr/sbin:/usr/bin:/sbin:/bin:/usr/games:/usr/local/games:/snap/bin'), ('XDG_RUNTIME_DIR', '/run/user/1000'), ('DISPLAY', 'localhost:11.0'), ('LANG', 'en_US.UTF-8'), ('LS_COLORS', 'rs=0:di=01;34:ln=01;36:mh=00:pi=40;33:so=01;35:do=01;35:bd=40;33;01:cd=40;33;01:or=40;31;01:mi=00:su=37;41:sg=30;43:ca=30;41:tw=30;42:ow=34;42:st=37;44:ex=01;32:*.tar=01;31:*.tgz=01;31:*.arc=01;31:*.arj=01;31:*.taz=01;31:*.lha=01;31:*.lz4=01;31:*.lzh=01;31:*.lzma=01;31:*.tlz=01;31:*.txz=01;31:*.tzo=01;31:*.t7z=01;31:*.zip=01;31:*.z=01;31:*.dz=01;31:*.gz=01;31:*.lrz=01;31:*.lz=01;31:*.lzo=01;31:*.xz=01;31:*.zst=01;31:*.tzst=01;31:*.bz2=01;31:*.bz=01;31:*.tbz=01;31:*.tbz2=01;31:*.tz=01;31:*.deb=01;31:*.rpm=01;31:*.jar=01;31:*.war=01;31:*.ear=01;31:*.sar=01;31:*.rar=01;31:*.alz=01;31:*.ace=01;31:*.zoo=01;31:*.cpio=01;31:*.7z=01;31:*.rz=01;31:*.cab=01;31:*.wim=01;31:*.swm=01;31:*.dwm=01;31:*.esd=01;31:*.jpg=01;35:*.jpeg=01;35:*.mjpg=01;35:*.mjpeg=01;35:*.gif=01;35:*.bmp=01;35:*.pbm=01;35:*.pgm=01;35:*.ppm=01;35:*.tga=01;35:*.xbm=01;35:*.xpm=01;35:*.tif=01;35:*.tiff=01;35:*.png=01;35:*.svg=01;35:*.svgz=01;35:*.mng=01;35:*.pcx=01;35:*.mov=01;35:*.mpg=01;35:*.mpeg=01;35:*.m2v=01;35:*.mkv=01;35:*.webm=01;35:*.ogm=01;35:*.mp4=01;35:*.m4v=01;35:*.mp4v=01;35:*.vob=01;35:*.qt=01;35:*.nuv=01;35:*.wmv=01;35:*.asf=01;35:*.rm=01;35:*.rmvb=01;35:*.flc=01;35:*.avi=01;35:*.fli=01;35:*.flv=01;35:*.gl=01;35:*.dl=01;35:*.xcf=01;35:*.xwd=01;35:*.yuv=01;35:*.cgm=01;35:*.emf=01;35:*.ogv=01;35:*.ogx=01;35:*.aac=00;36:*.au=00;36:*.flac=00;36:*.m4a=00;36:*.mid=00;36:*.midi=00;36:*.mka=00;36:*.mp3=00;36:*.mpc=00;36:*.ogg=00;36:*.ra=00;36:*.wav=00;36:*.oga=00;36:*.opus=00;36:*.spx=00;36:*.xspf=00;36:'), ('JETSON_SOC', 'tegra23x'), ('ROS_DOMAIN_ID', '3'), ('AMENT_PREFIX_PATH', '/home/airlab/seed25/ros_packages/mocap4r2_ws/install/mocap4r2cli:/home/airlab/seed25/ros_packages/mocap4r2_ws/install/mocap4r2_robot_gt_msgs:/home/airlab/seed25/ros_packages/mocap4r2_ws/install/mocap4r2_marker_viz:/home/airlab/seed25/ros_packages/mocap4r2_ws/install/mocap4r2_marker_publisher:/home/airlab/seed25/ros_packages/mocap4r2_ws/install/mocap4r2_msgs:/home/airlab/seed25/ros_packages/mocap4r2_ws/install/mocap4r2_marker_viz_srvs:/home/airlab/seed25/ros_packages/mocap4r2_ws/install/mocap4r2_control_msgs:/opt/ros/foxy'), ('SHELL', '/bin/bash'), ('LESSCLOSE', '/usr/bin/lesspipe %s %s'), ('JETSON_CUDA_ARCH_BIN', '8.7'), ('PWD', '/home/airlab/seed25/ros_packages/mocap4r2_ws/build/mocap4r2_control'), ('LC_ALL', 'en_US.UTF-8'), ('SSH_CONNECTION', '192.168.0.184 49493 192.168.0.136 22'), ('XDG_DATA_DIRS', '/usr/local/share:/usr/share:/var/lib/snapd/desktop'), ('PYTHONPATH', '/home/airlab/seed25/ros_packages/mocap4r2_ws/install/mocap4r2_control_msgs/lib/python3.8/site-packages:/home/airlab/seed25/ros_packages/mocap4r2_ws/install/mocap4r2cli/lib/python3.8/site-packages:/home/airlab/seed25/ros_packages/mocap4r2_ws/install/mocap4r2_robot_gt_msgs/lib/python3.8/site-packages:/home/airlab/seed25/ros_packages/mocap4r2_ws/install/mocap4r2_msgs/lib/python3.8/site-packages:/home/airlab/seed25/ros_packages/mocap4r2_ws/install/mocap4r2_marker_viz_srvs/lib/python3.8/site-packages:/opt/ros/foxy/lib/python3.8/site-packages'), ('COLCON', '1'), ('JETSON_JETPACK', '5.1.5'), ('CMAKE_PREFIX_PATH', '/home/airlab/seed25/ros_packages/mocap4r2_ws/install/mocap4r2_control_msgs:/home/airlab/seed25/ros_packages/mocap4r2_ws/install/mocap4r2_robot_gt_msgs:/home/airlab/seed25/ros_packages/mocap4r2_ws/install/mocap4r2_marker_viz:/home/airlab/seed25/ros_packages/mocap4r2_ws/install/mocap4r2_marker_publisher:/home/airlab/seed25/ros_packages/mocap4r2_ws/install/mocap4r2_msgs:/home/airlab/seed25/ros_packages/mocap4r2_ws/install/mocap4r2_marker_viz_srvs:/home/airlab/seed25/ros_packages/mocap4r2_ws/install/mocap4r2cli:/opt/ros/foxy'), ('JETSON_P_NUMBER', 'p3767-0000')]), 'shell': False}
[23.112873] (-) TimerEvent: {}
[23.131766] (mocap4r2_msgs) StdoutLine: {'line': b'[ 76%] \x1b[32mBuilding CXX object CMakeFiles/mocap4r2_msgs__rosidl_typesupport_fastrtps_c.dir/rosidl_typesupport_fastrtps_c/mocap4r2_msgs/msg/detail/rigid_bodies__type_support_c.cpp.o\x1b[0m\n'}
[23.135344] (mocap4r2_msgs) StdoutLine: {'line': b'[ 77%] \x1b[32mBuilding CXX object CMakeFiles/mocap4r2_msgs__rosidl_typesupport_fastrtps_c.dir/rosidl_typesupport_fastrtps_c/mocap4r2_msgs/msg/detail/rigid_body__type_support_c.cpp.o\x1b[0m\n'}
[23.212928] (-) TimerEvent: {}
[23.283387] (mocap4r2_control) StdoutLine: {'line': b'-- The C compiler identification is GNU 9.4.0\n'}
[23.313170] (-) TimerEvent: {}
[23.404989] (mocap4r2_control) StdoutLine: {'line': b'-- The CXX compiler identification is GNU 9.4.0\n'}
[23.413322] (-) TimerEvent: {}
[23.415696] (mocap4r2_control) StdoutLine: {'line': b'-- Check for working C compiler: /usr/bin/cc\n'}
[23.513495] (-) TimerEvent: {}
[23.566867] (mocap4r2_control) StdoutLine: {'line': b'-- Check for working C compiler: /usr/bin/cc -- works\n'}
[23.568723] (mocap4r2_control) StdoutLine: {'line': b'-- Detecting C compiler ABI info\n'}
[23.613660] (-) TimerEvent: {}
[23.714876] (-) TimerEvent: {}
[23.727326] (mocap4r2_control) StdoutLine: {'line': b'-- Detecting C compiler ABI info - done\n'}
[23.747652] (mocap4r2_control) StdoutLine: {'line': b'-- Detecting C compile features\n'}
[23.748411] (mocap4r2_control) StdoutLine: {'line': b'-- Detecting C compile features - done\n'}
[23.753637] (mocap4r2_control) StdoutLine: {'line': b'-- Check for working CXX compiler: /usr/bin/c++\n'}
[23.815111] (-) TimerEvent: {}
[23.916016] (-) TimerEvent: {}
[23.950448] (mocap4r2_control) StdoutLine: {'line': b'-- Check for working CXX compiler: /usr/bin/c++ -- works\n'}
[23.953938] (mocap4r2_control) StdoutLine: {'line': b'-- Detecting CXX compiler ABI info\n'}
[24.016193] (-) TimerEvent: {}
[24.069042] (mocap4r2_msgs) StdoutLine: {'line': b'[ 79%] \x1b[32m\x1b[1mLinking CXX shared library libmocap4r2_msgs__rosidl_typesupport_fastrtps_c.so\x1b[0m\n'}
[24.116375] (-) TimerEvent: {}
[24.119737] (mocap4r2_control) StdoutLine: {'line': b'-- Detecting CXX compiler ABI info - done\n'}
[24.140594] (mocap4r2_control) StdoutLine: {'line': b'-- Detecting CXX compile features\n'}
[24.141583] (mocap4r2_control) StdoutLine: {'line': b'-- Detecting CXX compile features - done\n'}
[24.146966] (mocap4r2_control) StdoutLine: {'line': b'-- Found ament_cmake: 0.9.12 (/opt/ros/foxy/share/ament_cmake/cmake)\n'}
[24.206123] (mocap4r2_control) StdoutLine: {'line': b'-- Found PythonInterp: /usr/bin/python3 (found suitable version "3.8.10", minimum required is "3") \n'}
[24.206767] (mocap4r2_control) StdoutLine: {'line': b'-- Using PYTHON_EXECUTABLE: /usr/bin/python3\n'}
[24.216532] (-) TimerEvent: {}
[24.253548] (mocap4r2_msgs) StdoutLine: {'line': b'[ 79%] Built target mocap4r2_msgs__rosidl_typesupport_fastrtps_c\n'}
[24.278202] (mocap4r2_msgs) StdoutLine: {'line': b'\x1b[35m\x1b[1mScanning dependencies of target mocap4r2_msgs\x1b[0m\n'}
[24.304290] (mocap4r2_msgs) StdoutLine: {'line': b'[ 79%] Built target mocap4r2_msgs\n'}
[24.316695] (-) TimerEvent: {}
[24.329432] (mocap4r2_msgs) StdoutLine: {'line': b'\x1b[35m\x1b[1mScanning dependencies of target mocap4r2_msgs__py\x1b[0m\n'}
[24.356607] (mocap4r2_msgs) StdoutLine: {'line': b'[ 80%] \x1b[34m\x1b[1mGenerating Python code for ROS interfaces\x1b[0m\n'}
[24.416860] (-) TimerEvent: {}
[24.518486] (-) TimerEvent: {}
[24.619573] (-) TimerEvent: {}
[24.700572] (mocap4r2_control) StdoutLine: {'line': b'-- Found rclcpp: 2.4.3 (/opt/ros/foxy/share/rclcpp/cmake)\n'}
[24.709554] (mocap4r2cli) Command: {'cmd': ['/usr/bin/python3', '-W', 'ignore:setup.py install is deprecated', '-W', 'ignore:easy_install command is deprecated', 'setup.py', 'egg_info', '--egg-base', '../../../build/mocap4r2cli', 'build', '--build-base', '/home/airlab/seed25/ros_packages/mocap4r2_ws/build/mocap4r2cli/build', 'install', '--record', '/home/airlab/seed25/ros_packages/mocap4r2_ws/build/mocap4r2cli/install.log', '--single-version-externally-managed', 'install_data'], 'cwd': '/home/airlab/seed25/ros_packages/mocap4r2_ws/src/mocap4r2/mocap4r2cli', 'env': {'LESSOPEN': '| /usr/bin/lesspipe %s', 'USER': 'airlab', 'SSH_CLIENT': '192.168.0.184 49493 22', 'XDG_SESSION_TYPE': 'tty', 'SHLVL': '1', 'LD_LIBRARY_PATH': '/home/airlab/seed25/ros_packages/mocap4r2_ws/install/mocap4r2_control_msgs/lib:/home/airlab/seed25/ros_packages/mocap4r2_ws/install/mocap4r2_robot_gt_msgs/lib:/home/airlab/seed25/ros_packages/mocap4r2_ws/install/mocap4r2_msgs/lib:/home/airlab/seed25/ros_packages/mocap4r2_ws/install/mocap4r2_marker_viz_srvs/lib:/usr/local/cuda-11.4/lib64:/usr/local/cuda-11.4/lib64:/opt/ros/foxy/opt/yaml_cpp_vendor/lib:/opt/ros/foxy/opt/rviz_ogre_vendor/lib:/opt/ros/foxy/lib/aarch64-linux-gnu:/opt/ros/foxy/lib:/usr/local/cuda-11.4/lib64', 'MOTD_SHOWN': 'pam', 'HOME': '/home/airlab', 'OLDPWD': '/home/airlab/seed25/ros_packages/mocap4r2_ws/src', 'SSH_TTY': '/dev/pts/1', 'JETSON_L4T': '35.6.1', 'ROS_PYTHON_VERSION': '3', 'JETSON_MODEL': 'NVIDIA Orin NX Developer Kit', 'DBUS_SESSION_BUS_ADDRESS': 'unix:path=/run/user/1000/bus', 'COLCON_PREFIX_PATH': '/home/airlab/seed25/ros_packages/mocap4r2_ws/install', 'ROS_DISTRO': 'foxy', 'LOGNAME': 'airlab', 'JETSON_MODULE': 'NVIDIA Jetson Orin NX (16GB ram)', 'JETSON_SERIAL_NUMBER': '1425023203559', '_': '/usr/bin/colcon', 'ROS_VERSION': '2', 'JETSON_CODENAME': 'P3768', 'XDG_SESSION_CLASS': 'user', 'TERM': 'xterm', 'XDG_SESSION_ID': '8', 'ROS_LOCALHOST_ONLY': '0', 'PATH': '/usr/local/cuda-11.4/bin:/usr/local/cuda-11.4/bin:/home/airlab/.local/bin:/opt/ros/foxy/bin:/usr/local/cuda-11.4/bin:/usr/local/sbin:/usr/local/bin:/usr/sbin:/usr/bin:/sbin:/bin:/usr/games:/usr/local/games:/snap/bin', 'XDG_RUNTIME_DIR': '/run/user/1000', 'DISPLAY': 'localhost:11.0', 'LANG': 'en_US.UTF-8', 'LS_COLORS': 'rs=0:di=01;34:ln=01;36:mh=00:pi=40;33:so=01;35:do=01;35:bd=40;33;01:cd=40;33;01:or=40;31;01:mi=00:su=37;41:sg=30;43:ca=30;41:tw=30;42:ow=34;42:st=37;44:ex=01;32:*.tar=01;31:*.tgz=01;31:*.arc=01;31:*.arj=01;31:*.taz=01;31:*.lha=01;31:*.lz4=01;31:*.lzh=01;31:*.lzma=01;31:*.tlz=01;31:*.txz=01;31:*.tzo=01;31:*.t7z=01;31:*.zip=01;31:*.z=01;31:*.dz=01;31:*.gz=01;31:*.lrz=01;31:*.lz=01;31:*.lzo=01;31:*.xz=01;31:*.zst=01;31:*.tzst=01;31:*.bz2=01;31:*.bz=01;31:*.tbz=01;31:*.tbz2=01;31:*.tz=01;31:*.deb=01;31:*.rpm=01;31:*.jar=01;31:*.war=01;31:*.ear=01;31:*.sar=01;31:*.rar=01;31:*.alz=01;31:*.ace=01;31:*.zoo=01;31:*.cpio=01;31:*.7z=01;31:*.rz=01;31:*.cab=01;31:*.wim=01;31:*.swm=01;31:*.dwm=01;31:*.esd=01;31:*.jpg=01;35:*.jpeg=01;35:*.mjpg=01;35:*.mjpeg=01;35:*.gif=01;35:*.bmp=01;35:*.pbm=01;35:*.pgm=01;35:*.ppm=01;35:*.tga=01;35:*.xbm=01;35:*.xpm=01;35:*.tif=01;35:*.tiff=01;35:*.png=01;35:*.svg=01;35:*.svgz=01;35:*.mng=01;35:*.pcx=01;35:*.mov=01;35:*.mpg=01;35:*.mpeg=01;35:*.m2v=01;35:*.mkv=01;35:*.webm=01;35:*.ogm=01;35:*.mp4=01;35:*.m4v=01;35:*.mp4v=01;35:*.vob=01;35:*.qt=01;35:*.nuv=01;35:*.wmv=01;35:*.asf=01;35:*.rm=01;35:*.rmvb=01;35:*.flc=01;35:*.avi=01;35:*.fli=01;35:*.flv=01;35:*.gl=01;35:*.dl=01;35:*.xcf=01;35:*.xwd=01;35:*.yuv=01;35:*.cgm=01;35:*.emf=01;35:*.ogv=01;35:*.ogx=01;35:*.aac=00;36:*.au=00;36:*.flac=00;36:*.m4a=00;36:*.mid=00;36:*.midi=00;36:*.mka=00;36:*.mp3=00;36:*.mpc=00;36:*.ogg=00;36:*.ra=00;36:*.wav=00;36:*.oga=00;36:*.opus=00;36:*.spx=00;36:*.xspf=00;36:', 'JETSON_SOC': 'tegra23x', 'ROS_DOMAIN_ID': '3', 'AMENT_PREFIX_PATH': '/home/airlab/seed25/ros_packages/mocap4r2_ws/install/mocap4r2cli:/home/airlab/seed25/ros_packages/mocap4r2_ws/install/mocap4r2_robot_gt_msgs:/home/airlab/seed25/ros_packages/mocap4r2_ws/install/mocap4r2_marker_viz:/home/airlab/seed25/ros_packages/mocap4r2_ws/install/mocap4r2_marker_publisher:/home/airlab/seed25/ros_packages/mocap4r2_ws/install/mocap4r2_msgs:/home/airlab/seed25/ros_packages/mocap4r2_ws/install/mocap4r2_marker_viz_srvs:/home/airlab/seed25/ros_packages/mocap4r2_ws/install/mocap4r2_control_msgs:/opt/ros/foxy', 'SHELL': '/bin/bash', 'LESSCLOSE': '/usr/bin/lesspipe %s %s', 'JETSON_CUDA_ARCH_BIN': '8.7', 'PWD': '/home/airlab/seed25/ros_packages/mocap4r2_ws/build/mocap4r2cli', 'LC_ALL': 'en_US.UTF-8', 'SSH_CONNECTION': '192.168.0.184 49493 192.168.0.136 22', 'XDG_DATA_DIRS': '/usr/local/share:/usr/share:/var/lib/snapd/desktop', 'PYTHONPATH': '/home/airlab/seed25/ros_packages/mocap4r2_ws/build/mocap4r2cli/prefix_override:/usr/lib/python3/dist-packages/colcon_core/task/python/colcon_distutils_commands:/home/airlab/seed25/ros_packages/mocap4r2_ws/install/mocap4r2cli/lib/python3.8/site-packages:/home/airlab/seed25/ros_packages/mocap4r2_ws/install/mocap4r2_control_msgs/lib/python3.8/site-packages:/home/airlab/seed25/ros_packages/mocap4r2_ws/install/mocap4r2cli/lib/python3.8/site-packages:/home/airlab/seed25/ros_packages/mocap4r2_ws/install/mocap4r2_robot_gt_msgs/lib/python3.8/site-packages:/home/airlab/seed25/ros_packages/mocap4r2_ws/install/mocap4r2_msgs/lib/python3.8/site-packages:/home/airlab/seed25/ros_packages/mocap4r2_ws/install/mocap4r2_marker_viz_srvs/lib/python3.8/site-packages:/opt/ros/foxy/lib/python3.8/site-packages', 'COLCON': '1', 'JETSON_JETPACK': '5.1.5', 'CMAKE_PREFIX_PATH': '/home/airlab/seed25/ros_packages/mocap4r2_ws/install/mocap4r2_control_msgs:/home/airlab/seed25/ros_packages/mocap4r2_ws/install/mocap4r2_robot_gt_msgs:/home/airlab/seed25/ros_packages/mocap4r2_ws/install/mocap4r2_marker_viz:/home/airlab/seed25/ros_packages/mocap4r2_ws/install/mocap4r2_marker_publisher:/home/airlab/seed25/ros_packages/mocap4r2_ws/install/mocap4r2_msgs:/home/airlab/seed25/ros_packages/mocap4r2_ws/install/mocap4r2_marker_viz_srvs', 'JETSON_P_NUMBER': 'p3767-0000'}, 'shell': False}
[24.719698] (-) TimerEvent: {}
[24.795736] (mocap4r2_control) StdoutLine: {'line': b'-- Using all available rosidl_typesupport_c: rosidl_typesupport_fastrtps_c;rosidl_typesupport_introspection_c\n'}
[24.809673] (mocap4r2_control) StdoutLine: {'line': b'-- Found rosidl_adapter: 1.3.1 (/opt/ros/foxy/share/rosidl_adapter/cmake)\n'}
[24.819793] (-) TimerEvent: {}
[24.920371] (-) TimerEvent: {}
[24.978231] (mocap4r2_control) StdoutLine: {'line': b'-- Found OpenSSL: /usr/lib/aarch64-linux-gnu/libcrypto.so (found version "1.1.1f")  \n'}
[25.020518] (-) TimerEvent: {}
[25.038374] (mocap4r2_control) StdoutLine: {'line': b'-- Found FastRTPS: /opt/ros/foxy/include  \n'}
[25.120663] (-) TimerEvent: {}
[25.200084] (mocap4r2_control) StdoutLine: {'line': b'-- Using all available rosidl_typesupport_cpp: rosidl_typesupport_fastrtps_cpp;rosidl_typesupport_introspection_cpp\n'}
[25.220770] (-) TimerEvent: {}
[25.253839] (mocap4r2cli) StdoutLine: {'line': b'running egg_info\n'}
[25.255034] (mocap4r2cli) StdoutLine: {'line': b'creating ../../../build/mocap4r2cli/mocap4r2cli.egg-info\n'}
[25.255483] (mocap4r2cli) StdoutLine: {'line': b'writing ../../../build/mocap4r2cli/mocap4r2cli.egg-info/PKG-INFO\n'}
[25.256110] (mocap4r2cli) StdoutLine: {'line': b'writing dependency_links to ../../../build/mocap4r2cli/mocap4r2cli.egg-info/dependency_links.txt\n'}
[25.256460] (mocap4r2cli) StdoutLine: {'line': b'writing entry points to ../../../build/mocap4r2cli/mocap4r2cli.egg-info/entry_points.txt\n'}
[25.256728] (mocap4r2cli) StdoutLine: {'line': b'writing requirements to ../../../build/mocap4r2cli/mocap4r2cli.egg-info/requires.txt\n'}
[25.257012] (mocap4r2cli) StdoutLine: {'line': b'writing top-level names to ../../../build/mocap4r2cli/mocap4r2cli.egg-info/top_level.txt\n'}
[25.259679] (mocap4r2cli) StdoutLine: {'line': b"writing manifest file '../../../build/mocap4r2cli/mocap4r2cli.egg-info/SOURCES.txt'\n"}
[25.315037] (mocap4r2_control) StdoutLine: {'line': b'-- Found rmw_implementation_cmake: 1.0.4 (/opt/ros/foxy/share/rmw_implementation_cmake/cmake)\n'}
[25.318342] (mocap4r2_control) StdoutLine: {'line': b"-- Using RMW implementation 'rmw_fastrtps_cpp' as default\n"}
[25.320255] (mocap4r2_control) StdoutLine: {'line': b'-- Looking for pthread.h\n'}
[25.320837] (-) TimerEvent: {}
[25.325745] (mocap4r2cli) StdoutLine: {'line': b"reading manifest file '../../../build/mocap4r2cli/mocap4r2cli.egg-info/SOURCES.txt'\n"}
[25.327441] (mocap4r2cli) StdoutLine: {'line': b"writing manifest file '../../../build/mocap4r2cli/mocap4r2cli.egg-info/SOURCES.txt'\n"}
[25.327807] (mocap4r2cli) StdoutLine: {'line': b'running build\n'}
[25.327995] (mocap4r2cli) StdoutLine: {'line': b'running build_py\n'}
[25.328289] (mocap4r2cli) StdoutLine: {'line': b'creating /home/airlab/seed25/ros_packages/mocap4r2_ws/build/mocap4r2cli/build\n'}
[25.328522] (mocap4r2cli) StdoutLine: {'line': b'creating /home/airlab/seed25/ros_packages/mocap4r2_ws/build/mocap4r2cli/build/lib\n'}
[25.328728] (mocap4r2cli) StdoutLine: {'line': b'creating /home/airlab/seed25/ros_packages/mocap4r2_ws/build/mocap4r2cli/build/lib/mocap4r2cli\n'}
[25.328872] (mocap4r2cli) StdoutLine: {'line': b'copying mocap4r2cli/__init__.py -> /home/airlab/seed25/ros_packages/mocap4r2_ws/build/mocap4r2cli/build/lib/mocap4r2cli\n'}
[25.329113] (mocap4r2cli) StdoutLine: {'line': b'creating /home/airlab/seed25/ros_packages/mocap4r2_ws/build/mocap4r2cli/build/lib/mocap4r2cli/verb\n'}
[25.329346] (mocap4r2cli) StdoutLine: {'line': b'copying mocap4r2cli/verb/stop.py -> /home/airlab/seed25/ros_packages/mocap4r2_ws/build/mocap4r2cli/build/lib/mocap4r2cli/verb\n'}
[25.329554] (mocap4r2cli) StdoutLine: {'line': b'copying mocap4r2cli/verb/__init__.py -> /home/airlab/seed25/ros_packages/mocap4r2_ws/build/mocap4r2cli/build/lib/mocap4r2cli/verb\n'}
[25.329821] (mocap4r2cli) StdoutLine: {'line': b'copying mocap4r2cli/verb/start.py -> /home/airlab/seed25/ros_packages/mocap4r2_ws/build/mocap4r2cli/build/lib/mocap4r2cli/verb\n'}
[25.330092] (mocap4r2cli) StdoutLine: {'line': b'copying mocap4r2cli/verb/status.py -> /home/airlab/seed25/ros_packages/mocap4r2_ws/build/mocap4r2cli/build/lib/mocap4r2cli/verb\n'}
[25.330530] (mocap4r2cli) StdoutLine: {'line': b'creating /home/airlab/seed25/ros_packages/mocap4r2_ws/build/mocap4r2cli/build/lib/mocap4r2cli/command\n'}
[25.330747] (mocap4r2cli) StdoutLine: {'line': b'copying mocap4r2cli/command/mocap4r2.py -> /home/airlab/seed25/ros_packages/mocap4r2_ws/build/mocap4r2cli/build/lib/mocap4r2cli/command\n'}
[25.330974] (mocap4r2cli) StdoutLine: {'line': b'copying mocap4r2cli/command/__init__.py -> /home/airlab/seed25/ros_packages/mocap4r2_ws/build/mocap4r2cli/build/lib/mocap4r2cli/command\n'}
[25.331337] (mocap4r2cli) StdoutLine: {'line': b'creating /home/airlab/seed25/ros_packages/mocap4r2_ws/build/mocap4r2cli/build/lib/mocap4r2cli/api\n'}
[25.331577] (mocap4r2cli) StdoutLine: {'line': b'copying mocap4r2cli/api/__init__.py -> /home/airlab/seed25/ros_packages/mocap4r2_ws/build/mocap4r2cli/build/lib/mocap4r2cli/api\n'}
[25.332255] (mocap4r2cli) StdoutLine: {'line': b'running install\n'}
[25.334206] (mocap4r2cli) StdoutLine: {'line': b'running install_lib\n'}
[25.336284] (mocap4r2cli) StdoutLine: {'line': b'creating /home/airlab/seed25/ros_packages/mocap4r2_ws/install/mocap4r2cli/lib/python3.8/site-packages/mocap4r2cli\n'}
[25.336621] (mocap4r2cli) StdoutLine: {'line': b'creating /home/airlab/seed25/ros_packages/mocap4r2_ws/install/mocap4r2cli/lib/python3.8/site-packages/mocap4r2cli/verb\n'}
[25.336899] (mocap4r2cli) StdoutLine: {'line': b'copying /home/airlab/seed25/ros_packages/mocap4r2_ws/build/mocap4r2cli/build/lib/mocap4r2cli/verb/stop.py -> /home/airlab/seed25/ros_packages/mocap4r2_ws/install/mocap4r2cli/lib/python3.8/site-packages/mocap4r2cli/verb\n'}
[25.337233] (mocap4r2cli) StdoutLine: {'line': b'copying /home/airlab/seed25/ros_packages/mocap4r2_ws/build/mocap4r2cli/build/lib/mocap4r2cli/verb/__init__.py -> /home/airlab/seed25/ros_packages/mocap4r2_ws/install/mocap4r2cli/lib/python3.8/site-packages/mocap4r2cli/verb\n'}
[25.337483] (mocap4r2cli) StdoutLine: {'line': b'copying /home/airlab/seed25/ros_packages/mocap4r2_ws/build/mocap4r2cli/build/lib/mocap4r2cli/verb/start.py -> /home/airlab/seed25/ros_packages/mocap4r2_ws/install/mocap4r2cli/lib/python3.8/site-packages/mocap4r2cli/verb\n'}
[25.337712] (mocap4r2cli) StdoutLine: {'line': b'copying /home/airlab/seed25/ros_packages/mocap4r2_ws/build/mocap4r2cli/build/lib/mocap4r2cli/verb/status.py -> /home/airlab/seed25/ros_packages/mocap4r2_ws/install/mocap4r2cli/lib/python3.8/site-packages/mocap4r2cli/verb\n'}
[25.337940] (mocap4r2cli) StdoutLine: {'line': b'copying /home/airlab/seed25/ros_packages/mocap4r2_ws/build/mocap4r2cli/build/lib/mocap4r2cli/__init__.py -> /home/airlab/seed25/ros_packages/mocap4r2_ws/install/mocap4r2cli/lib/python3.8/site-packages/mocap4r2cli\n'}
[25.338223] (mocap4r2cli) StdoutLine: {'line': b'creating /home/airlab/seed25/ros_packages/mocap4r2_ws/install/mocap4r2cli/lib/python3.8/site-packages/mocap4r2cli/command\n'}
[25.338462] (mocap4r2cli) StdoutLine: {'line': b'copying /home/airlab/seed25/ros_packages/mocap4r2_ws/build/mocap4r2cli/build/lib/mocap4r2cli/command/mocap4r2.py -> /home/airlab/seed25/ros_packages/mocap4r2_ws/install/mocap4r2cli/lib/python3.8/site-packages/mocap4r2cli/command\n'}
[25.338673] (mocap4r2cli) StdoutLine: {'line': b'copying /home/airlab/seed25/ros_packages/mocap4r2_ws/build/mocap4r2cli/build/lib/mocap4r2cli/command/__init__.py -> /home/airlab/seed25/ros_packages/mocap4r2_ws/install/mocap4r2cli/lib/python3.8/site-packages/mocap4r2cli/command\n'}
[25.338959] (mocap4r2cli) StdoutLine: {'line': b'creating /home/airlab/seed25/ros_packages/mocap4r2_ws/install/mocap4r2cli/lib/python3.8/site-packages/mocap4r2cli/api\n'}
[25.339207] (mocap4r2cli) StdoutLine: {'line': b'copying /home/airlab/seed25/ros_packages/mocap4r2_ws/build/mocap4r2cli/build/lib/mocap4r2cli/api/__init__.py -> /home/airlab/seed25/ros_packages/mocap4r2_ws/install/mocap4r2cli/lib/python3.8/site-packages/mocap4r2cli/api\n'}
[25.340469] (mocap4r2cli) StdoutLine: {'line': b'byte-compiling /home/airlab/seed25/ros_packages/mocap4r2_ws/install/mocap4r2cli/lib/python3.8/site-packages/mocap4r2cli/verb/stop.py to stop.cpython-38.pyc\n'}
[25.343514] (mocap4r2cli) StdoutLine: {'line': b'byte-compiling /home/airlab/seed25/ros_packages/mocap4r2_ws/install/mocap4r2cli/lib/python3.8/site-packages/mocap4r2cli/verb/__init__.py to __init__.cpython-38.pyc\n'}
[25.345060] (mocap4r2cli) StdoutLine: {'line': b'byte-compiling /home/airlab/seed25/ros_packages/mocap4r2_ws/install/mocap4r2cli/lib/python3.8/site-packages/mocap4r2cli/verb/start.py to start.cpython-38.pyc\n'}
[25.346003] (mocap4r2cli) StdoutLine: {'line': b'byte-compiling /home/airlab/seed25/ros_packages/mocap4r2_ws/install/mocap4r2cli/lib/python3.8/site-packages/mocap4r2cli/verb/status.py to status.cpython-38.pyc\n'}
[25.346767] (mocap4r2cli) StdoutLine: {'line': b'byte-compiling /home/airlab/seed25/ros_packages/mocap4r2_ws/install/mocap4r2cli/lib/python3.8/site-packages/mocap4r2cli/__init__.py to __init__.cpython-38.pyc\n'}
[25.347207] (mocap4r2cli) StdoutLine: {'line': b'byte-compiling /home/airlab/seed25/ros_packages/mocap4r2_ws/install/mocap4r2cli/lib/python3.8/site-packages/mocap4r2cli/command/mocap4r2.py to mocap4r2.cpython-38.pyc\n'}
[25.347884] (mocap4r2cli) StdoutLine: {'line': b'byte-compiling /home/airlab/seed25/ros_packages/mocap4r2_ws/install/mocap4r2cli/lib/python3.8/site-packages/mocap4r2cli/command/__init__.py to __init__.cpython-38.pyc\n'}
[25.348262] (mocap4r2cli) StdoutLine: {'line': b'byte-compiling /home/airlab/seed25/ros_packages/mocap4r2_ws/install/mocap4r2cli/lib/python3.8/site-packages/mocap4r2cli/api/__init__.py to __init__.cpython-38.pyc\n'}
[25.348783] (mocap4r2cli) StdoutLine: {'line': b'running install_data\n'}
[25.349076] (mocap4r2cli) StdoutLine: {'line': b'copying package.xml -> /home/airlab/seed25/ros_packages/mocap4r2_ws/install/mocap4r2cli/share/mocap4r2cli\n'}
[25.349390] (mocap4r2cli) StdoutLine: {'line': b'creating /home/airlab/seed25/ros_packages/mocap4r2_ws/install/mocap4r2cli/share/ament_index\n'}
[25.349628] (mocap4r2cli) StdoutLine: {'line': b'creating /home/airlab/seed25/ros_packages/mocap4r2_ws/install/mocap4r2cli/share/ament_index/resource_index\n'}
[25.349853] (mocap4r2cli) StdoutLine: {'line': b'creating /home/airlab/seed25/ros_packages/mocap4r2_ws/install/mocap4r2cli/share/ament_index/resource_index/packages\n'}
[25.350086] (mocap4r2cli) StdoutLine: {'line': b'copying resource/mocap4r2cli -> /home/airlab/seed25/ros_packages/mocap4r2_ws/install/mocap4r2cli/share/ament_index/resource_index/packages\n'}
[25.350340] (mocap4r2cli) StdoutLine: {'line': b'running install_egg_info\n'}
[25.355664] (mocap4r2cli) StdoutLine: {'line': b'Copying ../../../build/mocap4r2cli/mocap4r2cli.egg-info to /home/airlab/seed25/ros_packages/mocap4r2_ws/install/mocap4r2cli/lib/python3.8/site-packages/mocap4r2cli-0.0.1-py3.8.egg-info\n'}
[25.357833] (mocap4r2cli) StdoutLine: {'line': b'running install_scripts\n'}
[25.397389] (mocap4r2cli) StdoutLine: {'line': b"writing list of installed files to '/home/airlab/seed25/ros_packages/mocap4r2_ws/build/mocap4r2cli/install.log'\n"}
[25.421059] (-) TimerEvent: {}
[25.464267] (mocap4r2cli) CommandEnded: {'returncode': 0}
[25.475110] (mocap4r2_control) StdoutLine: {'line': b'-- Looking for pthread.h - found\n'}
[25.476074] (mocap4r2_control) StdoutLine: {'line': b'-- Performing Test CMAKE_HAVE_LIBC_PTHREAD\n'}
[25.479693] (mocap4r2cli) JobEnded: {'identifier': 'mocap4r2cli', 'rc': 0}
[25.521256] (-) TimerEvent: {}
[25.621923] (-) TimerEvent: {}
[25.624608] (mocap4r2_control) StdoutLine: {'line': b'-- Performing Test CMAKE_HAVE_LIBC_PTHREAD - Failed\n'}
[25.625138] (mocap4r2_control) StdoutLine: {'line': b'-- Looking for pthread_create in pthreads\n'}
[25.722124] (-) TimerEvent: {}
[25.748915] (mocap4r2_control) StdoutLine: {'line': b'-- Looking for pthread_create in pthreads - not found\n'}
[25.749587] (mocap4r2_control) StdoutLine: {'line': b'-- Looking for pthread_create in pthread\n'}
[25.822312] (-) TimerEvent: {}
[25.893555] (mocap4r2_control) StdoutLine: {'line': b'-- Looking for pthread_create in pthread - found\n'}
[25.895670] (mocap4r2_control) StdoutLine: {'line': b'-- Found Threads: TRUE  \n'}
[25.897711] (mocap4r2_msgs) StdoutLine: {'line': b'[ 80%] Built target mocap4r2_msgs__py\n'}
[25.921236] (mocap4r2_msgs) StdoutLine: {'line': b'\x1b[35m\x1b[1mScanning dependencies of target mocap4r2_msgs__python\x1b[0m\n'}
[25.922373] (-) TimerEvent: {}
[25.974784] (mocap4r2_msgs) StdoutLine: {'line': b'[ 85%] \x1b[32mBuilding C object CMakeFiles/mocap4r2_msgs__python.dir/rosidl_generator_py/mocap4r2_msgs/msg/_marker_s.c.o\x1b[0m\n'}
[25.975461] (mocap4r2_msgs) StdoutLine: {'line': b'[ 85%] \x1b[32mBuilding C object CMakeFiles/mocap4r2_msgs__python.dir/rosidl_generator_py/mocap4r2_msgs/msg/_markers_s.c.o\x1b[0m\n'}
[25.975734] (mocap4r2_msgs) StdoutLine: {'line': b'[ 85%] \x1b[32mBuilding C object CMakeFiles/mocap4r2_msgs__python.dir/rosidl_generator_py/mocap4r2_msgs/msg/_imus_info_s.c.o\x1b[0m\n'}
[26.022596] (-) TimerEvent: {}
[26.123365] (-) TimerEvent: {}
[26.173834] (mocap4r2_msgs) StdoutLine: {'line': b'[ 87%] \x1b[32mBuilding C object CMakeFiles/mocap4r2_msgs__python.dir/rosidl_generator_py/mocap4r2_msgs/msg/_rigid_body_s.c.o\x1b[0m\n'}
[26.185548] (mocap4r2_msgs) StdoutLine: {'line': b'[ 88%] \x1b[32mBuilding C object CMakeFiles/mocap4r2_msgs__python.dir/rosidl_generator_py/mocap4r2_msgs/msg/_rigid_bodies_s.c.o\x1b[0m\n'}
[26.201895] (mocap4r2_control) StdoutLine: {'line': b'-- Found rclcpp_lifecycle: 2.4.3 (/opt/ros/foxy/share/rclcpp_lifecycle/cmake)\n'}
[26.223518] (-) TimerEvent: {}
[26.261516] (mocap4r2_control) StdoutLine: {'line': b'-- Found mocap4r2_control_msgs: 0.0.7 (/home/airlab/seed25/ros_packages/mocap4r2_ws/install/mocap4r2_control_msgs/share/mocap4r2_control_msgs/cmake)\n'}
[26.323676] (-) TimerEvent: {}
[26.381485] (mocap4r2_msgs) StdoutLine: {'line': b'[ 90%] \x1b[32m\x1b[1mLinking C shared library rosidl_generator_py/mocap4r2_msgs/libmocap4r2_msgs__python.so\x1b[0m\n'}
[26.423859] (-) TimerEvent: {}
[26.471919] (mocap4r2_msgs) StdoutLine: {'line': b'[ 90%] Built target mocap4r2_msgs__python\n'}
[26.494584] (mocap4r2_msgs) StdoutLine: {'line': b'\x1b[35m\x1b[1mScanning dependencies of target mocap4r2_msgs__rosidl_typesupport_introspection_c__pyext\x1b[0m\n'}
[26.495088] (mocap4r2_msgs) StdoutLine: {'line': b'\x1b[35m\x1b[1mScanning dependencies of target mocap4r2_msgs__rosidl_typesupport_c__pyext\x1b[0m\n'}
[26.495432] (mocap4r2_msgs) StdoutLine: {'line': b'\x1b[35m\x1b[1mScanning dependencies of target mocap4r2_msgs__rosidl_typesupport_fastrtps_c__pyext\x1b[0m\n'}
[26.517802] (mocap4r2_control) StdoutLine: {'line': b'-- Found ament_lint_auto: 0.9.8 (/opt/ros/foxy/share/ament_lint_auto/cmake)\n'}
[26.524015] (-) TimerEvent: {}
[26.541514] (mocap4r2_msgs) StdoutLine: {'line': b'[ 93%] \x1b[32mBuilding C object CMakeFiles/mocap4r2_msgs__rosidl_typesupport_introspection_c__pyext.dir/rosidl_generator_py/mocap4r2_msgs/_mocap4r2_msgs_s.ep.rosidl_typesupport_introspection_c.c.o\x1b[0m\n'}
[26.542037] (mocap4r2_msgs) StdoutLine: {'line': b'[ 93%] \x1b[32mBuilding C object CMakeFiles/mocap4r2_msgs__rosidl_typesupport_c__pyext.dir/rosidl_generator_py/mocap4r2_msgs/_mocap4r2_msgs_s.ep.rosidl_typesupport_c.c.o\x1b[0m\n'}
[26.549986] (mocap4r2_msgs) StdoutLine: {'line': b'[ 95%] \x1b[32mBuilding C object CMakeFiles/mocap4r2_msgs__rosidl_typesupport_fastrtps_c__pyext.dir/rosidl_generator_py/mocap4r2_msgs/_mocap4r2_msgs_s.ep.rosidl_typesupport_fastrtps_c.c.o\x1b[0m\n'}
[26.624190] (-) TimerEvent: {}
[26.704716] (mocap4r2_control) StdoutLine: {'line': b"-- Found gtest sources under '/opt/ros/foxy/src/gtest_vendor': C++ tests using 'Google Test' will be built\n"}
[26.710828] (mocap4r2_control) StdoutLine: {'line': b'-- Check if compiler accepts -pthread\n'}
[26.724404] (-) TimerEvent: {}
[26.745745] (mocap4r2_msgs) StdoutLine: {'line': b'[ 98%] \x1b[32m\x1b[1mLinking C shared library rosidl_generator_py/mocap4r2_msgs/mocap4r2_msgs_s__rosidl_typesupport_c.cpython-38-aarch64-linux-gnu.so\x1b[0m\n'}
[26.746301] (mocap4r2_msgs) StdoutLine: {'line': b'[ 98%] \x1b[32m\x1b[1mLinking C shared library rosidl_generator_py/mocap4r2_msgs/mocap4r2_msgs_s__rosidl_typesupport_introspection_c.cpython-38-aarch64-linux-gnu.so\x1b[0m\n'}
[26.761437] (mocap4r2_msgs) StdoutLine: {'line': b'[100%] \x1b[32m\x1b[1mLinking CXX shared library rosidl_generator_py/mocap4r2_msgs/mocap4r2_msgs_s__rosidl_typesupport_fastrtps_c.cpython-38-aarch64-linux-gnu.so\x1b[0m\n'}
[26.824597] (-) TimerEvent: {}
[26.843357] (mocap4r2_msgs) StdoutLine: {'line': b'[100%] Built target mocap4r2_msgs__rosidl_typesupport_introspection_c__pyext\n'}
[26.844047] (mocap4r2_msgs) StdoutLine: {'line': b'[100%] Built target mocap4r2_msgs__rosidl_typesupport_c__pyext\n'}
[26.875524] (mocap4r2_control) StdoutLine: {'line': b'-- Check if compiler accepts -pthread - yes\n'}
[26.898179] (mocap4r2_control) StdoutLine: {'line': b"-- Added test 'copyright' to check source files copyright and LICENSE\n"}
[26.901962] (mocap4r2_control) StdoutLine: {'line': b"-- Added test 'cppcheck' to perform static code analysis on C / C++ code\n"}
[26.902573] (mocap4r2_control) StdoutLine: {'line': b'-- Configured cppcheck include dirs: /home/airlab/seed25/ros_packages/mocap4r2_ws/src/mocap4r2/mocap4r2_control/mocap4r2_control/include\n'}
[26.902813] (mocap4r2_control) StdoutLine: {'line': b'-- Configured cppcheck exclude dirs and/or files: \n'}
[26.905839] (mocap4r2_control) StdoutLine: {'line': b"-- Added test 'cpplint' to check C / C++ code against the Google style\n"}
[26.906071] (mocap4r2_control) StdoutLine: {'line': b'-- Configured cpplint exclude dirs and/or files: \n'}
[26.907244] (mocap4r2_control) StdoutLine: {'line': b"-- Added test 'flake8' to check Python code syntax and style conventions\n"}
[26.908812] (mocap4r2_control) StdoutLine: {'line': b"-- Added test 'lint_cmake' to check CMake code style\n"}
[26.910276] (mocap4r2_control) StdoutLine: {'line': b"-- Added test 'pep257' to check Python code against some of the style conventions in PEP 257\n"}
[26.910988] (mocap4r2_msgs) StdoutLine: {'line': b'[100%] Built target mocap4r2_msgs__rosidl_typesupport_fastrtps_c__pyext\n'}
[26.913416] (mocap4r2_control) StdoutLine: {'line': b"-- Added test 'uncrustify' to check C / C++ code style\n"}
[26.913674] (mocap4r2_control) StdoutLine: {'line': b'-- Configured uncrustify additional arguments: \n'}
[26.914729] (mocap4r2_control) StdoutLine: {'line': b"-- Added test 'xmllint' to check XML markup files\n"}
[26.924667] (-) TimerEvent: {}
[26.928764] (mocap4r2_control) StdoutLine: {'line': b'-- Configuring done\n'}
[26.938857] (mocap4r2_msgs) CommandEnded: {'returncode': 0}
[26.940502] (mocap4r2_msgs) JobProgress: {'identifier': 'mocap4r2_msgs', 'progress': 'install'}
[26.941492] (mocap4r2_msgs) Command: {'cmd': ['/usr/bin/cmake', '--install', '/home/airlab/seed25/ros_packages/mocap4r2_ws/build/mocap4r2_msgs'], 'cwd': '/home/airlab/seed25/ros_packages/mocap4r2_ws/build/mocap4r2_msgs', 'env': OrderedDict([('LESSOPEN', '| /usr/bin/lesspipe %s'), ('USER', 'airlab'), ('SSH_CLIENT', '192.168.0.184 49493 22'), ('XDG_SESSION_TYPE', 'tty'), ('SHLVL', '1'), ('LD_LIBRARY_PATH', '/home/airlab/seed25/ros_packages/mocap4r2_ws/install/mocap4r2_robot_gt_msgs/lib:/home/airlab/seed25/ros_packages/mocap4r2_ws/install/mocap4r2_msgs/lib:/home/airlab/seed25/ros_packages/mocap4r2_ws/install/mocap4r2_marker_viz_srvs/lib:/home/airlab/seed25/ros_packages/mocap4r2_ws/install/mocap4r2_control_msgs/lib:/usr/local/cuda-11.4/lib64:/usr/local/cuda-11.4/lib64:/opt/ros/foxy/opt/yaml_cpp_vendor/lib:/opt/ros/foxy/opt/rviz_ogre_vendor/lib:/opt/ros/foxy/lib/aarch64-linux-gnu:/opt/ros/foxy/lib:/usr/local/cuda-11.4/lib64:'), ('MOTD_SHOWN', 'pam'), ('HOME', '/home/airlab'), ('OLDPWD', '/home/airlab/seed25/ros_packages/mocap4r2_ws/src'), ('SSH_TTY', '/dev/pts/1'), ('JETSON_L4T', '35.6.1'), ('ROS_PYTHON_VERSION', '3'), ('JETSON_MODEL', 'NVIDIA Orin NX Developer Kit'), ('DBUS_SESSION_BUS_ADDRESS', 'unix:path=/run/user/1000/bus'), ('COLCON_PREFIX_PATH', '/home/airlab/seed25/ros_packages/mocap4r2_ws/install'), ('ROS_DISTRO', 'foxy'), ('LOGNAME', 'airlab'), ('JETSON_MODULE', 'NVIDIA Jetson Orin NX (16GB ram)'), ('JETSON_SERIAL_NUMBER', '1425023203559'), ('_', '/usr/bin/colcon'), ('ROS_VERSION', '2'), ('JETSON_CODENAME', 'P3768'), ('XDG_SESSION_CLASS', 'user'), ('TERM', 'xterm'), ('XDG_SESSION_ID', '8'), ('ROS_LOCALHOST_ONLY', '0'), ('PATH', '/usr/local/cuda-11.4/bin:/usr/local/cuda-11.4/bin:/home/airlab/.local/bin:/opt/ros/foxy/bin:/usr/local/cuda-11.4/bin:/usr/local/sbin:/usr/local/bin:/usr/sbin:/usr/bin:/sbin:/bin:/usr/games:/usr/local/games:/snap/bin'), ('XDG_RUNTIME_DIR', '/run/user/1000'), ('DISPLAY', 'localhost:11.0'), ('LANG', 'en_US.UTF-8'), ('LS_COLORS', 'rs=0:di=01;34:ln=01;36:mh=00:pi=40;33:so=01;35:do=01;35:bd=40;33;01:cd=40;33;01:or=40;31;01:mi=00:su=37;41:sg=30;43:ca=30;41:tw=30;42:ow=34;42:st=37;44:ex=01;32:*.tar=01;31:*.tgz=01;31:*.arc=01;31:*.arj=01;31:*.taz=01;31:*.lha=01;31:*.lz4=01;31:*.lzh=01;31:*.lzma=01;31:*.tlz=01;31:*.txz=01;31:*.tzo=01;31:*.t7z=01;31:*.zip=01;31:*.z=01;31:*.dz=01;31:*.gz=01;31:*.lrz=01;31:*.lz=01;31:*.lzo=01;31:*.xz=01;31:*.zst=01;31:*.tzst=01;31:*.bz2=01;31:*.bz=01;31:*.tbz=01;31:*.tbz2=01;31:*.tz=01;31:*.deb=01;31:*.rpm=01;31:*.jar=01;31:*.war=01;31:*.ear=01;31:*.sar=01;31:*.rar=01;31:*.alz=01;31:*.ace=01;31:*.zoo=01;31:*.cpio=01;31:*.7z=01;31:*.rz=01;31:*.cab=01;31:*.wim=01;31:*.swm=01;31:*.dwm=01;31:*.esd=01;31:*.jpg=01;35:*.jpeg=01;35:*.mjpg=01;35:*.mjpeg=01;35:*.gif=01;35:*.bmp=01;35:*.pbm=01;35:*.pgm=01;35:*.ppm=01;35:*.tga=01;35:*.xbm=01;35:*.xpm=01;35:*.tif=01;35:*.tiff=01;35:*.png=01;35:*.svg=01;35:*.svgz=01;35:*.mng=01;35:*.pcx=01;35:*.mov=01;35:*.mpg=01;35:*.mpeg=01;35:*.m2v=01;35:*.mkv=01;35:*.webm=01;35:*.ogm=01;35:*.mp4=01;35:*.m4v=01;35:*.mp4v=01;35:*.vob=01;35:*.qt=01;35:*.nuv=01;35:*.wmv=01;35:*.asf=01;35:*.rm=01;35:*.rmvb=01;35:*.flc=01;35:*.avi=01;35:*.fli=01;35:*.flv=01;35:*.gl=01;35:*.dl=01;35:*.xcf=01;35:*.xwd=01;35:*.yuv=01;35:*.cgm=01;35:*.emf=01;35:*.ogv=01;35:*.ogx=01;35:*.aac=00;36:*.au=00;36:*.flac=00;36:*.m4a=00;36:*.mid=00;36:*.midi=00;36:*.mka=00;36:*.mp3=00;36:*.mpc=00;36:*.ogg=00;36:*.ra=00;36:*.wav=00;36:*.oga=00;36:*.opus=00;36:*.spx=00;36:*.xspf=00;36:'), ('JETSON_SOC', 'tegra23x'), ('ROS_DOMAIN_ID', '3'), ('AMENT_PREFIX_PATH', '/home/airlab/seed25/ros_packages/mocap4r2_ws/install/mocap4r2cli:/home/airlab/seed25/ros_packages/mocap4r2_ws/install/mocap4r2_robot_gt_msgs:/home/airlab/seed25/ros_packages/mocap4r2_ws/install/mocap4r2_marker_viz:/home/airlab/seed25/ros_packages/mocap4r2_ws/install/mocap4r2_marker_publisher:/home/airlab/seed25/ros_packages/mocap4r2_ws/install/mocap4r2_msgs:/home/airlab/seed25/ros_packages/mocap4r2_ws/install/mocap4r2_marker_viz_srvs:/home/airlab/seed25/ros_packages/mocap4r2_ws/install/mocap4r2_control_msgs:/opt/ros/foxy'), ('SHELL', '/bin/bash'), ('LESSCLOSE', '/usr/bin/lesspipe %s %s'), ('JETSON_CUDA_ARCH_BIN', '8.7'), ('PWD', '/home/airlab/seed25/ros_packages/mocap4r2_ws/build/mocap4r2_msgs'), ('LC_ALL', 'en_US.UTF-8'), ('SSH_CONNECTION', '192.168.0.184 49493 192.168.0.136 22'), ('XDG_DATA_DIRS', '/usr/local/share:/usr/share:/var/lib/snapd/desktop'), ('PYTHONPATH', '/home/airlab/seed25/ros_packages/mocap4r2_ws/install/mocap4r2cli/lib/python3.8/site-packages:/home/airlab/seed25/ros_packages/mocap4r2_ws/install/mocap4r2_robot_gt_msgs/lib/python3.8/site-packages:/home/airlab/seed25/ros_packages/mocap4r2_ws/install/mocap4r2_msgs/lib/python3.8/site-packages:/home/airlab/seed25/ros_packages/mocap4r2_ws/install/mocap4r2_marker_viz_srvs/lib/python3.8/site-packages:/home/airlab/seed25/ros_packages/mocap4r2_ws/install/mocap4r2_control_msgs/lib/python3.8/site-packages:/opt/ros/foxy/lib/python3.8/site-packages'), ('COLCON', '1'), ('JETSON_JETPACK', '5.1.5'), ('CMAKE_PREFIX_PATH', '/home/airlab/seed25/ros_packages/mocap4r2_ws/install/mocap4r2_robot_gt_msgs:/home/airlab/seed25/ros_packages/mocap4r2_ws/install/mocap4r2_marker_viz:/home/airlab/seed25/ros_packages/mocap4r2_ws/install/mocap4r2_marker_publisher:/home/airlab/seed25/ros_packages/mocap4r2_ws/install/mocap4r2_msgs:/home/airlab/seed25/ros_packages/mocap4r2_ws/install/mocap4r2_marker_viz_srvs:/home/airlab/seed25/ros_packages/mocap4r2_ws/install/mocap4r2_control_msgs:/home/airlab/seed25/ros_packages/mocap4r2_ws/install/mocap4r2cli:/opt/ros/foxy'), ('JETSON_P_NUMBER', 'p3767-0000')]), 'shell': False}
[26.967643] (mocap4r2_msgs) StdoutLine: {'line': b'-- Install configuration: ""\n'}
[26.968145] (mocap4r2_msgs) StdoutLine: {'line': b'-- Installing: /home/airlab/seed25/ros_packages/mocap4r2_ws/install/mocap4r2_msgs/share/ament_index/resource_index/rosidl_interfaces/mocap4r2_msgs\n'}
[26.968370] (mocap4r2_msgs) StdoutLine: {'line': b'-- Installing: /home/airlab/seed25/ros_packages/mocap4r2_ws/install/mocap4r2_msgs/include/mocap4r2_msgs\n'}
[26.968557] (mocap4r2_msgs) StdoutLine: {'line': b'-- Installing: /home/airlab/seed25/ros_packages/mocap4r2_ws/install/mocap4r2_msgs/include/mocap4r2_msgs/msg\n'}
[26.968759] (mocap4r2_msgs) StdoutLine: {'line': b'-- Installing: /home/airlab/seed25/ros_packages/mocap4r2_ws/install/mocap4r2_msgs/include/mocap4r2_msgs/msg/markers.h\n'}
[26.968997] (mocap4r2_msgs) StdoutLine: {'line': b'-- Installing: /home/airlab/seed25/ros_packages/mocap4r2_ws/install/mocap4r2_msgs/include/mocap4r2_msgs/msg/detail\n'}
[26.969201] (mocap4r2_msgs) StdoutLine: {'line': b'-- Installing: /home/airlab/seed25/ros_packages/mocap4r2_ws/install/mocap4r2_msgs/include/mocap4r2_msgs/msg/detail/rigid_bodies__struct.h\n'}
[26.969392] (mocap4r2_msgs) StdoutLine: {'line': b'-- Installing: /home/airlab/seed25/ros_packages/mocap4r2_ws/install/mocap4r2_msgs/include/mocap4r2_msgs/msg/detail/rigid_body__functions.c\n'}
[26.969665] (mocap4r2_msgs) StdoutLine: {'line': b'-- Installing: /home/airlab/seed25/ros_packages/mocap4r2_ws/install/mocap4r2_msgs/include/mocap4r2_msgs/msg/detail/rigid_body__struct.h\n'}
[26.969929] (mocap4r2_msgs) StdoutLine: {'line': b'-- Installing: /home/airlab/seed25/ros_packages/mocap4r2_ws/install/mocap4r2_msgs/include/mocap4r2_msgs/msg/detail/rigid_bodies__functions.h\n'}
[26.970142] (mocap4r2_msgs) StdoutLine: {'line': b'-- Installing: /home/airlab/seed25/ros_packages/mocap4r2_ws/install/mocap4r2_msgs/include/mocap4r2_msgs/msg/detail/rigid_body__type_support.h\n'}
[26.970335] (mocap4r2_msgs) StdoutLine: {'line': b'-- Installing: /home/airlab/seed25/ros_packages/mocap4r2_ws/install/mocap4r2_msgs/include/mocap4r2_msgs/msg/detail/imus_info__functions.c\n'}
[26.970570] (mocap4r2_msgs) StdoutLine: {'line': b'-- Installing: /home/airlab/seed25/ros_packages/mocap4r2_ws/install/mocap4r2_msgs/include/mocap4r2_msgs/msg/detail/marker__functions.h\n'}
[26.970805] (mocap4r2_msgs) StdoutLine: {'line': b'-- Installing: /home/airlab/seed25/ros_packages/mocap4r2_ws/install/mocap4r2_msgs/include/mocap4r2_msgs/msg/detail/markers__struct.h\n'}
[26.971028] (mocap4r2_msgs) StdoutLine: {'line': b'-- Installing: /home/airlab/seed25/ros_packages/mocap4r2_ws/install/mocap4r2_msgs/include/mocap4r2_msgs/msg/detail/markers__functions.h\n'}
[26.971272] (mocap4r2_msgs) StdoutLine: {'line': b'-- Installing: /home/airlab/seed25/ros_packages/mocap4r2_ws/install/mocap4r2_msgs/include/mocap4r2_msgs/msg/detail/rigid_body__functions.h\n'}
[26.971486] (mocap4r2_msgs) StdoutLine: {'line': b'-- Installing: /home/airlab/seed25/ros_packages/mocap4r2_ws/install/mocap4r2_msgs/include/mocap4r2_msgs/msg/detail/marker__struct.h\n'}
[26.971731] (mocap4r2_msgs) StdoutLine: {'line': b'-- Installing: /home/airlab/seed25/ros_packages/mocap4r2_ws/install/mocap4r2_msgs/include/mocap4r2_msgs/msg/detail/marker__functions.c\n'}
[26.971944] (mocap4r2_msgs) StdoutLine: {'line': b'-- Installing: /home/airlab/seed25/ros_packages/mocap4r2_ws/install/mocap4r2_msgs/include/mocap4r2_msgs/msg/detail/rigid_bodies__type_support.h\n'}
[26.972194] (mocap4r2_msgs) StdoutLine: {'line': b'-- Installing: /home/airlab/seed25/ros_packages/mocap4r2_ws/install/mocap4r2_msgs/include/mocap4r2_msgs/msg/detail/markers__functions.c\n'}
[26.972431] (mocap4r2_msgs) StdoutLine: {'line': b'-- Installing: /home/airlab/seed25/ros_packages/mocap4r2_ws/install/mocap4r2_msgs/include/mocap4r2_msgs/msg/detail/imus_info__struct.h\n'}
[26.972657] (mocap4r2_msgs) StdoutLine: {'line': b'-- Installing: /home/airlab/seed25/ros_packages/mocap4r2_ws/install/mocap4r2_msgs/include/mocap4r2_msgs/msg/detail/markers__type_support.h\n'}
[26.972851] (mocap4r2_msgs) StdoutLine: {'line': b'-- Installing: /home/airlab/seed25/ros_packages/mocap4r2_ws/install/mocap4r2_msgs/include/mocap4r2_msgs/msg/detail/rigid_bodies__functions.c\n'}
[26.973258] (mocap4r2_msgs) StdoutLine: {'line': b'-- Installing: /home/airlab/seed25/ros_packages/mocap4r2_ws/install/mocap4r2_msgs/include/mocap4r2_msgs/msg/detail/marker__type_support.h\n'}
[26.973468] (mocap4r2_msgs) StdoutLine: {'line': b'-- Installing: /home/airlab/seed25/ros_packages/mocap4r2_ws/install/mocap4r2_msgs/include/mocap4r2_msgs/msg/detail/imus_info__functions.h\n'}
[26.973724] (mocap4r2_msgs) StdoutLine: {'line': b'-- Installing: /home/airlab/seed25/ros_packages/mocap4r2_ws/install/mocap4r2_msgs/include/mocap4r2_msgs/msg/detail/imus_info__type_support.h\n'}
[26.973967] (mocap4r2_msgs) StdoutLine: {'line': b'-- Installing: /home/airlab/seed25/ros_packages/mocap4r2_ws/install/mocap4r2_msgs/include/mocap4r2_msgs/msg/rosidl_generator_c__visibility_control.h\n'}
[26.974192] (mocap4r2_msgs) StdoutLine: {'line': b'-- Installing: /home/airlab/seed25/ros_packages/mocap4r2_ws/install/mocap4r2_msgs/include/mocap4r2_msgs/msg/marker.h\n'}
[26.974392] (mocap4r2_msgs) StdoutLine: {'line': b'-- Installing: /home/airlab/seed25/ros_packages/mocap4r2_ws/install/mocap4r2_msgs/include/mocap4r2_msgs/msg/rigid_body.h\n'}
[26.974582] (mocap4r2_msgs) StdoutLine: {'line': b'-- Installing: /home/airlab/seed25/ros_packages/mocap4r2_ws/install/mocap4r2_msgs/include/mocap4r2_msgs/msg/rigid_bodies.h\n'}
[26.974828] (mocap4r2_msgs) StdoutLine: {'line': b'-- Installing: /home/airlab/seed25/ros_packages/mocap4r2_ws/install/mocap4r2_msgs/include/mocap4r2_msgs/msg/imus_info.h\n'}
[26.975283] (mocap4r2_msgs) StdoutLine: {'line': b'-- Installing: /home/airlab/seed25/ros_packages/mocap4r2_ws/install/mocap4r2_msgs/share/mocap4r2_msgs/environment/library_path.sh\n'}
[26.975605] (mocap4r2_msgs) StdoutLine: {'line': b'-- Installing: /home/airlab/seed25/ros_packages/mocap4r2_ws/install/mocap4r2_msgs/share/mocap4r2_msgs/environment/library_path.dsv\n'}
[26.976088] (mocap4r2_msgs) StdoutLine: {'line': b'-- Installing: /home/airlab/seed25/ros_packages/mocap4r2_ws/install/mocap4r2_msgs/lib/libmocap4r2_msgs__rosidl_generator_c.so\n'}
[26.976863] (mocap4r2_msgs) StdoutLine: {'line': b'-- Set runtime path of "/home/airlab/seed25/ros_packages/mocap4r2_ws/install/mocap4r2_msgs/lib/libmocap4r2_msgs__rosidl_generator_c.so" to ""\n'}
[26.977099] (mocap4r2_msgs) StdoutLine: {'line': b'-- Up-to-date: /home/airlab/seed25/ros_packages/mocap4r2_ws/install/mocap4r2_msgs/include/mocap4r2_msgs\n'}
[26.977344] (mocap4r2_msgs) StdoutLine: {'line': b'-- Up-to-date: /home/airlab/seed25/ros_packages/mocap4r2_ws/install/mocap4r2_msgs/include/mocap4r2_msgs/msg\n'}
[26.977490] (mocap4r2_msgs) StdoutLine: {'line': b'-- Up-to-date: /home/airlab/seed25/ros_packages/mocap4r2_ws/install/mocap4r2_msgs/include/mocap4r2_msgs/msg/detail\n'}
[26.977670] (mocap4r2_msgs) StdoutLine: {'line': b'-- Installing: /home/airlab/seed25/ros_packages/mocap4r2_ws/install/mocap4r2_msgs/include/mocap4r2_msgs/msg/detail/imus_info__rosidl_typesupport_fastrtps_c.h\n'}
[26.977847] (mocap4r2_msgs) StdoutLine: {'line': b'-- Installing: /home/airlab/seed25/ros_packages/mocap4r2_ws/install/mocap4r2_msgs/include/mocap4r2_msgs/msg/detail/rigid_bodies__rosidl_typesupport_fastrtps_c.h\n'}
[26.977988] (mocap4r2_msgs) StdoutLine: {'line': b'-- Installing: /home/airlab/seed25/ros_packages/mocap4r2_ws/install/mocap4r2_msgs/include/mocap4r2_msgs/msg/detail/rigid_body__rosidl_typesupport_fastrtps_c.h\n'}
[26.978161] (mocap4r2_msgs) StdoutLine: {'line': b'-- Installing: /home/airlab/seed25/ros_packages/mocap4r2_ws/install/mocap4r2_msgs/include/mocap4r2_msgs/msg/detail/marker__rosidl_typesupport_fastrtps_c.h\n'}
[26.978333] (mocap4r2_msgs) StdoutLine: {'line': b'-- Installing: /home/airlab/seed25/ros_packages/mocap4r2_ws/install/mocap4r2_msgs/include/mocap4r2_msgs/msg/detail/markers__rosidl_typesupport_fastrtps_c.h\n'}
[26.978519] (mocap4r2_msgs) StdoutLine: {'line': b'-- Installing: /home/airlab/seed25/ros_packages/mocap4r2_ws/install/mocap4r2_msgs/include/mocap4r2_msgs/msg/rosidl_typesupport_fastrtps_c__visibility_control.h\n'}
[26.978944] (mocap4r2_msgs) StdoutLine: {'line': b'-- Installing: /home/airlab/seed25/ros_packages/mocap4r2_ws/install/mocap4r2_msgs/lib/libmocap4r2_msgs__rosidl_typesupport_fastrtps_c.so\n'}
[26.979693] (mocap4r2_msgs) StdoutLine: {'line': b'-- Set runtime path of "/home/airlab/seed25/ros_packages/mocap4r2_ws/install/mocap4r2_msgs/lib/libmocap4r2_msgs__rosidl_typesupport_fastrtps_c.so" to ""\n'}
[26.979888] (mocap4r2_msgs) StdoutLine: {'line': b'-- Up-to-date: /home/airlab/seed25/ros_packages/mocap4r2_ws/install/mocap4r2_msgs/include/mocap4r2_msgs\n'}
[26.980094] (mocap4r2_msgs) StdoutLine: {'line': b'-- Up-to-date: /home/airlab/seed25/ros_packages/mocap4r2_ws/install/mocap4r2_msgs/include/mocap4r2_msgs/msg\n'}
[26.980268] (mocap4r2_msgs) StdoutLine: {'line': b'-- Installing: /home/airlab/seed25/ros_packages/mocap4r2_ws/install/mocap4r2_msgs/include/mocap4r2_msgs/msg/rosidl_typesupport_fastrtps_cpp__visibility_control.h\n'}
[26.980445] (mocap4r2_msgs) StdoutLine: {'line': b'-- Up-to-date: /home/airlab/seed25/ros_packages/mocap4r2_ws/install/mocap4r2_msgs/include/mocap4r2_msgs/msg/detail\n'}
[26.980609] (mocap4r2_msgs) StdoutLine: {'line': b'-- Installing: /home/airlab/seed25/ros_packages/mocap4r2_ws/install/mocap4r2_msgs/include/mocap4r2_msgs/msg/detail/rigid_body__rosidl_typesupport_fastrtps_cpp.hpp\n'}
[26.980774] (mocap4r2_msgs) StdoutLine: {'line': b'-- Installing: /home/airlab/seed25/ros_packages/mocap4r2_ws/install/mocap4r2_msgs/include/mocap4r2_msgs/msg/detail/dds_fastrtps\n'}
[26.980964] (mocap4r2_msgs) StdoutLine: {'line': b'-- Installing: /home/airlab/seed25/ros_packages/mocap4r2_ws/install/mocap4r2_msgs/include/mocap4r2_msgs/msg/detail/rigid_bodies__rosidl_typesupport_fastrtps_cpp.hpp\n'}
[26.981152] (mocap4r2_msgs) StdoutLine: {'line': b'-- Installing: /home/airlab/seed25/ros_packages/mocap4r2_ws/install/mocap4r2_msgs/include/mocap4r2_msgs/msg/detail/imus_info__rosidl_typesupport_fastrtps_cpp.hpp\n'}
[26.981330] (mocap4r2_msgs) StdoutLine: {'line': b'-- Installing: /home/airlab/seed25/ros_packages/mocap4r2_ws/install/mocap4r2_msgs/include/mocap4r2_msgs/msg/detail/marker__rosidl_typesupport_fastrtps_cpp.hpp\n'}
[26.981516] (mocap4r2_msgs) StdoutLine: {'line': b'-- Installing: /home/airlab/seed25/ros_packages/mocap4r2_ws/install/mocap4r2_msgs/include/mocap4r2_msgs/msg/detail/markers__rosidl_typesupport_fastrtps_cpp.hpp\n'}
[26.981891] (mocap4r2_msgs) StdoutLine: {'line': b'-- Installing: /home/airlab/seed25/ros_packages/mocap4r2_ws/install/mocap4r2_msgs/lib/libmocap4r2_msgs__rosidl_typesupport_fastrtps_cpp.so\n'}
[26.982877] (mocap4r2_msgs) StdoutLine: {'line': b'-- Set runtime path of "/home/airlab/seed25/ros_packages/mocap4r2_ws/install/mocap4r2_msgs/lib/libmocap4r2_msgs__rosidl_typesupport_fastrtps_cpp.so" to ""\n'}
[26.983081] (mocap4r2_msgs) StdoutLine: {'line': b'-- Up-to-date: /home/airlab/seed25/ros_packages/mocap4r2_ws/install/mocap4r2_msgs/include/mocap4r2_msgs\n'}
[26.983332] (mocap4r2_msgs) StdoutLine: {'line': b'-- Up-to-date: /home/airlab/seed25/ros_packages/mocap4r2_ws/install/mocap4r2_msgs/include/mocap4r2_msgs/msg\n'}
[26.983477] (mocap4r2_msgs) StdoutLine: {'line': b'-- Up-to-date: /home/airlab/seed25/ros_packages/mocap4r2_ws/install/mocap4r2_msgs/include/mocap4r2_msgs/msg/detail\n'}
[26.983714] (mocap4r2_msgs) StdoutLine: {'line': b'-- Installing: /home/airlab/seed25/ros_packages/mocap4r2_ws/install/mocap4r2_msgs/include/mocap4r2_msgs/msg/detail/rigid_bodies__type_support.c\n'}
[26.983897] (mocap4r2_msgs) StdoutLine: {'line': b'-- Installing: /home/airlab/seed25/ros_packages/mocap4r2_ws/install/mocap4r2_msgs/include/mocap4r2_msgs/msg/detail/markers__rosidl_typesupport_introspection_c.h\n'}
[26.984079] (mocap4r2_control) StdoutLine: {'line': b'-- Generating done\n'}
[26.984282] (mocap4r2_msgs) StdoutLine: {'line': b'-- Installing: /home/airlab/seed25/ros_packages/mocap4r2_ws/install/mocap4r2_msgs/include/mocap4r2_msgs/msg/detail/rigid_bodies__rosidl_typesupport_introspection_c.h\n'}
[26.984427] (mocap4r2_msgs) StdoutLine: {'line': b'-- Installing: /home/airlab/seed25/ros_packages/mocap4r2_ws/install/mocap4r2_msgs/include/mocap4r2_msgs/msg/detail/rigid_body__type_support.c\n'}
[26.984601] (mocap4r2_msgs) StdoutLine: {'line': b'-- Installing: /home/airlab/seed25/ros_packages/mocap4r2_ws/install/mocap4r2_msgs/include/mocap4r2_msgs/msg/detail/marker__type_support.c\n'}
[26.984765] (mocap4r2_msgs) StdoutLine: {'line': b'-- Installing: /home/airlab/seed25/ros_packages/mocap4r2_ws/install/mocap4r2_msgs/include/mocap4r2_msgs/msg/detail/markers__type_support.c\n'}
[26.984921] (mocap4r2_msgs) StdoutLine: {'line': b'-- Installing: /home/airlab/seed25/ros_packages/mocap4r2_ws/install/mocap4r2_msgs/include/mocap4r2_msgs/msg/detail/imus_info__type_support.c\n'}
[26.985113] (mocap4r2_msgs) StdoutLine: {'line': b'-- Installing: /home/airlab/seed25/ros_packages/mocap4r2_ws/install/mocap4r2_msgs/include/mocap4r2_msgs/msg/detail/rigid_body__rosidl_typesupport_introspection_c.h\n'}
[26.985622] (mocap4r2_msgs) StdoutLine: {'line': b'-- Installing: /home/airlab/seed25/ros_packages/mocap4r2_ws/install/mocap4r2_msgs/include/mocap4r2_msgs/msg/detail/imus_info__rosidl_typesupport_introspection_c.h\n'}
[26.985849] (mocap4r2_msgs) StdoutLine: {'line': b'-- Installing: /home/airlab/seed25/ros_packages/mocap4r2_ws/install/mocap4r2_msgs/include/mocap4r2_msgs/msg/detail/marker__rosidl_typesupport_introspection_c.h\n'}
[26.986044] (mocap4r2_msgs) StdoutLine: {'line': b'-- Installing: /home/airlab/seed25/ros_packages/mocap4r2_ws/install/mocap4r2_msgs/include/mocap4r2_msgs/msg/rosidl_typesupport_introspection_c__visibility_control.h\n'}
[26.986498] (mocap4r2_msgs) StdoutLine: {'line': b'-- Installing: /home/airlab/seed25/ros_packages/mocap4r2_ws/install/mocap4r2_msgs/lib/libmocap4r2_msgs__rosidl_typesupport_introspection_c.so\n'}
[26.987186] (mocap4r2_msgs) StdoutLine: {'line': b'-- Set runtime path of "/home/airlab/seed25/ros_packages/mocap4r2_ws/install/mocap4r2_msgs/lib/libmocap4r2_msgs__rosidl_typesupport_introspection_c.so" to ""\n'}
[26.987420] (mocap4r2_msgs) StdoutLine: {'line': b'-- Installing: /home/airlab/seed25/ros_packages/mocap4r2_ws/install/mocap4r2_msgs/lib/libmocap4r2_msgs__rosidl_typesupport_c.so\n'}
[26.988049] (mocap4r2_msgs) StdoutLine: {'line': b'-- Set runtime path of "/home/airlab/seed25/ros_packages/mocap4r2_ws/install/mocap4r2_msgs/lib/libmocap4r2_msgs__rosidl_typesupport_c.so" to ""\n'}
[26.988232] (mocap4r2_msgs) StdoutLine: {'line': b'-- Up-to-date: /home/airlab/seed25/ros_packages/mocap4r2_ws/install/mocap4r2_msgs/include/mocap4r2_msgs\n'}
[26.988434] (mocap4r2_msgs) StdoutLine: {'line': b'-- Up-to-date: /home/airlab/seed25/ros_packages/mocap4r2_ws/install/mocap4r2_msgs/include/mocap4r2_msgs/msg\n'}
[26.988572] (mocap4r2_msgs) StdoutLine: {'line': b'-- Installing: /home/airlab/seed25/ros_packages/mocap4r2_ws/install/mocap4r2_msgs/include/mocap4r2_msgs/msg/rigid_bodies.hpp\n'}
[26.988749] (mocap4r2_msgs) StdoutLine: {'line': b'-- Installing: /home/airlab/seed25/ros_packages/mocap4r2_ws/install/mocap4r2_msgs/include/mocap4r2_msgs/msg/rosidl_generator_cpp__visibility_control.hpp\n'}
[26.988927] (mocap4r2_msgs) StdoutLine: {'line': b'-- Installing: /home/airlab/seed25/ros_packages/mocap4r2_ws/install/mocap4r2_msgs/include/mocap4r2_msgs/msg/markers.hpp\n'}
[26.989142] (mocap4r2_msgs) StdoutLine: {'line': b'-- Up-to-date: /home/airlab/seed25/ros_packages/mocap4r2_ws/install/mocap4r2_msgs/include/mocap4r2_msgs/msg/detail\n'}
[26.989318] (mocap4r2_msgs) StdoutLine: {'line': b'-- Installing: /home/airlab/seed25/ros_packages/mocap4r2_ws/install/mocap4r2_msgs/include/mocap4r2_msgs/msg/detail/imus_info__type_support.hpp\n'}
[26.989505] (mocap4r2_msgs) StdoutLine: {'line': b'-- Installing: /home/airlab/seed25/ros_packages/mocap4r2_ws/install/mocap4r2_msgs/include/mocap4r2_msgs/msg/detail/rigid_body__builder.hpp\n'}
[26.989676] (mocap4r2_msgs) StdoutLine: {'line': b'-- Installing: /home/airlab/seed25/ros_packages/mocap4r2_ws/install/mocap4r2_msgs/include/mocap4r2_msgs/msg/detail/rigid_body__traits.hpp\n'}
[26.989853] (mocap4r2_msgs) StdoutLine: {'line': b'-- Installing: /home/airlab/seed25/ros_packages/mocap4r2_ws/install/mocap4r2_msgs/include/mocap4r2_msgs/msg/detail/rigid_body__struct.hpp\n'}
[26.990121] (mocap4r2_msgs) StdoutLine: {'line': b'-- Installing: /home/airlab/seed25/ros_packages/mocap4r2_ws/install/mocap4r2_msgs/include/mocap4r2_msgs/msg/detail/marker__traits.hpp\n'}
[26.990345] (mocap4r2_msgs) StdoutLine: {'line': b'-- Installing: /home/airlab/seed25/ros_packages/mocap4r2_ws/install/mocap4r2_msgs/include/mocap4r2_msgs/msg/detail/rigid_bodies__builder.hpp\n'}
[26.990554] (mocap4r2_msgs) StdoutLine: {'line': b'-- Installing: /home/airlab/seed25/ros_packages/mocap4r2_ws/install/mocap4r2_msgs/include/mocap4r2_msgs/msg/detail/markers__builder.hpp\n'}
[26.990802] (mocap4r2_msgs) StdoutLine: {'line': b'-- Installing: /home/airlab/seed25/ros_packages/mocap4r2_ws/install/mocap4r2_msgs/include/mocap4r2_msgs/msg/detail/markers__struct.hpp\n'}
[26.991017] (mocap4r2_msgs) StdoutLine: {'line': b'-- Installing: /home/airlab/seed25/ros_packages/mocap4r2_ws/install/mocap4r2_msgs/include/mocap4r2_msgs/msg/detail/markers__type_support.hpp\n'}
[26.991268] (mocap4r2_msgs) StdoutLine: {'line': b'-- Installing: /home/airlab/seed25/ros_packages/mocap4r2_ws/install/mocap4r2_msgs/include/mocap4r2_msgs/msg/detail/markers__traits.hpp\n'}
[26.991471] (mocap4r2_msgs) StdoutLine: {'line': b'-- Installing: /home/airlab/seed25/ros_packages/mocap4r2_ws/install/mocap4r2_msgs/include/mocap4r2_msgs/msg/detail/rigid_bodies__struct.hpp\n'}
[26.991729] (mocap4r2_msgs) StdoutLine: {'line': b'-- Installing: /home/airlab/seed25/ros_packages/mocap4r2_ws/install/mocap4r2_msgs/include/mocap4r2_msgs/msg/detail/rigid_bodies__type_support.hpp\n'}
[26.991938] (mocap4r2_msgs) StdoutLine: {'line': b'-- Installing: /home/airlab/seed25/ros_packages/mocap4r2_ws/install/mocap4r2_msgs/include/mocap4r2_msgs/msg/detail/rigid_body__type_support.hpp\n'}
[26.992182] (mocap4r2_msgs) StdoutLine: {'line': b'-- Installing: /home/airlab/seed25/ros_packages/mocap4r2_ws/install/mocap4r2_msgs/include/mocap4r2_msgs/msg/detail/imus_info__traits.hpp\n'}
[26.992411] (mocap4r2_msgs) StdoutLine: {'line': b'-- Installing: /home/airlab/seed25/ros_packages/mocap4r2_ws/install/mocap4r2_msgs/include/mocap4r2_msgs/msg/detail/rigid_bodies__traits.hpp\n'}
[26.992646] (mocap4r2_msgs) StdoutLine: {'line': b'-- Installing: /home/airlab/seed25/ros_packages/mocap4r2_ws/install/mocap4r2_msgs/include/mocap4r2_msgs/msg/detail/imus_info__builder.hpp\n'}
[26.992870] (mocap4r2_msgs) StdoutLine: {'line': b'-- Installing: /home/airlab/seed25/ros_packages/mocap4r2_ws/install/mocap4r2_msgs/include/mocap4r2_msgs/msg/detail/marker__struct.hpp\n'}
[26.993140] (mocap4r2_msgs) StdoutLine: {'line': b'-- Installing: /home/airlab/seed25/ros_packages/mocap4r2_ws/install/mocap4r2_msgs/include/mocap4r2_msgs/msg/detail/marker__builder.hpp\n'}
[26.993370] (mocap4r2_msgs) StdoutLine: {'line': b'-- Installing: /home/airlab/seed25/ros_packages/mocap4r2_ws/install/mocap4r2_msgs/include/mocap4r2_msgs/msg/detail/marker__type_support.hpp\n'}
[26.993601] (mocap4r2_msgs) StdoutLine: {'line': b'-- Installing: /home/airlab/seed25/ros_packages/mocap4r2_ws/install/mocap4r2_msgs/include/mocap4r2_msgs/msg/detail/imus_info__struct.hpp\n'}
[26.993840] (mocap4r2_msgs) StdoutLine: {'line': b'-- Installing: /home/airlab/seed25/ros_packages/mocap4r2_ws/install/mocap4r2_msgs/include/mocap4r2_msgs/msg/rigid_body.hpp\n'}
[26.994059] (mocap4r2_msgs) StdoutLine: {'line': b'-- Installing: /home/airlab/seed25/ros_packages/mocap4r2_ws/install/mocap4r2_msgs/include/mocap4r2_msgs/msg/marker.hpp\n'}
[26.994271] (mocap4r2_msgs) StdoutLine: {'line': b'-- Installing: /home/airlab/seed25/ros_packages/mocap4r2_ws/install/mocap4r2_msgs/include/mocap4r2_msgs/msg/imus_info.hpp\n'}
[26.994581] (mocap4r2_msgs) StdoutLine: {'line': b'-- Up-to-date: /home/airlab/seed25/ros_packages/mocap4r2_ws/install/mocap4r2_msgs/include/mocap4r2_msgs\n'}
[26.994797] (mocap4r2_msgs) StdoutLine: {'line': b'-- Up-to-date: /home/airlab/seed25/ros_packages/mocap4r2_ws/install/mocap4r2_msgs/include/mocap4r2_msgs/msg\n'}
[26.994969] (mocap4r2_msgs) StdoutLine: {'line': b'-- Up-to-date: /home/airlab/seed25/ros_packages/mocap4r2_ws/install/mocap4r2_msgs/include/mocap4r2_msgs/msg/detail\n'}
[26.995141] (mocap4r2_msgs) StdoutLine: {'line': b'-- Installing: /home/airlab/seed25/ros_packages/mocap4r2_ws/install/mocap4r2_msgs/include/mocap4r2_msgs/msg/detail/rigid_bodies__rosidl_typesupport_introspection_cpp.hpp\n'}
[26.995277] (mocap4r2_msgs) StdoutLine: {'line': b'-- Installing: /home/airlab/seed25/ros_packages/mocap4r2_ws/install/mocap4r2_msgs/include/mocap4r2_msgs/msg/detail/marker__type_support.cpp\n'}
[26.995438] (mocap4r2_msgs) StdoutLine: {'line': b'-- Installing: /home/airlab/seed25/ros_packages/mocap4r2_ws/install/mocap4r2_msgs/include/mocap4r2_msgs/msg/detail/imus_info__type_support.cpp\n'}
[26.995644] (mocap4r2_msgs) StdoutLine: {'line': b'-- Installing: /home/airlab/seed25/ros_packages/mocap4r2_ws/install/mocap4r2_msgs/include/mocap4r2_msgs/msg/detail/rigid_bodies__type_support.cpp\n'}
[26.995810] (mocap4r2_msgs) StdoutLine: {'line': b'-- Installing: /home/airlab/seed25/ros_packages/mocap4r2_ws/install/mocap4r2_msgs/include/mocap4r2_msgs/msg/detail/markers__rosidl_typesupport_introspection_cpp.hpp\n'}
[26.996061] (mocap4r2_msgs) StdoutLine: {'line': b'-- Installing: /home/airlab/seed25/ros_packages/mocap4r2_ws/install/mocap4r2_msgs/include/mocap4r2_msgs/msg/detail/imus_info__rosidl_typesupport_introspection_cpp.hpp\n'}
[26.996274] (mocap4r2_msgs) StdoutLine: {'line': b'-- Installing: /home/airlab/seed25/ros_packages/mocap4r2_ws/install/mocap4r2_msgs/include/mocap4r2_msgs/msg/detail/markers__type_support.cpp\n'}
[26.996532] (mocap4r2_msgs) StdoutLine: {'line': b'-- Installing: /home/airlab/seed25/ros_packages/mocap4r2_ws/install/mocap4r2_msgs/include/mocap4r2_msgs/msg/detail/rigid_body__type_support.cpp\n'}
[26.996767] (mocap4r2_msgs) StdoutLine: {'line': b'-- Installing: /home/airlab/seed25/ros_packages/mocap4r2_ws/install/mocap4r2_msgs/include/mocap4r2_msgs/msg/detail/marker__rosidl_typesupport_introspection_cpp.hpp\n'}
[26.997000] (mocap4r2_msgs) StdoutLine: {'line': b'-- Installing: /home/airlab/seed25/ros_packages/mocap4r2_ws/install/mocap4r2_msgs/include/mocap4r2_msgs/msg/detail/rigid_body__rosidl_typesupport_introspection_cpp.hpp\n'}
[26.997470] (mocap4r2_msgs) StdoutLine: {'line': b'-- Installing: /home/airlab/seed25/ros_packages/mocap4r2_ws/install/mocap4r2_msgs/lib/libmocap4r2_msgs__rosidl_typesupport_introspection_cpp.so\n'}
[26.998464] (mocap4r2_msgs) StdoutLine: {'line': b'-- Set runtime path of "/home/airlab/seed25/ros_packages/mocap4r2_ws/install/mocap4r2_msgs/lib/libmocap4r2_msgs__rosidl_typesupport_introspection_cpp.so" to ""\n'}
[26.998699] (mocap4r2_msgs) StdoutLine: {'line': b'-- Installing: /home/airlab/seed25/ros_packages/mocap4r2_ws/install/mocap4r2_msgs/lib/libmocap4r2_msgs__rosidl_typesupport_cpp.so\n'}
[26.999340] (mocap4r2_msgs) StdoutLine: {'line': b'-- Set runtime path of "/home/airlab/seed25/ros_packages/mocap4r2_ws/install/mocap4r2_msgs/lib/libmocap4r2_msgs__rosidl_typesupport_cpp.so" to ""\n'}
[26.999534] (mocap4r2_msgs) StdoutLine: {'line': b'-- Installing: /home/airlab/seed25/ros_packages/mocap4r2_ws/install/mocap4r2_msgs/share/mocap4r2_msgs/environment/pythonpath.sh\n'}
[26.999854] (mocap4r2_msgs) StdoutLine: {'line': b'-- Installing: /home/airlab/seed25/ros_packages/mocap4r2_ws/install/mocap4r2_msgs/share/mocap4r2_msgs/environment/pythonpath.dsv\n'}
[27.000316] (mocap4r2_msgs) StdoutLine: {'line': b'-- Installing: /home/airlab/seed25/ros_packages/mocap4r2_ws/install/mocap4r2_msgs/lib/python3.8/site-packages/mocap4r2_msgs/__init__.py\n'}
[27.007271] (mocap4r2_control) StdoutLine: {'line': b'-- Build files have been written to: /home/airlab/seed25/ros_packages/mocap4r2_ws/build/mocap4r2_control\n'}
[27.024785] (-) TimerEvent: {}
[27.036661] (mocap4r2_control) CommandEnded: {'returncode': 0}
[27.038016] (mocap4r2_control) JobProgress: {'identifier': 'mocap4r2_control', 'progress': 'build'}
[27.038620] (mocap4r2_control) Command: {'cmd': ['/usr/bin/cmake', '--build', '/home/airlab/seed25/ros_packages/mocap4r2_ws/build/mocap4r2_control', '--', '-j4', '-l4'], 'cwd': '/home/airlab/seed25/ros_packages/mocap4r2_ws/build/mocap4r2_control', 'env': OrderedDict([('LESSOPEN', '| /usr/bin/lesspipe %s'), ('USER', 'airlab'), ('SSH_CLIENT', '192.168.0.184 49493 22'), ('XDG_SESSION_TYPE', 'tty'), ('SHLVL', '1'), ('LD_LIBRARY_PATH', '/home/airlab/seed25/ros_packages/mocap4r2_ws/install/mocap4r2_control_msgs/lib:/home/airlab/seed25/ros_packages/mocap4r2_ws/install/mocap4r2_robot_gt_msgs/lib:/home/airlab/seed25/ros_packages/mocap4r2_ws/install/mocap4r2_msgs/lib:/home/airlab/seed25/ros_packages/mocap4r2_ws/install/mocap4r2_marker_viz_srvs/lib:/usr/local/cuda-11.4/lib64:/usr/local/cuda-11.4/lib64:/opt/ros/foxy/opt/yaml_cpp_vendor/lib:/opt/ros/foxy/opt/rviz_ogre_vendor/lib:/opt/ros/foxy/lib/aarch64-linux-gnu:/opt/ros/foxy/lib:/usr/local/cuda-11.4/lib64'), ('MOTD_SHOWN', 'pam'), ('HOME', '/home/airlab'), ('OLDPWD', '/home/airlab/seed25/ros_packages/mocap4r2_ws/src'), ('SSH_TTY', '/dev/pts/1'), ('JETSON_L4T', '35.6.1'), ('ROS_PYTHON_VERSION', '3'), ('JETSON_MODEL', 'NVIDIA Orin NX Developer Kit'), ('DBUS_SESSION_BUS_ADDRESS', 'unix:path=/run/user/1000/bus'), ('COLCON_PREFIX_PATH', '/home/airlab/seed25/ros_packages/mocap4r2_ws/install'), ('ROS_DISTRO', 'foxy'), ('LOGNAME', 'airlab'), ('JETSON_MODULE', 'NVIDIA Jetson Orin NX (16GB ram)'), ('JETSON_SERIAL_NUMBER', '1425023203559'), ('_', '/usr/bin/colcon'), ('ROS_VERSION', '2'), ('JETSON_CODENAME', 'P3768'), ('XDG_SESSION_CLASS', 'user'), ('TERM', 'xterm'), ('XDG_SESSION_ID', '8'), ('ROS_LOCALHOST_ONLY', '0'), ('PATH', '/usr/local/cuda-11.4/bin:/usr/local/cuda-11.4/bin:/home/airlab/.local/bin:/opt/ros/foxy/bin:/usr/local/cuda-11.4/bin:/usr/local/sbin:/usr/local/bin:/usr/sbin:/usr/bin:/sbin:/bin:/usr/games:/usr/local/games:/snap/bin'), ('XDG_RUNTIME_DIR', '/run/user/1000'), ('DISPLAY', 'localhost:11.0'), ('LANG', 'en_US.UTF-8'), ('LS_COLORS', 'rs=0:di=01;34:ln=01;36:mh=00:pi=40;33:so=01;35:do=01;35:bd=40;33;01:cd=40;33;01:or=40;31;01:mi=00:su=37;41:sg=30;43:ca=30;41:tw=30;42:ow=34;42:st=37;44:ex=01;32:*.tar=01;31:*.tgz=01;31:*.arc=01;31:*.arj=01;31:*.taz=01;31:*.lha=01;31:*.lz4=01;31:*.lzh=01;31:*.lzma=01;31:*.tlz=01;31:*.txz=01;31:*.tzo=01;31:*.t7z=01;31:*.zip=01;31:*.z=01;31:*.dz=01;31:*.gz=01;31:*.lrz=01;31:*.lz=01;31:*.lzo=01;31:*.xz=01;31:*.zst=01;31:*.tzst=01;31:*.bz2=01;31:*.bz=01;31:*.tbz=01;31:*.tbz2=01;31:*.tz=01;31:*.deb=01;31:*.rpm=01;31:*.jar=01;31:*.war=01;31:*.ear=01;31:*.sar=01;31:*.rar=01;31:*.alz=01;31:*.ace=01;31:*.zoo=01;31:*.cpio=01;31:*.7z=01;31:*.rz=01;31:*.cab=01;31:*.wim=01;31:*.swm=01;31:*.dwm=01;31:*.esd=01;31:*.jpg=01;35:*.jpeg=01;35:*.mjpg=01;35:*.mjpeg=01;35:*.gif=01;35:*.bmp=01;35:*.pbm=01;35:*.pgm=01;35:*.ppm=01;35:*.tga=01;35:*.xbm=01;35:*.xpm=01;35:*.tif=01;35:*.tiff=01;35:*.png=01;35:*.svg=01;35:*.svgz=01;35:*.mng=01;35:*.pcx=01;35:*.mov=01;35:*.mpg=01;35:*.mpeg=01;35:*.m2v=01;35:*.mkv=01;35:*.webm=01;35:*.ogm=01;35:*.mp4=01;35:*.m4v=01;35:*.mp4v=01;35:*.vob=01;35:*.qt=01;35:*.nuv=01;35:*.wmv=01;35:*.asf=01;35:*.rm=01;35:*.rmvb=01;35:*.flc=01;35:*.avi=01;35:*.fli=01;35:*.flv=01;35:*.gl=01;35:*.dl=01;35:*.xcf=01;35:*.xwd=01;35:*.yuv=01;35:*.cgm=01;35:*.emf=01;35:*.ogv=01;35:*.ogx=01;35:*.aac=00;36:*.au=00;36:*.flac=00;36:*.m4a=00;36:*.mid=00;36:*.midi=00;36:*.mka=00;36:*.mp3=00;36:*.mpc=00;36:*.ogg=00;36:*.ra=00;36:*.wav=00;36:*.oga=00;36:*.opus=00;36:*.spx=00;36:*.xspf=00;36:'), ('JETSON_SOC', 'tegra23x'), ('ROS_DOMAIN_ID', '3'), ('AMENT_PREFIX_PATH', '/home/airlab/seed25/ros_packages/mocap4r2_ws/install/mocap4r2cli:/home/airlab/seed25/ros_packages/mocap4r2_ws/install/mocap4r2_robot_gt_msgs:/home/airlab/seed25/ros_packages/mocap4r2_ws/install/mocap4r2_marker_viz:/home/airlab/seed25/ros_packages/mocap4r2_ws/install/mocap4r2_marker_publisher:/home/airlab/seed25/ros_packages/mocap4r2_ws/install/mocap4r2_msgs:/home/airlab/seed25/ros_packages/mocap4r2_ws/install/mocap4r2_marker_viz_srvs:/home/airlab/seed25/ros_packages/mocap4r2_ws/install/mocap4r2_control_msgs:/opt/ros/foxy'), ('SHELL', '/bin/bash'), ('LESSCLOSE', '/usr/bin/lesspipe %s %s'), ('JETSON_CUDA_ARCH_BIN', '8.7'), ('PWD', '/home/airlab/seed25/ros_packages/mocap4r2_ws/build/mocap4r2_control'), ('LC_ALL', 'en_US.UTF-8'), ('SSH_CONNECTION', '192.168.0.184 49493 192.168.0.136 22'), ('XDG_DATA_DIRS', '/usr/local/share:/usr/share:/var/lib/snapd/desktop'), ('PYTHONPATH', '/home/airlab/seed25/ros_packages/mocap4r2_ws/install/mocap4r2_control_msgs/lib/python3.8/site-packages:/home/airlab/seed25/ros_packages/mocap4r2_ws/install/mocap4r2cli/lib/python3.8/site-packages:/home/airlab/seed25/ros_packages/mocap4r2_ws/install/mocap4r2_robot_gt_msgs/lib/python3.8/site-packages:/home/airlab/seed25/ros_packages/mocap4r2_ws/install/mocap4r2_msgs/lib/python3.8/site-packages:/home/airlab/seed25/ros_packages/mocap4r2_ws/install/mocap4r2_marker_viz_srvs/lib/python3.8/site-packages:/opt/ros/foxy/lib/python3.8/site-packages'), ('COLCON', '1'), ('JETSON_JETPACK', '5.1.5'), ('CMAKE_PREFIX_PATH', '/home/airlab/seed25/ros_packages/mocap4r2_ws/install/mocap4r2_control_msgs:/home/airlab/seed25/ros_packages/mocap4r2_ws/install/mocap4r2_robot_gt_msgs:/home/airlab/seed25/ros_packages/mocap4r2_ws/install/mocap4r2_marker_viz:/home/airlab/seed25/ros_packages/mocap4r2_ws/install/mocap4r2_marker_publisher:/home/airlab/seed25/ros_packages/mocap4r2_ws/install/mocap4r2_msgs:/home/airlab/seed25/ros_packages/mocap4r2_ws/install/mocap4r2_marker_viz_srvs:/home/airlab/seed25/ros_packages/mocap4r2_ws/install/mocap4r2cli:/opt/ros/foxy'), ('JETSON_P_NUMBER', 'p3767-0000')]), 'shell': False}
[27.071531] (mocap4r2_msgs) StdoutLine: {'line': b"Compiling '/home/airlab/seed25/ros_packages/mocap4r2_ws/install/mocap4r2_msgs/lib/python3.8/site-packages/mocap4r2_msgs/__init__.py'...\n"}
[27.083117] (mocap4r2_msgs) StdoutLine: {'line': b'-- Installing: /home/airlab/seed25/ros_packages/mocap4r2_ws/install/mocap4r2_msgs/lib/python3.8/site-packages/mocap4r2_msgs/msg\n'}
[27.083657] (mocap4r2_msgs) StdoutLine: {'line': b'-- Installing: /home/airlab/seed25/ros_packages/mocap4r2_ws/install/mocap4r2_msgs/lib/python3.8/site-packages/mocap4r2_msgs/msg/_rigid_bodies.py\n'}
[27.083920] (mocap4r2_msgs) StdoutLine: {'line': b'-- Installing: /home/airlab/seed25/ros_packages/mocap4r2_ws/install/mocap4r2_msgs/lib/python3.8/site-packages/mocap4r2_msgs/msg/_markers_s.c\n'}
[27.084126] (mocap4r2_msgs) StdoutLine: {'line': b'-- Installing: /home/airlab/seed25/ros_packages/mocap4r2_ws/install/mocap4r2_msgs/lib/python3.8/site-packages/mocap4r2_msgs/msg/_marker_s.c\n'}
[27.084281] (mocap4r2_msgs) StdoutLine: {'line': b'-- Installing: /home/airlab/seed25/ros_packages/mocap4r2_ws/install/mocap4r2_msgs/lib/python3.8/site-packages/mocap4r2_msgs/msg/_imus_info.py\n'}
[27.084462] (mocap4r2_msgs) StdoutLine: {'line': b'-- Installing: /home/airlab/seed25/ros_packages/mocap4r2_ws/install/mocap4r2_msgs/lib/python3.8/site-packages/mocap4r2_msgs/msg/__init__.py\n'}
[27.084639] (mocap4r2_msgs) StdoutLine: {'line': b'-- Installing: /home/airlab/seed25/ros_packages/mocap4r2_ws/install/mocap4r2_msgs/lib/python3.8/site-packages/mocap4r2_msgs/msg/_rigid_bodies_s.c\n'}
[27.084814] (mocap4r2_msgs) StdoutLine: {'line': b'-- Installing: /home/airlab/seed25/ros_packages/mocap4r2_ws/install/mocap4r2_msgs/lib/python3.8/site-packages/mocap4r2_msgs/msg/_imus_info_s.c\n'}
[27.085060] (mocap4r2_msgs) StdoutLine: {'line': b'-- Installing: /home/airlab/seed25/ros_packages/mocap4r2_ws/install/mocap4r2_msgs/lib/python3.8/site-packages/mocap4r2_msgs/msg/_rigid_body_s.c\n'}
[27.085319] (mocap4r2_msgs) StdoutLine: {'line': b'-- Installing: /home/airlab/seed25/ros_packages/mocap4r2_ws/install/mocap4r2_msgs/lib/python3.8/site-packages/mocap4r2_msgs/msg/_rigid_body.py\n'}
[27.085580] (mocap4r2_msgs) StdoutLine: {'line': b'-- Installing: /home/airlab/seed25/ros_packages/mocap4r2_ws/install/mocap4r2_msgs/lib/python3.8/site-packages/mocap4r2_msgs/msg/_markers.py\n'}
[27.085784] (mocap4r2_msgs) StdoutLine: {'line': b'-- Installing: /home/airlab/seed25/ros_packages/mocap4r2_ws/install/mocap4r2_msgs/lib/python3.8/site-packages/mocap4r2_msgs/msg/_marker.py\n'}
[27.086504] (mocap4r2_msgs) StdoutLine: {'line': b'-- Installing: /home/airlab/seed25/ros_packages/mocap4r2_ws/install/mocap4r2_msgs/lib/python3.8/site-packages/mocap4r2_msgs/mocap4r2_msgs_s__rosidl_typesupport_fastrtps_c.cpython-38-aarch64-linux-gnu.so\n'}
[27.087510] (mocap4r2_msgs) StdoutLine: {'line': b'-- Set runtime path of "/home/airlab/seed25/ros_packages/mocap4r2_ws/install/mocap4r2_msgs/lib/python3.8/site-packages/mocap4r2_msgs/mocap4r2_msgs_s__rosidl_typesupport_fastrtps_c.cpython-38-aarch64-linux-gnu.so" to ""\n'}
[27.087990] (mocap4r2_msgs) StdoutLine: {'line': b'-- Installing: /home/airlab/seed25/ros_packages/mocap4r2_ws/install/mocap4r2_msgs/lib/python3.8/site-packages/mocap4r2_msgs/mocap4r2_msgs_s__rosidl_typesupport_introspection_c.cpython-38-aarch64-linux-gnu.so\n'}
[27.089013] (mocap4r2_msgs) StdoutLine: {'line': b'-- Set runtime path of "/home/airlab/seed25/ros_packages/mocap4r2_ws/install/mocap4r2_msgs/lib/python3.8/site-packages/mocap4r2_msgs/mocap4r2_msgs_s__rosidl_typesupport_introspection_c.cpython-38-aarch64-linux-gnu.so" to ""\n'}
[27.089469] (mocap4r2_msgs) StdoutLine: {'line': b'-- Installing: /home/airlab/seed25/ros_packages/mocap4r2_ws/install/mocap4r2_msgs/lib/python3.8/site-packages/mocap4r2_msgs/mocap4r2_msgs_s__rosidl_typesupport_c.cpython-38-aarch64-linux-gnu.so\n'}
[27.090378] (mocap4r2_msgs) StdoutLine: {'line': b'-- Set runtime path of "/home/airlab/seed25/ros_packages/mocap4r2_ws/install/mocap4r2_msgs/lib/python3.8/site-packages/mocap4r2_msgs/mocap4r2_msgs_s__rosidl_typesupport_c.cpython-38-aarch64-linux-gnu.so" to ""\n'}
[27.090620] (mocap4r2_msgs) StdoutLine: {'line': b'-- Installing: /home/airlab/seed25/ros_packages/mocap4r2_ws/install/mocap4r2_msgs/lib/libmocap4r2_msgs__python.so\n'}
[27.091324] (mocap4r2_msgs) StdoutLine: {'line': b'-- Set runtime path of "/home/airlab/seed25/ros_packages/mocap4r2_ws/install/mocap4r2_msgs/lib/libmocap4r2_msgs__python.so" to ""\n'}
[27.091596] (mocap4r2_msgs) StdoutLine: {'line': b'-- Installing: /home/airlab/seed25/ros_packages/mocap4r2_ws/install/mocap4r2_msgs/share/mocap4r2_msgs/msg/Marker.idl\n'}
[27.091909] (mocap4r2_msgs) StdoutLine: {'line': b'-- Installing: /home/airlab/seed25/ros_packages/mocap4r2_ws/install/mocap4r2_msgs/share/mocap4r2_msgs/msg/Markers.idl\n'}
[27.092232] (mocap4r2_msgs) StdoutLine: {'line': b'-- Installing: /home/airlab/seed25/ros_packages/mocap4r2_ws/install/mocap4r2_msgs/share/mocap4r2_msgs/msg/ImusInfo.idl\n'}
[27.092536] (mocap4r2_msgs) StdoutLine: {'line': b'-- Installing: /home/airlab/seed25/ros_packages/mocap4r2_ws/install/mocap4r2_msgs/share/mocap4r2_msgs/msg/RigidBody.idl\n'}
[27.092837] (mocap4r2_msgs) StdoutLine: {'line': b'-- Installing: /home/airlab/seed25/ros_packages/mocap4r2_ws/install/mocap4r2_msgs/share/mocap4r2_msgs/msg/RigidBodies.idl\n'}
[27.093165] (mocap4r2_msgs) StdoutLine: {'line': b'-- Installing: /home/airlab/seed25/ros_packages/mocap4r2_ws/install/mocap4r2_msgs/share/mocap4r2_msgs/msg/Marker.msg\n'}
[27.093462] (mocap4r2_msgs) StdoutLine: {'line': b'-- Installing: /home/airlab/seed25/ros_packages/mocap4r2_ws/install/mocap4r2_msgs/share/mocap4r2_msgs/msg/Markers.msg\n'}
[27.093757] (mocap4r2_msgs) StdoutLine: {'line': b'-- Installing: /home/airlab/seed25/ros_packages/mocap4r2_ws/install/mocap4r2_msgs/share/mocap4r2_msgs/msg/ImusInfo.msg\n'}
[27.094061] (mocap4r2_msgs) StdoutLine: {'line': b'-- Installing: /home/airlab/seed25/ros_packages/mocap4r2_ws/install/mocap4r2_msgs/share/mocap4r2_msgs/msg/RigidBody.msg\n'}
[27.094353] (mocap4r2_msgs) StdoutLine: {'line': b'-- Installing: /home/airlab/seed25/ros_packages/mocap4r2_ws/install/mocap4r2_msgs/share/mocap4r2_msgs/msg/RigidBodies.msg\n'}
[27.094648] (mocap4r2_msgs) StdoutLine: {'line': b'-- Installing: /home/airlab/seed25/ros_packages/mocap4r2_ws/install/mocap4r2_msgs/share/mocap4r2_msgs/mocap4r2_bridge_mapping_rule.yaml\n'}
[27.095087] (mocap4r2_msgs) StdoutLine: {'line': b'-- Installing: /home/airlab/seed25/ros_packages/mocap4r2_ws/install/mocap4r2_msgs/share/ament_index/resource_index/package_run_dependencies/mocap4r2_msgs\n'}
[27.095497] (mocap4r2_msgs) StdoutLine: {'line': b'-- Installing: /home/airlab/seed25/ros_packages/mocap4r2_ws/install/mocap4r2_msgs/share/ament_index/resource_index/parent_prefix_path/mocap4r2_msgs\n'}
[27.095816] (mocap4r2_msgs) StdoutLine: {'line': b'-- Installing: /home/airlab/seed25/ros_packages/mocap4r2_ws/install/mocap4r2_msgs/share/mocap4r2_msgs/environment/ament_prefix_path.sh\n'}
[27.096167] (mocap4r2_msgs) StdoutLine: {'line': b'-- Installing: /home/airlab/seed25/ros_packages/mocap4r2_ws/install/mocap4r2_msgs/share/mocap4r2_msgs/environment/ament_prefix_path.dsv\n'}
[27.096489] (mocap4r2_msgs) StdoutLine: {'line': b'-- Installing: /home/airlab/seed25/ros_packages/mocap4r2_ws/install/mocap4r2_msgs/share/mocap4r2_msgs/environment/path.sh\n'}
[27.096773] (mocap4r2_msgs) StdoutLine: {'line': b'-- Installing: /home/airlab/seed25/ros_packages/mocap4r2_ws/install/mocap4r2_msgs/share/mocap4r2_msgs/environment/path.dsv\n'}
[27.097156] (mocap4r2_msgs) StdoutLine: {'line': b'-- Installing: /home/airlab/seed25/ros_packages/mocap4r2_ws/install/mocap4r2_msgs/share/mocap4r2_msgs/local_setup.bash\n'}
[27.097461] (mocap4r2_msgs) StdoutLine: {'line': b'-- Installing: /home/airlab/seed25/ros_packages/mocap4r2_ws/install/mocap4r2_msgs/share/mocap4r2_msgs/local_setup.sh\n'}
[27.097756] (mocap4r2_msgs) StdoutLine: {'line': b'-- Installing: /home/airlab/seed25/ros_packages/mocap4r2_ws/install/mocap4r2_msgs/share/mocap4r2_msgs/local_setup.zsh\n'}
[27.098055] (mocap4r2_msgs) StdoutLine: {'line': b'-- Installing: /home/airlab/seed25/ros_packages/mocap4r2_ws/install/mocap4r2_msgs/share/mocap4r2_msgs/local_setup.dsv\n'}
[27.098350] (mocap4r2_msgs) StdoutLine: {'line': b'-- Installing: /home/airlab/seed25/ros_packages/mocap4r2_ws/install/mocap4r2_msgs/share/mocap4r2_msgs/package.dsv\n'}
[27.098749] (mocap4r2_msgs) StdoutLine: {'line': b'-- Installing: /home/airlab/seed25/ros_packages/mocap4r2_ws/install/mocap4r2_msgs/share/ament_index/resource_index/packages/mocap4r2_msgs\n'}
[27.099222] (mocap4r2_msgs) StdoutLine: {'line': b'-- Installing: /home/airlab/seed25/ros_packages/mocap4r2_ws/install/mocap4r2_msgs/share/mocap4r2_msgs/cmake/mocap4r2_msgs__rosidl_generator_cExport.cmake\n'}
[27.099582] (mocap4r2_msgs) StdoutLine: {'line': b'-- Installing: /home/airlab/seed25/ros_packages/mocap4r2_ws/install/mocap4r2_msgs/share/mocap4r2_msgs/cmake/mocap4r2_msgs__rosidl_generator_cExport-noconfig.cmake\n'}
[27.100009] (mocap4r2_msgs) StdoutLine: {'line': b'-- Installing: /home/airlab/seed25/ros_packages/mocap4r2_ws/install/mocap4r2_msgs/share/mocap4r2_msgs/cmake/mocap4r2_msgs__rosidl_typesupport_introspection_cExport.cmake\n'}
[27.100384] (mocap4r2_msgs) StdoutLine: {'line': b'-- Installing: /home/airlab/seed25/ros_packages/mocap4r2_ws/install/mocap4r2_msgs/share/mocap4r2_msgs/cmake/mocap4r2_msgs__rosidl_typesupport_introspection_cExport-noconfig.cmake\n'}
[27.100809] (mocap4r2_msgs) StdoutLine: {'line': b'-- Installing: /home/airlab/seed25/ros_packages/mocap4r2_ws/install/mocap4r2_msgs/share/mocap4r2_msgs/cmake/mocap4r2_msgs__rosidl_typesupport_cExport.cmake\n'}
[27.101171] (mocap4r2_msgs) StdoutLine: {'line': b'-- Installing: /home/airlab/seed25/ros_packages/mocap4r2_ws/install/mocap4r2_msgs/share/mocap4r2_msgs/cmake/mocap4r2_msgs__rosidl_typesupport_cExport-noconfig.cmake\n'}
[27.101569] (mocap4r2_msgs) StdoutLine: {'line': b'-- Installing: /home/airlab/seed25/ros_packages/mocap4r2_ws/install/mocap4r2_msgs/share/mocap4r2_msgs/cmake/mocap4r2_msgs__rosidl_generator_cppExport.cmake\n'}
[27.102025] (mocap4r2_msgs) StdoutLine: {'line': b'-- Installing: /home/airlab/seed25/ros_packages/mocap4r2_ws/install/mocap4r2_msgs/share/mocap4r2_msgs/cmake/mocap4r2_msgs__rosidl_typesupport_introspection_cppExport.cmake\n'}
[27.102362] (mocap4r2_msgs) StdoutLine: {'line': b'-- Installing: /home/airlab/seed25/ros_packages/mocap4r2_ws/install/mocap4r2_msgs/share/mocap4r2_msgs/cmake/mocap4r2_msgs__rosidl_typesupport_introspection_cppExport-noconfig.cmake\n'}
[27.102763] (mocap4r2_msgs) StdoutLine: {'line': b'-- Installing: /home/airlab/seed25/ros_packages/mocap4r2_ws/install/mocap4r2_msgs/share/mocap4r2_msgs/cmake/mocap4r2_msgs__rosidl_typesupport_cppExport.cmake\n'}
[27.103100] (mocap4r2_msgs) StdoutLine: {'line': b'-- Installing: /home/airlab/seed25/ros_packages/mocap4r2_ws/install/mocap4r2_msgs/share/mocap4r2_msgs/cmake/mocap4r2_msgs__rosidl_typesupport_cppExport-noconfig.cmake\n'}
[27.103439] (mocap4r2_msgs) StdoutLine: {'line': b'-- Installing: /home/airlab/seed25/ros_packages/mocap4r2_ws/install/mocap4r2_msgs/share/mocap4r2_msgs/cmake/rosidl_cmake-extras.cmake\n'}
[27.103743] (mocap4r2_msgs) StdoutLine: {'line': b'-- Installing: /home/airlab/seed25/ros_packages/mocap4r2_ws/install/mocap4r2_msgs/share/mocap4r2_msgs/cmake/ament_cmake_export_dependencies-extras.cmake\n'}
[27.104076] (mocap4r2_msgs) StdoutLine: {'line': b'-- Installing: /home/airlab/seed25/ros_packages/mocap4r2_ws/install/mocap4r2_msgs/share/mocap4r2_msgs/cmake/ament_cmake_export_libraries-extras.cmake\n'}
[27.104394] (mocap4r2_msgs) StdoutLine: {'line': b'-- Installing: /home/airlab/seed25/ros_packages/mocap4r2_ws/install/mocap4r2_msgs/share/mocap4r2_msgs/cmake/ament_cmake_export_targets-extras.cmake\n'}
[27.104699] (mocap4r2_msgs) StdoutLine: {'line': b'-- Installing: /home/airlab/seed25/ros_packages/mocap4r2_ws/install/mocap4r2_msgs/share/mocap4r2_msgs/cmake/ament_cmake_export_include_directories-extras.cmake\n'}
[27.105035] (mocap4r2_msgs) StdoutLine: {'line': b'-- Installing: /home/airlab/seed25/ros_packages/mocap4r2_ws/install/mocap4r2_msgs/share/mocap4r2_msgs/cmake/rosidl_cmake_export_typesupport_libraries-extras.cmake\n'}
[27.105338] (mocap4r2_msgs) StdoutLine: {'line': b'-- Installing: /home/airlab/seed25/ros_packages/mocap4r2_ws/install/mocap4r2_msgs/share/mocap4r2_msgs/cmake/rosidl_cmake_export_typesupport_targets-extras.cmake\n'}
[27.105641] (mocap4r2_msgs) StdoutLine: {'line': b'-- Installing: /home/airlab/seed25/ros_packages/mocap4r2_ws/install/mocap4r2_msgs/share/mocap4r2_msgs/cmake/mocap4r2_msgsConfig.cmake\n'}
[27.105871] (mocap4r2_msgs) StdoutLine: {'line': b'-- Installing: /home/airlab/seed25/ros_packages/mocap4r2_ws/install/mocap4r2_msgs/share/mocap4r2_msgs/cmake/mocap4r2_msgsConfig-version.cmake\n'}
[27.106164] (mocap4r2_msgs) StdoutLine: {'line': b'-- Installing: /home/airlab/seed25/ros_packages/mocap4r2_ws/install/mocap4r2_msgs/share/mocap4r2_msgs/package.xml\n'}
[27.111056] (mocap4r2_msgs) CommandEnded: {'returncode': 0}
[27.124933] (-) TimerEvent: {}
[27.150235] (mocap4r2_control) StdoutLine: {'line': b'\x1b[35m\x1b[1mScanning dependencies of target mocap4r2_control\x1b[0m\n'}
[27.150965] (mocap4r2_control) StdoutLine: {'line': b'\x1b[35m\x1b[1mScanning dependencies of target gtest_main\x1b[0m\n'}
[27.156699] (mocap4r2_control) StdoutLine: {'line': b'\x1b[35m\x1b[1mScanning dependencies of target gtest\x1b[0m\n'}
[27.170312] (mocap4r2_msgs) JobEnded: {'identifier': 'mocap4r2_msgs', 'rc': 0}
[27.172583] (mocap4r2_marker_publisher) JobStarted: {'identifier': 'mocap4r2_marker_publisher'}
[27.173545] (mocap4r2_control) StdoutLine: {'line': b'[  7%] \x1b[32mBuilding CXX object gtest/CMakeFiles/gtest_main.dir/src/gtest_main.cc.o\x1b[0m\n'}
[27.193769] (mocap4r2_control) StdoutLine: {'line': b'[ 14%] \x1b[32mBuilding CXX object gtest/CMakeFiles/gtest.dir/src/gtest-all.cc.o\x1b[0m\n'}
[27.201318] (mocap4r2_marker_viz) JobStarted: {'identifier': 'mocap4r2_marker_viz'}
[27.225326] (-) TimerEvent: {}
[27.233119] (mocap4r2_robot_gt) JobStarted: {'identifier': 'mocap4r2_robot_gt'}
[27.235308] (mocap4r2_control) StdoutLine: {'line': b'[ 21%] \x1b[32mBuilding CXX object CMakeFiles/mocap4r2_control.dir/src/mocap4r2_control/ControlledLifecycleNode.cpp.o\x1b[0m\n'}
[27.251996] (mocap4r2_control) StdoutLine: {'line': b'[ 28%] \x1b[32mBuilding CXX object CMakeFiles/mocap4r2_control.dir/src/mocap4r2_control/ControllerNode.cpp.o\x1b[0m\n'}
[27.265776] (mocap4r2_marker_publisher) JobProgress: {'identifier': 'mocap4r2_marker_publisher', 'progress': 'cmake'}
[27.266993] (mocap4r2_marker_publisher) Command: {'cmd': ['/usr/bin/cmake', '/home/airlab/seed25/ros_packages/mocap4r2_ws/src/mocap4r2/mocap4r2_marker_viz/mocap4r2_marker_publisher', '-DCMAKE_INSTALL_PREFIX=/home/airlab/seed25/ros_packages/mocap4r2_ws/install/mocap4r2_marker_publisher'], 'cwd': '/home/airlab/seed25/ros_packages/mocap4r2_ws/build/mocap4r2_marker_publisher', 'env': OrderedDict([('LESSOPEN', '| /usr/bin/lesspipe %s'), ('USER', 'airlab'), ('SSH_CLIENT', '192.168.0.184 49493 22'), ('XDG_SESSION_TYPE', 'tty'), ('SHLVL', '1'), ('LD_LIBRARY_PATH', '/home/airlab/seed25/ros_packages/mocap4r2_ws/install/mocap4r2_msgs/lib:/home/airlab/seed25/ros_packages/mocap4r2_ws/install/mocap4r2_robot_gt_msgs/lib:/home/airlab/seed25/ros_packages/mocap4r2_ws/install/mocap4r2_marker_viz_srvs/lib:/home/airlab/seed25/ros_packages/mocap4r2_ws/install/mocap4r2_control_msgs/lib:/usr/local/cuda-11.4/lib64:/usr/local/cuda-11.4/lib64:/opt/ros/foxy/opt/yaml_cpp_vendor/lib:/opt/ros/foxy/opt/rviz_ogre_vendor/lib:/opt/ros/foxy/lib/aarch64-linux-gnu:/opt/ros/foxy/lib:/usr/local/cuda-11.4/lib64'), ('MOTD_SHOWN', 'pam'), ('HOME', '/home/airlab'), ('OLDPWD', '/home/airlab/seed25/ros_packages/mocap4r2_ws/src'), ('SSH_TTY', '/dev/pts/1'), ('JETSON_L4T', '35.6.1'), ('ROS_PYTHON_VERSION', '3'), ('JETSON_MODEL', 'NVIDIA Orin NX Developer Kit'), ('DBUS_SESSION_BUS_ADDRESS', 'unix:path=/run/user/1000/bus'), ('COLCON_PREFIX_PATH', '/home/airlab/seed25/ros_packages/mocap4r2_ws/install'), ('ROS_DISTRO', 'foxy'), ('LOGNAME', 'airlab'), ('JETSON_MODULE', 'NVIDIA Jetson Orin NX (16GB ram)'), ('JETSON_SERIAL_NUMBER', '1425023203559'), ('_', '/usr/bin/colcon'), ('ROS_VERSION', '2'), ('JETSON_CODENAME', 'P3768'), ('XDG_SESSION_CLASS', 'user'), ('TERM', 'xterm'), ('XDG_SESSION_ID', '8'), ('ROS_LOCALHOST_ONLY', '0'), ('PATH', '/usr/local/cuda-11.4/bin:/usr/local/cuda-11.4/bin:/home/airlab/.local/bin:/opt/ros/foxy/bin:/usr/local/cuda-11.4/bin:/usr/local/sbin:/usr/local/bin:/usr/sbin:/usr/bin:/sbin:/bin:/usr/games:/usr/local/games:/snap/bin'), ('XDG_RUNTIME_DIR', '/run/user/1000'), ('DISPLAY', 'localhost:11.0'), ('LANG', 'en_US.UTF-8'), ('LS_COLORS', 'rs=0:di=01;34:ln=01;36:mh=00:pi=40;33:so=01;35:do=01;35:bd=40;33;01:cd=40;33;01:or=40;31;01:mi=00:su=37;41:sg=30;43:ca=30;41:tw=30;42:ow=34;42:st=37;44:ex=01;32:*.tar=01;31:*.tgz=01;31:*.arc=01;31:*.arj=01;31:*.taz=01;31:*.lha=01;31:*.lz4=01;31:*.lzh=01;31:*.lzma=01;31:*.tlz=01;31:*.txz=01;31:*.tzo=01;31:*.t7z=01;31:*.zip=01;31:*.z=01;31:*.dz=01;31:*.gz=01;31:*.lrz=01;31:*.lz=01;31:*.lzo=01;31:*.xz=01;31:*.zst=01;31:*.tzst=01;31:*.bz2=01;31:*.bz=01;31:*.tbz=01;31:*.tbz2=01;31:*.tz=01;31:*.deb=01;31:*.rpm=01;31:*.jar=01;31:*.war=01;31:*.ear=01;31:*.sar=01;31:*.rar=01;31:*.alz=01;31:*.ace=01;31:*.zoo=01;31:*.cpio=01;31:*.7z=01;31:*.rz=01;31:*.cab=01;31:*.wim=01;31:*.swm=01;31:*.dwm=01;31:*.esd=01;31:*.jpg=01;35:*.jpeg=01;35:*.mjpg=01;35:*.mjpeg=01;35:*.gif=01;35:*.bmp=01;35:*.pbm=01;35:*.pgm=01;35:*.ppm=01;35:*.tga=01;35:*.xbm=01;35:*.xpm=01;35:*.tif=01;35:*.tiff=01;35:*.png=01;35:*.svg=01;35:*.svgz=01;35:*.mng=01;35:*.pcx=01;35:*.mov=01;35:*.mpg=01;35:*.mpeg=01;35:*.m2v=01;35:*.mkv=01;35:*.webm=01;35:*.ogm=01;35:*.mp4=01;35:*.m4v=01;35:*.mp4v=01;35:*.vob=01;35:*.qt=01;35:*.nuv=01;35:*.wmv=01;35:*.asf=01;35:*.rm=01;35:*.rmvb=01;35:*.flc=01;35:*.avi=01;35:*.fli=01;35:*.flv=01;35:*.gl=01;35:*.dl=01;35:*.xcf=01;35:*.xwd=01;35:*.yuv=01;35:*.cgm=01;35:*.emf=01;35:*.ogv=01;35:*.ogx=01;35:*.aac=00;36:*.au=00;36:*.flac=00;36:*.m4a=00;36:*.mid=00;36:*.midi=00;36:*.mka=00;36:*.mp3=00;36:*.mpc=00;36:*.ogg=00;36:*.ra=00;36:*.wav=00;36:*.oga=00;36:*.opus=00;36:*.spx=00;36:*.xspf=00;36:'), ('JETSON_SOC', 'tegra23x'), ('ROS_DOMAIN_ID', '3'), ('AMENT_PREFIX_PATH', '/home/airlab/seed25/ros_packages/mocap4r2_ws/install/mocap4r2cli:/home/airlab/seed25/ros_packages/mocap4r2_ws/install/mocap4r2_robot_gt_msgs:/home/airlab/seed25/ros_packages/mocap4r2_ws/install/mocap4r2_marker_viz:/home/airlab/seed25/ros_packages/mocap4r2_ws/install/mocap4r2_marker_publisher:/home/airlab/seed25/ros_packages/mocap4r2_ws/install/mocap4r2_msgs:/home/airlab/seed25/ros_packages/mocap4r2_ws/install/mocap4r2_marker_viz_srvs:/home/airlab/seed25/ros_packages/mocap4r2_ws/install/mocap4r2_control_msgs:/opt/ros/foxy'), ('SHELL', '/bin/bash'), ('LESSCLOSE', '/usr/bin/lesspipe %s %s'), ('JETSON_CUDA_ARCH_BIN', '8.7'), ('PWD', '/home/airlab/seed25/ros_packages/mocap4r2_ws/build/mocap4r2_marker_publisher'), ('LC_ALL', 'en_US.UTF-8'), ('SSH_CONNECTION', '192.168.0.184 49493 192.168.0.136 22'), ('XDG_DATA_DIRS', '/usr/local/share:/usr/share:/var/lib/snapd/desktop'), ('PYTHONPATH', '/home/airlab/seed25/ros_packages/mocap4r2_ws/install/mocap4r2_msgs/lib/python3.8/site-packages:/home/airlab/seed25/ros_packages/mocap4r2_ws/install/mocap4r2cli/lib/python3.8/site-packages:/home/airlab/seed25/ros_packages/mocap4r2_ws/install/mocap4r2_robot_gt_msgs/lib/python3.8/site-packages:/home/airlab/seed25/ros_packages/mocap4r2_ws/install/mocap4r2_marker_viz_srvs/lib/python3.8/site-packages:/home/airlab/seed25/ros_packages/mocap4r2_ws/install/mocap4r2_control_msgs/lib/python3.8/site-packages:/opt/ros/foxy/lib/python3.8/site-packages'), ('COLCON', '1'), ('JETSON_JETPACK', '5.1.5'), ('CMAKE_PREFIX_PATH', '/home/airlab/seed25/ros_packages/mocap4r2_ws/install/mocap4r2_msgs:/home/airlab/seed25/ros_packages/mocap4r2_ws/install/mocap4r2_robot_gt_msgs:/home/airlab/seed25/ros_packages/mocap4r2_ws/install/mocap4r2_marker_viz:/home/airlab/seed25/ros_packages/mocap4r2_ws/install/mocap4r2_marker_publisher:/home/airlab/seed25/ros_packages/mocap4r2_ws/install/mocap4r2_marker_viz_srvs:/home/airlab/seed25/ros_packages/mocap4r2_ws/install/mocap4r2_control_msgs:/home/airlab/seed25/ros_packages/mocap4r2_ws/install/mocap4r2cli:/opt/ros/foxy'), ('JETSON_P_NUMBER', 'p3767-0000')]), 'shell': False}
[27.300475] (mocap4r2_marker_viz) JobProgress: {'identifier': 'mocap4r2_marker_viz', 'progress': 'cmake'}
[27.300890] (mocap4r2_marker_viz) Command: {'cmd': ['/usr/bin/cmake', '/home/airlab/seed25/ros_packages/mocap4r2_ws/src/mocap4r2/mocap4r2_marker_viz/mocap4r2_marker_viz', '-DCMAKE_INSTALL_PREFIX=/home/airlab/seed25/ros_packages/mocap4r2_ws/install/mocap4r2_marker_viz'], 'cwd': '/home/airlab/seed25/ros_packages/mocap4r2_ws/build/mocap4r2_marker_viz', 'env': OrderedDict([('LESSOPEN', '| /usr/bin/lesspipe %s'), ('USER', 'airlab'), ('SSH_CLIENT', '192.168.0.184 49493 22'), ('XDG_SESSION_TYPE', 'tty'), ('SHLVL', '1'), ('LD_LIBRARY_PATH', '/home/airlab/seed25/ros_packages/mocap4r2_ws/install/mocap4r2_msgs/lib:/home/airlab/seed25/ros_packages/mocap4r2_ws/install/mocap4r2_marker_viz_srvs/lib:/home/airlab/seed25/ros_packages/mocap4r2_ws/install/mocap4r2_robot_gt_msgs/lib:/home/airlab/seed25/ros_packages/mocap4r2_ws/install/mocap4r2_control_msgs/lib:/usr/local/cuda-11.4/lib64:/usr/local/cuda-11.4/lib64:/opt/ros/foxy/opt/yaml_cpp_vendor/lib:/opt/ros/foxy/opt/rviz_ogre_vendor/lib:/opt/ros/foxy/lib/aarch64-linux-gnu:/opt/ros/foxy/lib:/usr/local/cuda-11.4/lib64'), ('MOTD_SHOWN', 'pam'), ('HOME', '/home/airlab'), ('OLDPWD', '/home/airlab/seed25/ros_packages/mocap4r2_ws/src'), ('SSH_TTY', '/dev/pts/1'), ('JETSON_L4T', '35.6.1'), ('ROS_PYTHON_VERSION', '3'), ('JETSON_MODEL', 'NVIDIA Orin NX Developer Kit'), ('DBUS_SESSION_BUS_ADDRESS', 'unix:path=/run/user/1000/bus'), ('COLCON_PREFIX_PATH', '/home/airlab/seed25/ros_packages/mocap4r2_ws/install'), ('ROS_DISTRO', 'foxy'), ('LOGNAME', 'airlab'), ('JETSON_MODULE', 'NVIDIA Jetson Orin NX (16GB ram)'), ('JETSON_SERIAL_NUMBER', '1425023203559'), ('_', '/usr/bin/colcon'), ('ROS_VERSION', '2'), ('JETSON_CODENAME', 'P3768'), ('XDG_SESSION_CLASS', 'user'), ('TERM', 'xterm'), ('XDG_SESSION_ID', '8'), ('ROS_LOCALHOST_ONLY', '0'), ('PATH', '/usr/local/cuda-11.4/bin:/usr/local/cuda-11.4/bin:/home/airlab/.local/bin:/opt/ros/foxy/bin:/usr/local/cuda-11.4/bin:/usr/local/sbin:/usr/local/bin:/usr/sbin:/usr/bin:/sbin:/bin:/usr/games:/usr/local/games:/snap/bin'), ('XDG_RUNTIME_DIR', '/run/user/1000'), ('DISPLAY', 'localhost:11.0'), ('LANG', 'en_US.UTF-8'), ('LS_COLORS', 'rs=0:di=01;34:ln=01;36:mh=00:pi=40;33:so=01;35:do=01;35:bd=40;33;01:cd=40;33;01:or=40;31;01:mi=00:su=37;41:sg=30;43:ca=30;41:tw=30;42:ow=34;42:st=37;44:ex=01;32:*.tar=01;31:*.tgz=01;31:*.arc=01;31:*.arj=01;31:*.taz=01;31:*.lha=01;31:*.lz4=01;31:*.lzh=01;31:*.lzma=01;31:*.tlz=01;31:*.txz=01;31:*.tzo=01;31:*.t7z=01;31:*.zip=01;31:*.z=01;31:*.dz=01;31:*.gz=01;31:*.lrz=01;31:*.lz=01;31:*.lzo=01;31:*.xz=01;31:*.zst=01;31:*.tzst=01;31:*.bz2=01;31:*.bz=01;31:*.tbz=01;31:*.tbz2=01;31:*.tz=01;31:*.deb=01;31:*.rpm=01;31:*.jar=01;31:*.war=01;31:*.ear=01;31:*.sar=01;31:*.rar=01;31:*.alz=01;31:*.ace=01;31:*.zoo=01;31:*.cpio=01;31:*.7z=01;31:*.rz=01;31:*.cab=01;31:*.wim=01;31:*.swm=01;31:*.dwm=01;31:*.esd=01;31:*.jpg=01;35:*.jpeg=01;35:*.mjpg=01;35:*.mjpeg=01;35:*.gif=01;35:*.bmp=01;35:*.pbm=01;35:*.pgm=01;35:*.ppm=01;35:*.tga=01;35:*.xbm=01;35:*.xpm=01;35:*.tif=01;35:*.tiff=01;35:*.png=01;35:*.svg=01;35:*.svgz=01;35:*.mng=01;35:*.pcx=01;35:*.mov=01;35:*.mpg=01;35:*.mpeg=01;35:*.m2v=01;35:*.mkv=01;35:*.webm=01;35:*.ogm=01;35:*.mp4=01;35:*.m4v=01;35:*.mp4v=01;35:*.vob=01;35:*.qt=01;35:*.nuv=01;35:*.wmv=01;35:*.asf=01;35:*.rm=01;35:*.rmvb=01;35:*.flc=01;35:*.avi=01;35:*.fli=01;35:*.flv=01;35:*.gl=01;35:*.dl=01;35:*.xcf=01;35:*.xwd=01;35:*.yuv=01;35:*.cgm=01;35:*.emf=01;35:*.ogv=01;35:*.ogx=01;35:*.aac=00;36:*.au=00;36:*.flac=00;36:*.m4a=00;36:*.mid=00;36:*.midi=00;36:*.mka=00;36:*.mp3=00;36:*.mpc=00;36:*.ogg=00;36:*.ra=00;36:*.wav=00;36:*.oga=00;36:*.opus=00;36:*.spx=00;36:*.xspf=00;36:'), ('JETSON_SOC', 'tegra23x'), ('ROS_DOMAIN_ID', '3'), ('AMENT_PREFIX_PATH', '/home/airlab/seed25/ros_packages/mocap4r2_ws/install/mocap4r2cli:/home/airlab/seed25/ros_packages/mocap4r2_ws/install/mocap4r2_robot_gt_msgs:/home/airlab/seed25/ros_packages/mocap4r2_ws/install/mocap4r2_marker_viz:/home/airlab/seed25/ros_packages/mocap4r2_ws/install/mocap4r2_marker_publisher:/home/airlab/seed25/ros_packages/mocap4r2_ws/install/mocap4r2_msgs:/home/airlab/seed25/ros_packages/mocap4r2_ws/install/mocap4r2_marker_viz_srvs:/home/airlab/seed25/ros_packages/mocap4r2_ws/install/mocap4r2_control_msgs:/opt/ros/foxy'), ('SHELL', '/bin/bash'), ('LESSCLOSE', '/usr/bin/lesspipe %s %s'), ('JETSON_CUDA_ARCH_BIN', '8.7'), ('PWD', '/home/airlab/seed25/ros_packages/mocap4r2_ws/build/mocap4r2_marker_viz'), ('LC_ALL', 'en_US.UTF-8'), ('SSH_CONNECTION', '192.168.0.184 49493 192.168.0.136 22'), ('XDG_DATA_DIRS', '/usr/local/share:/usr/share:/var/lib/snapd/desktop'), ('PYTHONPATH', '/home/airlab/seed25/ros_packages/mocap4r2_ws/install/mocap4r2_msgs/lib/python3.8/site-packages:/home/airlab/seed25/ros_packages/mocap4r2_ws/install/mocap4r2_marker_viz_srvs/lib/python3.8/site-packages:/home/airlab/seed25/ros_packages/mocap4r2_ws/install/mocap4r2cli/lib/python3.8/site-packages:/home/airlab/seed25/ros_packages/mocap4r2_ws/install/mocap4r2_robot_gt_msgs/lib/python3.8/site-packages:/home/airlab/seed25/ros_packages/mocap4r2_ws/install/mocap4r2_control_msgs/lib/python3.8/site-packages:/opt/ros/foxy/lib/python3.8/site-packages'), ('COLCON', '1'), ('JETSON_JETPACK', '5.1.5'), ('CMAKE_PREFIX_PATH', '/home/airlab/seed25/ros_packages/mocap4r2_ws/install/mocap4r2_msgs:/home/airlab/seed25/ros_packages/mocap4r2_ws/install/mocap4r2_marker_viz_srvs:/home/airlab/seed25/ros_packages/mocap4r2_ws/install/mocap4r2_robot_gt_msgs:/home/airlab/seed25/ros_packages/mocap4r2_ws/install/mocap4r2_marker_viz:/home/airlab/seed25/ros_packages/mocap4r2_ws/install/mocap4r2_marker_publisher:/home/airlab/seed25/ros_packages/mocap4r2_ws/install/mocap4r2_control_msgs:/home/airlab/seed25/ros_packages/mocap4r2_ws/install/mocap4r2cli:/opt/ros/foxy'), ('JETSON_P_NUMBER', 'p3767-0000')]), 'shell': False}
[27.329958] (mocap4r2_robot_gt) JobProgress: {'identifier': 'mocap4r2_robot_gt', 'progress': 'cmake'}
[27.330446] (-) TimerEvent: {}
[27.331147] (mocap4r2_robot_gt) Command: {'cmd': ['/usr/bin/cmake', '/home/airlab/seed25/ros_packages/mocap4r2_ws/src/mocap4r2/mocap4r2_robot_gt/mocap4r2_robot_gt', '-DCMAKE_INSTALL_PREFIX=/home/airlab/seed25/ros_packages/mocap4r2_ws/install/mocap4r2_robot_gt'], 'cwd': '/home/airlab/seed25/ros_packages/mocap4r2_ws/build/mocap4r2_robot_gt', 'env': OrderedDict([('LESSOPEN', '| /usr/bin/lesspipe %s'), ('USER', 'airlab'), ('SSH_CLIENT', '192.168.0.184 49493 22'), ('XDG_SESSION_TYPE', 'tty'), ('SHLVL', '1'), ('LD_LIBRARY_PATH', '/home/airlab/seed25/ros_packages/mocap4r2_ws/install/mocap4r2_robot_gt_msgs/lib:/home/airlab/seed25/ros_packages/mocap4r2_ws/install/mocap4r2_msgs/lib:/home/airlab/seed25/ros_packages/mocap4r2_ws/install/mocap4r2_marker_viz_srvs/lib:/home/airlab/seed25/ros_packages/mocap4r2_ws/install/mocap4r2_control_msgs/lib:/usr/local/cuda-11.4/lib64:/usr/local/cuda-11.4/lib64:/opt/ros/foxy/opt/yaml_cpp_vendor/lib:/opt/ros/foxy/opt/rviz_ogre_vendor/lib:/opt/ros/foxy/lib/aarch64-linux-gnu:/opt/ros/foxy/lib:/usr/local/cuda-11.4/lib64'), ('MOTD_SHOWN', 'pam'), ('HOME', '/home/airlab'), ('OLDPWD', '/home/airlab/seed25/ros_packages/mocap4r2_ws/src'), ('SSH_TTY', '/dev/pts/1'), ('JETSON_L4T', '35.6.1'), ('ROS_PYTHON_VERSION', '3'), ('JETSON_MODEL', 'NVIDIA Orin NX Developer Kit'), ('DBUS_SESSION_BUS_ADDRESS', 'unix:path=/run/user/1000/bus'), ('COLCON_PREFIX_PATH', '/home/airlab/seed25/ros_packages/mocap4r2_ws/install'), ('ROS_DISTRO', 'foxy'), ('LOGNAME', 'airlab'), ('JETSON_MODULE', 'NVIDIA Jetson Orin NX (16GB ram)'), ('JETSON_SERIAL_NUMBER', '1425023203559'), ('_', '/usr/bin/colcon'), ('ROS_VERSION', '2'), ('JETSON_CODENAME', 'P3768'), ('XDG_SESSION_CLASS', 'user'), ('TERM', 'xterm'), ('XDG_SESSION_ID', '8'), ('ROS_LOCALHOST_ONLY', '0'), ('PATH', '/usr/local/cuda-11.4/bin:/usr/local/cuda-11.4/bin:/home/airlab/.local/bin:/opt/ros/foxy/bin:/usr/local/cuda-11.4/bin:/usr/local/sbin:/usr/local/bin:/usr/sbin:/usr/bin:/sbin:/bin:/usr/games:/usr/local/games:/snap/bin'), ('XDG_RUNTIME_DIR', '/run/user/1000'), ('DISPLAY', 'localhost:11.0'), ('LANG', 'en_US.UTF-8'), ('LS_COLORS', 'rs=0:di=01;34:ln=01;36:mh=00:pi=40;33:so=01;35:do=01;35:bd=40;33;01:cd=40;33;01:or=40;31;01:mi=00:su=37;41:sg=30;43:ca=30;41:tw=30;42:ow=34;42:st=37;44:ex=01;32:*.tar=01;31:*.tgz=01;31:*.arc=01;31:*.arj=01;31:*.taz=01;31:*.lha=01;31:*.lz4=01;31:*.lzh=01;31:*.lzma=01;31:*.tlz=01;31:*.txz=01;31:*.tzo=01;31:*.t7z=01;31:*.zip=01;31:*.z=01;31:*.dz=01;31:*.gz=01;31:*.lrz=01;31:*.lz=01;31:*.lzo=01;31:*.xz=01;31:*.zst=01;31:*.tzst=01;31:*.bz2=01;31:*.bz=01;31:*.tbz=01;31:*.tbz2=01;31:*.tz=01;31:*.deb=01;31:*.rpm=01;31:*.jar=01;31:*.war=01;31:*.ear=01;31:*.sar=01;31:*.rar=01;31:*.alz=01;31:*.ace=01;31:*.zoo=01;31:*.cpio=01;31:*.7z=01;31:*.rz=01;31:*.cab=01;31:*.wim=01;31:*.swm=01;31:*.dwm=01;31:*.esd=01;31:*.jpg=01;35:*.jpeg=01;35:*.mjpg=01;35:*.mjpeg=01;35:*.gif=01;35:*.bmp=01;35:*.pbm=01;35:*.pgm=01;35:*.ppm=01;35:*.tga=01;35:*.xbm=01;35:*.xpm=01;35:*.tif=01;35:*.tiff=01;35:*.png=01;35:*.svg=01;35:*.svgz=01;35:*.mng=01;35:*.pcx=01;35:*.mov=01;35:*.mpg=01;35:*.mpeg=01;35:*.m2v=01;35:*.mkv=01;35:*.webm=01;35:*.ogm=01;35:*.mp4=01;35:*.m4v=01;35:*.mp4v=01;35:*.vob=01;35:*.qt=01;35:*.nuv=01;35:*.wmv=01;35:*.asf=01;35:*.rm=01;35:*.rmvb=01;35:*.flc=01;35:*.avi=01;35:*.fli=01;35:*.flv=01;35:*.gl=01;35:*.dl=01;35:*.xcf=01;35:*.xwd=01;35:*.yuv=01;35:*.cgm=01;35:*.emf=01;35:*.ogv=01;35:*.ogx=01;35:*.aac=00;36:*.au=00;36:*.flac=00;36:*.m4a=00;36:*.mid=00;36:*.midi=00;36:*.mka=00;36:*.mp3=00;36:*.mpc=00;36:*.ogg=00;36:*.ra=00;36:*.wav=00;36:*.oga=00;36:*.opus=00;36:*.spx=00;36:*.xspf=00;36:'), ('JETSON_SOC', 'tegra23x'), ('ROS_DOMAIN_ID', '3'), ('AMENT_PREFIX_PATH', '/home/airlab/seed25/ros_packages/mocap4r2_ws/install/mocap4r2cli:/home/airlab/seed25/ros_packages/mocap4r2_ws/install/mocap4r2_robot_gt_msgs:/home/airlab/seed25/ros_packages/mocap4r2_ws/install/mocap4r2_marker_viz:/home/airlab/seed25/ros_packages/mocap4r2_ws/install/mocap4r2_marker_publisher:/home/airlab/seed25/ros_packages/mocap4r2_ws/install/mocap4r2_msgs:/home/airlab/seed25/ros_packages/mocap4r2_ws/install/mocap4r2_marker_viz_srvs:/home/airlab/seed25/ros_packages/mocap4r2_ws/install/mocap4r2_control_msgs:/opt/ros/foxy'), ('SHELL', '/bin/bash'), ('LESSCLOSE', '/usr/bin/lesspipe %s %s'), ('JETSON_CUDA_ARCH_BIN', '8.7'), ('PWD', '/home/airlab/seed25/ros_packages/mocap4r2_ws/build/mocap4r2_robot_gt'), ('LC_ALL', 'en_US.UTF-8'), ('SSH_CONNECTION', '192.168.0.184 49493 192.168.0.136 22'), ('XDG_DATA_DIRS', '/usr/local/share:/usr/share:/var/lib/snapd/desktop'), ('PYTHONPATH', '/home/airlab/seed25/ros_packages/mocap4r2_ws/install/mocap4r2_robot_gt_msgs/lib/python3.8/site-packages:/home/airlab/seed25/ros_packages/mocap4r2_ws/install/mocap4r2_msgs/lib/python3.8/site-packages:/home/airlab/seed25/ros_packages/mocap4r2_ws/install/mocap4r2cli/lib/python3.8/site-packages:/home/airlab/seed25/ros_packages/mocap4r2_ws/install/mocap4r2_marker_viz_srvs/lib/python3.8/site-packages:/home/airlab/seed25/ros_packages/mocap4r2_ws/install/mocap4r2_control_msgs/lib/python3.8/site-packages:/opt/ros/foxy/lib/python3.8/site-packages'), ('COLCON', '1'), ('JETSON_JETPACK', '5.1.5'), ('CMAKE_PREFIX_PATH', '/home/airlab/seed25/ros_packages/mocap4r2_ws/install/mocap4r2_robot_gt_msgs:/home/airlab/seed25/ros_packages/mocap4r2_ws/install/mocap4r2_msgs:/home/airlab/seed25/ros_packages/mocap4r2_ws/install/mocap4r2_marker_viz:/home/airlab/seed25/ros_packages/mocap4r2_ws/install/mocap4r2_marker_publisher:/home/airlab/seed25/ros_packages/mocap4r2_ws/install/mocap4r2_marker_viz_srvs:/home/airlab/seed25/ros_packages/mocap4r2_ws/install/mocap4r2_control_msgs:/home/airlab/seed25/ros_packages/mocap4r2_ws/install/mocap4r2cli:/opt/ros/foxy'), ('JETSON_P_NUMBER', 'p3767-0000')]), 'shell': False}
[27.430686] (-) TimerEvent: {}
[27.492413] (mocap4r2_marker_publisher) StdoutLine: {'line': b'-- The C compiler identification is GNU 9.4.0\n'}
[27.530879] (-) TimerEvent: {}
[27.561672] (mocap4r2_marker_viz) StdoutLine: {'line': b'-- The C compiler identification is GNU 9.4.0\n'}
[27.630808] (mocap4r2_robot_gt) StdoutLine: {'line': b'-- The C compiler identification is GNU 9.4.0\n'}
[27.631371] (-) TimerEvent: {}
[27.717284] (mocap4r2_marker_publisher) StdoutLine: {'line': b'-- The CXX compiler identification is GNU 9.4.0\n'}
[27.731659] (-) TimerEvent: {}
[27.735794] (mocap4r2_marker_publisher) StdoutLine: {'line': b'-- Check for working C compiler: /usr/bin/cc\n'}
[27.833154] (-) TimerEvent: {}
[27.838046] (mocap4r2_robot_gt) StdoutLine: {'line': b'-- The CXX compiler identification is GNU 9.4.0\n'}
[27.857074] (mocap4r2_marker_viz) StdoutLine: {'line': b'-- The CXX compiler identification is GNU 9.4.0\n'}
[27.867893] (mocap4r2_marker_viz) StdoutLine: {'line': b'-- Check for working C compiler: /usr/bin/cc\n'}
[27.885677] (mocap4r2_robot_gt) StdoutLine: {'line': b'-- Check for working C compiler: /usr/bin/cc\n'}
[27.931138] (mocap4r2_marker_publisher) StdoutLine: {'line': b'-- Check for working C compiler: /usr/bin/cc -- works\n'}
[27.932848] (mocap4r2_marker_publisher) StdoutLine: {'line': b'-- Detecting C compiler ABI info\n'}
[27.933238] (-) TimerEvent: {}
[28.034214] (-) TimerEvent: {}
[28.135456] (-) TimerEvent: {}
[28.223499] (mocap4r2_robot_gt) StdoutLine: {'line': b'-- Check for working C compiler: /usr/bin/cc -- works\n'}
[28.226336] (mocap4r2_robot_gt) StdoutLine: {'line': b'-- Detecting C compiler ABI info\n'}
[28.235643] (-) TimerEvent: {}
[28.285185] (mocap4r2_marker_publisher) StdoutLine: {'line': b'-- Detecting C compiler ABI info - done\n'}
[28.301730] (mocap4r2_marker_viz) StdoutLine: {'line': b'-- Check for working C compiler: /usr/bin/cc -- works\n'}
[28.303524] (mocap4r2_marker_viz) StdoutLine: {'line': b'-- Detecting C compiler ABI info\n'}
[28.335845] (-) TimerEvent: {}
[28.340609] (mocap4r2_marker_publisher) StdoutLine: {'line': b'-- Detecting C compile features\n'}
[28.347694] (mocap4r2_marker_publisher) StdoutLine: {'line': b'-- Detecting C compile features - done\n'}
[28.361589] (mocap4r2_marker_publisher) StdoutLine: {'line': b'-- Check for working CXX compiler: /usr/bin/c++\n'}
[28.436072] (-) TimerEvent: {}
[28.536886] (-) TimerEvent: {}
[28.637670] (-) TimerEvent: {}
[28.675471] (mocap4r2_robot_gt) StdoutLine: {'line': b'-- Detecting C compiler ABI info - done\n'}
[28.705263] (mocap4r2_robot_gt) StdoutLine: {'line': b'-- Detecting C compile features\n'}
[28.718483] (mocap4r2_robot_gt) StdoutLine: {'line': b'-- Detecting C compile features - done\n'}
[28.730066] (mocap4r2_marker_viz) StdoutLine: {'line': b'-- Detecting C compiler ABI info - done\n'}
[28.735052] (mocap4r2_robot_gt) StdoutLine: {'line': b'-- Check for working CXX compiler: /usr/bin/c++\n'}
[28.737786] (-) TimerEvent: {}
[28.787297] (mocap4r2_marker_viz) StdoutLine: {'line': b'-- Detecting C compile features\n'}
[28.798435] (mocap4r2_marker_viz) StdoutLine: {'line': b'-- Detecting C compile features - done\n'}
[28.804129] (mocap4r2_marker_viz) StdoutLine: {'line': b'-- Check for working CXX compiler: /usr/bin/c++\n'}
[28.838024] (-) TimerEvent: {}
[28.879323] (mocap4r2_marker_publisher) StdoutLine: {'line': b'-- Check for working CXX compiler: /usr/bin/c++ -- works\n'}
[28.881612] (mocap4r2_marker_publisher) StdoutLine: {'line': b'-- Detecting CXX compiler ABI info\n'}
[28.938218] (-) TimerEvent: {}
[29.038967] (-) TimerEvent: {}
[29.139779] (-) TimerEvent: {}
[29.208260] (mocap4r2_robot_gt) StdoutLine: {'line': b'-- Check for working CXX compiler: /usr/bin/c++ -- works\n'}
[29.211648] (mocap4r2_robot_gt) StdoutLine: {'line': b'-- Detecting CXX compiler ABI info\n'}
[29.239995] (-) TimerEvent: {}
[29.278878] (mocap4r2_marker_viz) StdoutLine: {'line': b'-- Check for working CXX compiler: /usr/bin/c++ -- works\n'}
[29.281186] (mocap4r2_marker_viz) StdoutLine: {'line': b'-- Detecting CXX compiler ABI info\n'}
[29.340175] (-) TimerEvent: {}
[29.385045] (mocap4r2_marker_publisher) StdoutLine: {'line': b'-- Detecting CXX compiler ABI info - done\n'}
[29.420292] (mocap4r2_marker_publisher) StdoutLine: {'line': b'-- Detecting CXX compile features\n'}
[29.426739] (mocap4r2_marker_publisher) StdoutLine: {'line': b'-- Detecting CXX compile features - done\n'}
[29.439099] (mocap4r2_marker_publisher) StdoutLine: {'line': b'-- Found ament_cmake: 0.9.12 (/opt/ros/foxy/share/ament_cmake/cmake)\n'}
[29.440278] (-) TimerEvent: {}
[29.541392] (-) TimerEvent: {}
[29.545000] (mocap4r2_control) StdoutLine: {'line': b'[ 35%] \x1b[32m\x1b[1mLinking CXX static library libgtest_main.a\x1b[0m\n'}
[29.563180] (mocap4r2_marker_publisher) StdoutLine: {'line': b'-- Found PythonInterp: /usr/bin/python3 (found suitable version "3.8.10", minimum required is "3") \n'}
[29.564144] (mocap4r2_marker_publisher) StdoutLine: {'line': b'-- Using PYTHON_EXECUTABLE: /usr/bin/python3\n'}
[29.641550] (-) TimerEvent: {}
[29.664764] (mocap4r2_robot_gt) StdoutLine: {'line': b'-- Detecting CXX compiler ABI info - done\n'}
[29.703710] (mocap4r2_robot_gt) StdoutLine: {'line': b'-- Detecting CXX compile features\n'}
[29.706516] (mocap4r2_robot_gt) StdoutLine: {'line': b'-- Detecting CXX compile features - done\n'}
[29.719477] (mocap4r2_robot_gt) StdoutLine: {'line': b'-- Found ament_cmake: 0.9.12 (/opt/ros/foxy/share/ament_cmake/cmake)\n'}
[29.741732] (-) TimerEvent: {}
[29.742785] (mocap4r2_marker_viz) StdoutLine: {'line': b'-- Detecting CXX compiler ABI info - done\n'}
[29.775661] (mocap4r2_marker_viz) StdoutLine: {'line': b'-- Detecting CXX compile features\n'}
[29.776368] (mocap4r2_control) StdoutLine: {'line': b'[ 35%] Built target gtest_main\n'}
[29.790753] (mocap4r2_marker_viz) StdoutLine: {'line': b'-- Detecting CXX compile features - done\n'}
[29.797220] (mocap4r2_marker_viz) StdoutLine: {'line': b'-- Found ament_cmake: 0.9.12 (/opt/ros/foxy/share/ament_cmake/cmake)\n'}
[29.836170] (mocap4r2_control) StdoutLine: {'line': b'[ 42%] \x1b[32mBuilding CXX object CMakeFiles/mocap4r2_control.dir/src/mocap4r2_control/AuxiliarNode.cpp.o\x1b[0m\n'}
[29.841880] (-) TimerEvent: {}
[29.870582] (mocap4r2_robot_gt) StdoutLine: {'line': b'-- Found PythonInterp: /usr/bin/python3 (found suitable version "3.8.10", minimum required is "3") \n'}
[29.871109] (mocap4r2_robot_gt) StdoutLine: {'line': b'-- Using PYTHON_EXECUTABLE: /usr/bin/python3\n'}
[29.935571] (mocap4r2_marker_viz) StdoutLine: {'line': b'-- Found PythonInterp: /usr/bin/python3 (found suitable version "3.8.10", minimum required is "3") \n'}
[29.936091] (mocap4r2_marker_viz) StdoutLine: {'line': b'-- Using PYTHON_EXECUTABLE: /usr/bin/python3\n'}
[29.942036] (-) TimerEvent: {}
[30.042688] (-) TimerEvent: {}
[30.143852] (-) TimerEvent: {}
[30.245050] (-) TimerEvent: {}
[30.346149] (-) TimerEvent: {}
[30.447352] (-) TimerEvent: {}
[30.548546] (-) TimerEvent: {}
[30.585266] (mocap4r2_marker_publisher) StdoutLine: {'line': b'-- Found rclcpp: 2.4.3 (/opt/ros/foxy/share/rclcpp/cmake)\n'}
[30.648717] (-) TimerEvent: {}
[30.661954] (mocap4r2_marker_viz) StdoutLine: {'line': b'-- Found rclcpp: 2.4.3 (/opt/ros/foxy/share/rclcpp/cmake)\n'}
[30.687331] (mocap4r2_marker_publisher) StdoutLine: {'line': b'-- Using all available rosidl_typesupport_c: rosidl_typesupport_fastrtps_c;rosidl_typesupport_introspection_c\n'}
[30.703000] (mocap4r2_marker_publisher) StdoutLine: {'line': b'-- Found rosidl_adapter: 1.3.1 (/opt/ros/foxy/share/rosidl_adapter/cmake)\n'}
[30.748892] (-) TimerEvent: {}
[30.850046] (-) TimerEvent: {}
[30.864009] (mocap4r2_marker_viz) StdoutLine: {'line': b'-- Using all available rosidl_typesupport_c: rosidl_typesupport_fastrtps_c;rosidl_typesupport_introspection_c\n'}
[30.898688] (mocap4r2_marker_publisher) StdoutLine: {'line': b'-- Found OpenSSL: /usr/lib/aarch64-linux-gnu/libcrypto.so (found version "1.1.1f")  \n'}
[30.902863] (mocap4r2_marker_viz) StdoutLine: {'line': b'-- Found rosidl_adapter: 1.3.1 (/opt/ros/foxy/share/rosidl_adapter/cmake)\n'}
[30.932857] (mocap4r2_robot_gt) StdoutLine: {'line': b'-- Found rclcpp: 2.4.3 (/opt/ros/foxy/share/rclcpp/cmake)\n'}
[30.950245] (-) TimerEvent: {}
[30.970365] (mocap4r2_marker_publisher) StdoutLine: {'line': b'-- Found FastRTPS: /opt/ros/foxy/include  \n'}
[31.050444] (-) TimerEvent: {}
[31.142296] (mocap4r2_robot_gt) StdoutLine: {'line': b'-- Using all available rosidl_typesupport_c: rosidl_typesupport_fastrtps_c;rosidl_typesupport_introspection_c\n'}
[31.150629] (-) TimerEvent: {}
[31.169628] (mocap4r2_robot_gt) StdoutLine: {'line': b'-- Found rosidl_adapter: 1.3.1 (/opt/ros/foxy/share/rosidl_adapter/cmake)\n'}
[31.205093] (mocap4r2_marker_publisher) StdoutLine: {'line': b'-- Using all available rosidl_typesupport_cpp: rosidl_typesupport_fastrtps_cpp;rosidl_typesupport_introspection_cpp\n'}
[31.250832] (-) TimerEvent: {}
[31.352081] (-) TimerEvent: {}
[31.379546] (mocap4r2_marker_publisher) StdoutLine: {'line': b'-- Found rmw_implementation_cmake: 1.0.4 (/opt/ros/foxy/share/rmw_implementation_cmake/cmake)\n'}
[31.389460] (mocap4r2_marker_publisher) StdoutLine: {'line': b"-- Using RMW implementation 'rmw_fastrtps_cpp' as default\n"}
[31.392424] (mocap4r2_marker_publisher) StdoutLine: {'line': b'-- Looking for pthread.h\n'}
[31.414832] (mocap4r2_marker_viz) StdoutLine: {'line': b'-- Found OpenSSL: /usr/lib/aarch64-linux-gnu/libcrypto.so (found version "1.1.1f")  \n'}
[31.452298] (-) TimerEvent: {}
[31.499533] (mocap4r2_marker_viz) StdoutLine: {'line': b'-- Found FastRTPS: /opt/ros/foxy/include  \n'}
[31.552500] (-) TimerEvent: {}
[31.653844] (-) TimerEvent: {}
[31.707511] (mocap4r2_robot_gt) StdoutLine: {'line': b'-- Found OpenSSL: /usr/lib/aarch64-linux-gnu/libcrypto.so (found version "1.1.1f")  \n'}
[31.736316] (mocap4r2_marker_viz) StdoutLine: {'line': b'-- Using all available rosidl_typesupport_cpp: rosidl_typesupport_fastrtps_cpp;rosidl_typesupport_introspection_cpp\n'}
[31.754034] (-) TimerEvent: {}
[31.831900] (mocap4r2_marker_publisher) StdoutLine: {'line': b'-- Looking for pthread.h - found\n'}
[31.832570] (mocap4r2_marker_publisher) StdoutLine: {'line': b'-- Performing Test CMAKE_HAVE_LIBC_PTHREAD\n'}
[31.854226] (-) TimerEvent: {}
[31.855478] (mocap4r2_robot_gt) StdoutLine: {'line': b'-- Found FastRTPS: /opt/ros/foxy/include  \n'}
[31.884348] (mocap4r2_marker_viz) StdoutLine: {'line': b'-- Found rmw_implementation_cmake: 1.0.4 (/opt/ros/foxy/share/rmw_implementation_cmake/cmake)\n'}
[31.887805] (mocap4r2_marker_viz) StdoutLine: {'line': b"-- Using RMW implementation 'rmw_fastrtps_cpp' as default\n"}
[31.892583] (mocap4r2_marker_viz) StdoutLine: {'line': b'-- Looking for pthread.h\n'}
[31.954436] (-) TimerEvent: {}
[32.055784] (-) TimerEvent: {}
[32.156559] (-) TimerEvent: {}
[32.204979] (mocap4r2_robot_gt) StdoutLine: {'line': b'-- Using all available rosidl_typesupport_cpp: rosidl_typesupport_fastrtps_cpp;rosidl_typesupport_introspection_cpp\n'}
[32.221953] (mocap4r2_marker_publisher) StdoutLine: {'line': b'-- Performing Test CMAKE_HAVE_LIBC_PTHREAD - Failed\n'}
[32.223269] (mocap4r2_marker_publisher) StdoutLine: {'line': b'-- Looking for pthread_create in pthreads\n'}
[32.256769] (-) TimerEvent: {}
[32.269107] (mocap4r2_marker_viz) StdoutLine: {'line': b'-- Looking for pthread.h - found\n'}
[32.270532] (mocap4r2_marker_viz) StdoutLine: {'line': b'-- Performing Test CMAKE_HAVE_LIBC_PTHREAD\n'}
[32.344385] (mocap4r2_robot_gt) StdoutLine: {'line': b'-- Found rmw_implementation_cmake: 1.0.4 (/opt/ros/foxy/share/rmw_implementation_cmake/cmake)\n'}
[32.348640] (mocap4r2_robot_gt) StdoutLine: {'line': b"-- Using RMW implementation 'rmw_fastrtps_cpp' as default\n"}
[32.350924] (mocap4r2_robot_gt) StdoutLine: {'line': b'-- Looking for pthread.h\n'}
[32.356920] (-) TimerEvent: {}
[32.458194] (-) TimerEvent: {}
[32.559785] (-) TimerEvent: {}
[32.569970] (mocap4r2_marker_publisher) StdoutLine: {'line': b'-- Looking for pthread_create in pthreads - not found\n'}
[32.571138] (mocap4r2_marker_publisher) StdoutLine: {'line': b'-- Looking for pthread_create in pthread\n'}
[32.660027] (-) TimerEvent: {}
[32.699253] (mocap4r2_robot_gt) StdoutLine: {'line': b'-- Looking for pthread.h - found\n'}
[32.700067] (mocap4r2_robot_gt) StdoutLine: {'line': b'-- Performing Test CMAKE_HAVE_LIBC_PTHREAD\n'}
[32.704264] (mocap4r2_marker_viz) StdoutLine: {'line': b'-- Performing Test CMAKE_HAVE_LIBC_PTHREAD - Failed\n'}
[32.704748] (mocap4r2_marker_viz) StdoutLine: {'line': b'-- Looking for pthread_create in pthreads\n'}
[32.760270] (-) TimerEvent: {}
[32.861831] (-) TimerEvent: {}
[32.963108] (-) TimerEvent: {}
[33.011208] (mocap4r2_marker_publisher) StdoutLine: {'line': b'-- Looking for pthread_create in pthread - found\n'}
[33.013607] (mocap4r2_marker_publisher) StdoutLine: {'line': b'-- Found Threads: TRUE  \n'}
[33.063314] (-) TimerEvent: {}
[33.077275] (mocap4r2_marker_viz) StdoutLine: {'line': b'-- Looking for pthread_create in pthreads - not found\n'}
[33.078516] (mocap4r2_marker_viz) StdoutLine: {'line': b'-- Looking for pthread_create in pthread\n'}
[33.129526] (mocap4r2_robot_gt) StdoutLine: {'line': b'-- Performing Test CMAKE_HAVE_LIBC_PTHREAD - Failed\n'}
[33.130866] (mocap4r2_robot_gt) StdoutLine: {'line': b'-- Looking for pthread_create in pthreads\n'}
[33.163517] (-) TimerEvent: {}
[33.264283] (-) TimerEvent: {}
[33.365038] (-) TimerEvent: {}
[33.465824] (-) TimerEvent: {}
[33.505500] (mocap4r2_robot_gt) StdoutLine: {'line': b'-- Looking for pthread_create in pthreads - not found\n'}
[33.506846] (mocap4r2_robot_gt) StdoutLine: {'line': b'-- Looking for pthread_create in pthread\n'}
[33.535987] (mocap4r2_marker_viz) StdoutLine: {'line': b'-- Looking for pthread_create in pthread - found\n'}
[33.538380] (mocap4r2_marker_viz) StdoutLine: {'line': b'-- Found Threads: TRUE  \n'}
[33.566014] (-) TimerEvent: {}
[33.666793] (-) TimerEvent: {}
[33.677208] (mocap4r2_marker_publisher) StdoutLine: {'line': b'-- Found mocap4r2_msgs: 0.0.3 (/home/airlab/seed25/ros_packages/mocap4r2_ws/install/mocap4r2_msgs/share/mocap4r2_msgs/cmake)\n'}
[33.767005] (-) TimerEvent: {}
[33.867776] (-) TimerEvent: {}
[33.907465] (mocap4r2_robot_gt) StdoutLine: {'line': b'-- Looking for pthread_create in pthread - found\n'}
[33.910827] (mocap4r2_robot_gt) StdoutLine: {'line': b'-- Found Threads: TRUE  \n'}
[33.967985] (-) TimerEvent: {}
[34.068806] (-) TimerEvent: {}
[34.170107] (-) TimerEvent: {}
[34.181028] (mocap4r2_marker_viz) StdoutLine: {'line': b'-- Found mocap4r2_marker_viz_srvs: 0.0.7 (/home/airlab/seed25/ros_packages/mocap4r2_ws/install/mocap4r2_marker_viz_srvs/share/mocap4r2_marker_viz_srvs/cmake)\n'}
[34.217972] (mocap4r2_marker_publisher) StdoutLine: {'line': b'-- Found ament_lint_auto: 0.9.8 (/opt/ros/foxy/share/ament_lint_auto/cmake)\n'}
[34.270272] (-) TimerEvent: {}
[34.347703] (mocap4r2_marker_viz) StdoutLine: {'line': b'-- Found mocap4r2_msgs: 0.0.3 (/home/airlab/seed25/ros_packages/mocap4r2_ws/install/mocap4r2_msgs/share/mocap4r2_msgs/cmake)\n'}
[34.370440] (-) TimerEvent: {}
[34.471094] (-) TimerEvent: {}
[34.557457] (mocap4r2_robot_gt) StdoutLine: {'line': b'-- Found rclcpp_components: 2.4.3 (/opt/ros/foxy/share/rclcpp_components/cmake)\n'}
[34.571311] (-) TimerEvent: {}
[34.606963] (mocap4r2_marker_publisher) StdoutLine: {'line': b"-- Added test 'copyright' to check source files copyright and LICENSE\n"}
[34.609097] (mocap4r2_marker_publisher) StdoutLine: {'line': b"-- Added test 'cppcheck' to perform static code analysis on C / C++ code\n"}
[34.609565] (mocap4r2_marker_publisher) StdoutLine: {'line': b'-- Configured cppcheck include dirs: \n'}
[34.609830] (mocap4r2_marker_publisher) StdoutLine: {'line': b'-- Configured cppcheck exclude dirs and/or files: \n'}
[34.611354] (mocap4r2_marker_publisher) StdoutLine: {'line': b"-- Added test 'cpplint' to check C / C++ code against the Google style\n"}
[34.611637] (mocap4r2_marker_publisher) StdoutLine: {'line': b'-- Configured cpplint exclude dirs and/or files: \n'}
[34.612913] (mocap4r2_marker_publisher) StdoutLine: {'line': b"-- Added test 'lint_cmake' to check CMake code style\n"}
[34.619361] (mocap4r2_marker_publisher) StdoutLine: {'line': b"-- Added test 'uncrustify' to check C / C++ code style\n"}
[34.619777] (mocap4r2_marker_publisher) StdoutLine: {'line': b'-- Configured uncrustify additional arguments: \n'}
[34.620567] (mocap4r2_marker_publisher) StdoutLine: {'line': b"-- Added test 'xmllint' to check XML markup files\n"}
[34.629117] (mocap4r2_marker_publisher) StdoutLine: {'line': b'-- Configuring done\n'}
[34.671517] (-) TimerEvent: {}
[34.672488] (mocap4r2_marker_publisher) StdoutLine: {'line': b'-- Generating done\n'}
[34.694707] (mocap4r2_marker_publisher) StdoutLine: {'line': b'-- Build files have been written to: /home/airlab/seed25/ros_packages/mocap4r2_ws/build/mocap4r2_marker_publisher\n'}
[34.759953] (mocap4r2_marker_publisher) CommandEnded: {'returncode': 0}
[34.761630] (mocap4r2_marker_publisher) JobProgress: {'identifier': 'mocap4r2_marker_publisher', 'progress': 'build'}
[34.762399] (mocap4r2_marker_publisher) Command: {'cmd': ['/usr/bin/cmake', '--build', '/home/airlab/seed25/ros_packages/mocap4r2_ws/build/mocap4r2_marker_publisher', '--', '-j4', '-l4'], 'cwd': '/home/airlab/seed25/ros_packages/mocap4r2_ws/build/mocap4r2_marker_publisher', 'env': OrderedDict([('LESSOPEN', '| /usr/bin/lesspipe %s'), ('USER', 'airlab'), ('SSH_CLIENT', '192.168.0.184 49493 22'), ('XDG_SESSION_TYPE', 'tty'), ('SHLVL', '1'), ('LD_LIBRARY_PATH', '/home/airlab/seed25/ros_packages/mocap4r2_ws/install/mocap4r2_msgs/lib:/home/airlab/seed25/ros_packages/mocap4r2_ws/install/mocap4r2_robot_gt_msgs/lib:/home/airlab/seed25/ros_packages/mocap4r2_ws/install/mocap4r2_marker_viz_srvs/lib:/home/airlab/seed25/ros_packages/mocap4r2_ws/install/mocap4r2_control_msgs/lib:/usr/local/cuda-11.4/lib64:/usr/local/cuda-11.4/lib64:/opt/ros/foxy/opt/yaml_cpp_vendor/lib:/opt/ros/foxy/opt/rviz_ogre_vendor/lib:/opt/ros/foxy/lib/aarch64-linux-gnu:/opt/ros/foxy/lib:/usr/local/cuda-11.4/lib64'), ('MOTD_SHOWN', 'pam'), ('HOME', '/home/airlab'), ('OLDPWD', '/home/airlab/seed25/ros_packages/mocap4r2_ws/src'), ('SSH_TTY', '/dev/pts/1'), ('JETSON_L4T', '35.6.1'), ('ROS_PYTHON_VERSION', '3'), ('JETSON_MODEL', 'NVIDIA Orin NX Developer Kit'), ('DBUS_SESSION_BUS_ADDRESS', 'unix:path=/run/user/1000/bus'), ('COLCON_PREFIX_PATH', '/home/airlab/seed25/ros_packages/mocap4r2_ws/install'), ('ROS_DISTRO', 'foxy'), ('LOGNAME', 'airlab'), ('JETSON_MODULE', 'NVIDIA Jetson Orin NX (16GB ram)'), ('JETSON_SERIAL_NUMBER', '1425023203559'), ('_', '/usr/bin/colcon'), ('ROS_VERSION', '2'), ('JETSON_CODENAME', 'P3768'), ('XDG_SESSION_CLASS', 'user'), ('TERM', 'xterm'), ('XDG_SESSION_ID', '8'), ('ROS_LOCALHOST_ONLY', '0'), ('PATH', '/usr/local/cuda-11.4/bin:/usr/local/cuda-11.4/bin:/home/airlab/.local/bin:/opt/ros/foxy/bin:/usr/local/cuda-11.4/bin:/usr/local/sbin:/usr/local/bin:/usr/sbin:/usr/bin:/sbin:/bin:/usr/games:/usr/local/games:/snap/bin'), ('XDG_RUNTIME_DIR', '/run/user/1000'), ('DISPLAY', 'localhost:11.0'), ('LANG', 'en_US.UTF-8'), ('LS_COLORS', 'rs=0:di=01;34:ln=01;36:mh=00:pi=40;33:so=01;35:do=01;35:bd=40;33;01:cd=40;33;01:or=40;31;01:mi=00:su=37;41:sg=30;43:ca=30;41:tw=30;42:ow=34;42:st=37;44:ex=01;32:*.tar=01;31:*.tgz=01;31:*.arc=01;31:*.arj=01;31:*.taz=01;31:*.lha=01;31:*.lz4=01;31:*.lzh=01;31:*.lzma=01;31:*.tlz=01;31:*.txz=01;31:*.tzo=01;31:*.t7z=01;31:*.zip=01;31:*.z=01;31:*.dz=01;31:*.gz=01;31:*.lrz=01;31:*.lz=01;31:*.lzo=01;31:*.xz=01;31:*.zst=01;31:*.tzst=01;31:*.bz2=01;31:*.bz=01;31:*.tbz=01;31:*.tbz2=01;31:*.tz=01;31:*.deb=01;31:*.rpm=01;31:*.jar=01;31:*.war=01;31:*.ear=01;31:*.sar=01;31:*.rar=01;31:*.alz=01;31:*.ace=01;31:*.zoo=01;31:*.cpio=01;31:*.7z=01;31:*.rz=01;31:*.cab=01;31:*.wim=01;31:*.swm=01;31:*.dwm=01;31:*.esd=01;31:*.jpg=01;35:*.jpeg=01;35:*.mjpg=01;35:*.mjpeg=01;35:*.gif=01;35:*.bmp=01;35:*.pbm=01;35:*.pgm=01;35:*.ppm=01;35:*.tga=01;35:*.xbm=01;35:*.xpm=01;35:*.tif=01;35:*.tiff=01;35:*.png=01;35:*.svg=01;35:*.svgz=01;35:*.mng=01;35:*.pcx=01;35:*.mov=01;35:*.mpg=01;35:*.mpeg=01;35:*.m2v=01;35:*.mkv=01;35:*.webm=01;35:*.ogm=01;35:*.mp4=01;35:*.m4v=01;35:*.mp4v=01;35:*.vob=01;35:*.qt=01;35:*.nuv=01;35:*.wmv=01;35:*.asf=01;35:*.rm=01;35:*.rmvb=01;35:*.flc=01;35:*.avi=01;35:*.fli=01;35:*.flv=01;35:*.gl=01;35:*.dl=01;35:*.xcf=01;35:*.xwd=01;35:*.yuv=01;35:*.cgm=01;35:*.emf=01;35:*.ogv=01;35:*.ogx=01;35:*.aac=00;36:*.au=00;36:*.flac=00;36:*.m4a=00;36:*.mid=00;36:*.midi=00;36:*.mka=00;36:*.mp3=00;36:*.mpc=00;36:*.ogg=00;36:*.ra=00;36:*.wav=00;36:*.oga=00;36:*.opus=00;36:*.spx=00;36:*.xspf=00;36:'), ('JETSON_SOC', 'tegra23x'), ('ROS_DOMAIN_ID', '3'), ('AMENT_PREFIX_PATH', '/home/airlab/seed25/ros_packages/mocap4r2_ws/install/mocap4r2cli:/home/airlab/seed25/ros_packages/mocap4r2_ws/install/mocap4r2_robot_gt_msgs:/home/airlab/seed25/ros_packages/mocap4r2_ws/install/mocap4r2_marker_viz:/home/airlab/seed25/ros_packages/mocap4r2_ws/install/mocap4r2_marker_publisher:/home/airlab/seed25/ros_packages/mocap4r2_ws/install/mocap4r2_msgs:/home/airlab/seed25/ros_packages/mocap4r2_ws/install/mocap4r2_marker_viz_srvs:/home/airlab/seed25/ros_packages/mocap4r2_ws/install/mocap4r2_control_msgs:/opt/ros/foxy'), ('SHELL', '/bin/bash'), ('LESSCLOSE', '/usr/bin/lesspipe %s %s'), ('JETSON_CUDA_ARCH_BIN', '8.7'), ('PWD', '/home/airlab/seed25/ros_packages/mocap4r2_ws/build/mocap4r2_marker_publisher'), ('LC_ALL', 'en_US.UTF-8'), ('SSH_CONNECTION', '192.168.0.184 49493 192.168.0.136 22'), ('XDG_DATA_DIRS', '/usr/local/share:/usr/share:/var/lib/snapd/desktop'), ('PYTHONPATH', '/home/airlab/seed25/ros_packages/mocap4r2_ws/install/mocap4r2_msgs/lib/python3.8/site-packages:/home/airlab/seed25/ros_packages/mocap4r2_ws/install/mocap4r2cli/lib/python3.8/site-packages:/home/airlab/seed25/ros_packages/mocap4r2_ws/install/mocap4r2_robot_gt_msgs/lib/python3.8/site-packages:/home/airlab/seed25/ros_packages/mocap4r2_ws/install/mocap4r2_marker_viz_srvs/lib/python3.8/site-packages:/home/airlab/seed25/ros_packages/mocap4r2_ws/install/mocap4r2_control_msgs/lib/python3.8/site-packages:/opt/ros/foxy/lib/python3.8/site-packages'), ('COLCON', '1'), ('JETSON_JETPACK', '5.1.5'), ('CMAKE_PREFIX_PATH', '/home/airlab/seed25/ros_packages/mocap4r2_ws/install/mocap4r2_msgs:/home/airlab/seed25/ros_packages/mocap4r2_ws/install/mocap4r2_robot_gt_msgs:/home/airlab/seed25/ros_packages/mocap4r2_ws/install/mocap4r2_marker_viz:/home/airlab/seed25/ros_packages/mocap4r2_ws/install/mocap4r2_marker_publisher:/home/airlab/seed25/ros_packages/mocap4r2_ws/install/mocap4r2_marker_viz_srvs:/home/airlab/seed25/ros_packages/mocap4r2_ws/install/mocap4r2_control_msgs:/home/airlab/seed25/ros_packages/mocap4r2_ws/install/mocap4r2cli:/opt/ros/foxy'), ('JETSON_P_NUMBER', 'p3767-0000')]), 'shell': False}
[34.771774] (-) TimerEvent: {}
[34.808058] (mocap4r2_robot_gt) StdoutLine: {'line': b'-- Found mocap4r2_msgs: 0.0.3 (/home/airlab/seed25/ros_packages/mocap4r2_ws/install/mocap4r2_msgs/share/mocap4r2_msgs/cmake)\n'}
[34.871498] (mocap4r2_marker_viz) StdoutLine: {'line': b'-- Found visualization_msgs: 2.0.5 (/opt/ros/foxy/share/visualization_msgs/cmake)\n'}
[34.872034] (-) TimerEvent: {}
[34.972596] (-) TimerEvent: {}
[35.024549] (mocap4r2_marker_publisher) StdoutLine: {'line': b'\x1b[35m\x1b[1mScanning dependencies of target mocap4r2_marker_publisher\x1b[0m\n'}
[35.072819] (-) TimerEvent: {}
[35.174099] (-) TimerEvent: {}
[35.175678] (mocap4r2_marker_viz) StdoutLine: {'line': b'-- Found ament_lint_auto: 0.9.8 (/opt/ros/foxy/share/ament_lint_auto/cmake)\n'}
[35.205129] (mocap4r2_marker_publisher) StdoutLine: {'line': b'[ 50%] \x1b[32mBuilding CXX object CMakeFiles/mocap4r2_marker_publisher.dir/src/mocap4r2_marker_publisher.cpp.o\x1b[0m\n'}
[35.274266] (-) TimerEvent: {}
[35.345192] (mocap4r2_robot_gt) StdoutLine: {'line': b'-- Found mocap4r2_robot_gt_msgs: 0.0.7 (/home/airlab/seed25/ros_packages/mocap4r2_ws/install/mocap4r2_robot_gt_msgs/share/mocap4r2_robot_gt_msgs/cmake)\n'}
[35.374475] (-) TimerEvent: {}
[35.475283] (-) TimerEvent: {}
[35.576532] (-) TimerEvent: {}
[35.578871] (mocap4r2_marker_viz) StdoutLine: {'line': b"-- Added test 'cppcheck' to perform static code analysis on C / C++ code\n"}
[35.580137] (mocap4r2_marker_viz) StdoutLine: {'line': b'-- Configured cppcheck include dirs: $<BUILD_INTERFACE:/home/airlab/seed25/ros_packages/mocap4r2_ws/src/mocap4r2/mocap4r2_marker_viz/mocap4r2_marker_viz/include>\n'}
[35.580598] (mocap4r2_marker_viz) StdoutLine: {'line': b'-- Configured cppcheck exclude dirs and/or files: \n'}
[35.583898] (mocap4r2_marker_viz) StdoutLine: {'line': b"-- Added test 'cpplint' to check C / C++ code against the Google style\n"}
[35.584424] (mocap4r2_marker_viz) StdoutLine: {'line': b'-- Configured cpplint exclude dirs and/or files: \n'}
[35.586518] (mocap4r2_marker_viz) StdoutLine: {'line': b"-- Added test 'flake8' to check Python code syntax and style conventions\n"}
[35.595487] (mocap4r2_marker_viz) StdoutLine: {'line': b"-- Added test 'lint_cmake' to check CMake code style\n"}
[35.597824] (mocap4r2_marker_viz) StdoutLine: {'line': b"-- Added test 'pep257' to check Python code against some of the style conventions in PEP 257\n"}
[35.601049] (mocap4r2_marker_viz) StdoutLine: {'line': b"-- Added test 'uncrustify' to check C / C++ code style\n"}
[35.609439] (mocap4r2_marker_viz) StdoutLine: {'line': b'-- Configured uncrustify additional arguments: \n'}
[35.611820] (mocap4r2_marker_viz) StdoutLine: {'line': b"-- Added test 'xmllint' to check XML markup files\n"}
[35.624059] (mocap4r2_marker_viz) StdoutLine: {'line': b'-- Configuring done\n'}
[35.676751] (-) TimerEvent: {}
[35.683730] (mocap4r2_marker_viz) StdoutLine: {'line': b'-- Generating done\n'}
[35.711422] (mocap4r2_robot_gt) StdoutLine: {'line': b'-- Found tf2_ros: 0.13.14 (/opt/ros/foxy/share/tf2_ros/cmake)\n'}
[35.712434] (mocap4r2_marker_viz) StdoutLine: {'line': b'-- Build files have been written to: /home/airlab/seed25/ros_packages/mocap4r2_ws/build/mocap4r2_marker_viz\n'}
[35.766072] (mocap4r2_marker_viz) CommandEnded: {'returncode': 0}
[35.767741] (mocap4r2_marker_viz) JobProgress: {'identifier': 'mocap4r2_marker_viz', 'progress': 'build'}
[35.768499] (mocap4r2_marker_viz) Command: {'cmd': ['/usr/bin/cmake', '--build', '/home/airlab/seed25/ros_packages/mocap4r2_ws/build/mocap4r2_marker_viz', '--', '-j4', '-l4'], 'cwd': '/home/airlab/seed25/ros_packages/mocap4r2_ws/build/mocap4r2_marker_viz', 'env': OrderedDict([('LESSOPEN', '| /usr/bin/lesspipe %s'), ('USER', 'airlab'), ('SSH_CLIENT', '192.168.0.184 49493 22'), ('XDG_SESSION_TYPE', 'tty'), ('SHLVL', '1'), ('LD_LIBRARY_PATH', '/home/airlab/seed25/ros_packages/mocap4r2_ws/install/mocap4r2_msgs/lib:/home/airlab/seed25/ros_packages/mocap4r2_ws/install/mocap4r2_marker_viz_srvs/lib:/home/airlab/seed25/ros_packages/mocap4r2_ws/install/mocap4r2_robot_gt_msgs/lib:/home/airlab/seed25/ros_packages/mocap4r2_ws/install/mocap4r2_control_msgs/lib:/usr/local/cuda-11.4/lib64:/usr/local/cuda-11.4/lib64:/opt/ros/foxy/opt/yaml_cpp_vendor/lib:/opt/ros/foxy/opt/rviz_ogre_vendor/lib:/opt/ros/foxy/lib/aarch64-linux-gnu:/opt/ros/foxy/lib:/usr/local/cuda-11.4/lib64'), ('MOTD_SHOWN', 'pam'), ('HOME', '/home/airlab'), ('OLDPWD', '/home/airlab/seed25/ros_packages/mocap4r2_ws/src'), ('SSH_TTY', '/dev/pts/1'), ('JETSON_L4T', '35.6.1'), ('ROS_PYTHON_VERSION', '3'), ('JETSON_MODEL', 'NVIDIA Orin NX Developer Kit'), ('DBUS_SESSION_BUS_ADDRESS', 'unix:path=/run/user/1000/bus'), ('COLCON_PREFIX_PATH', '/home/airlab/seed25/ros_packages/mocap4r2_ws/install'), ('ROS_DISTRO', 'foxy'), ('LOGNAME', 'airlab'), ('JETSON_MODULE', 'NVIDIA Jetson Orin NX (16GB ram)'), ('JETSON_SERIAL_NUMBER', '1425023203559'), ('_', '/usr/bin/colcon'), ('ROS_VERSION', '2'), ('JETSON_CODENAME', 'P3768'), ('XDG_SESSION_CLASS', 'user'), ('TERM', 'xterm'), ('XDG_SESSION_ID', '8'), ('ROS_LOCALHOST_ONLY', '0'), ('PATH', '/usr/local/cuda-11.4/bin:/usr/local/cuda-11.4/bin:/home/airlab/.local/bin:/opt/ros/foxy/bin:/usr/local/cuda-11.4/bin:/usr/local/sbin:/usr/local/bin:/usr/sbin:/usr/bin:/sbin:/bin:/usr/games:/usr/local/games:/snap/bin'), ('XDG_RUNTIME_DIR', '/run/user/1000'), ('DISPLAY', 'localhost:11.0'), ('LANG', 'en_US.UTF-8'), ('LS_COLORS', 'rs=0:di=01;34:ln=01;36:mh=00:pi=40;33:so=01;35:do=01;35:bd=40;33;01:cd=40;33;01:or=40;31;01:mi=00:su=37;41:sg=30;43:ca=30;41:tw=30;42:ow=34;42:st=37;44:ex=01;32:*.tar=01;31:*.tgz=01;31:*.arc=01;31:*.arj=01;31:*.taz=01;31:*.lha=01;31:*.lz4=01;31:*.lzh=01;31:*.lzma=01;31:*.tlz=01;31:*.txz=01;31:*.tzo=01;31:*.t7z=01;31:*.zip=01;31:*.z=01;31:*.dz=01;31:*.gz=01;31:*.lrz=01;31:*.lz=01;31:*.lzo=01;31:*.xz=01;31:*.zst=01;31:*.tzst=01;31:*.bz2=01;31:*.bz=01;31:*.tbz=01;31:*.tbz2=01;31:*.tz=01;31:*.deb=01;31:*.rpm=01;31:*.jar=01;31:*.war=01;31:*.ear=01;31:*.sar=01;31:*.rar=01;31:*.alz=01;31:*.ace=01;31:*.zoo=01;31:*.cpio=01;31:*.7z=01;31:*.rz=01;31:*.cab=01;31:*.wim=01;31:*.swm=01;31:*.dwm=01;31:*.esd=01;31:*.jpg=01;35:*.jpeg=01;35:*.mjpg=01;35:*.mjpeg=01;35:*.gif=01;35:*.bmp=01;35:*.pbm=01;35:*.pgm=01;35:*.ppm=01;35:*.tga=01;35:*.xbm=01;35:*.xpm=01;35:*.tif=01;35:*.tiff=01;35:*.png=01;35:*.svg=01;35:*.svgz=01;35:*.mng=01;35:*.pcx=01;35:*.mov=01;35:*.mpg=01;35:*.mpeg=01;35:*.m2v=01;35:*.mkv=01;35:*.webm=01;35:*.ogm=01;35:*.mp4=01;35:*.m4v=01;35:*.mp4v=01;35:*.vob=01;35:*.qt=01;35:*.nuv=01;35:*.wmv=01;35:*.asf=01;35:*.rm=01;35:*.rmvb=01;35:*.flc=01;35:*.avi=01;35:*.fli=01;35:*.flv=01;35:*.gl=01;35:*.dl=01;35:*.xcf=01;35:*.xwd=01;35:*.yuv=01;35:*.cgm=01;35:*.emf=01;35:*.ogv=01;35:*.ogx=01;35:*.aac=00;36:*.au=00;36:*.flac=00;36:*.m4a=00;36:*.mid=00;36:*.midi=00;36:*.mka=00;36:*.mp3=00;36:*.mpc=00;36:*.ogg=00;36:*.ra=00;36:*.wav=00;36:*.oga=00;36:*.opus=00;36:*.spx=00;36:*.xspf=00;36:'), ('JETSON_SOC', 'tegra23x'), ('ROS_DOMAIN_ID', '3'), ('AMENT_PREFIX_PATH', '/home/airlab/seed25/ros_packages/mocap4r2_ws/install/mocap4r2cli:/home/airlab/seed25/ros_packages/mocap4r2_ws/install/mocap4r2_robot_gt_msgs:/home/airlab/seed25/ros_packages/mocap4r2_ws/install/mocap4r2_marker_viz:/home/airlab/seed25/ros_packages/mocap4r2_ws/install/mocap4r2_marker_publisher:/home/airlab/seed25/ros_packages/mocap4r2_ws/install/mocap4r2_msgs:/home/airlab/seed25/ros_packages/mocap4r2_ws/install/mocap4r2_marker_viz_srvs:/home/airlab/seed25/ros_packages/mocap4r2_ws/install/mocap4r2_control_msgs:/opt/ros/foxy'), ('SHELL', '/bin/bash'), ('LESSCLOSE', '/usr/bin/lesspipe %s %s'), ('JETSON_CUDA_ARCH_BIN', '8.7'), ('PWD', '/home/airlab/seed25/ros_packages/mocap4r2_ws/build/mocap4r2_marker_viz'), ('LC_ALL', 'en_US.UTF-8'), ('SSH_CONNECTION', '192.168.0.184 49493 192.168.0.136 22'), ('XDG_DATA_DIRS', '/usr/local/share:/usr/share:/var/lib/snapd/desktop'), ('PYTHONPATH', '/home/airlab/seed25/ros_packages/mocap4r2_ws/install/mocap4r2_msgs/lib/python3.8/site-packages:/home/airlab/seed25/ros_packages/mocap4r2_ws/install/mocap4r2_marker_viz_srvs/lib/python3.8/site-packages:/home/airlab/seed25/ros_packages/mocap4r2_ws/install/mocap4r2cli/lib/python3.8/site-packages:/home/airlab/seed25/ros_packages/mocap4r2_ws/install/mocap4r2_robot_gt_msgs/lib/python3.8/site-packages:/home/airlab/seed25/ros_packages/mocap4r2_ws/install/mocap4r2_control_msgs/lib/python3.8/site-packages:/opt/ros/foxy/lib/python3.8/site-packages'), ('COLCON', '1'), ('JETSON_JETPACK', '5.1.5'), ('CMAKE_PREFIX_PATH', '/home/airlab/seed25/ros_packages/mocap4r2_ws/install/mocap4r2_msgs:/home/airlab/seed25/ros_packages/mocap4r2_ws/install/mocap4r2_marker_viz_srvs:/home/airlab/seed25/ros_packages/mocap4r2_ws/install/mocap4r2_robot_gt_msgs:/home/airlab/seed25/ros_packages/mocap4r2_ws/install/mocap4r2_marker_viz:/home/airlab/seed25/ros_packages/mocap4r2_ws/install/mocap4r2_marker_publisher:/home/airlab/seed25/ros_packages/mocap4r2_ws/install/mocap4r2_control_msgs:/home/airlab/seed25/ros_packages/mocap4r2_ws/install/mocap4r2cli:/opt/ros/foxy'), ('JETSON_P_NUMBER', 'p3767-0000')]), 'shell': False}
[35.777006] (-) TimerEvent: {}
[35.878397] (-) TimerEvent: {}
[35.979636] (-) TimerEvent: {}
[36.039874] (mocap4r2_marker_viz) StdoutLine: {'line': b'\x1b[35m\x1b[1mScanning dependencies of target mocap4r2_marker_viz_NODE\x1b[0m\n'}
[36.079847] (-) TimerEvent: {}
[36.181165] (-) TimerEvent: {}
[36.232519] (mocap4r2_marker_viz) StdoutLine: {'line': b'[ 25%] \x1b[32mBuilding CXX object CMakeFiles/mocap4r2_marker_viz_NODE.dir/src/mocap4r2_marker_viz_node.cpp.o\x1b[0m\n'}
[36.281362] (-) TimerEvent: {}
[36.382641] (-) TimerEvent: {}
[36.483884] (-) TimerEvent: {}
[36.585121] (-) TimerEvent: {}
[36.686342] (-) TimerEvent: {}
[36.787576] (-) TimerEvent: {}
[36.888866] (-) TimerEvent: {}
[36.922523] (mocap4r2_robot_gt) StdoutLine: {'line': b'-- Found tf2_geometry_msgs: 0.13.14 (/opt/ros/foxy/share/tf2_geometry_msgs/cmake)\n'}
[36.953035] (mocap4r2_robot_gt) StdoutLine: {'line': b'-- Found eigen3_cmake_module: 0.1.1 (/opt/ros/foxy/share/eigen3_cmake_module/cmake)\n'}
[36.969225] (mocap4r2_robot_gt) StdoutLine: {'line': b'-- Found Eigen3: TRUE (found version "3.3.7") \n'}
[36.989079] (-) TimerEvent: {}
[37.075672] (mocap4r2_robot_gt) StdoutLine: {'line': b'-- Found ament_lint_auto: 0.9.8 (/opt/ros/foxy/share/ament_lint_auto/cmake)\n'}
[37.089237] (-) TimerEvent: {}
[37.190563] (-) TimerEvent: {}
[37.268353] (mocap4r2_robot_gt) StdoutLine: {'line': b"-- Added test 'cppcheck' to perform static code analysis on C / C++ code\n"}
[37.270204] (mocap4r2_robot_gt) StdoutLine: {'line': b'-- Configured cppcheck include dirs: /home/airlab/seed25/ros_packages/mocap4r2_ws/src/mocap4r2/mocap4r2_robot_gt/mocap4r2_robot_gt/include\n'}
[37.270821] (mocap4r2_robot_gt) StdoutLine: {'line': b'-- Configured cppcheck exclude dirs and/or files: \n'}
[37.273831] (mocap4r2_robot_gt) StdoutLine: {'line': b"-- Added test 'lint_cmake' to check CMake code style\n"}
[37.277430] (mocap4r2_robot_gt) StdoutLine: {'line': b"-- Added test 'uncrustify' to check C / C++ code style\n"}
[37.278010] (mocap4r2_robot_gt) StdoutLine: {'line': b'-- Configured uncrustify additional arguments: \n'}
[37.280023] (mocap4r2_robot_gt) StdoutLine: {'line': b"-- Added test 'xmllint' to check XML markup files\n"}
[37.290486] (mocap4r2_robot_gt) StdoutLine: {'line': b'-- Configuring done\n'}
[37.290979] (-) TimerEvent: {}
[37.370281] (mocap4r2_robot_gt) StdoutLine: {'line': b'-- Generating done\n'}
[37.391221] (-) TimerEvent: {}
[37.407361] (mocap4r2_robot_gt) StdoutLine: {'line': b'-- Build files have been written to: /home/airlab/seed25/ros_packages/mocap4r2_ws/build/mocap4r2_robot_gt\n'}
[37.444736] (mocap4r2_robot_gt) CommandEnded: {'returncode': 0}
[37.447389] (mocap4r2_robot_gt) JobProgress: {'identifier': 'mocap4r2_robot_gt', 'progress': 'build'}
[37.447516] (mocap4r2_robot_gt) Command: {'cmd': ['/usr/bin/cmake', '--build', '/home/airlab/seed25/ros_packages/mocap4r2_ws/build/mocap4r2_robot_gt', '--', '-j4', '-l4'], 'cwd': '/home/airlab/seed25/ros_packages/mocap4r2_ws/build/mocap4r2_robot_gt', 'env': OrderedDict([('LESSOPEN', '| /usr/bin/lesspipe %s'), ('USER', 'airlab'), ('SSH_CLIENT', '192.168.0.184 49493 22'), ('XDG_SESSION_TYPE', 'tty'), ('SHLVL', '1'), ('LD_LIBRARY_PATH', '/home/airlab/seed25/ros_packages/mocap4r2_ws/install/mocap4r2_robot_gt_msgs/lib:/home/airlab/seed25/ros_packages/mocap4r2_ws/install/mocap4r2_msgs/lib:/home/airlab/seed25/ros_packages/mocap4r2_ws/install/mocap4r2_marker_viz_srvs/lib:/home/airlab/seed25/ros_packages/mocap4r2_ws/install/mocap4r2_control_msgs/lib:/usr/local/cuda-11.4/lib64:/usr/local/cuda-11.4/lib64:/opt/ros/foxy/opt/yaml_cpp_vendor/lib:/opt/ros/foxy/opt/rviz_ogre_vendor/lib:/opt/ros/foxy/lib/aarch64-linux-gnu:/opt/ros/foxy/lib:/usr/local/cuda-11.4/lib64'), ('MOTD_SHOWN', 'pam'), ('HOME', '/home/airlab'), ('OLDPWD', '/home/airlab/seed25/ros_packages/mocap4r2_ws/src'), ('SSH_TTY', '/dev/pts/1'), ('JETSON_L4T', '35.6.1'), ('ROS_PYTHON_VERSION', '3'), ('JETSON_MODEL', 'NVIDIA Orin NX Developer Kit'), ('DBUS_SESSION_BUS_ADDRESS', 'unix:path=/run/user/1000/bus'), ('COLCON_PREFIX_PATH', '/home/airlab/seed25/ros_packages/mocap4r2_ws/install'), ('ROS_DISTRO', 'foxy'), ('LOGNAME', 'airlab'), ('JETSON_MODULE', 'NVIDIA Jetson Orin NX (16GB ram)'), ('JETSON_SERIAL_NUMBER', '1425023203559'), ('_', '/usr/bin/colcon'), ('ROS_VERSION', '2'), ('JETSON_CODENAME', 'P3768'), ('XDG_SESSION_CLASS', 'user'), ('TERM', 'xterm'), ('XDG_SESSION_ID', '8'), ('ROS_LOCALHOST_ONLY', '0'), ('PATH', '/usr/local/cuda-11.4/bin:/usr/local/cuda-11.4/bin:/home/airlab/.local/bin:/opt/ros/foxy/bin:/usr/local/cuda-11.4/bin:/usr/local/sbin:/usr/local/bin:/usr/sbin:/usr/bin:/sbin:/bin:/usr/games:/usr/local/games:/snap/bin'), ('XDG_RUNTIME_DIR', '/run/user/1000'), ('DISPLAY', 'localhost:11.0'), ('LANG', 'en_US.UTF-8'), ('LS_COLORS', 'rs=0:di=01;34:ln=01;36:mh=00:pi=40;33:so=01;35:do=01;35:bd=40;33;01:cd=40;33;01:or=40;31;01:mi=00:su=37;41:sg=30;43:ca=30;41:tw=30;42:ow=34;42:st=37;44:ex=01;32:*.tar=01;31:*.tgz=01;31:*.arc=01;31:*.arj=01;31:*.taz=01;31:*.lha=01;31:*.lz4=01;31:*.lzh=01;31:*.lzma=01;31:*.tlz=01;31:*.txz=01;31:*.tzo=01;31:*.t7z=01;31:*.zip=01;31:*.z=01;31:*.dz=01;31:*.gz=01;31:*.lrz=01;31:*.lz=01;31:*.lzo=01;31:*.xz=01;31:*.zst=01;31:*.tzst=01;31:*.bz2=01;31:*.bz=01;31:*.tbz=01;31:*.tbz2=01;31:*.tz=01;31:*.deb=01;31:*.rpm=01;31:*.jar=01;31:*.war=01;31:*.ear=01;31:*.sar=01;31:*.rar=01;31:*.alz=01;31:*.ace=01;31:*.zoo=01;31:*.cpio=01;31:*.7z=01;31:*.rz=01;31:*.cab=01;31:*.wim=01;31:*.swm=01;31:*.dwm=01;31:*.esd=01;31:*.jpg=01;35:*.jpeg=01;35:*.mjpg=01;35:*.mjpeg=01;35:*.gif=01;35:*.bmp=01;35:*.pbm=01;35:*.pgm=01;35:*.ppm=01;35:*.tga=01;35:*.xbm=01;35:*.xpm=01;35:*.tif=01;35:*.tiff=01;35:*.png=01;35:*.svg=01;35:*.svgz=01;35:*.mng=01;35:*.pcx=01;35:*.mov=01;35:*.mpg=01;35:*.mpeg=01;35:*.m2v=01;35:*.mkv=01;35:*.webm=01;35:*.ogm=01;35:*.mp4=01;35:*.m4v=01;35:*.mp4v=01;35:*.vob=01;35:*.qt=01;35:*.nuv=01;35:*.wmv=01;35:*.asf=01;35:*.rm=01;35:*.rmvb=01;35:*.flc=01;35:*.avi=01;35:*.fli=01;35:*.flv=01;35:*.gl=01;35:*.dl=01;35:*.xcf=01;35:*.xwd=01;35:*.yuv=01;35:*.cgm=01;35:*.emf=01;35:*.ogv=01;35:*.ogx=01;35:*.aac=00;36:*.au=00;36:*.flac=00;36:*.m4a=00;36:*.mid=00;36:*.midi=00;36:*.mka=00;36:*.mp3=00;36:*.mpc=00;36:*.ogg=00;36:*.ra=00;36:*.wav=00;36:*.oga=00;36:*.opus=00;36:*.spx=00;36:*.xspf=00;36:'), ('JETSON_SOC', 'tegra23x'), ('ROS_DOMAIN_ID', '3'), ('AMENT_PREFIX_PATH', '/home/airlab/seed25/ros_packages/mocap4r2_ws/install/mocap4r2cli:/home/airlab/seed25/ros_packages/mocap4r2_ws/install/mocap4r2_robot_gt_msgs:/home/airlab/seed25/ros_packages/mocap4r2_ws/install/mocap4r2_marker_viz:/home/airlab/seed25/ros_packages/mocap4r2_ws/install/mocap4r2_marker_publisher:/home/airlab/seed25/ros_packages/mocap4r2_ws/install/mocap4r2_msgs:/home/airlab/seed25/ros_packages/mocap4r2_ws/install/mocap4r2_marker_viz_srvs:/home/airlab/seed25/ros_packages/mocap4r2_ws/install/mocap4r2_control_msgs:/opt/ros/foxy'), ('SHELL', '/bin/bash'), ('LESSCLOSE', '/usr/bin/lesspipe %s %s'), ('JETSON_CUDA_ARCH_BIN', '8.7'), ('PWD', '/home/airlab/seed25/ros_packages/mocap4r2_ws/build/mocap4r2_robot_gt'), ('LC_ALL', 'en_US.UTF-8'), ('SSH_CONNECTION', '192.168.0.184 49493 192.168.0.136 22'), ('XDG_DATA_DIRS', '/usr/local/share:/usr/share:/var/lib/snapd/desktop'), ('PYTHONPATH', '/home/airlab/seed25/ros_packages/mocap4r2_ws/install/mocap4r2_robot_gt_msgs/lib/python3.8/site-packages:/home/airlab/seed25/ros_packages/mocap4r2_ws/install/mocap4r2_msgs/lib/python3.8/site-packages:/home/airlab/seed25/ros_packages/mocap4r2_ws/install/mocap4r2cli/lib/python3.8/site-packages:/home/airlab/seed25/ros_packages/mocap4r2_ws/install/mocap4r2_marker_viz_srvs/lib/python3.8/site-packages:/home/airlab/seed25/ros_packages/mocap4r2_ws/install/mocap4r2_control_msgs/lib/python3.8/site-packages:/opt/ros/foxy/lib/python3.8/site-packages'), ('COLCON', '1'), ('JETSON_JETPACK', '5.1.5'), ('CMAKE_PREFIX_PATH', '/home/airlab/seed25/ros_packages/mocap4r2_ws/install/mocap4r2_robot_gt_msgs:/home/airlab/seed25/ros_packages/mocap4r2_ws/install/mocap4r2_msgs:/home/airlab/seed25/ros_packages/mocap4r2_ws/install/mocap4r2_marker_viz:/home/airlab/seed25/ros_packages/mocap4r2_ws/install/mocap4r2_marker_publisher:/home/airlab/seed25/ros_packages/mocap4r2_ws/install/mocap4r2_marker_viz_srvs:/home/airlab/seed25/ros_packages/mocap4r2_ws/install/mocap4r2_control_msgs:/home/airlab/seed25/ros_packages/mocap4r2_ws/install/mocap4r2cli:/opt/ros/foxy'), ('JETSON_P_NUMBER', 'p3767-0000')]), 'shell': False}
[37.491456] (-) TimerEvent: {}
[37.592848] (-) TimerEvent: {}
[37.649439] (mocap4r2_robot_gt) StdoutLine: {'line': b'\x1b[35m\x1b[1mScanning dependencies of target set_gt_component\x1b[0m\n'}
[37.693120] (-) TimerEvent: {}
[37.794431] (-) TimerEvent: {}
[37.868520] (mocap4r2_robot_gt) StdoutLine: {'line': b'[ 12%] \x1b[32mBuilding CXX object CMakeFiles/set_gt_component.dir/src/mocap4r2_robot_gt/set_gt_component.cpp.o\x1b[0m\n'}
[37.894637] (-) TimerEvent: {}
[37.996044] (-) TimerEvent: {}
[38.097574] (-) TimerEvent: {}
[38.198915] (-) TimerEvent: {}
[38.300283] (-) TimerEvent: {}
[38.401565] (-) TimerEvent: {}
[38.502969] (-) TimerEvent: {}
[38.604220] (-) TimerEvent: {}
[38.705594] (-) TimerEvent: {}
[38.806881] (-) TimerEvent: {}
[38.907697] (-) TimerEvent: {}
[39.008501] (-) TimerEvent: {}
[39.109855] (-) TimerEvent: {}
[39.211251] (-) TimerEvent: {}
[39.312657] (-) TimerEvent: {}
[39.414234] (-) TimerEvent: {}
[39.515599] (-) TimerEvent: {}
[39.616851] (-) TimerEvent: {}
[39.718125] (-) TimerEvent: {}
[39.818913] (-) TimerEvent: {}
[39.920156] (-) TimerEvent: {}
[40.021613] (-) TimerEvent: {}
[40.122951] (-) TimerEvent: {}
[40.144074] (mocap4r2_control) StdoutLine: {'line': b'[ 50%] \x1b[32m\x1b[1mLinking CXX static library libgtest.a\x1b[0m\n'}
[40.223159] (-) TimerEvent: {}
[40.324404] (-) TimerEvent: {}
[40.425661] (-) TimerEvent: {}
[40.439906] (mocap4r2_control) StdoutLine: {'line': b'[ 50%] Built target gtest\n'}
[40.525870] (-) TimerEvent: {}
[40.627137] (-) TimerEvent: {}
[40.728433] (-) TimerEvent: {}
[40.829807] (-) TimerEvent: {}
[40.931052] (-) TimerEvent: {}
[41.032313] (-) TimerEvent: {}
[41.133562] (-) TimerEvent: {}
[41.234814] (-) TimerEvent: {}
[41.336074] (-) TimerEvent: {}
[41.437327] (-) TimerEvent: {}
[41.538577] (-) TimerEvent: {}
[41.639840] (-) TimerEvent: {}
[41.741140] (-) TimerEvent: {}
[41.842370] (-) TimerEvent: {}
[41.943634] (-) TimerEvent: {}
[42.044919] (-) TimerEvent: {}
[42.146214] (-) TimerEvent: {}
[42.247455] (-) TimerEvent: {}
[42.348719] (-) TimerEvent: {}
[42.450017] (-) TimerEvent: {}
[42.551261] (-) TimerEvent: {}
[42.652533] (-) TimerEvent: {}
[42.753835] (-) TimerEvent: {}
[42.855086] (-) TimerEvent: {}
[42.956346] (-) TimerEvent: {}
[43.057614] (-) TimerEvent: {}
[43.158883] (-) TimerEvent: {}
[43.260161] (-) TimerEvent: {}
[43.361412] (-) TimerEvent: {}
[43.462656] (-) TimerEvent: {}
[43.563932] (-) TimerEvent: {}
[43.665163] (-) TimerEvent: {}
[43.766444] (-) TimerEvent: {}
[43.867673] (-) TimerEvent: {}
[43.968908] (-) TimerEvent: {}
[44.070197] (-) TimerEvent: {}
[44.171442] (-) TimerEvent: {}
[44.272222] (-) TimerEvent: {}
[44.373016] (-) TimerEvent: {}
[44.474243] (-) TimerEvent: {}
[44.575509] (-) TimerEvent: {}
[44.676743] (-) TimerEvent: {}
[44.778001] (-) TimerEvent: {}
[44.879271] (-) TimerEvent: {}
[44.980537] (-) TimerEvent: {}
[45.081812] (-) TimerEvent: {}
[45.183077] (-) TimerEvent: {}
[45.284343] (-) TimerEvent: {}
[45.385607] (-) TimerEvent: {}
[45.486844] (-) TimerEvent: {}
[45.588089] (-) TimerEvent: {}
[45.689478] (-) TimerEvent: {}
[45.790749] (-) TimerEvent: {}
[45.815518] (mocap4r2_marker_publisher) StdoutLine: {'line': b'[100%] \x1b[32m\x1b[1mLinking CXX executable mocap4r2_marker_publisher\x1b[0m\n'}
[45.891002] (-) TimerEvent: {}
[45.992412] (-) TimerEvent: {}
[46.093673] (-) TimerEvent: {}
[46.193576] (mocap4r2_marker_publisher) StdoutLine: {'line': b'[100%] Built target mocap4r2_marker_publisher\n'}
[46.194113] (-) TimerEvent: {}
[46.227965] (mocap4r2_marker_publisher) CommandEnded: {'returncode': 0}
[46.230504] (mocap4r2_marker_publisher) JobProgress: {'identifier': 'mocap4r2_marker_publisher', 'progress': 'install'}
[46.230627] (mocap4r2_marker_publisher) Command: {'cmd': ['/usr/bin/cmake', '--install', '/home/airlab/seed25/ros_packages/mocap4r2_ws/build/mocap4r2_marker_publisher'], 'cwd': '/home/airlab/seed25/ros_packages/mocap4r2_ws/build/mocap4r2_marker_publisher', 'env': OrderedDict([('LESSOPEN', '| /usr/bin/lesspipe %s'), ('USER', 'airlab'), ('SSH_CLIENT', '192.168.0.184 49493 22'), ('XDG_SESSION_TYPE', 'tty'), ('SHLVL', '1'), ('LD_LIBRARY_PATH', '/home/airlab/seed25/ros_packages/mocap4r2_ws/install/mocap4r2_msgs/lib:/home/airlab/seed25/ros_packages/mocap4r2_ws/install/mocap4r2_robot_gt_msgs/lib:/home/airlab/seed25/ros_packages/mocap4r2_ws/install/mocap4r2_marker_viz_srvs/lib:/home/airlab/seed25/ros_packages/mocap4r2_ws/install/mocap4r2_control_msgs/lib:/usr/local/cuda-11.4/lib64:/usr/local/cuda-11.4/lib64:/opt/ros/foxy/opt/yaml_cpp_vendor/lib:/opt/ros/foxy/opt/rviz_ogre_vendor/lib:/opt/ros/foxy/lib/aarch64-linux-gnu:/opt/ros/foxy/lib:/usr/local/cuda-11.4/lib64'), ('MOTD_SHOWN', 'pam'), ('HOME', '/home/airlab'), ('OLDPWD', '/home/airlab/seed25/ros_packages/mocap4r2_ws/src'), ('SSH_TTY', '/dev/pts/1'), ('JETSON_L4T', '35.6.1'), ('ROS_PYTHON_VERSION', '3'), ('JETSON_MODEL', 'NVIDIA Orin NX Developer Kit'), ('DBUS_SESSION_BUS_ADDRESS', 'unix:path=/run/user/1000/bus'), ('COLCON_PREFIX_PATH', '/home/airlab/seed25/ros_packages/mocap4r2_ws/install'), ('ROS_DISTRO', 'foxy'), ('LOGNAME', 'airlab'), ('JETSON_MODULE', 'NVIDIA Jetson Orin NX (16GB ram)'), ('JETSON_SERIAL_NUMBER', '1425023203559'), ('_', '/usr/bin/colcon'), ('ROS_VERSION', '2'), ('JETSON_CODENAME', 'P3768'), ('XDG_SESSION_CLASS', 'user'), ('TERM', 'xterm'), ('XDG_SESSION_ID', '8'), ('ROS_LOCALHOST_ONLY', '0'), ('PATH', '/usr/local/cuda-11.4/bin:/usr/local/cuda-11.4/bin:/home/airlab/.local/bin:/opt/ros/foxy/bin:/usr/local/cuda-11.4/bin:/usr/local/sbin:/usr/local/bin:/usr/sbin:/usr/bin:/sbin:/bin:/usr/games:/usr/local/games:/snap/bin'), ('XDG_RUNTIME_DIR', '/run/user/1000'), ('DISPLAY', 'localhost:11.0'), ('LANG', 'en_US.UTF-8'), ('LS_COLORS', 'rs=0:di=01;34:ln=01;36:mh=00:pi=40;33:so=01;35:do=01;35:bd=40;33;01:cd=40;33;01:or=40;31;01:mi=00:su=37;41:sg=30;43:ca=30;41:tw=30;42:ow=34;42:st=37;44:ex=01;32:*.tar=01;31:*.tgz=01;31:*.arc=01;31:*.arj=01;31:*.taz=01;31:*.lha=01;31:*.lz4=01;31:*.lzh=01;31:*.lzma=01;31:*.tlz=01;31:*.txz=01;31:*.tzo=01;31:*.t7z=01;31:*.zip=01;31:*.z=01;31:*.dz=01;31:*.gz=01;31:*.lrz=01;31:*.lz=01;31:*.lzo=01;31:*.xz=01;31:*.zst=01;31:*.tzst=01;31:*.bz2=01;31:*.bz=01;31:*.tbz=01;31:*.tbz2=01;31:*.tz=01;31:*.deb=01;31:*.rpm=01;31:*.jar=01;31:*.war=01;31:*.ear=01;31:*.sar=01;31:*.rar=01;31:*.alz=01;31:*.ace=01;31:*.zoo=01;31:*.cpio=01;31:*.7z=01;31:*.rz=01;31:*.cab=01;31:*.wim=01;31:*.swm=01;31:*.dwm=01;31:*.esd=01;31:*.jpg=01;35:*.jpeg=01;35:*.mjpg=01;35:*.mjpeg=01;35:*.gif=01;35:*.bmp=01;35:*.pbm=01;35:*.pgm=01;35:*.ppm=01;35:*.tga=01;35:*.xbm=01;35:*.xpm=01;35:*.tif=01;35:*.tiff=01;35:*.png=01;35:*.svg=01;35:*.svgz=01;35:*.mng=01;35:*.pcx=01;35:*.mov=01;35:*.mpg=01;35:*.mpeg=01;35:*.m2v=01;35:*.mkv=01;35:*.webm=01;35:*.ogm=01;35:*.mp4=01;35:*.m4v=01;35:*.mp4v=01;35:*.vob=01;35:*.qt=01;35:*.nuv=01;35:*.wmv=01;35:*.asf=01;35:*.rm=01;35:*.rmvb=01;35:*.flc=01;35:*.avi=01;35:*.fli=01;35:*.flv=01;35:*.gl=01;35:*.dl=01;35:*.xcf=01;35:*.xwd=01;35:*.yuv=01;35:*.cgm=01;35:*.emf=01;35:*.ogv=01;35:*.ogx=01;35:*.aac=00;36:*.au=00;36:*.flac=00;36:*.m4a=00;36:*.mid=00;36:*.midi=00;36:*.mka=00;36:*.mp3=00;36:*.mpc=00;36:*.ogg=00;36:*.ra=00;36:*.wav=00;36:*.oga=00;36:*.opus=00;36:*.spx=00;36:*.xspf=00;36:'), ('JETSON_SOC', 'tegra23x'), ('ROS_DOMAIN_ID', '3'), ('AMENT_PREFIX_PATH', '/home/airlab/seed25/ros_packages/mocap4r2_ws/install/mocap4r2cli:/home/airlab/seed25/ros_packages/mocap4r2_ws/install/mocap4r2_robot_gt_msgs:/home/airlab/seed25/ros_packages/mocap4r2_ws/install/mocap4r2_marker_viz:/home/airlab/seed25/ros_packages/mocap4r2_ws/install/mocap4r2_marker_publisher:/home/airlab/seed25/ros_packages/mocap4r2_ws/install/mocap4r2_msgs:/home/airlab/seed25/ros_packages/mocap4r2_ws/install/mocap4r2_marker_viz_srvs:/home/airlab/seed25/ros_packages/mocap4r2_ws/install/mocap4r2_control_msgs:/opt/ros/foxy'), ('SHELL', '/bin/bash'), ('LESSCLOSE', '/usr/bin/lesspipe %s %s'), ('JETSON_CUDA_ARCH_BIN', '8.7'), ('PWD', '/home/airlab/seed25/ros_packages/mocap4r2_ws/build/mocap4r2_marker_publisher'), ('LC_ALL', 'en_US.UTF-8'), ('SSH_CONNECTION', '192.168.0.184 49493 192.168.0.136 22'), ('XDG_DATA_DIRS', '/usr/local/share:/usr/share:/var/lib/snapd/desktop'), ('PYTHONPATH', '/home/airlab/seed25/ros_packages/mocap4r2_ws/install/mocap4r2_msgs/lib/python3.8/site-packages:/home/airlab/seed25/ros_packages/mocap4r2_ws/install/mocap4r2cli/lib/python3.8/site-packages:/home/airlab/seed25/ros_packages/mocap4r2_ws/install/mocap4r2_robot_gt_msgs/lib/python3.8/site-packages:/home/airlab/seed25/ros_packages/mocap4r2_ws/install/mocap4r2_marker_viz_srvs/lib/python3.8/site-packages:/home/airlab/seed25/ros_packages/mocap4r2_ws/install/mocap4r2_control_msgs/lib/python3.8/site-packages:/opt/ros/foxy/lib/python3.8/site-packages'), ('COLCON', '1'), ('JETSON_JETPACK', '5.1.5'), ('CMAKE_PREFIX_PATH', '/home/airlab/seed25/ros_packages/mocap4r2_ws/install/mocap4r2_msgs:/home/airlab/seed25/ros_packages/mocap4r2_ws/install/mocap4r2_robot_gt_msgs:/home/airlab/seed25/ros_packages/mocap4r2_ws/install/mocap4r2_marker_viz:/home/airlab/seed25/ros_packages/mocap4r2_ws/install/mocap4r2_marker_publisher:/home/airlab/seed25/ros_packages/mocap4r2_ws/install/mocap4r2_marker_viz_srvs:/home/airlab/seed25/ros_packages/mocap4r2_ws/install/mocap4r2_control_msgs:/home/airlab/seed25/ros_packages/mocap4r2_ws/install/mocap4r2cli:/opt/ros/foxy'), ('JETSON_P_NUMBER', 'p3767-0000')]), 'shell': False}
[46.258094] (mocap4r2_marker_publisher) StdoutLine: {'line': b'-- Install configuration: ""\n'}
[46.258787] (mocap4r2_marker_publisher) StdoutLine: {'line': b'-- Installing: /home/airlab/seed25/ros_packages/mocap4r2_ws/install/mocap4r2_marker_publisher/lib/mocap4r2_marker_publisher/mocap4r2_marker_publisher\n'}
[46.261069] (mocap4r2_marker_publisher) StdoutLine: {'line': b'-- Set runtime path of "/home/airlab/seed25/ros_packages/mocap4r2_ws/install/mocap4r2_marker_publisher/lib/mocap4r2_marker_publisher/mocap4r2_marker_publisher" to ""\n'}
[46.261678] (mocap4r2_marker_publisher) StdoutLine: {'line': b'-- Installing: /home/airlab/seed25/ros_packages/mocap4r2_ws/install/mocap4r2_marker_publisher/share/ament_index/resource_index/package_run_dependencies/mocap4r2_marker_publisher\n'}
[46.262202] (mocap4r2_marker_publisher) StdoutLine: {'line': b'-- Installing: /home/airlab/seed25/ros_packages/mocap4r2_ws/install/mocap4r2_marker_publisher/share/ament_index/resource_index/parent_prefix_path/mocap4r2_marker_publisher\n'}
[46.262707] (mocap4r2_marker_publisher) StdoutLine: {'line': b'-- Installing: /home/airlab/seed25/ros_packages/mocap4r2_ws/install/mocap4r2_marker_publisher/share/mocap4r2_marker_publisher/environment/ament_prefix_path.sh\n'}
[46.263030] (mocap4r2_marker_publisher) StdoutLine: {'line': b'-- Installing: /home/airlab/seed25/ros_packages/mocap4r2_ws/install/mocap4r2_marker_publisher/share/mocap4r2_marker_publisher/environment/ament_prefix_path.dsv\n'}
[46.263439] (mocap4r2_marker_publisher) StdoutLine: {'line': b'-- Installing: /home/airlab/seed25/ros_packages/mocap4r2_ws/install/mocap4r2_marker_publisher/share/mocap4r2_marker_publisher/environment/path.sh\n'}
[46.263802] (mocap4r2_marker_publisher) StdoutLine: {'line': b'-- Installing: /home/airlab/seed25/ros_packages/mocap4r2_ws/install/mocap4r2_marker_publisher/share/mocap4r2_marker_publisher/environment/path.dsv\n'}
[46.264109] (mocap4r2_marker_publisher) StdoutLine: {'line': b'-- Installing: /home/airlab/seed25/ros_packages/mocap4r2_ws/install/mocap4r2_marker_publisher/share/mocap4r2_marker_publisher/local_setup.bash\n'}
[46.264435] (mocap4r2_marker_publisher) StdoutLine: {'line': b'-- Installing: /home/airlab/seed25/ros_packages/mocap4r2_ws/install/mocap4r2_marker_publisher/share/mocap4r2_marker_publisher/local_setup.sh\n'}
[46.264761] (mocap4r2_marker_publisher) StdoutLine: {'line': b'-- Installing: /home/airlab/seed25/ros_packages/mocap4r2_ws/install/mocap4r2_marker_publisher/share/mocap4r2_marker_publisher/local_setup.zsh\n'}
[46.265138] (mocap4r2_marker_publisher) StdoutLine: {'line': b'-- Installing: /home/airlab/seed25/ros_packages/mocap4r2_ws/install/mocap4r2_marker_publisher/share/mocap4r2_marker_publisher/local_setup.dsv\n'}
[46.265451] (mocap4r2_marker_publisher) StdoutLine: {'line': b'-- Installing: /home/airlab/seed25/ros_packages/mocap4r2_ws/install/mocap4r2_marker_publisher/share/mocap4r2_marker_publisher/package.dsv\n'}
[46.265906] (mocap4r2_marker_publisher) StdoutLine: {'line': b'-- Installing: /home/airlab/seed25/ros_packages/mocap4r2_ws/install/mocap4r2_marker_publisher/share/ament_index/resource_index/packages/mocap4r2_marker_publisher\n'}
[46.266316] (mocap4r2_marker_publisher) StdoutLine: {'line': b'-- Installing: /home/airlab/seed25/ros_packages/mocap4r2_ws/install/mocap4r2_marker_publisher/share/mocap4r2_marker_publisher/cmake/mocap4r2_marker_publisherConfig.cmake\n'}
[46.266626] (mocap4r2_marker_publisher) StdoutLine: {'line': b'-- Installing: /home/airlab/seed25/ros_packages/mocap4r2_ws/install/mocap4r2_marker_publisher/share/mocap4r2_marker_publisher/cmake/mocap4r2_marker_publisherConfig-version.cmake\n'}
[46.266888] (mocap4r2_marker_publisher) StdoutLine: {'line': b'-- Installing: /home/airlab/seed25/ros_packages/mocap4r2_ws/install/mocap4r2_marker_publisher/share/mocap4r2_marker_publisher/package.xml\n'}
[46.281985] (mocap4r2_marker_publisher) CommandEnded: {'returncode': 0}
[46.294301] (-) TimerEvent: {}
[46.307234] (mocap4r2_marker_publisher) JobEnded: {'identifier': 'mocap4r2_marker_publisher', 'rc': 0}
[46.394501] (-) TimerEvent: {}
[46.495614] (-) TimerEvent: {}
[46.596820] (-) TimerEvent: {}
[46.698041] (-) TimerEvent: {}
[46.799208] (-) TimerEvent: {}
[46.900392] (-) TimerEvent: {}
[46.904414] (mocap4r2_robot_gt) StdoutLine: {'line': b'[ 25%] \x1b[32m\x1b[1mLinking CXX shared library libset_gt_component.so\x1b[0m\n'}
[47.000580] (-) TimerEvent: {}
[47.101914] (-) TimerEvent: {}
[47.203108] (-) TimerEvent: {}
[47.228779] (mocap4r2_robot_gt) StdoutLine: {'line': b'[ 25%] Built target set_gt_component\n'}
[47.254160] (mocap4r2_robot_gt) StdoutLine: {'line': b'\x1b[35m\x1b[1mScanning dependencies of target gt_component\x1b[0m\n'}
[47.303273] (-) TimerEvent: {}
[47.345214] (mocap4r2_robot_gt) StdoutLine: {'line': b'[ 37%] \x1b[32mBuilding CXX object CMakeFiles/gt_component.dir/src/mocap4r2_robot_gt/gt_component.cpp.o\x1b[0m\n'}
[47.403468] (-) TimerEvent: {}
[47.504720] (-) TimerEvent: {}
[47.512222] (mocap4r2_control) StdoutLine: {'line': b'[ 57%] \x1b[32m\x1b[1mLinking CXX shared library libmocap4r2_control.so\x1b[0m\n'}
[47.598193] (mocap4r2_robot_gt) StderrLine: {'line': b'\x1b[01m\x1b[K/home/airlab/seed25/ros_packages/mocap4r2_ws/src/mocap4r2/mocap4r2_robot_gt/mocap4r2_robot_gt/src/mocap4r2_robot_gt/gt_component.cpp:20:10:\x1b[m\x1b[K \x1b[01;31m\x1b[Kfatal error: \x1b[m\x1b[Ktf2_geometry_msgs/tf2_geometry_msgs.hpp: No such file or directory\n'}
[47.598737] (mocap4r2_robot_gt) StderrLine: {'line': b'   20 | #include \x1b[01;31m\x1b[K<tf2_geometry_msgs/tf2_geometry_msgs.hpp>\x1b[m\x1b[K\n'}
[47.598923] (mocap4r2_robot_gt) StderrLine: {'line': b'      |          \x1b[01;31m\x1b[K^~~~~~~~~~~~~~~~~~~~~~~~~~~~~~~~~~~~~~~~~\x1b[m\x1b[K\n'}
[47.599074] (mocap4r2_robot_gt) StderrLine: {'line': b'compilation terminated.\n'}
[47.602795] (mocap4r2_robot_gt) StderrLine: {'line': b'make[2]: *** [CMakeFiles/gt_component.dir/build.make:63: CMakeFiles/gt_component.dir/src/mocap4r2_robot_gt/gt_component.cpp.o] Error 1\n'}
[47.603730] (mocap4r2_robot_gt) StderrLine: {'line': b'make[1]: *** [CMakeFiles/Makefile2:165: CMakeFiles/gt_component.dir/all] Error 2\n'}
[47.604180] (mocap4r2_robot_gt) StderrLine: {'line': b'make: *** [Makefile:141: all] Error 2\n'}
[47.604767] (-) TimerEvent: {}
[47.609073] (mocap4r2_robot_gt) CommandEnded: {'returncode': 2}
[47.620362] (mocap4r2_robot_gt) JobEnded: {'identifier': 'mocap4r2_robot_gt', 'rc': 2}
[47.705000] (-) TimerEvent: {}
[47.805724] (-) TimerEvent: {}
[47.906431] (-) TimerEvent: {}
[48.007051] (-) TimerEvent: {}
[48.107658] (-) TimerEvent: {}
[48.208331] (-) TimerEvent: {}
[48.222707] (mocap4r2_control) StdoutLine: {'line': b'[ 57%] Built target mocap4r2_control\n'}
[48.245513] (mocap4r2_control) StdoutLine: {'line': b'\x1b[35m\x1b[1mScanning dependencies of target auxiliar_main\x1b[0m\n'}
[48.308524] (-) TimerEvent: {}
[48.322159] (mocap4r2_control) StdoutLine: {'line': b'[ 64%] \x1b[32mBuilding CXX object CMakeFiles/auxiliar_main.dir/src/auxiliar_main.cpp.o\x1b[0m\n'}
[48.408705] (-) TimerEvent: {}
[48.509487] (-) TimerEvent: {}
[48.610151] (-) TimerEvent: {}
[48.710752] (-) TimerEvent: {}
[48.811355] (-) TimerEvent: {}
[48.912069] (-) TimerEvent: {}
[49.012727] (-) TimerEvent: {}
[49.113784] (-) TimerEvent: {}
[49.214584] (-) TimerEvent: {}
[49.315660] (-) TimerEvent: {}
[49.416750] (-) TimerEvent: {}
[49.517480] (-) TimerEvent: {}
[49.618148] (-) TimerEvent: {}
[49.718757] (-) TimerEvent: {}
[49.819441] (-) TimerEvent: {}
[49.920104] (-) TimerEvent: {}
[50.020691] (-) TimerEvent: {}
[50.121389] (-) TimerEvent: {}
[50.222048] (-) TimerEvent: {}
[50.322658] (-) TimerEvent: {}
[50.423345] (-) TimerEvent: {}
[50.524388] (-) TimerEvent: {}
[50.625113] (-) TimerEvent: {}
[50.725815] (-) TimerEvent: {}
[50.826517] (-) TimerEvent: {}
[50.927571] (-) TimerEvent: {}
[51.028268] (-) TimerEvent: {}
[51.129311] (-) TimerEvent: {}
[51.230324] (-) TimerEvent: {}
[51.331002] (-) TimerEvent: {}
[51.431569] (-) TimerEvent: {}
[51.532168] (-) TimerEvent: {}
[51.632863] (-) TimerEvent: {}
[51.733506] (-) TimerEvent: {}
[51.834163] (-) TimerEvent: {}
[51.934721] (-) TimerEvent: {}
[52.035294] (-) TimerEvent: {}
[52.135954] (-) TimerEvent: {}
[52.236551] (-) TimerEvent: {}
[52.337214] (-) TimerEvent: {}
[52.437800] (-) TimerEvent: {}
[52.538503] (-) TimerEvent: {}
[52.620445] (mocap4r2_control) StdoutLine: {'line': b'[ 71%] \x1b[32m\x1b[1mLinking CXX executable auxiliar_main\x1b[0m\n'}
[52.638668] (-) TimerEvent: {}
[52.739378] (-) TimerEvent: {}
[52.840105] (-) TimerEvent: {}
[52.940758] (-) TimerEvent: {}
[52.973961] (mocap4r2_control) StdoutLine: {'line': b'[ 71%] Built target auxiliar_main\n'}
[52.997118] (mocap4r2_control) StdoutLine: {'line': b'\x1b[35m\x1b[1mScanning dependencies of target test_auxiliar\x1b[0m\n'}
[52.997617] (mocap4r2_control) StdoutLine: {'line': b'\x1b[35m\x1b[1mScanning dependencies of target test_control\x1b[0m\n'}
[53.040903] (-) TimerEvent: {}
[53.087746] (mocap4r2_control) StdoutLine: {'line': b'[ 85%] \x1b[32mBuilding CXX object test/CMakeFiles/test_auxiliar.dir/test_auxiliar.cpp.o\x1b[0m\n'}
[53.088457] (mocap4r2_control) StdoutLine: {'line': b'[ 85%] \x1b[32mBuilding CXX object test/CMakeFiles/test_control.dir/test_control.cpp.o\x1b[0m\n'}
[53.141114] (-) TimerEvent: {}
[53.242305] (-) TimerEvent: {}
[53.343505] (-) TimerEvent: {}
[53.445172] (-) TimerEvent: {}
[53.546402] (-) TimerEvent: {}
[53.647555] (-) TimerEvent: {}
[53.748748] (-) TimerEvent: {}
[53.849978] (-) TimerEvent: {}
[53.951189] (-) TimerEvent: {}
[54.052437] (-) TimerEvent: {}
[54.153748] (-) TimerEvent: {}
[54.254973] (-) TimerEvent: {}
[54.356184] (-) TimerEvent: {}
[54.457446] (-) TimerEvent: {}
[54.558674] (-) TimerEvent: {}
[54.660698] (-) TimerEvent: {}
[54.761927] (-) TimerEvent: {}
[54.863079] (-) TimerEvent: {}
[54.964356] (-) TimerEvent: {}
[55.065610] (-) TimerEvent: {}
[55.166812] (-) TimerEvent: {}
[55.268029] (-) TimerEvent: {}
[55.369255] (-) TimerEvent: {}
[55.470483] (-) TimerEvent: {}
[55.571672] (-) TimerEvent: {}
[55.672917] (-) TimerEvent: {}
[55.753164] (mocap4r2_marker_viz) StdoutLine: {'line': b'[ 50%] \x1b[32m\x1b[1mLinking CXX static library libmocap4r2_marker_viz_NODE.a\x1b[0m\n'}
[55.773133] (-) TimerEvent: {}
[55.874379] (-) TimerEvent: {}
[55.961486] (mocap4r2_marker_viz) StdoutLine: {'line': b'[ 50%] Built target mocap4r2_marker_viz_NODE\n'}
[55.974569] (-) TimerEvent: {}
[55.985514] (mocap4r2_marker_viz) StdoutLine: {'line': b'\x1b[35m\x1b[1mScanning dependencies of target mocap4r2_marker_viz\x1b[0m\n'}
[56.074763] (-) TimerEvent: {}
[56.079865] (mocap4r2_marker_viz) StdoutLine: {'line': b'[ 75%] \x1b[32mBuilding CXX object CMakeFiles/mocap4r2_marker_viz.dir/src/mocap4r2_marker_viz_main.cpp.o\x1b[0m\n'}
[56.174934] (-) TimerEvent: {}
[56.275654] (-) TimerEvent: {}
[56.376884] (-) TimerEvent: {}
[56.478154] (-) TimerEvent: {}
[56.579379] (-) TimerEvent: {}
[56.680626] (-) TimerEvent: {}
[56.781956] (-) TimerEvent: {}
[56.883150] (-) TimerEvent: {}
[56.984370] (-) TimerEvent: {}
[57.085673] (-) TimerEvent: {}
[57.186895] (-) TimerEvent: {}
[57.288093] (-) TimerEvent: {}
[57.389332] (-) TimerEvent: {}
[57.494030] (-) TimerEvent: {}
[57.595267] (-) TimerEvent: {}
[57.696509] (-) TimerEvent: {}
[57.797734] (-) TimerEvent: {}
[57.898963] (-) TimerEvent: {}
[58.000156] (-) TimerEvent: {}
[58.101414] (-) TimerEvent: {}
[58.202642] (-) TimerEvent: {}
[58.303817] (-) TimerEvent: {}
[58.405060] (-) TimerEvent: {}
[58.506250] (-) TimerEvent: {}
[58.607444] (-) TimerEvent: {}
[58.708648] (-) TimerEvent: {}
[58.809860] (-) TimerEvent: {}
[58.911042] (-) TimerEvent: {}
[59.012245] (-) TimerEvent: {}
[59.113486] (-) TimerEvent: {}
[59.214691] (-) TimerEvent: {}
[59.315929] (-) TimerEvent: {}
[59.417133] (-) TimerEvent: {}
[59.518314] (-) TimerEvent: {}
[59.619543] (-) TimerEvent: {}
[59.721840] (-) TimerEvent: {}
[59.823052] (-) TimerEvent: {}
[59.924280] (-) TimerEvent: {}
[60.025504] (-) TimerEvent: {}
[60.126701] (-) TimerEvent: {}
[60.227901] (-) TimerEvent: {}
[60.329097] (-) TimerEvent: {}
[60.430289] (-) TimerEvent: {}
[60.531494] (-) TimerEvent: {}
[60.632763] (-) TimerEvent: {}
[60.733998] (-) TimerEvent: {}
[60.835177] (-) TimerEvent: {}
[60.936351] (-) TimerEvent: {}
[61.020132] (mocap4r2_marker_viz) StdoutLine: {'line': b'[100%] \x1b[32m\x1b[1mLinking CXX executable mocap4r2_marker_viz\x1b[0m\n'}
[61.036562] (-) TimerEvent: {}
[61.137839] (-) TimerEvent: {}
[61.239175] (-) TimerEvent: {}
[61.340452] (-) TimerEvent: {}
[61.441689] (-) TimerEvent: {}
[61.542856] (-) TimerEvent: {}
[61.644021] (-) TimerEvent: {}
[61.731088] (mocap4r2_marker_viz) StdoutLine: {'line': b'[100%] Built target mocap4r2_marker_viz\n'}
[61.744196] (-) TimerEvent: {}
[61.757999] (mocap4r2_marker_viz) JobEnded: {'identifier': 'mocap4r2_marker_viz', 'rc': 'SIGINT'}
[61.844360] (-) TimerEvent: {}
[61.945064] (-) TimerEvent: {}
[62.045742] (-) TimerEvent: {}
[62.146374] (-) TimerEvent: {}
[62.246925] (-) TimerEvent: {}
[62.347490] (-) TimerEvent: {}
[62.448133] (-) TimerEvent: {}
[62.548707] (-) TimerEvent: {}
[62.649436] (-) TimerEvent: {}
[62.750131] (-) TimerEvent: {}
[62.850845] (-) TimerEvent: {}
[62.951528] (-) TimerEvent: {}
[63.052129] (-) TimerEvent: {}
[63.152812] (-) TimerEvent: {}
[63.253405] (-) TimerEvent: {}
[63.354055] (-) TimerEvent: {}
[63.454662] (-) TimerEvent: {}
[63.555752] (-) TimerEvent: {}
[63.656451] (-) TimerEvent: {}
[63.757537] (-) TimerEvent: {}
[63.858243] (-) TimerEvent: {}
[63.959271] (-) TimerEvent: {}
[64.060276] (-) TimerEvent: {}
[64.161274] (-) TimerEvent: {}
[64.262271] (-) TimerEvent: {}
[64.363273] (-) TimerEvent: {}
[64.464237] (-) TimerEvent: {}
[64.564869] (-) TimerEvent: {}
[64.665443] (-) TimerEvent: {}
[64.766024] (-) TimerEvent: {}
[64.866700] (-) TimerEvent: {}
[64.967696] (-) TimerEvent: {}
[65.068365] (-) TimerEvent: {}
[65.169393] (-) TimerEvent: {}
[65.270071] (-) TimerEvent: {}
[65.371059] (-) TimerEvent: {}
[65.472052] (-) TimerEvent: {}
[65.573051] (-) TimerEvent: {}
[65.673692] (-) TimerEvent: {}
[65.774269] (-) TimerEvent: {}
[65.875156] (-) TimerEvent: {}
[65.975866] (-) TimerEvent: {}
[66.076566] (-) TimerEvent: {}
[66.177523] (-) TimerEvent: {}
[66.233948] (mocap4r2_control) StdoutLine: {'line': b'[ 92%] \x1b[32m\x1b[1mLinking CXX executable test_auxiliar\x1b[0m\n'}
[66.277705] (-) TimerEvent: {}
[66.378425] (-) TimerEvent: {}
[66.479185] (-) TimerEvent: {}
[66.579898] (-) TimerEvent: {}
[66.680620] (-) TimerEvent: {}
[66.781348] (-) TimerEvent: {}
[66.882047] (-) TimerEvent: {}
[66.982800] (-) TimerEvent: {}
[67.053378] (mocap4r2_control) StdoutLine: {'line': b'[ 92%] Built target test_auxiliar\n'}
[67.082940] (-) TimerEvent: {}
[67.183606] (-) TimerEvent: {}
[67.284499] (-) TimerEvent: {}
[67.385441] (-) TimerEvent: {}
[67.486338] (-) TimerEvent: {}
[67.587266] (-) TimerEvent: {}
[67.688019] (-) TimerEvent: {}
[67.788769] (-) TimerEvent: {}
[67.815382] (mocap4r2_control) StdoutLine: {'line': b'[100%] \x1b[32m\x1b[1mLinking CXX executable test_control\x1b[0m\n'}
[67.888989] (-) TimerEvent: {}
[67.989790] (-) TimerEvent: {}
[68.090556] (-) TimerEvent: {}
[68.191331] (-) TimerEvent: {}
[68.292263] (-) TimerEvent: {}
[68.393027] (-) TimerEvent: {}
[68.493978] (-) TimerEvent: {}
[68.594673] (-) TimerEvent: {}
[68.607265] (mocap4r2_control) StdoutLine: {'line': b'[100%] Built target test_control\n'}
[68.634174] (mocap4r2_control) JobEnded: {'identifier': 'mocap4r2_control', 'rc': 'SIGINT'}
[68.645852] (mocap4r2_dummy_driver) JobSkipped: {'identifier': 'mocap4r2_dummy_driver'}
[68.646050] (mocap4r2_optitrack_driver) JobSkipped: {'identifier': 'mocap4r2_optitrack_driver'}
[68.646160] (rqt_mocap4r2_control) JobSkipped: {'identifier': 'rqt_mocap4r2_control'}
[68.646253] (-) EventReactorShutdown: {}
