[0.453s] DEBUG:colcon:Command line arguments: ['/usr/bin/colcon', 'build']
[0.454s] DEBUG:colcon:Parsed command line arguments: Namespace(allow_overriding=[], ament_cmake_args=None, base_paths=['.'], build_base='build', catkin_cmake_args=None, catkin_skip_building_tests=False, cmake_args=None, cmake_clean_cache=False, cmake_clean_first=False, cmake_force_configure=False, cmake_target=None, cmake_target_skip_unavailable=False, continue_on_error=False, event_handlers=None, executor='parallel', ignore_user_meta=False, install_base='install', log_base=None, log_level=None, main=<bound method BuildVerb.main of <colcon_core.verb.build.BuildVerb object at 0xffffa96d9c40>>, merge_install=False, metas=['./colcon.meta'], mixin=None, mixin_files=None, mixin_verb=('build',), packages_above=None, packages_above_and_dependencies=None, packages_above_depth=None, packages_end=None, packages_ignore=None, packages_ignore_regex=None, packages_select=None, packages_select_build_failed=False, packages_select_by_dep=None, packages_select_regex=None, packages_select_test_failures=False, packages_skip=None, packages_skip_build_finished=False, packages_skip_by_dep=None, packages_skip_regex=None, packages_skip_test_passed=False, packages_skip_up_to=None, packages_start=None, packages_up_to=None, packages_up_to_regex=None, parallel_workers=4, paths=None, symlink_install=False, test_result_base=None, verb_extension=<colcon_core.verb.build.BuildVerb object at 0xffffa96d9c40>, verb_name='build', verb_parser=<colcon_mixin.mixin.mixin_argument.MixinArgumentDecorator object at 0xffffa96ec190>)
[0.800s] Level 1:colcon.colcon_core.package_discovery:discover_packages(colcon_meta) check parameters
[0.800s] Level 1:colcon.colcon_core.package_discovery:discover_packages(recursive) check parameters
[0.800s] Level 1:colcon.colcon_core.package_discovery:discover_packages(ignore) check parameters
[0.800s] Level 1:colcon.colcon_core.package_discovery:discover_packages(path) check parameters
[0.800s] Level 1:colcon.colcon_core.package_discovery:discover_packages(colcon_meta) discover
[0.800s] Level 1:colcon.colcon_core.package_discovery:discover_packages(recursive) discover
[0.800s] INFO:colcon.colcon_core.package_discovery:Crawling recursively for packages in '/home/airlab/seed25/ros_packages/mocap4r2_ws'
[0.801s] Level 1:colcon.colcon_core.package_identification:_identify(.) by extensions ['ignore', 'ignore_ament_install']
[0.801s] Level 1:colcon.colcon_core.package_identification:_identify(.) by extension 'ignore'
[0.801s] Level 1:colcon.colcon_core.package_identification:_identify(.) by extension 'ignore_ament_install'
[0.802s] Level 1:colcon.colcon_core.package_identification:_identify(.) by extensions ['colcon_pkg']
[0.802s] Level 1:colcon.colcon_core.package_identification:_identify(.) by extension 'colcon_pkg'
[0.802s] Level 1:colcon.colcon_core.package_identification:_identify(.) by extensions ['colcon_meta']
[0.802s] Level 1:colcon.colcon_core.package_identification:_identify(.) by extension 'colcon_meta'
[0.802s] Level 1:colcon.colcon_core.package_identification:_identify(.) by extensions ['ros']
[0.802s] Level 1:colcon.colcon_core.package_identification:_identify(.) by extension 'ros'
[0.825s] Level 1:colcon.colcon_core.package_identification:_identify(.) by extensions ['cmake', 'python']
[0.825s] Level 1:colcon.colcon_core.package_identification:_identify(.) by extension 'cmake'
[0.826s] Level 1:colcon.colcon_core.package_identification:_identify(.) by extension 'python'
[0.826s] Level 1:colcon.colcon_core.package_identification:_identify(.) by extensions ['python_setup_py']
[0.826s] Level 1:colcon.colcon_core.package_identification:_identify(.) by extension 'python_setup_py'
[0.826s] Level 1:colcon.colcon_core.package_identification:_identify(build) by extensions ['ignore', 'ignore_ament_install']
[0.826s] Level 1:colcon.colcon_core.package_identification:_identify(build) by extension 'ignore'
[0.827s] Level 1:colcon.colcon_core.package_identification:_identify(build) ignored
[0.827s] Level 1:colcon.colcon_core.package_identification:_identify(install) by extensions ['ignore', 'ignore_ament_install']
[0.827s] Level 1:colcon.colcon_core.package_identification:_identify(install) by extension 'ignore'
[0.827s] Level 1:colcon.colcon_core.package_identification:_identify(install) ignored
[0.827s] Level 1:colcon.colcon_core.package_identification:_identify(log) by extensions ['ignore', 'ignore_ament_install']
[0.828s] Level 1:colcon.colcon_core.package_identification:_identify(log) by extension 'ignore'
[0.828s] Level 1:colcon.colcon_core.package_identification:_identify(log) ignored
[0.828s] Level 1:colcon.colcon_core.package_identification:_identify(src) by extensions ['ignore', 'ignore_ament_install']
[0.828s] Level 1:colcon.colcon_core.package_identification:_identify(src) by extension 'ignore'
[0.828s] Level 1:colcon.colcon_core.package_identification:_identify(src) by extension 'ignore_ament_install'
[0.828s] Level 1:colcon.colcon_core.package_identification:_identify(src) by extensions ['colcon_pkg']
[0.828s] Level 1:colcon.colcon_core.package_identification:_identify(src) by extension 'colcon_pkg'
[0.828s] Level 1:colcon.colcon_core.package_identification:_identify(src) by extensions ['colcon_meta']
[0.829s] Level 1:colcon.colcon_core.package_identification:_identify(src) by extension 'colcon_meta'
[0.829s] Level 1:colcon.colcon_core.package_identification:_identify(src) by extensions ['ros']
[0.829s] Level 1:colcon.colcon_core.package_identification:_identify(src) by extension 'ros'
[0.829s] Level 1:colcon.colcon_core.package_identification:_identify(src) by extensions ['cmake', 'python']
[0.829s] Level 1:colcon.colcon_core.package_identification:_identify(src) by extension 'cmake'
[0.829s] Level 1:colcon.colcon_core.package_identification:_identify(src) by extension 'python'
[0.829s] Level 1:colcon.colcon_core.package_identification:_identify(src) by extensions ['python_setup_py']
[0.829s] Level 1:colcon.colcon_core.package_identification:_identify(src) by extension 'python_setup_py'
[0.830s] Level 1:colcon.colcon_core.package_identification:_identify(src/mocap4r2) by extensions ['ignore', 'ignore_ament_install']
[0.830s] Level 1:colcon.colcon_core.package_identification:_identify(src/mocap4r2) by extension 'ignore'
[0.830s] Level 1:colcon.colcon_core.package_identification:_identify(src/mocap4r2) by extension 'ignore_ament_install'
[0.830s] Level 1:colcon.colcon_core.package_identification:_identify(src/mocap4r2) by extensions ['colcon_pkg']
[0.830s] Level 1:colcon.colcon_core.package_identification:_identify(src/mocap4r2) by extension 'colcon_pkg'
[0.830s] Level 1:colcon.colcon_core.package_identification:_identify(src/mocap4r2) by extensions ['colcon_meta']
[0.830s] Level 1:colcon.colcon_core.package_identification:_identify(src/mocap4r2) by extension 'colcon_meta'
[0.830s] Level 1:colcon.colcon_core.package_identification:_identify(src/mocap4r2) by extensions ['ros']
[0.830s] Level 1:colcon.colcon_core.package_identification:_identify(src/mocap4r2) by extension 'ros'
[0.831s] Level 1:colcon.colcon_core.package_identification:_identify(src/mocap4r2) by extensions ['cmake', 'python']
[0.831s] Level 1:colcon.colcon_core.package_identification:_identify(src/mocap4r2) by extension 'cmake'
[0.831s] Level 1:colcon.colcon_core.package_identification:_identify(src/mocap4r2) by extension 'python'
[0.831s] Level 1:colcon.colcon_core.package_identification:_identify(src/mocap4r2) by extensions ['python_setup_py']
[0.831s] Level 1:colcon.colcon_core.package_identification:_identify(src/mocap4r2) by extension 'python_setup_py'
[0.831s] Level 1:colcon.colcon_core.package_identification:_identify(src/mocap4r2/mocap4r2_control) by extensions ['ignore', 'ignore_ament_install']
[0.831s] Level 1:colcon.colcon_core.package_identification:_identify(src/mocap4r2/mocap4r2_control) by extension 'ignore'
[0.831s] Level 1:colcon.colcon_core.package_identification:_identify(src/mocap4r2/mocap4r2_control) by extension 'ignore_ament_install'
[0.832s] Level 1:colcon.colcon_core.package_identification:_identify(src/mocap4r2/mocap4r2_control) by extensions ['colcon_pkg']
[0.832s] Level 1:colcon.colcon_core.package_identification:_identify(src/mocap4r2/mocap4r2_control) by extension 'colcon_pkg'
[0.832s] Level 1:colcon.colcon_core.package_identification:_identify(src/mocap4r2/mocap4r2_control) by extensions ['colcon_meta']
[0.832s] Level 1:colcon.colcon_core.package_identification:_identify(src/mocap4r2/mocap4r2_control) by extension 'colcon_meta'
[0.832s] Level 1:colcon.colcon_core.package_identification:_identify(src/mocap4r2/mocap4r2_control) by extensions ['ros']
[0.832s] Level 1:colcon.colcon_core.package_identification:_identify(src/mocap4r2/mocap4r2_control) by extension 'ros'
[0.832s] Level 1:colcon.colcon_core.package_identification:_identify(src/mocap4r2/mocap4r2_control) by extensions ['cmake', 'python']
[0.832s] Level 1:colcon.colcon_core.package_identification:_identify(src/mocap4r2/mocap4r2_control) by extension 'cmake'
[0.832s] Level 1:colcon.colcon_core.package_identification:_identify(src/mocap4r2/mocap4r2_control) by extension 'python'
[0.832s] Level 1:colcon.colcon_core.package_identification:_identify(src/mocap4r2/mocap4r2_control) by extensions ['python_setup_py']
[0.833s] Level 1:colcon.colcon_core.package_identification:_identify(src/mocap4r2/mocap4r2_control) by extension 'python_setup_py'
[0.833s] Level 1:colcon.colcon_core.package_identification:_identify(src/mocap4r2/mocap4r2_control/mocap4r2_control) by extensions ['ignore', 'ignore_ament_install']
[0.833s] Level 1:colcon.colcon_core.package_identification:_identify(src/mocap4r2/mocap4r2_control/mocap4r2_control) by extension 'ignore'
[0.833s] Level 1:colcon.colcon_core.package_identification:_identify(src/mocap4r2/mocap4r2_control/mocap4r2_control) by extension 'ignore_ament_install'
[0.833s] Level 1:colcon.colcon_core.package_identification:_identify(src/mocap4r2/mocap4r2_control/mocap4r2_control) by extensions ['colcon_pkg']
[0.833s] Level 1:colcon.colcon_core.package_identification:_identify(src/mocap4r2/mocap4r2_control/mocap4r2_control) by extension 'colcon_pkg'
[0.833s] Level 1:colcon.colcon_core.package_identification:_identify(src/mocap4r2/mocap4r2_control/mocap4r2_control) by extensions ['colcon_meta']
[0.833s] Level 1:colcon.colcon_core.package_identification:_identify(src/mocap4r2/mocap4r2_control/mocap4r2_control) by extension 'colcon_meta'
[0.834s] Level 1:colcon.colcon_core.package_identification:_identify(src/mocap4r2/mocap4r2_control/mocap4r2_control) by extensions ['ros']
[0.834s] Level 1:colcon.colcon_core.package_identification:_identify(src/mocap4r2/mocap4r2_control/mocap4r2_control) by extension 'ros'
[0.839s] DEBUG:colcon.colcon_core.package_identification:Package 'src/mocap4r2/mocap4r2_control/mocap4r2_control' with type 'ros.ament_cmake' and name 'mocap4r2_control'
[0.839s] Level 1:colcon.colcon_core.package_identification:_identify(src/mocap4r2/mocap4r2_control/mocap4r2_control_msgs) by extensions ['ignore', 'ignore_ament_install']
[0.840s] Level 1:colcon.colcon_core.package_identification:_identify(src/mocap4r2/mocap4r2_control/mocap4r2_control_msgs) by extension 'ignore'
[0.840s] Level 1:colcon.colcon_core.package_identification:_identify(src/mocap4r2/mocap4r2_control/mocap4r2_control_msgs) by extension 'ignore_ament_install'
[0.840s] Level 1:colcon.colcon_core.package_identification:_identify(src/mocap4r2/mocap4r2_control/mocap4r2_control_msgs) by extensions ['colcon_pkg']
[0.840s] Level 1:colcon.colcon_core.package_identification:_identify(src/mocap4r2/mocap4r2_control/mocap4r2_control_msgs) by extension 'colcon_pkg'
[0.840s] Level 1:colcon.colcon_core.package_identification:_identify(src/mocap4r2/mocap4r2_control/mocap4r2_control_msgs) by extensions ['colcon_meta']
[0.840s] Level 1:colcon.colcon_core.package_identification:_identify(src/mocap4r2/mocap4r2_control/mocap4r2_control_msgs) by extension 'colcon_meta'
[0.840s] Level 1:colcon.colcon_core.package_identification:_identify(src/mocap4r2/mocap4r2_control/mocap4r2_control_msgs) by extensions ['ros']
[0.840s] Level 1:colcon.colcon_core.package_identification:_identify(src/mocap4r2/mocap4r2_control/mocap4r2_control_msgs) by extension 'ros'
[0.842s] DEBUG:colcon.colcon_core.package_identification:Package 'src/mocap4r2/mocap4r2_control/mocap4r2_control_msgs' with type 'ros.ament_cmake' and name 'mocap4r2_control_msgs'
[0.843s] Level 1:colcon.colcon_core.package_identification:_identify(src/mocap4r2/mocap4r2_control/rqt_mocap4r2_control) by extensions ['ignore', 'ignore_ament_install']
[0.843s] Level 1:colcon.colcon_core.package_identification:_identify(src/mocap4r2/mocap4r2_control/rqt_mocap4r2_control) by extension 'ignore'
[0.843s] Level 1:colcon.colcon_core.package_identification:_identify(src/mocap4r2/mocap4r2_control/rqt_mocap4r2_control) by extension 'ignore_ament_install'
[0.843s] Level 1:colcon.colcon_core.package_identification:_identify(src/mocap4r2/mocap4r2_control/rqt_mocap4r2_control) by extensions ['colcon_pkg']
[0.843s] Level 1:colcon.colcon_core.package_identification:_identify(src/mocap4r2/mocap4r2_control/rqt_mocap4r2_control) by extension 'colcon_pkg'
[0.843s] Level 1:colcon.colcon_core.package_identification:_identify(src/mocap4r2/mocap4r2_control/rqt_mocap4r2_control) by extensions ['colcon_meta']
[0.843s] Level 1:colcon.colcon_core.package_identification:_identify(src/mocap4r2/mocap4r2_control/rqt_mocap4r2_control) by extension 'colcon_meta'
[0.844s] Level 1:colcon.colcon_core.package_identification:_identify(src/mocap4r2/mocap4r2_control/rqt_mocap4r2_control) by extensions ['ros']
[0.844s] Level 1:colcon.colcon_core.package_identification:_identify(src/mocap4r2/mocap4r2_control/rqt_mocap4r2_control) by extension 'ros'
[0.846s] DEBUG:colcon.colcon_core.package_identification:Package 'src/mocap4r2/mocap4r2_control/rqt_mocap4r2_control' with type 'ros.ament_cmake' and name 'rqt_mocap4r2_control'
[0.846s] Level 1:colcon.colcon_core.package_identification:_identify(src/mocap4r2/mocap4r2_dummy_driver) by extensions ['ignore', 'ignore_ament_install']
[0.846s] Level 1:colcon.colcon_core.package_identification:_identify(src/mocap4r2/mocap4r2_dummy_driver) by extension 'ignore'
[0.846s] Level 1:colcon.colcon_core.package_identification:_identify(src/mocap4r2/mocap4r2_dummy_driver) by extension 'ignore_ament_install'
[0.846s] Level 1:colcon.colcon_core.package_identification:_identify(src/mocap4r2/mocap4r2_dummy_driver) by extensions ['colcon_pkg']
[0.847s] Level 1:colcon.colcon_core.package_identification:_identify(src/mocap4r2/mocap4r2_dummy_driver) by extension 'colcon_pkg'
[0.847s] Level 1:colcon.colcon_core.package_identification:_identify(src/mocap4r2/mocap4r2_dummy_driver) by extensions ['colcon_meta']
[0.847s] Level 1:colcon.colcon_core.package_identification:_identify(src/mocap4r2/mocap4r2_dummy_driver) by extension 'colcon_meta'
[0.847s] Level 1:colcon.colcon_core.package_identification:_identify(src/mocap4r2/mocap4r2_dummy_driver) by extensions ['ros']
[0.847s] Level 1:colcon.colcon_core.package_identification:_identify(src/mocap4r2/mocap4r2_dummy_driver) by extension 'ros'
[0.848s] DEBUG:colcon.colcon_core.package_identification:Package 'src/mocap4r2/mocap4r2_dummy_driver' with type 'ros.ament_cmake' and name 'mocap4r2_dummy_driver'
[0.849s] Level 1:colcon.colcon_core.package_identification:_identify(src/mocap4r2/mocap4r2_marker_viz) by extensions ['ignore', 'ignore_ament_install']
[0.849s] Level 1:colcon.colcon_core.package_identification:_identify(src/mocap4r2/mocap4r2_marker_viz) by extension 'ignore'
[0.849s] Level 1:colcon.colcon_core.package_identification:_identify(src/mocap4r2/mocap4r2_marker_viz) by extension 'ignore_ament_install'
[0.849s] Level 1:colcon.colcon_core.package_identification:_identify(src/mocap4r2/mocap4r2_marker_viz) by extensions ['colcon_pkg']
[0.849s] Level 1:colcon.colcon_core.package_identification:_identify(src/mocap4r2/mocap4r2_marker_viz) by extension 'colcon_pkg'
[0.849s] Level 1:colcon.colcon_core.package_identification:_identify(src/mocap4r2/mocap4r2_marker_viz) by extensions ['colcon_meta']
[0.849s] Level 1:colcon.colcon_core.package_identification:_identify(src/mocap4r2/mocap4r2_marker_viz) by extension 'colcon_meta'
[0.850s] Level 1:colcon.colcon_core.package_identification:_identify(src/mocap4r2/mocap4r2_marker_viz) by extensions ['ros']
[0.850s] Level 1:colcon.colcon_core.package_identification:_identify(src/mocap4r2/mocap4r2_marker_viz) by extension 'ros'
[0.850s] Level 1:colcon.colcon_core.package_identification:_identify(src/mocap4r2/mocap4r2_marker_viz) by extensions ['cmake', 'python']
[0.850s] Level 1:colcon.colcon_core.package_identification:_identify(src/mocap4r2/mocap4r2_marker_viz) by extension 'cmake'
[0.850s] Level 1:colcon.colcon_core.package_identification:_identify(src/mocap4r2/mocap4r2_marker_viz) by extension 'python'
[0.850s] Level 1:colcon.colcon_core.package_identification:_identify(src/mocap4r2/mocap4r2_marker_viz) by extensions ['python_setup_py']
[0.850s] Level 1:colcon.colcon_core.package_identification:_identify(src/mocap4r2/mocap4r2_marker_viz) by extension 'python_setup_py'
[0.850s] Level 1:colcon.colcon_core.package_identification:_identify(src/mocap4r2/mocap4r2_marker_viz/mocap4r2_marker_publisher) by extensions ['ignore', 'ignore_ament_install']
[0.851s] Level 1:colcon.colcon_core.package_identification:_identify(src/mocap4r2/mocap4r2_marker_viz/mocap4r2_marker_publisher) by extension 'ignore'
[0.851s] Level 1:colcon.colcon_core.package_identification:_identify(src/mocap4r2/mocap4r2_marker_viz/mocap4r2_marker_publisher) by extension 'ignore_ament_install'
[0.851s] Level 1:colcon.colcon_core.package_identification:_identify(src/mocap4r2/mocap4r2_marker_viz/mocap4r2_marker_publisher) by extensions ['colcon_pkg']
[0.851s] Level 1:colcon.colcon_core.package_identification:_identify(src/mocap4r2/mocap4r2_marker_viz/mocap4r2_marker_publisher) by extension 'colcon_pkg'
[0.851s] Level 1:colcon.colcon_core.package_identification:_identify(src/mocap4r2/mocap4r2_marker_viz/mocap4r2_marker_publisher) by extensions ['colcon_meta']
[0.851s] Level 1:colcon.colcon_core.package_identification:_identify(src/mocap4r2/mocap4r2_marker_viz/mocap4r2_marker_publisher) by extension 'colcon_meta'
[0.851s] Level 1:colcon.colcon_core.package_identification:_identify(src/mocap4r2/mocap4r2_marker_viz/mocap4r2_marker_publisher) by extensions ['ros']
[0.851s] Level 1:colcon.colcon_core.package_identification:_identify(src/mocap4r2/mocap4r2_marker_viz/mocap4r2_marker_publisher) by extension 'ros'
[0.853s] DEBUG:colcon.colcon_core.package_identification:Package 'src/mocap4r2/mocap4r2_marker_viz/mocap4r2_marker_publisher' with type 'ros.ament_cmake' and name 'mocap4r2_marker_publisher'
[0.853s] Level 1:colcon.colcon_core.package_identification:_identify(src/mocap4r2/mocap4r2_marker_viz/mocap4r2_marker_viz) by extensions ['ignore', 'ignore_ament_install']
[0.853s] Level 1:colcon.colcon_core.package_identification:_identify(src/mocap4r2/mocap4r2_marker_viz/mocap4r2_marker_viz) by extension 'ignore'
[0.853s] Level 1:colcon.colcon_core.package_identification:_identify(src/mocap4r2/mocap4r2_marker_viz/mocap4r2_marker_viz) by extension 'ignore_ament_install'
[0.853s] Level 1:colcon.colcon_core.package_identification:_identify(src/mocap4r2/mocap4r2_marker_viz/mocap4r2_marker_viz) by extensions ['colcon_pkg']
[0.853s] Level 1:colcon.colcon_core.package_identification:_identify(src/mocap4r2/mocap4r2_marker_viz/mocap4r2_marker_viz) by extension 'colcon_pkg'
[0.854s] Level 1:colcon.colcon_core.package_identification:_identify(src/mocap4r2/mocap4r2_marker_viz/mocap4r2_marker_viz) by extensions ['colcon_meta']
[0.854s] Level 1:colcon.colcon_core.package_identification:_identify(src/mocap4r2/mocap4r2_marker_viz/mocap4r2_marker_viz) by extension 'colcon_meta'
[0.854s] Level 1:colcon.colcon_core.package_identification:_identify(src/mocap4r2/mocap4r2_marker_viz/mocap4r2_marker_viz) by extensions ['ros']
[0.854s] Level 1:colcon.colcon_core.package_identification:_identify(src/mocap4r2/mocap4r2_marker_viz/mocap4r2_marker_viz) by extension 'ros'
[0.855s] DEBUG:colcon.colcon_core.package_identification:Package 'src/mocap4r2/mocap4r2_marker_viz/mocap4r2_marker_viz' with type 'ros.ament_cmake' and name 'mocap4r2_marker_viz'
[0.856s] Level 1:colcon.colcon_core.package_identification:_identify(src/mocap4r2/mocap4r2_marker_viz/mocap4r2_marker_viz_srvs) by extensions ['ignore', 'ignore_ament_install']
[0.856s] Level 1:colcon.colcon_core.package_identification:_identify(src/mocap4r2/mocap4r2_marker_viz/mocap4r2_marker_viz_srvs) by extension 'ignore'
[0.856s] Level 1:colcon.colcon_core.package_identification:_identify(src/mocap4r2/mocap4r2_marker_viz/mocap4r2_marker_viz_srvs) by extension 'ignore_ament_install'
[0.856s] Level 1:colcon.colcon_core.package_identification:_identify(src/mocap4r2/mocap4r2_marker_viz/mocap4r2_marker_viz_srvs) by extensions ['colcon_pkg']
[0.856s] Level 1:colcon.colcon_core.package_identification:_identify(src/mocap4r2/mocap4r2_marker_viz/mocap4r2_marker_viz_srvs) by extension 'colcon_pkg'
[0.856s] Level 1:colcon.colcon_core.package_identification:_identify(src/mocap4r2/mocap4r2_marker_viz/mocap4r2_marker_viz_srvs) by extensions ['colcon_meta']
[0.856s] Level 1:colcon.colcon_core.package_identification:_identify(src/mocap4r2/mocap4r2_marker_viz/mocap4r2_marker_viz_srvs) by extension 'colcon_meta'
[0.856s] Level 1:colcon.colcon_core.package_identification:_identify(src/mocap4r2/mocap4r2_marker_viz/mocap4r2_marker_viz_srvs) by extensions ['ros']
[0.857s] Level 1:colcon.colcon_core.package_identification:_identify(src/mocap4r2/mocap4r2_marker_viz/mocap4r2_marker_viz_srvs) by extension 'ros'
[0.858s] DEBUG:colcon.colcon_core.package_identification:Package 'src/mocap4r2/mocap4r2_marker_viz/mocap4r2_marker_viz_srvs' with type 'ros.ament_cmake' and name 'mocap4r2_marker_viz_srvs'
[0.858s] Level 1:colcon.colcon_core.package_identification:_identify(src/mocap4r2/mocap4r2_robot_gt) by extensions ['ignore', 'ignore_ament_install']
[0.858s] Level 1:colcon.colcon_core.package_identification:_identify(src/mocap4r2/mocap4r2_robot_gt) by extension 'ignore'
[0.858s] Level 1:colcon.colcon_core.package_identification:_identify(src/mocap4r2/mocap4r2_robot_gt) by extension 'ignore_ament_install'
[0.858s] Level 1:colcon.colcon_core.package_identification:_identify(src/mocap4r2/mocap4r2_robot_gt) by extensions ['colcon_pkg']
[0.858s] Level 1:colcon.colcon_core.package_identification:_identify(src/mocap4r2/mocap4r2_robot_gt) by extension 'colcon_pkg'
[0.859s] Level 1:colcon.colcon_core.package_identification:_identify(src/mocap4r2/mocap4r2_robot_gt) by extensions ['colcon_meta']
[0.859s] Level 1:colcon.colcon_core.package_identification:_identify(src/mocap4r2/mocap4r2_robot_gt) by extension 'colcon_meta'
[0.859s] Level 1:colcon.colcon_core.package_identification:_identify(src/mocap4r2/mocap4r2_robot_gt) by extensions ['ros']
[0.859s] Level 1:colcon.colcon_core.package_identification:_identify(src/mocap4r2/mocap4r2_robot_gt) by extension 'ros'
[0.859s] Level 1:colcon.colcon_core.package_identification:_identify(src/mocap4r2/mocap4r2_robot_gt) by extensions ['cmake', 'python']
[0.859s] Level 1:colcon.colcon_core.package_identification:_identify(src/mocap4r2/mocap4r2_robot_gt) by extension 'cmake'
[0.859s] Level 1:colcon.colcon_core.package_identification:_identify(src/mocap4r2/mocap4r2_robot_gt) by extension 'python'
[0.859s] Level 1:colcon.colcon_core.package_identification:_identify(src/mocap4r2/mocap4r2_robot_gt) by extensions ['python_setup_py']
[0.859s] Level 1:colcon.colcon_core.package_identification:_identify(src/mocap4r2/mocap4r2_robot_gt) by extension 'python_setup_py'
[0.860s] Level 1:colcon.colcon_core.package_identification:_identify(src/mocap4r2/mocap4r2_robot_gt/mocap4r2_robot_gt) by extensions ['ignore', 'ignore_ament_install']
[0.860s] Level 1:colcon.colcon_core.package_identification:_identify(src/mocap4r2/mocap4r2_robot_gt/mocap4r2_robot_gt) by extension 'ignore'
[0.860s] Level 1:colcon.colcon_core.package_identification:_identify(src/mocap4r2/mocap4r2_robot_gt/mocap4r2_robot_gt) by extension 'ignore_ament_install'
[0.860s] Level 1:colcon.colcon_core.package_identification:_identify(src/mocap4r2/mocap4r2_robot_gt/mocap4r2_robot_gt) by extensions ['colcon_pkg']
[0.860s] Level 1:colcon.colcon_core.package_identification:_identify(src/mocap4r2/mocap4r2_robot_gt/mocap4r2_robot_gt) by extension 'colcon_pkg'
[0.860s] Level 1:colcon.colcon_core.package_identification:_identify(src/mocap4r2/mocap4r2_robot_gt/mocap4r2_robot_gt) by extensions ['colcon_meta']
[0.861s] Level 1:colcon.colcon_core.package_identification:_identify(src/mocap4r2/mocap4r2_robot_gt/mocap4r2_robot_gt) by extension 'colcon_meta'
[0.861s] Level 1:colcon.colcon_core.package_identification:_identify(src/mocap4r2/mocap4r2_robot_gt/mocap4r2_robot_gt) by extensions ['ros']
[0.861s] Level 1:colcon.colcon_core.package_identification:_identify(src/mocap4r2/mocap4r2_robot_gt/mocap4r2_robot_gt) by extension 'ros'
[0.863s] DEBUG:colcon.colcon_core.package_identification:Package 'src/mocap4r2/mocap4r2_robot_gt/mocap4r2_robot_gt' with type 'ros.ament_cmake' and name 'mocap4r2_robot_gt'
[0.863s] Level 1:colcon.colcon_core.package_identification:_identify(src/mocap4r2/mocap4r2_robot_gt/mocap4r2_robot_gt_msgs) by extensions ['ignore', 'ignore_ament_install']
[0.863s] Level 1:colcon.colcon_core.package_identification:_identify(src/mocap4r2/mocap4r2_robot_gt/mocap4r2_robot_gt_msgs) by extension 'ignore'
[0.863s] Level 1:colcon.colcon_core.package_identification:_identify(src/mocap4r2/mocap4r2_robot_gt/mocap4r2_robot_gt_msgs) by extension 'ignore_ament_install'
[0.863s] Level 1:colcon.colcon_core.package_identification:_identify(src/mocap4r2/mocap4r2_robot_gt/mocap4r2_robot_gt_msgs) by extensions ['colcon_pkg']
[0.863s] Level 1:colcon.colcon_core.package_identification:_identify(src/mocap4r2/mocap4r2_robot_gt/mocap4r2_robot_gt_msgs) by extension 'colcon_pkg'
[0.863s] Level 1:colcon.colcon_core.package_identification:_identify(src/mocap4r2/mocap4r2_robot_gt/mocap4r2_robot_gt_msgs) by extensions ['colcon_meta']
[0.864s] Level 1:colcon.colcon_core.package_identification:_identify(src/mocap4r2/mocap4r2_robot_gt/mocap4r2_robot_gt_msgs) by extension 'colcon_meta'
[0.864s] Level 1:colcon.colcon_core.package_identification:_identify(src/mocap4r2/mocap4r2_robot_gt/mocap4r2_robot_gt_msgs) by extensions ['ros']
[0.864s] Level 1:colcon.colcon_core.package_identification:_identify(src/mocap4r2/mocap4r2_robot_gt/mocap4r2_robot_gt_msgs) by extension 'ros'
[0.865s] DEBUG:colcon.colcon_core.package_identification:Package 'src/mocap4r2/mocap4r2_robot_gt/mocap4r2_robot_gt_msgs' with type 'ros.ament_cmake' and name 'mocap4r2_robot_gt_msgs'
[0.866s] Level 1:colcon.colcon_core.package_identification:_identify(src/mocap4r2/mocap4r2cli) by extensions ['ignore', 'ignore_ament_install']
[0.866s] Level 1:colcon.colcon_core.package_identification:_identify(src/mocap4r2/mocap4r2cli) by extension 'ignore'
[0.866s] Level 1:colcon.colcon_core.package_identification:_identify(src/mocap4r2/mocap4r2cli) by extension 'ignore_ament_install'
[0.866s] Level 1:colcon.colcon_core.package_identification:_identify(src/mocap4r2/mocap4r2cli) by extensions ['colcon_pkg']
[0.866s] Level 1:colcon.colcon_core.package_identification:_identify(src/mocap4r2/mocap4r2cli) by extension 'colcon_pkg'
[0.866s] Level 1:colcon.colcon_core.package_identification:_identify(src/mocap4r2/mocap4r2cli) by extensions ['colcon_meta']
[0.866s] Level 1:colcon.colcon_core.package_identification:_identify(src/mocap4r2/mocap4r2cli) by extension 'colcon_meta'
[0.866s] Level 1:colcon.colcon_core.package_identification:_identify(src/mocap4r2/mocap4r2cli) by extensions ['ros']
[0.867s] Level 1:colcon.colcon_core.package_identification:_identify(src/mocap4r2/mocap4r2cli) by extension 'ros'
[0.868s] DEBUG:colcon.colcon_core.package_identification:Package 'src/mocap4r2/mocap4r2cli' with type 'ros.ament_python' and name 'mocap4r2cli'
[0.868s] Level 1:colcon.colcon_core.package_identification:_identify(src/mocap4ros2_optitrack) by extensions ['ignore', 'ignore_ament_install']
[0.868s] Level 1:colcon.colcon_core.package_identification:_identify(src/mocap4ros2_optitrack) by extension 'ignore'
[0.868s] Level 1:colcon.colcon_core.package_identification:_identify(src/mocap4ros2_optitrack) by extension 'ignore_ament_install'
[0.868s] Level 1:colcon.colcon_core.package_identification:_identify(src/mocap4ros2_optitrack) by extensions ['colcon_pkg']
[0.868s] Level 1:colcon.colcon_core.package_identification:_identify(src/mocap4ros2_optitrack) by extension 'colcon_pkg'
[0.868s] Level 1:colcon.colcon_core.package_identification:_identify(src/mocap4ros2_optitrack) by extensions ['colcon_meta']
[0.868s] Level 1:colcon.colcon_core.package_identification:_identify(src/mocap4ros2_optitrack) by extension 'colcon_meta'
[0.869s] Level 1:colcon.colcon_core.package_identification:_identify(src/mocap4ros2_optitrack) by extensions ['ros']
[0.869s] Level 1:colcon.colcon_core.package_identification:_identify(src/mocap4ros2_optitrack) by extension 'ros'
[0.869s] Level 1:colcon.colcon_core.package_identification:_identify(src/mocap4ros2_optitrack) by extensions ['cmake', 'python']
[0.869s] Level 1:colcon.colcon_core.package_identification:_identify(src/mocap4ros2_optitrack) by extension 'cmake'
[0.869s] Level 1:colcon.colcon_core.package_identification:_identify(src/mocap4ros2_optitrack) by extension 'python'
[0.869s] Level 1:colcon.colcon_core.package_identification:_identify(src/mocap4ros2_optitrack) by extensions ['python_setup_py']
[0.869s] Level 1:colcon.colcon_core.package_identification:_identify(src/mocap4ros2_optitrack) by extension 'python_setup_py'
[0.869s] Level 1:colcon.colcon_core.package_identification:_identify(src/mocap4ros2_optitrack/mocap4r2_optitrack_driver) by extensions ['ignore', 'ignore_ament_install']
[0.870s] Level 1:colcon.colcon_core.package_identification:_identify(src/mocap4ros2_optitrack/mocap4r2_optitrack_driver) by extension 'ignore'
[0.870s] Level 1:colcon.colcon_core.package_identification:_identify(src/mocap4ros2_optitrack/mocap4r2_optitrack_driver) by extension 'ignore_ament_install'
[0.870s] Level 1:colcon.colcon_core.package_identification:_identify(src/mocap4ros2_optitrack/mocap4r2_optitrack_driver) by extensions ['colcon_pkg']
[0.870s] Level 1:colcon.colcon_core.package_identification:_identify(src/mocap4ros2_optitrack/mocap4r2_optitrack_driver) by extension 'colcon_pkg'
[0.870s] Level 1:colcon.colcon_core.package_identification:_identify(src/mocap4ros2_optitrack/mocap4r2_optitrack_driver) by extensions ['colcon_meta']
[0.870s] Level 1:colcon.colcon_core.package_identification:_identify(src/mocap4ros2_optitrack/mocap4r2_optitrack_driver) by extension 'colcon_meta'
[0.870s] Level 1:colcon.colcon_core.package_identification:_identify(src/mocap4ros2_optitrack/mocap4r2_optitrack_driver) by extensions ['ros']
[0.870s] Level 1:colcon.colcon_core.package_identification:_identify(src/mocap4ros2_optitrack/mocap4r2_optitrack_driver) by extension 'ros'
[0.872s] DEBUG:colcon.colcon_core.package_identification:Package 'src/mocap4ros2_optitrack/mocap4r2_optitrack_driver' with type 'ros.ament_cmake' and name 'mocap4r2_optitrack_driver'
[0.872s] Level 1:colcon.colcon_core.package_identification:_identify(src/mocap_msgs) by extensions ['ignore', 'ignore_ament_install']
[0.872s] Level 1:colcon.colcon_core.package_identification:_identify(src/mocap_msgs) by extension 'ignore'
[0.872s] Level 1:colcon.colcon_core.package_identification:_identify(src/mocap_msgs) by extension 'ignore_ament_install'
[0.873s] Level 1:colcon.colcon_core.package_identification:_identify(src/mocap_msgs) by extensions ['colcon_pkg']
[0.873s] Level 1:colcon.colcon_core.package_identification:_identify(src/mocap_msgs) by extension 'colcon_pkg'
[0.873s] Level 1:colcon.colcon_core.package_identification:_identify(src/mocap_msgs) by extensions ['colcon_meta']
[0.873s] Level 1:colcon.colcon_core.package_identification:_identify(src/mocap_msgs) by extension 'colcon_meta'
[0.873s] Level 1:colcon.colcon_core.package_identification:_identify(src/mocap_msgs) by extensions ['ros']
[0.873s] Level 1:colcon.colcon_core.package_identification:_identify(src/mocap_msgs) by extension 'ros'
[0.875s] DEBUG:colcon.colcon_core.package_identification:Package 'src/mocap_msgs' with type 'ros.ament_cmake' and name 'mocap4r2_msgs'
[0.875s] Level 1:colcon.colcon_core.package_discovery:discover_packages(recursive) using defaults
[0.875s] Level 1:colcon.colcon_core.package_discovery:discover_packages(ignore) discover
[0.875s] Level 1:colcon.colcon_core.package_discovery:discover_packages(ignore) using defaults
[0.875s] Level 1:colcon.colcon_core.package_discovery:discover_packages(path) discover
[0.875s] Level 1:colcon.colcon_core.package_discovery:discover_packages(path) using defaults
[0.942s] Level 1:colcon.colcon_core.package_discovery:discover_packages(prefix_path) check parameters
[0.943s] Level 1:colcon.colcon_core.package_discovery:discover_packages(prefix_path) discover
[0.944s] WARNING:colcon.colcon_ros.prefix_path.ament:The path '/home/airlab/seed25/ros_packages/mocap4r2_ws/install/mocap4r2cli' in the environment variable AMENT_PREFIX_PATH doesn't exist
[0.945s] WARNING:colcon.colcon_ros.prefix_path.ament:The path '/home/airlab/seed25/ros_packages/mocap4r2_ws/install/mocap4r2_robot_gt_msgs' in the environment variable AMENT_PREFIX_PATH doesn't exist
[0.945s] WARNING:colcon.colcon_ros.prefix_path.ament:The path '/home/airlab/seed25/ros_packages/mocap4r2_ws/install/mocap4r2_marker_viz' in the environment variable AMENT_PREFIX_PATH doesn't exist
[0.945s] WARNING:colcon.colcon_ros.prefix_path.ament:The path '/home/airlab/seed25/ros_packages/mocap4r2_ws/install/mocap4r2_marker_publisher' in the environment variable AMENT_PREFIX_PATH doesn't exist
[0.945s] WARNING:colcon.colcon_ros.prefix_path.ament:The path '/home/airlab/seed25/ros_packages/mocap4r2_ws/install/mocap4r2_msgs' in the environment variable AMENT_PREFIX_PATH doesn't exist
[0.945s] WARNING:colcon.colcon_ros.prefix_path.ament:The path '/home/airlab/seed25/ros_packages/mocap4r2_ws/install/mocap4r2_marker_viz_srvs' in the environment variable AMENT_PREFIX_PATH doesn't exist
[0.945s] WARNING:colcon.colcon_ros.prefix_path.ament:The path '/home/airlab/seed25/ros_packages/mocap4r2_ws/install/mocap4r2_control_msgs' in the environment variable AMENT_PREFIX_PATH doesn't exist
[0.945s] WARNING:colcon.colcon_ros.prefix_path.catkin:The path '/home/airlab/seed25/ros_packages/mocap4r2_ws/install/mocap4r2_robot_gt_msgs' in the environment variable CMAKE_PREFIX_PATH doesn't exist
[0.946s] WARNING:colcon.colcon_ros.prefix_path.catkin:The path '/home/airlab/seed25/ros_packages/mocap4r2_ws/install/mocap4r2_marker_viz' in the environment variable CMAKE_PREFIX_PATH doesn't exist
[0.946s] WARNING:colcon.colcon_ros.prefix_path.catkin:The path '/home/airlab/seed25/ros_packages/mocap4r2_ws/install/mocap4r2_marker_publisher' in the environment variable CMAKE_PREFIX_PATH doesn't exist
[0.946s] WARNING:colcon.colcon_ros.prefix_path.catkin:The path '/home/airlab/seed25/ros_packages/mocap4r2_ws/install/mocap4r2_msgs' in the environment variable CMAKE_PREFIX_PATH doesn't exist
[0.946s] WARNING:colcon.colcon_ros.prefix_path.catkin:The path '/home/airlab/seed25/ros_packages/mocap4r2_ws/install/mocap4r2_marker_viz_srvs' in the environment variable CMAKE_PREFIX_PATH doesn't exist
[0.946s] WARNING:colcon.colcon_ros.prefix_path.catkin:The path '/home/airlab/seed25/ros_packages/mocap4r2_ws/install/mocap4r2_control_msgs' in the environment variable CMAKE_PREFIX_PATH doesn't exist
[0.947s] DEBUG:colcon.colcon_installed_package_information.package_discovery:Found 0 installed packages in /home/airlab/seed25/ros_packages/mocap4r2_ws/install
[0.950s] DEBUG:colcon.colcon_installed_package_information.package_discovery:Found 259 installed packages in /opt/ros/foxy
[0.953s] Level 1:colcon.colcon_core.package_discovery:discover_packages(prefix_path) using defaults
[1.076s] Level 5:colcon.colcon_core.verb:set package 'mocap4r2_control_msgs' build argument 'cmake_args' from command line to 'None'
[1.076s] Level 5:colcon.colcon_core.verb:set package 'mocap4r2_control_msgs' build argument 'cmake_target' from command line to 'None'
[1.076s] Level 5:colcon.colcon_core.verb:set package 'mocap4r2_control_msgs' build argument 'cmake_target_skip_unavailable' from command line to 'False'
[1.076s] Level 5:colcon.colcon_core.verb:set package 'mocap4r2_control_msgs' build argument 'cmake_clean_cache' from command line to 'False'
[1.076s] Level 5:colcon.colcon_core.verb:set package 'mocap4r2_control_msgs' build argument 'cmake_clean_first' from command line to 'False'
[1.076s] Level 5:colcon.colcon_core.verb:set package 'mocap4r2_control_msgs' build argument 'cmake_force_configure' from command line to 'False'
[1.076s] Level 5:colcon.colcon_core.verb:set package 'mocap4r2_control_msgs' build argument 'ament_cmake_args' from command line to 'None'
[1.077s] Level 5:colcon.colcon_core.verb:set package 'mocap4r2_control_msgs' build argument 'catkin_cmake_args' from command line to 'None'
[1.077s] Level 5:colcon.colcon_core.verb:set package 'mocap4r2_control_msgs' build argument 'catkin_skip_building_tests' from command line to 'False'
[1.077s] DEBUG:colcon.colcon_core.verb:Building package 'mocap4r2_control_msgs' with the following arguments: {'ament_cmake_args': None, 'build_base': '/home/airlab/seed25/ros_packages/mocap4r2_ws/build/mocap4r2_control_msgs', 'catkin_cmake_args': None, 'catkin_skip_building_tests': False, 'cmake_args': None, 'cmake_clean_cache': False, 'cmake_clean_first': False, 'cmake_force_configure': False, 'cmake_target': None, 'cmake_target_skip_unavailable': False, 'install_base': '/home/airlab/seed25/ros_packages/mocap4r2_ws/install/mocap4r2_control_msgs', 'merge_install': False, 'path': '/home/airlab/seed25/ros_packages/mocap4r2_ws/src/mocap4r2/mocap4r2_control/mocap4r2_control_msgs', 'symlink_install': False, 'test_result_base': None}
[1.077s] Level 5:colcon.colcon_core.verb:set package 'mocap4r2_marker_viz_srvs' build argument 'cmake_args' from command line to 'None'
[1.078s] Level 5:colcon.colcon_core.verb:set package 'mocap4r2_marker_viz_srvs' build argument 'cmake_target' from command line to 'None'
[1.078s] Level 5:colcon.colcon_core.verb:set package 'mocap4r2_marker_viz_srvs' build argument 'cmake_target_skip_unavailable' from command line to 'False'
[1.078s] Level 5:colcon.colcon_core.verb:set package 'mocap4r2_marker_viz_srvs' build argument 'cmake_clean_cache' from command line to 'False'
[1.078s] Level 5:colcon.colcon_core.verb:set package 'mocap4r2_marker_viz_srvs' build argument 'cmake_clean_first' from command line to 'False'
[1.078s] Level 5:colcon.colcon_core.verb:set package 'mocap4r2_marker_viz_srvs' build argument 'cmake_force_configure' from command line to 'False'
[1.078s] Level 5:colcon.colcon_core.verb:set package 'mocap4r2_marker_viz_srvs' build argument 'ament_cmake_args' from command line to 'None'
[1.078s] Level 5:colcon.colcon_core.verb:set package 'mocap4r2_marker_viz_srvs' build argument 'catkin_cmake_args' from command line to 'None'
[1.078s] Level 5:colcon.colcon_core.verb:set package 'mocap4r2_marker_viz_srvs' build argument 'catkin_skip_building_tests' from command line to 'False'
[1.078s] DEBUG:colcon.colcon_core.verb:Building package 'mocap4r2_marker_viz_srvs' with the following arguments: {'ament_cmake_args': None, 'build_base': '/home/airlab/seed25/ros_packages/mocap4r2_ws/build/mocap4r2_marker_viz_srvs', 'catkin_cmake_args': None, 'catkin_skip_building_tests': False, 'cmake_args': None, 'cmake_clean_cache': False, 'cmake_clean_first': False, 'cmake_force_configure': False, 'cmake_target': None, 'cmake_target_skip_unavailable': False, 'install_base': '/home/airlab/seed25/ros_packages/mocap4r2_ws/install/mocap4r2_marker_viz_srvs', 'merge_install': False, 'path': '/home/airlab/seed25/ros_packages/mocap4r2_ws/src/mocap4r2/mocap4r2_marker_viz/mocap4r2_marker_viz_srvs', 'symlink_install': False, 'test_result_base': None}
[1.079s] Level 5:colcon.colcon_core.verb:set package 'mocap4r2_msgs' build argument 'cmake_args' from command line to 'None'
[1.079s] Level 5:colcon.colcon_core.verb:set package 'mocap4r2_msgs' build argument 'cmake_target' from command line to 'None'
[1.079s] Level 5:colcon.colcon_core.verb:set package 'mocap4r2_msgs' build argument 'cmake_target_skip_unavailable' from command line to 'False'
[1.079s] Level 5:colcon.colcon_core.verb:set package 'mocap4r2_msgs' build argument 'cmake_clean_cache' from command line to 'False'
[1.079s] Level 5:colcon.colcon_core.verb:set package 'mocap4r2_msgs' build argument 'cmake_clean_first' from command line to 'False'
[1.079s] Level 5:colcon.colcon_core.verb:set package 'mocap4r2_msgs' build argument 'cmake_force_configure' from command line to 'False'
[1.079s] Level 5:colcon.colcon_core.verb:set package 'mocap4r2_msgs' build argument 'ament_cmake_args' from command line to 'None'
[1.079s] Level 5:colcon.colcon_core.verb:set package 'mocap4r2_msgs' build argument 'catkin_cmake_args' from command line to 'None'
[1.079s] Level 5:colcon.colcon_core.verb:set package 'mocap4r2_msgs' build argument 'catkin_skip_building_tests' from command line to 'False'
[1.079s] DEBUG:colcon.colcon_core.verb:Building package 'mocap4r2_msgs' with the following arguments: {'ament_cmake_args': None, 'build_base': '/home/airlab/seed25/ros_packages/mocap4r2_ws/build/mocap4r2_msgs', 'catkin_cmake_args': None, 'catkin_skip_building_tests': False, 'cmake_args': None, 'cmake_clean_cache': False, 'cmake_clean_first': False, 'cmake_force_configure': False, 'cmake_target': None, 'cmake_target_skip_unavailable': False, 'install_base': '/home/airlab/seed25/ros_packages/mocap4r2_ws/install/mocap4r2_msgs', 'merge_install': False, 'path': '/home/airlab/seed25/ros_packages/mocap4r2_ws/src/mocap_msgs', 'symlink_install': False, 'test_result_base': None}
[1.080s] Level 5:colcon.colcon_core.verb:set package 'mocap4r2_robot_gt_msgs' build argument 'cmake_args' from command line to 'None'
[1.080s] Level 5:colcon.colcon_core.verb:set package 'mocap4r2_robot_gt_msgs' build argument 'cmake_target' from command line to 'None'
[1.080s] Level 5:colcon.colcon_core.verb:set package 'mocap4r2_robot_gt_msgs' build argument 'cmake_target_skip_unavailable' from command line to 'False'
[1.080s] Level 5:colcon.colcon_core.verb:set package 'mocap4r2_robot_gt_msgs' build argument 'cmake_clean_cache' from command line to 'False'
[1.080s] Level 5:colcon.colcon_core.verb:set package 'mocap4r2_robot_gt_msgs' build argument 'cmake_clean_first' from command line to 'False'
[1.080s] Level 5:colcon.colcon_core.verb:set package 'mocap4r2_robot_gt_msgs' build argument 'cmake_force_configure' from command line to 'False'
[1.080s] Level 5:colcon.colcon_core.verb:set package 'mocap4r2_robot_gt_msgs' build argument 'ament_cmake_args' from command line to 'None'
[1.080s] Level 5:colcon.colcon_core.verb:set package 'mocap4r2_robot_gt_msgs' build argument 'catkin_cmake_args' from command line to 'None'
[1.080s] Level 5:colcon.colcon_core.verb:set package 'mocap4r2_robot_gt_msgs' build argument 'catkin_skip_building_tests' from command line to 'False'
[1.080s] DEBUG:colcon.colcon_core.verb:Building package 'mocap4r2_robot_gt_msgs' with the following arguments: {'ament_cmake_args': None, 'build_base': '/home/airlab/seed25/ros_packages/mocap4r2_ws/build/mocap4r2_robot_gt_msgs', 'catkin_cmake_args': None, 'catkin_skip_building_tests': False, 'cmake_args': None, 'cmake_clean_cache': False, 'cmake_clean_first': False, 'cmake_force_configure': False, 'cmake_target': None, 'cmake_target_skip_unavailable': False, 'install_base': '/home/airlab/seed25/ros_packages/mocap4r2_ws/install/mocap4r2_robot_gt_msgs', 'merge_install': False, 'path': '/home/airlab/seed25/ros_packages/mocap4r2_ws/src/mocap4r2/mocap4r2_robot_gt/mocap4r2_robot_gt_msgs', 'symlink_install': False, 'test_result_base': None}
[1.081s] Level 5:colcon.colcon_core.verb:set package 'mocap4r2_control' build argument 'cmake_args' from command line to 'None'
[1.081s] Level 5:colcon.colcon_core.verb:set package 'mocap4r2_control' build argument 'cmake_target' from command line to 'None'
[1.081s] Level 5:colcon.colcon_core.verb:set package 'mocap4r2_control' build argument 'cmake_target_skip_unavailable' from command line to 'False'
[1.081s] Level 5:colcon.colcon_core.verb:set package 'mocap4r2_control' build argument 'cmake_clean_cache' from command line to 'False'
[1.081s] Level 5:colcon.colcon_core.verb:set package 'mocap4r2_control' build argument 'cmake_clean_first' from command line to 'False'
[1.081s] Level 5:colcon.colcon_core.verb:set package 'mocap4r2_control' build argument 'cmake_force_configure' from command line to 'False'
[1.082s] Level 5:colcon.colcon_core.verb:set package 'mocap4r2_control' build argument 'ament_cmake_args' from command line to 'None'
[1.082s] Level 5:colcon.colcon_core.verb:set package 'mocap4r2_control' build argument 'catkin_cmake_args' from command line to 'None'
[1.082s] Level 5:colcon.colcon_core.verb:set package 'mocap4r2_control' build argument 'catkin_skip_building_tests' from command line to 'False'
[1.082s] DEBUG:colcon.colcon_core.verb:Building package 'mocap4r2_control' with the following arguments: {'ament_cmake_args': None, 'build_base': '/home/airlab/seed25/ros_packages/mocap4r2_ws/build/mocap4r2_control', 'catkin_cmake_args': None, 'catkin_skip_building_tests': False, 'cmake_args': None, 'cmake_clean_cache': False, 'cmake_clean_first': False, 'cmake_force_configure': False, 'cmake_target': None, 'cmake_target_skip_unavailable': False, 'install_base': '/home/airlab/seed25/ros_packages/mocap4r2_ws/install/mocap4r2_control', 'merge_install': False, 'path': '/home/airlab/seed25/ros_packages/mocap4r2_ws/src/mocap4r2/mocap4r2_control/mocap4r2_control', 'symlink_install': False, 'test_result_base': None}
[1.082s] Level 5:colcon.colcon_core.verb:set package 'mocap4r2_marker_publisher' build argument 'cmake_args' from command line to 'None'
[1.082s] Level 5:colcon.colcon_core.verb:set package 'mocap4r2_marker_publisher' build argument 'cmake_target' from command line to 'None'
[1.083s] Level 5:colcon.colcon_core.verb:set package 'mocap4r2_marker_publisher' build argument 'cmake_target_skip_unavailable' from command line to 'False'
[1.083s] Level 5:colcon.colcon_core.verb:set package 'mocap4r2_marker_publisher' build argument 'cmake_clean_cache' from command line to 'False'
[1.083s] Level 5:colcon.colcon_core.verb:set package 'mocap4r2_marker_publisher' build argument 'cmake_clean_first' from command line to 'False'
[1.083s] Level 5:colcon.colcon_core.verb:set package 'mocap4r2_marker_publisher' build argument 'cmake_force_configure' from command line to 'False'
[1.083s] Level 5:colcon.colcon_core.verb:set package 'mocap4r2_marker_publisher' build argument 'ament_cmake_args' from command line to 'None'
[1.083s] Level 5:colcon.colcon_core.verb:set package 'mocap4r2_marker_publisher' build argument 'catkin_cmake_args' from command line to 'None'
[1.083s] Level 5:colcon.colcon_core.verb:set package 'mocap4r2_marker_publisher' build argument 'catkin_skip_building_tests' from command line to 'False'
[1.083s] DEBUG:colcon.colcon_core.verb:Building package 'mocap4r2_marker_publisher' with the following arguments: {'ament_cmake_args': None, 'build_base': '/home/airlab/seed25/ros_packages/mocap4r2_ws/build/mocap4r2_marker_publisher', 'catkin_cmake_args': None, 'catkin_skip_building_tests': False, 'cmake_args': None, 'cmake_clean_cache': False, 'cmake_clean_first': False, 'cmake_force_configure': False, 'cmake_target': None, 'cmake_target_skip_unavailable': False, 'install_base': '/home/airlab/seed25/ros_packages/mocap4r2_ws/install/mocap4r2_marker_publisher', 'merge_install': False, 'path': '/home/airlab/seed25/ros_packages/mocap4r2_ws/src/mocap4r2/mocap4r2_marker_viz/mocap4r2_marker_publisher', 'symlink_install': False, 'test_result_base': None}
[1.084s] Level 5:colcon.colcon_core.verb:set package 'mocap4r2_marker_viz' build argument 'cmake_args' from command line to 'None'
[1.084s] Level 5:colcon.colcon_core.verb:set package 'mocap4r2_marker_viz' build argument 'cmake_target' from command line to 'None'
[1.084s] Level 5:colcon.colcon_core.verb:set package 'mocap4r2_marker_viz' build argument 'cmake_target_skip_unavailable' from command line to 'False'
[1.084s] Level 5:colcon.colcon_core.verb:set package 'mocap4r2_marker_viz' build argument 'cmake_clean_cache' from command line to 'False'
[1.084s] Level 5:colcon.colcon_core.verb:set package 'mocap4r2_marker_viz' build argument 'cmake_clean_first' from command line to 'False'
[1.084s] Level 5:colcon.colcon_core.verb:set package 'mocap4r2_marker_viz' build argument 'cmake_force_configure' from command line to 'False'
[1.084s] Level 5:colcon.colcon_core.verb:set package 'mocap4r2_marker_viz' build argument 'ament_cmake_args' from command line to 'None'
[1.084s] Level 5:colcon.colcon_core.verb:set package 'mocap4r2_marker_viz' build argument 'catkin_cmake_args' from command line to 'None'
[1.084s] Level 5:colcon.colcon_core.verb:set package 'mocap4r2_marker_viz' build argument 'catkin_skip_building_tests' from command line to 'False'
[1.084s] DEBUG:colcon.colcon_core.verb:Building package 'mocap4r2_marker_viz' with the following arguments: {'ament_cmake_args': None, 'build_base': '/home/airlab/seed25/ros_packages/mocap4r2_ws/build/mocap4r2_marker_viz', 'catkin_cmake_args': None, 'catkin_skip_building_tests': False, 'cmake_args': None, 'cmake_clean_cache': False, 'cmake_clean_first': False, 'cmake_force_configure': False, 'cmake_target': None, 'cmake_target_skip_unavailable': False, 'install_base': '/home/airlab/seed25/ros_packages/mocap4r2_ws/install/mocap4r2_marker_viz', 'merge_install': False, 'path': '/home/airlab/seed25/ros_packages/mocap4r2_ws/src/mocap4r2/mocap4r2_marker_viz/mocap4r2_marker_viz', 'symlink_install': False, 'test_result_base': None}
[1.085s] Level 5:colcon.colcon_core.verb:set package 'mocap4r2_robot_gt' build argument 'cmake_args' from command line to 'None'
[1.085s] Level 5:colcon.colcon_core.verb:set package 'mocap4r2_robot_gt' build argument 'cmake_target' from command line to 'None'
[1.085s] Level 5:colcon.colcon_core.verb:set package 'mocap4r2_robot_gt' build argument 'cmake_target_skip_unavailable' from command line to 'False'
[1.085s] Level 5:colcon.colcon_core.verb:set package 'mocap4r2_robot_gt' build argument 'cmake_clean_cache' from command line to 'False'
[1.085s] Level 5:colcon.colcon_core.verb:set package 'mocap4r2_robot_gt' build argument 'cmake_clean_first' from command line to 'False'
[1.085s] Level 5:colcon.colcon_core.verb:set package 'mocap4r2_robot_gt' build argument 'cmake_force_configure' from command line to 'False'
[1.085s] Level 5:colcon.colcon_core.verb:set package 'mocap4r2_robot_gt' build argument 'ament_cmake_args' from command line to 'None'
[1.085s] Level 5:colcon.colcon_core.verb:set package 'mocap4r2_robot_gt' build argument 'catkin_cmake_args' from command line to 'None'
[1.085s] Level 5:colcon.colcon_core.verb:set package 'mocap4r2_robot_gt' build argument 'catkin_skip_building_tests' from command line to 'False'
[1.085s] DEBUG:colcon.colcon_core.verb:Building package 'mocap4r2_robot_gt' with the following arguments: {'ament_cmake_args': None, 'build_base': '/home/airlab/seed25/ros_packages/mocap4r2_ws/build/mocap4r2_robot_gt', 'catkin_cmake_args': None, 'catkin_skip_building_tests': False, 'cmake_args': None, 'cmake_clean_cache': False, 'cmake_clean_first': False, 'cmake_force_configure': False, 'cmake_target': None, 'cmake_target_skip_unavailable': False, 'install_base': '/home/airlab/seed25/ros_packages/mocap4r2_ws/install/mocap4r2_robot_gt', 'merge_install': False, 'path': '/home/airlab/seed25/ros_packages/mocap4r2_ws/src/mocap4r2/mocap4r2_robot_gt/mocap4r2_robot_gt', 'symlink_install': False, 'test_result_base': None}
[1.086s] Level 5:colcon.colcon_core.verb:set package 'mocap4r2cli' build argument 'cmake_args' from command line to 'None'
[1.086s] Level 5:colcon.colcon_core.verb:set package 'mocap4r2cli' build argument 'cmake_target' from command line to 'None'
[1.086s] Level 5:colcon.colcon_core.verb:set package 'mocap4r2cli' build argument 'cmake_target_skip_unavailable' from command line to 'False'
[1.086s] Level 5:colcon.colcon_core.verb:set package 'mocap4r2cli' build argument 'cmake_clean_cache' from command line to 'False'
[1.086s] Level 5:colcon.colcon_core.verb:set package 'mocap4r2cli' build argument 'cmake_clean_first' from command line to 'False'
[1.086s] Level 5:colcon.colcon_core.verb:set package 'mocap4r2cli' build argument 'cmake_force_configure' from command line to 'False'
[1.086s] Level 5:colcon.colcon_core.verb:set package 'mocap4r2cli' build argument 'ament_cmake_args' from command line to 'None'
[1.086s] Level 5:colcon.colcon_core.verb:set package 'mocap4r2cli' build argument 'catkin_cmake_args' from command line to 'None'
[1.086s] Level 5:colcon.colcon_core.verb:set package 'mocap4r2cli' build argument 'catkin_skip_building_tests' from command line to 'False'
[1.087s] DEBUG:colcon.colcon_core.verb:Building package 'mocap4r2cli' with the following arguments: {'ament_cmake_args': None, 'build_base': '/home/airlab/seed25/ros_packages/mocap4r2_ws/build/mocap4r2cli', 'catkin_cmake_args': None, 'catkin_skip_building_tests': False, 'cmake_args': None, 'cmake_clean_cache': False, 'cmake_clean_first': False, 'cmake_force_configure': False, 'cmake_target': None, 'cmake_target_skip_unavailable': False, 'install_base': '/home/airlab/seed25/ros_packages/mocap4r2_ws/install/mocap4r2cli', 'merge_install': False, 'path': '/home/airlab/seed25/ros_packages/mocap4r2_ws/src/mocap4r2/mocap4r2cli', 'symlink_install': False, 'test_result_base': None}
[1.087s] Level 5:colcon.colcon_core.verb:set package 'mocap4r2_dummy_driver' build argument 'cmake_args' from command line to 'None'
[1.087s] Level 5:colcon.colcon_core.verb:set package 'mocap4r2_dummy_driver' build argument 'cmake_target' from command line to 'None'
[1.087s] Level 5:colcon.colcon_core.verb:set package 'mocap4r2_dummy_driver' build argument 'cmake_target_skip_unavailable' from command line to 'False'
[1.087s] Level 5:colcon.colcon_core.verb:set package 'mocap4r2_dummy_driver' build argument 'cmake_clean_cache' from command line to 'False'
[1.087s] Level 5:colcon.colcon_core.verb:set package 'mocap4r2_dummy_driver' build argument 'cmake_clean_first' from command line to 'False'
[1.088s] Level 5:colcon.colcon_core.verb:set package 'mocap4r2_dummy_driver' build argument 'cmake_force_configure' from command line to 'False'
[1.088s] Level 5:colcon.colcon_core.verb:set package 'mocap4r2_dummy_driver' build argument 'ament_cmake_args' from command line to 'None'
[1.088s] Level 5:colcon.colcon_core.verb:set package 'mocap4r2_dummy_driver' build argument 'catkin_cmake_args' from command line to 'None'
[1.088s] Level 5:colcon.colcon_core.verb:set package 'mocap4r2_dummy_driver' build argument 'catkin_skip_building_tests' from command line to 'False'
[1.088s] DEBUG:colcon.colcon_core.verb:Building package 'mocap4r2_dummy_driver' with the following arguments: {'ament_cmake_args': None, 'build_base': '/home/airlab/seed25/ros_packages/mocap4r2_ws/build/mocap4r2_dummy_driver', 'catkin_cmake_args': None, 'catkin_skip_building_tests': False, 'cmake_args': None, 'cmake_clean_cache': False, 'cmake_clean_first': False, 'cmake_force_configure': False, 'cmake_target': None, 'cmake_target_skip_unavailable': False, 'install_base': '/home/airlab/seed25/ros_packages/mocap4r2_ws/install/mocap4r2_dummy_driver', 'merge_install': False, 'path': '/home/airlab/seed25/ros_packages/mocap4r2_ws/src/mocap4r2/mocap4r2_dummy_driver', 'symlink_install': False, 'test_result_base': None}
[1.088s] Level 5:colcon.colcon_core.verb:set package 'mocap4r2_optitrack_driver' build argument 'cmake_args' from command line to 'None'
[1.088s] Level 5:colcon.colcon_core.verb:set package 'mocap4r2_optitrack_driver' build argument 'cmake_target' from command line to 'None'
[1.089s] Level 5:colcon.colcon_core.verb:set package 'mocap4r2_optitrack_driver' build argument 'cmake_target_skip_unavailable' from command line to 'False'
[1.089s] Level 5:colcon.colcon_core.verb:set package 'mocap4r2_optitrack_driver' build argument 'cmake_clean_cache' from command line to 'False'
[1.089s] Level 5:colcon.colcon_core.verb:set package 'mocap4r2_optitrack_driver' build argument 'cmake_clean_first' from command line to 'False'
[1.089s] Level 5:colcon.colcon_core.verb:set package 'mocap4r2_optitrack_driver' build argument 'cmake_force_configure' from command line to 'False'
[1.089s] Level 5:colcon.colcon_core.verb:set package 'mocap4r2_optitrack_driver' build argument 'ament_cmake_args' from command line to 'None'
[1.089s] Level 5:colcon.colcon_core.verb:set package 'mocap4r2_optitrack_driver' build argument 'catkin_cmake_args' from command line to 'None'
[1.089s] Level 5:colcon.colcon_core.verb:set package 'mocap4r2_optitrack_driver' build argument 'catkin_skip_building_tests' from command line to 'False'
[1.089s] DEBUG:colcon.colcon_core.verb:Building package 'mocap4r2_optitrack_driver' with the following arguments: {'ament_cmake_args': None, 'build_base': '/home/airlab/seed25/ros_packages/mocap4r2_ws/build/mocap4r2_optitrack_driver', 'catkin_cmake_args': None, 'catkin_skip_building_tests': False, 'cmake_args': None, 'cmake_clean_cache': False, 'cmake_clean_first': False, 'cmake_force_configure': False, 'cmake_target': None, 'cmake_target_skip_unavailable': False, 'install_base': '/home/airlab/seed25/ros_packages/mocap4r2_ws/install/mocap4r2_optitrack_driver', 'merge_install': False, 'path': '/home/airlab/seed25/ros_packages/mocap4r2_ws/src/mocap4ros2_optitrack/mocap4r2_optitrack_driver', 'symlink_install': False, 'test_result_base': None}
[1.090s] Level 5:colcon.colcon_core.verb:set package 'rqt_mocap4r2_control' build argument 'cmake_args' from command line to 'None'
[1.090s] Level 5:colcon.colcon_core.verb:set package 'rqt_mocap4r2_control' build argument 'cmake_target' from command line to 'None'
[1.090s] Level 5:colcon.colcon_core.verb:set package 'rqt_mocap4r2_control' build argument 'cmake_target_skip_unavailable' from command line to 'False'
[1.090s] Level 5:colcon.colcon_core.verb:set package 'rqt_mocap4r2_control' build argument 'cmake_clean_cache' from command line to 'False'
[1.090s] Level 5:colcon.colcon_core.verb:set package 'rqt_mocap4r2_control' build argument 'cmake_clean_first' from command line to 'False'
[1.090s] Level 5:colcon.colcon_core.verb:set package 'rqt_mocap4r2_control' build argument 'cmake_force_configure' from command line to 'False'
[1.090s] Level 5:colcon.colcon_core.verb:set package 'rqt_mocap4r2_control' build argument 'ament_cmake_args' from command line to 'None'
[1.090s] Level 5:colcon.colcon_core.verb:set package 'rqt_mocap4r2_control' build argument 'catkin_cmake_args' from command line to 'None'
[1.090s] Level 5:colcon.colcon_core.verb:set package 'rqt_mocap4r2_control' build argument 'catkin_skip_building_tests' from command line to 'False'
[1.090s] DEBUG:colcon.colcon_core.verb:Building package 'rqt_mocap4r2_control' with the following arguments: {'ament_cmake_args': None, 'build_base': '/home/airlab/seed25/ros_packages/mocap4r2_ws/build/rqt_mocap4r2_control', 'catkin_cmake_args': None, 'catkin_skip_building_tests': False, 'cmake_args': None, 'cmake_clean_cache': False, 'cmake_clean_first': False, 'cmake_force_configure': False, 'cmake_target': None, 'cmake_target_skip_unavailable': False, 'install_base': '/home/airlab/seed25/ros_packages/mocap4r2_ws/install/rqt_mocap4r2_control', 'merge_install': False, 'path': '/home/airlab/seed25/ros_packages/mocap4r2_ws/src/mocap4r2/mocap4r2_control/rqt_mocap4r2_control', 'symlink_install': False, 'test_result_base': None}
[1.090s] INFO:colcon.colcon_core.executor:Executing jobs using 'parallel' executor
[1.093s] DEBUG:colcon.colcon_parallel_executor.executor.parallel:run_until_complete
[1.094s] INFO:colcon.colcon_ros.task.ament_cmake.build:Building ROS package in '/home/airlab/seed25/ros_packages/mocap4r2_ws/src/mocap4r2/mocap4r2_control/mocap4r2_control_msgs' with build type 'ament_cmake'
[1.094s] INFO:colcon.colcon_cmake.task.cmake.build:Building CMake package in '/home/airlab/seed25/ros_packages/mocap4r2_ws/src/mocap4r2/mocap4r2_control/mocap4r2_control_msgs'
[1.099s] INFO:colcon.colcon_core.plugin_system:Skipping extension 'colcon_core.shell.bat': Not used on non-Windows systems
[1.100s] INFO:colcon.colcon_core.shell:Skip shell extension 'powershell' for command environment: Not usable outside of PowerShell
[1.100s] DEBUG:colcon.colcon_core.shell:Skip shell extension 'dsv' for command environment
[1.111s] INFO:colcon.colcon_ros.task.ament_cmake.build:Building ROS package in '/home/airlab/seed25/ros_packages/mocap4r2_ws/src/mocap_msgs' with build type 'ament_cmake'
[1.111s] INFO:colcon.colcon_cmake.task.cmake.build:Building CMake package in '/home/airlab/seed25/ros_packages/mocap4r2_ws/src/mocap_msgs'
[1.112s] INFO:colcon.colcon_core.shell:Skip shell extension 'powershell' for command environment: Not usable outside of PowerShell
[1.113s] DEBUG:colcon.colcon_core.shell:Skip shell extension 'dsv' for command environment
[1.122s] INFO:colcon.colcon_ros.task.ament_cmake.build:Building ROS package in '/home/airlab/seed25/ros_packages/mocap4r2_ws/src/mocap4r2/mocap4r2_marker_viz/mocap4r2_marker_viz_srvs' with build type 'ament_cmake'
[1.122s] INFO:colcon.colcon_cmake.task.cmake.build:Building CMake package in '/home/airlab/seed25/ros_packages/mocap4r2_ws/src/mocap4r2/mocap4r2_marker_viz/mocap4r2_marker_viz_srvs'
[1.123s] INFO:colcon.colcon_core.shell:Skip shell extension 'powershell' for command environment: Not usable outside of PowerShell
[1.124s] DEBUG:colcon.colcon_core.shell:Skip shell extension 'dsv' for command environment
[1.132s] INFO:colcon.colcon_ros.task.ament_cmake.build:Building ROS package in '/home/airlab/seed25/ros_packages/mocap4r2_ws/src/mocap4r2/mocap4r2_robot_gt/mocap4r2_robot_gt_msgs' with build type 'ament_cmake'
[1.133s] INFO:colcon.colcon_cmake.task.cmake.build:Building CMake package in '/home/airlab/seed25/ros_packages/mocap4r2_ws/src/mocap4r2/mocap4r2_robot_gt/mocap4r2_robot_gt_msgs'
[1.134s] INFO:colcon.colcon_core.shell:Skip shell extension 'powershell' for command environment: Not usable outside of PowerShell
[1.134s] DEBUG:colcon.colcon_core.shell:Skip shell extension 'dsv' for command environment
[1.150s] DEBUG:colcon.colcon_core.event_handler.log_command:Invoking command in '/home/airlab/seed25/ros_packages/mocap4r2_ws/build/mocap4r2_control_msgs': CMAKE_PREFIX_PATH=${CMAKE_PREFIX_PATH}:/home/airlab/seed25/ros_packages/mocap4r2_ws/install/mocap4r2cli:/opt/ros/foxy /usr/bin/cmake /home/airlab/seed25/ros_packages/mocap4r2_ws/src/mocap4r2/mocap4r2_control/mocap4r2_control_msgs -DCMAKE_INSTALL_PREFIX=/home/airlab/seed25/ros_packages/mocap4r2_ws/install/mocap4r2_control_msgs
[1.162s] DEBUG:colcon.colcon_core.event_handler.log_command:Invoking command in '/home/airlab/seed25/ros_packages/mocap4r2_ws/build/mocap4r2_msgs': CMAKE_PREFIX_PATH=${CMAKE_PREFIX_PATH}:/home/airlab/seed25/ros_packages/mocap4r2_ws/install/mocap4r2cli:/opt/ros/foxy /usr/bin/cmake /home/airlab/seed25/ros_packages/mocap4r2_ws/src/mocap_msgs -DCMAKE_INSTALL_PREFIX=/home/airlab/seed25/ros_packages/mocap4r2_ws/install/mocap4r2_msgs
[1.169s] DEBUG:colcon.colcon_core.event_handler.log_command:Invoking command in '/home/airlab/seed25/ros_packages/mocap4r2_ws/build/mocap4r2_marker_viz_srvs': CMAKE_PREFIX_PATH=${CMAKE_PREFIX_PATH}:/home/airlab/seed25/ros_packages/mocap4r2_ws/install/mocap4r2cli:/opt/ros/foxy /usr/bin/cmake /home/airlab/seed25/ros_packages/mocap4r2_ws/src/mocap4r2/mocap4r2_marker_viz/mocap4r2_marker_viz_srvs -DCMAKE_INSTALL_PREFIX=/home/airlab/seed25/ros_packages/mocap4r2_ws/install/mocap4r2_marker_viz_srvs
[1.178s] DEBUG:colcon.colcon_core.event_handler.log_command:Invoking command in '/home/airlab/seed25/ros_packages/mocap4r2_ws/build/mocap4r2_robot_gt_msgs': CMAKE_PREFIX_PATH=${CMAKE_PREFIX_PATH}:/home/airlab/seed25/ros_packages/mocap4r2_ws/install/mocap4r2cli:/opt/ros/foxy /usr/bin/cmake /home/airlab/seed25/ros_packages/mocap4r2_ws/src/mocap4r2/mocap4r2_robot_gt/mocap4r2_robot_gt_msgs -DCMAKE_INSTALL_PREFIX=/home/airlab/seed25/ros_packages/mocap4r2_ws/install/mocap4r2_robot_gt_msgs
[4.736s] DEBUG:colcon.colcon_core.event_handler.log_command:Invoked command in '/home/airlab/seed25/ros_packages/mocap4r2_ws/build/mocap4r2_marker_viz_srvs' returned '0': CMAKE_PREFIX_PATH=${CMAKE_PREFIX_PATH}:/home/airlab/seed25/ros_packages/mocap4r2_ws/install/mocap4r2cli:/opt/ros/foxy /usr/bin/cmake /home/airlab/seed25/ros_packages/mocap4r2_ws/src/mocap4r2/mocap4r2_marker_viz/mocap4r2_marker_viz_srvs -DCMAKE_INSTALL_PREFIX=/home/airlab/seed25/ros_packages/mocap4r2_ws/install/mocap4r2_marker_viz_srvs
[4.737s] DEBUG:colcon.colcon_core.event_handler.log_command:Invoking command in '/home/airlab/seed25/ros_packages/mocap4r2_ws/build/mocap4r2_marker_viz_srvs': CMAKE_PREFIX_PATH=${CMAKE_PREFIX_PATH}:/home/airlab/seed25/ros_packages/mocap4r2_ws/install/mocap4r2cli:/opt/ros/foxy /usr/bin/cmake --build /home/airlab/seed25/ros_packages/mocap4r2_ws/build/mocap4r2_marker_viz_srvs -- -j4 -l4
[5.079s] DEBUG:colcon.colcon_core.event_handler.log_command:Invoked command in '/home/airlab/seed25/ros_packages/mocap4r2_ws/build/mocap4r2_robot_gt_msgs' returned '0': CMAKE_PREFIX_PATH=${CMAKE_PREFIX_PATH}:/home/airlab/seed25/ros_packages/mocap4r2_ws/install/mocap4r2cli:/opt/ros/foxy /usr/bin/cmake /home/airlab/seed25/ros_packages/mocap4r2_ws/src/mocap4r2/mocap4r2_robot_gt/mocap4r2_robot_gt_msgs -DCMAKE_INSTALL_PREFIX=/home/airlab/seed25/ros_packages/mocap4r2_ws/install/mocap4r2_robot_gt_msgs
[5.087s] DEBUG:colcon.colcon_core.event_handler.log_command:Invoking command in '/home/airlab/seed25/ros_packages/mocap4r2_ws/build/mocap4r2_robot_gt_msgs': CMAKE_PREFIX_PATH=${CMAKE_PREFIX_PATH}:/home/airlab/seed25/ros_packages/mocap4r2_ws/install/mocap4r2cli:/opt/ros/foxy /usr/bin/cmake --build /home/airlab/seed25/ros_packages/mocap4r2_ws/build/mocap4r2_robot_gt_msgs -- -j4 -l4
[5.117s] DEBUG:colcon.colcon_core.event_handler.log_command:Invoked command in '/home/airlab/seed25/ros_packages/mocap4r2_ws/build/mocap4r2_control_msgs' returned '0': CMAKE_PREFIX_PATH=${CMAKE_PREFIX_PATH}:/home/airlab/seed25/ros_packages/mocap4r2_ws/install/mocap4r2cli:/opt/ros/foxy /usr/bin/cmake /home/airlab/seed25/ros_packages/mocap4r2_ws/src/mocap4r2/mocap4r2_control/mocap4r2_control_msgs -DCMAKE_INSTALL_PREFIX=/home/airlab/seed25/ros_packages/mocap4r2_ws/install/mocap4r2_control_msgs
[5.124s] DEBUG:colcon.colcon_core.event_handler.log_command:Invoking command in '/home/airlab/seed25/ros_packages/mocap4r2_ws/build/mocap4r2_control_msgs': CMAKE_PREFIX_PATH=${CMAKE_PREFIX_PATH}:/home/airlab/seed25/ros_packages/mocap4r2_ws/install/mocap4r2cli:/opt/ros/foxy /usr/bin/cmake --build /home/airlab/seed25/ros_packages/mocap4r2_ws/build/mocap4r2_control_msgs -- -j4 -l4
[5.148s] DEBUG:colcon.colcon_core.event_handler.log_command:Invoked command in '/home/airlab/seed25/ros_packages/mocap4r2_ws/build/mocap4r2_msgs' returned '0': CMAKE_PREFIX_PATH=${CMAKE_PREFIX_PATH}:/home/airlab/seed25/ros_packages/mocap4r2_ws/install/mocap4r2cli:/opt/ros/foxy /usr/bin/cmake /home/airlab/seed25/ros_packages/mocap4r2_ws/src/mocap_msgs -DCMAKE_INSTALL_PREFIX=/home/airlab/seed25/ros_packages/mocap4r2_ws/install/mocap4r2_msgs
[5.156s] DEBUG:colcon.colcon_core.event_handler.log_command:Invoking command in '/home/airlab/seed25/ros_packages/mocap4r2_ws/build/mocap4r2_msgs': CMAKE_PREFIX_PATH=${CMAKE_PREFIX_PATH}:/home/airlab/seed25/ros_packages/mocap4r2_ws/install/mocap4r2cli:/opt/ros/foxy /usr/bin/cmake --build /home/airlab/seed25/ros_packages/mocap4r2_ws/build/mocap4r2_msgs -- -j4 -l4
[22.035s] DEBUG:colcon.colcon_core.event_handler.log_command:Invoked command in '/home/airlab/seed25/ros_packages/mocap4r2_ws/build/mocap4r2_robot_gt_msgs' returned '0': CMAKE_PREFIX_PATH=${CMAKE_PREFIX_PATH}:/home/airlab/seed25/ros_packages/mocap4r2_ws/install/mocap4r2cli:/opt/ros/foxy /usr/bin/cmake --build /home/airlab/seed25/ros_packages/mocap4r2_ws/build/mocap4r2_robot_gt_msgs -- -j4 -l4
[22.091s] DEBUG:colcon.colcon_core.event_handler.log_command:Invoking command in '/home/airlab/seed25/ros_packages/mocap4r2_ws/build/mocap4r2_robot_gt_msgs': CMAKE_PREFIX_PATH=${CMAKE_PREFIX_PATH}:/home/airlab/seed25/ros_packages/mocap4r2_ws/install/mocap4r2cli:/opt/ros/foxy /usr/bin/cmake --install /home/airlab/seed25/ros_packages/mocap4r2_ws/build/mocap4r2_robot_gt_msgs
[22.334s] Level 1:colcon.colcon_core.environment:create_environment_scripts_only(mocap4r2_robot_gt_msgs)
[22.337s] DEBUG:colcon.colcon_core.event_handler.log_command:Invoked command in '/home/airlab/seed25/ros_packages/mocap4r2_ws/build/mocap4r2_robot_gt_msgs' returned '0': CMAKE_PREFIX_PATH=${CMAKE_PREFIX_PATH}:/home/airlab/seed25/ros_packages/mocap4r2_ws/install/mocap4r2cli:/opt/ros/foxy /usr/bin/cmake --install /home/airlab/seed25/ros_packages/mocap4r2_ws/build/mocap4r2_robot_gt_msgs
[22.341s] Level 1:colcon.colcon_core.environment:checking '/home/airlab/seed25/ros_packages/mocap4r2_ws/install/mocap4r2_robot_gt_msgs' for CMake module files
[22.343s] Level 1:colcon.colcon_core.environment:checking '/home/airlab/seed25/ros_packages/mocap4r2_ws/install/mocap4r2_robot_gt_msgs' for CMake config files
[22.344s] Level 1:colcon.colcon_core.shell:create_environment_hook('mocap4r2_robot_gt_msgs', 'cmake_prefix_path')
[22.344s] INFO:colcon.colcon_core.shell:Creating environment hook '/home/airlab/seed25/ros_packages/mocap4r2_ws/install/mocap4r2_robot_gt_msgs/share/mocap4r2_robot_gt_msgs/hook/cmake_prefix_path.ps1'
[22.346s] INFO:colcon.colcon_core.shell:Creating environment descriptor '/home/airlab/seed25/ros_packages/mocap4r2_ws/install/mocap4r2_robot_gt_msgs/share/mocap4r2_robot_gt_msgs/hook/cmake_prefix_path.dsv'
[22.347s] INFO:colcon.colcon_core.shell:Creating environment hook '/home/airlab/seed25/ros_packages/mocap4r2_ws/install/mocap4r2_robot_gt_msgs/share/mocap4r2_robot_gt_msgs/hook/cmake_prefix_path.sh'
[22.350s] Level 1:colcon.colcon_core.environment:checking '/home/airlab/seed25/ros_packages/mocap4r2_ws/install/mocap4r2_robot_gt_msgs/lib'
[22.350s] Level 1:colcon.colcon_core.shell:create_environment_hook('mocap4r2_robot_gt_msgs', 'ld_library_path_lib')
[22.351s] INFO:colcon.colcon_core.shell:Creating environment hook '/home/airlab/seed25/ros_packages/mocap4r2_ws/install/mocap4r2_robot_gt_msgs/share/mocap4r2_robot_gt_msgs/hook/ld_library_path_lib.ps1'
[22.352s] INFO:colcon.colcon_core.shell:Creating environment descriptor '/home/airlab/seed25/ros_packages/mocap4r2_ws/install/mocap4r2_robot_gt_msgs/share/mocap4r2_robot_gt_msgs/hook/ld_library_path_lib.dsv'
[22.354s] INFO:colcon.colcon_core.shell:Creating environment hook '/home/airlab/seed25/ros_packages/mocap4r2_ws/install/mocap4r2_robot_gt_msgs/share/mocap4r2_robot_gt_msgs/hook/ld_library_path_lib.sh'
[22.355s] Level 1:colcon.colcon_core.environment:checking '/home/airlab/seed25/ros_packages/mocap4r2_ws/install/mocap4r2_robot_gt_msgs/bin'
[22.355s] Level 1:colcon.colcon_core.environment:checking '/home/airlab/seed25/ros_packages/mocap4r2_ws/install/mocap4r2_robot_gt_msgs/lib/pkgconfig/mocap4r2_robot_gt_msgs.pc'
[22.356s] Level 1:colcon.colcon_core.environment:checking '/home/airlab/seed25/ros_packages/mocap4r2_ws/install/mocap4r2_robot_gt_msgs/lib/python3.8/site-packages'
[22.356s] Level 1:colcon.colcon_core.shell:create_environment_hook('mocap4r2_robot_gt_msgs', 'pythonpath')
[22.356s] INFO:colcon.colcon_core.shell:Creating environment hook '/home/airlab/seed25/ros_packages/mocap4r2_ws/install/mocap4r2_robot_gt_msgs/share/mocap4r2_robot_gt_msgs/hook/pythonpath.ps1'
[22.357s] INFO:colcon.colcon_core.shell:Creating environment descriptor '/home/airlab/seed25/ros_packages/mocap4r2_ws/install/mocap4r2_robot_gt_msgs/share/mocap4r2_robot_gt_msgs/hook/pythonpath.dsv'
[22.358s] INFO:colcon.colcon_core.shell:Creating environment hook '/home/airlab/seed25/ros_packages/mocap4r2_ws/install/mocap4r2_robot_gt_msgs/share/mocap4r2_robot_gt_msgs/hook/pythonpath.sh'
[22.359s] Level 1:colcon.colcon_core.environment:checking '/home/airlab/seed25/ros_packages/mocap4r2_ws/install/mocap4r2_robot_gt_msgs/bin'
[22.360s] INFO:colcon.colcon_core.shell:Creating package script '/home/airlab/seed25/ros_packages/mocap4r2_ws/install/mocap4r2_robot_gt_msgs/share/mocap4r2_robot_gt_msgs/package.ps1'
[22.370s] INFO:colcon.colcon_core.shell:Creating package descriptor '/home/airlab/seed25/ros_packages/mocap4r2_ws/install/mocap4r2_robot_gt_msgs/share/mocap4r2_robot_gt_msgs/package.dsv'
[22.372s] INFO:colcon.colcon_core.shell:Creating package script '/home/airlab/seed25/ros_packages/mocap4r2_ws/install/mocap4r2_robot_gt_msgs/share/mocap4r2_robot_gt_msgs/package.sh'
[22.381s] INFO:colcon.colcon_core.shell:Creating package script '/home/airlab/seed25/ros_packages/mocap4r2_ws/install/mocap4r2_robot_gt_msgs/share/mocap4r2_robot_gt_msgs/package.bash'
[22.383s] INFO:colcon.colcon_core.shell:Creating package script '/home/airlab/seed25/ros_packages/mocap4r2_ws/install/mocap4r2_robot_gt_msgs/share/mocap4r2_robot_gt_msgs/package.zsh'
[22.384s] Level 1:colcon.colcon_core.environment:create_file_with_runtime_dependencies(/home/airlab/seed25/ros_packages/mocap4r2_ws/install/mocap4r2_robot_gt_msgs/share/colcon-core/packages/mocap4r2_robot_gt_msgs)
[22.387s] Level 1:colcon.colcon_core.environment:create_environment_scripts_only(mocap4r2_robot_gt_msgs)
[22.387s] Level 1:colcon.colcon_core.environment:checking '/home/airlab/seed25/ros_packages/mocap4r2_ws/install/mocap4r2_robot_gt_msgs' for CMake module files
[22.388s] Level 1:colcon.colcon_core.environment:checking '/home/airlab/seed25/ros_packages/mocap4r2_ws/install/mocap4r2_robot_gt_msgs' for CMake config files
[22.389s] Level 1:colcon.colcon_core.shell:create_environment_hook('mocap4r2_robot_gt_msgs', 'cmake_prefix_path')
[22.390s] INFO:colcon.colcon_core.shell:Creating environment hook '/home/airlab/seed25/ros_packages/mocap4r2_ws/install/mocap4r2_robot_gt_msgs/share/mocap4r2_robot_gt_msgs/hook/cmake_prefix_path.ps1'
[22.391s] INFO:colcon.colcon_core.shell:Creating environment descriptor '/home/airlab/seed25/ros_packages/mocap4r2_ws/install/mocap4r2_robot_gt_msgs/share/mocap4r2_robot_gt_msgs/hook/cmake_prefix_path.dsv'
[22.392s] INFO:colcon.colcon_core.shell:Creating environment hook '/home/airlab/seed25/ros_packages/mocap4r2_ws/install/mocap4r2_robot_gt_msgs/share/mocap4r2_robot_gt_msgs/hook/cmake_prefix_path.sh'
[22.393s] Level 1:colcon.colcon_core.environment:checking '/home/airlab/seed25/ros_packages/mocap4r2_ws/install/mocap4r2_robot_gt_msgs/lib'
[22.393s] Level 1:colcon.colcon_core.shell:create_environment_hook('mocap4r2_robot_gt_msgs', 'ld_library_path_lib')
[22.394s] INFO:colcon.colcon_core.shell:Creating environment hook '/home/airlab/seed25/ros_packages/mocap4r2_ws/install/mocap4r2_robot_gt_msgs/share/mocap4r2_robot_gt_msgs/hook/ld_library_path_lib.ps1'
[22.395s] INFO:colcon.colcon_core.shell:Creating environment descriptor '/home/airlab/seed25/ros_packages/mocap4r2_ws/install/mocap4r2_robot_gt_msgs/share/mocap4r2_robot_gt_msgs/hook/ld_library_path_lib.dsv'
[22.395s] INFO:colcon.colcon_core.shell:Creating environment hook '/home/airlab/seed25/ros_packages/mocap4r2_ws/install/mocap4r2_robot_gt_msgs/share/mocap4r2_robot_gt_msgs/hook/ld_library_path_lib.sh'
[22.396s] Level 1:colcon.colcon_core.environment:checking '/home/airlab/seed25/ros_packages/mocap4r2_ws/install/mocap4r2_robot_gt_msgs/bin'
[22.397s] Level 1:colcon.colcon_core.environment:checking '/home/airlab/seed25/ros_packages/mocap4r2_ws/install/mocap4r2_robot_gt_msgs/lib/pkgconfig/mocap4r2_robot_gt_msgs.pc'
[22.397s] Level 1:colcon.colcon_core.environment:checking '/home/airlab/seed25/ros_packages/mocap4r2_ws/install/mocap4r2_robot_gt_msgs/lib/python3.8/site-packages'
[22.397s] Level 1:colcon.colcon_core.shell:create_environment_hook('mocap4r2_robot_gt_msgs', 'pythonpath')
[22.398s] INFO:colcon.colcon_core.shell:Creating environment hook '/home/airlab/seed25/ros_packages/mocap4r2_ws/install/mocap4r2_robot_gt_msgs/share/mocap4r2_robot_gt_msgs/hook/pythonpath.ps1'
[22.400s] INFO:colcon.colcon_core.shell:Creating environment descriptor '/home/airlab/seed25/ros_packages/mocap4r2_ws/install/mocap4r2_robot_gt_msgs/share/mocap4r2_robot_gt_msgs/hook/pythonpath.dsv'
[22.400s] INFO:colcon.colcon_core.shell:Creating environment hook '/home/airlab/seed25/ros_packages/mocap4r2_ws/install/mocap4r2_robot_gt_msgs/share/mocap4r2_robot_gt_msgs/hook/pythonpath.sh'
[22.402s] Level 1:colcon.colcon_core.environment:checking '/home/airlab/seed25/ros_packages/mocap4r2_ws/install/mocap4r2_robot_gt_msgs/bin'
[22.403s] INFO:colcon.colcon_core.shell:Creating package script '/home/airlab/seed25/ros_packages/mocap4r2_ws/install/mocap4r2_robot_gt_msgs/share/mocap4r2_robot_gt_msgs/package.ps1'
[22.404s] INFO:colcon.colcon_core.shell:Creating package descriptor '/home/airlab/seed25/ros_packages/mocap4r2_ws/install/mocap4r2_robot_gt_msgs/share/mocap4r2_robot_gt_msgs/package.dsv'
[22.405s] INFO:colcon.colcon_core.shell:Creating package script '/home/airlab/seed25/ros_packages/mocap4r2_ws/install/mocap4r2_robot_gt_msgs/share/mocap4r2_robot_gt_msgs/package.sh'
[22.406s] INFO:colcon.colcon_core.shell:Creating package script '/home/airlab/seed25/ros_packages/mocap4r2_ws/install/mocap4r2_robot_gt_msgs/share/mocap4r2_robot_gt_msgs/package.bash'
[22.407s] INFO:colcon.colcon_core.shell:Creating package script '/home/airlab/seed25/ros_packages/mocap4r2_ws/install/mocap4r2_robot_gt_msgs/share/mocap4r2_robot_gt_msgs/package.zsh'
[22.408s] Level 1:colcon.colcon_core.environment:create_file_with_runtime_dependencies(/home/airlab/seed25/ros_packages/mocap4r2_ws/install/mocap4r2_robot_gt_msgs/share/colcon-core/packages/mocap4r2_robot_gt_msgs)
[22.914s] DEBUG:colcon.colcon_core.event_handler.log_command:Invoked command in '/home/airlab/seed25/ros_packages/mocap4r2_ws/build/mocap4r2_marker_viz_srvs' returned '0': CMAKE_PREFIX_PATH=${CMAKE_PREFIX_PATH}:/home/airlab/seed25/ros_packages/mocap4r2_ws/install/mocap4r2cli:/opt/ros/foxy /usr/bin/cmake --build /home/airlab/seed25/ros_packages/mocap4r2_ws/build/mocap4r2_marker_viz_srvs -- -j4 -l4
[22.921s] DEBUG:colcon.colcon_core.event_handler.log_command:Invoking command in '/home/airlab/seed25/ros_packages/mocap4r2_ws/build/mocap4r2_marker_viz_srvs': CMAKE_PREFIX_PATH=${CMAKE_PREFIX_PATH}:/home/airlab/seed25/ros_packages/mocap4r2_ws/install/mocap4r2cli:/opt/ros/foxy /usr/bin/cmake --install /home/airlab/seed25/ros_packages/mocap4r2_ws/build/mocap4r2_marker_viz_srvs
[23.082s] Level 1:colcon.colcon_core.environment:create_environment_scripts_only(mocap4r2_marker_viz_srvs)
[23.083s] Level 1:colcon.colcon_core.environment:checking '/home/airlab/seed25/ros_packages/mocap4r2_ws/install/mocap4r2_marker_viz_srvs' for CMake module files
[23.084s] DEBUG:colcon.colcon_core.event_handler.log_command:Invoked command in '/home/airlab/seed25/ros_packages/mocap4r2_ws/build/mocap4r2_marker_viz_srvs' returned '0': CMAKE_PREFIX_PATH=${CMAKE_PREFIX_PATH}:/home/airlab/seed25/ros_packages/mocap4r2_ws/install/mocap4r2cli:/opt/ros/foxy /usr/bin/cmake --install /home/airlab/seed25/ros_packages/mocap4r2_ws/build/mocap4r2_marker_viz_srvs
[23.086s] Level 1:colcon.colcon_core.environment:checking '/home/airlab/seed25/ros_packages/mocap4r2_ws/install/mocap4r2_marker_viz_srvs' for CMake config files
[23.086s] Level 1:colcon.colcon_core.shell:create_environment_hook('mocap4r2_marker_viz_srvs', 'cmake_prefix_path')
[23.087s] INFO:colcon.colcon_core.shell:Creating environment hook '/home/airlab/seed25/ros_packages/mocap4r2_ws/install/mocap4r2_marker_viz_srvs/share/mocap4r2_marker_viz_srvs/hook/cmake_prefix_path.ps1'
[23.088s] INFO:colcon.colcon_core.shell:Creating environment descriptor '/home/airlab/seed25/ros_packages/mocap4r2_ws/install/mocap4r2_marker_viz_srvs/share/mocap4r2_marker_viz_srvs/hook/cmake_prefix_path.dsv'
[23.089s] INFO:colcon.colcon_core.shell:Creating environment hook '/home/airlab/seed25/ros_packages/mocap4r2_ws/install/mocap4r2_marker_viz_srvs/share/mocap4r2_marker_viz_srvs/hook/cmake_prefix_path.sh'
[23.090s] Level 1:colcon.colcon_core.environment:checking '/home/airlab/seed25/ros_packages/mocap4r2_ws/install/mocap4r2_marker_viz_srvs/lib'
[23.090s] Level 1:colcon.colcon_core.shell:create_environment_hook('mocap4r2_marker_viz_srvs', 'ld_library_path_lib')
[23.091s] INFO:colcon.colcon_core.shell:Creating environment hook '/home/airlab/seed25/ros_packages/mocap4r2_ws/install/mocap4r2_marker_viz_srvs/share/mocap4r2_marker_viz_srvs/hook/ld_library_path_lib.ps1'
[23.092s] INFO:colcon.colcon_core.shell:Creating environment descriptor '/home/airlab/seed25/ros_packages/mocap4r2_ws/install/mocap4r2_marker_viz_srvs/share/mocap4r2_marker_viz_srvs/hook/ld_library_path_lib.dsv'
[23.092s] INFO:colcon.colcon_core.shell:Creating environment hook '/home/airlab/seed25/ros_packages/mocap4r2_ws/install/mocap4r2_marker_viz_srvs/share/mocap4r2_marker_viz_srvs/hook/ld_library_path_lib.sh'
[23.094s] Level 1:colcon.colcon_core.environment:checking '/home/airlab/seed25/ros_packages/mocap4r2_ws/install/mocap4r2_marker_viz_srvs/bin'
[23.094s] Level 1:colcon.colcon_core.environment:checking '/home/airlab/seed25/ros_packages/mocap4r2_ws/install/mocap4r2_marker_viz_srvs/lib/pkgconfig/mocap4r2_marker_viz_srvs.pc'
[23.094s] Level 1:colcon.colcon_core.environment:checking '/home/airlab/seed25/ros_packages/mocap4r2_ws/install/mocap4r2_marker_viz_srvs/lib/python3.8/site-packages'
[23.094s] Level 1:colcon.colcon_core.shell:create_environment_hook('mocap4r2_marker_viz_srvs', 'pythonpath')
[23.095s] INFO:colcon.colcon_core.shell:Creating environment hook '/home/airlab/seed25/ros_packages/mocap4r2_ws/install/mocap4r2_marker_viz_srvs/share/mocap4r2_marker_viz_srvs/hook/pythonpath.ps1'
[23.097s] INFO:colcon.colcon_core.shell:Creating environment descriptor '/home/airlab/seed25/ros_packages/mocap4r2_ws/install/mocap4r2_marker_viz_srvs/share/mocap4r2_marker_viz_srvs/hook/pythonpath.dsv'
[23.098s] INFO:colcon.colcon_core.shell:Creating environment hook '/home/airlab/seed25/ros_packages/mocap4r2_ws/install/mocap4r2_marker_viz_srvs/share/mocap4r2_marker_viz_srvs/hook/pythonpath.sh'
[23.099s] Level 1:colcon.colcon_core.environment:checking '/home/airlab/seed25/ros_packages/mocap4r2_ws/install/mocap4r2_marker_viz_srvs/bin'
[23.100s] INFO:colcon.colcon_core.shell:Creating package script '/home/airlab/seed25/ros_packages/mocap4r2_ws/install/mocap4r2_marker_viz_srvs/share/mocap4r2_marker_viz_srvs/package.ps1'
[23.102s] INFO:colcon.colcon_core.shell:Creating package descriptor '/home/airlab/seed25/ros_packages/mocap4r2_ws/install/mocap4r2_marker_viz_srvs/share/mocap4r2_marker_viz_srvs/package.dsv'
[23.104s] INFO:colcon.colcon_core.shell:Creating package script '/home/airlab/seed25/ros_packages/mocap4r2_ws/install/mocap4r2_marker_viz_srvs/share/mocap4r2_marker_viz_srvs/package.sh'
[23.105s] INFO:colcon.colcon_core.shell:Creating package script '/home/airlab/seed25/ros_packages/mocap4r2_ws/install/mocap4r2_marker_viz_srvs/share/mocap4r2_marker_viz_srvs/package.bash'
[23.106s] INFO:colcon.colcon_core.shell:Creating package script '/home/airlab/seed25/ros_packages/mocap4r2_ws/install/mocap4r2_marker_viz_srvs/share/mocap4r2_marker_viz_srvs/package.zsh'
[23.107s] Level 1:colcon.colcon_core.environment:create_file_with_runtime_dependencies(/home/airlab/seed25/ros_packages/mocap4r2_ws/install/mocap4r2_marker_viz_srvs/share/colcon-core/packages/mocap4r2_marker_viz_srvs)
[23.109s] Level 1:colcon.colcon_core.environment:create_environment_scripts_only(mocap4r2_marker_viz_srvs)
[23.110s] Level 1:colcon.colcon_core.environment:checking '/home/airlab/seed25/ros_packages/mocap4r2_ws/install/mocap4r2_marker_viz_srvs' for CMake module files
[23.111s] Level 1:colcon.colcon_core.environment:checking '/home/airlab/seed25/ros_packages/mocap4r2_ws/install/mocap4r2_marker_viz_srvs' for CMake config files
[23.112s] Level 1:colcon.colcon_core.shell:create_environment_hook('mocap4r2_marker_viz_srvs', 'cmake_prefix_path')
[23.112s] INFO:colcon.colcon_core.shell:Creating environment hook '/home/airlab/seed25/ros_packages/mocap4r2_ws/install/mocap4r2_marker_viz_srvs/share/mocap4r2_marker_viz_srvs/hook/cmake_prefix_path.ps1'
[23.113s] INFO:colcon.colcon_core.shell:Creating environment descriptor '/home/airlab/seed25/ros_packages/mocap4r2_ws/install/mocap4r2_marker_viz_srvs/share/mocap4r2_marker_viz_srvs/hook/cmake_prefix_path.dsv'
[23.114s] INFO:colcon.colcon_core.shell:Creating environment hook '/home/airlab/seed25/ros_packages/mocap4r2_ws/install/mocap4r2_marker_viz_srvs/share/mocap4r2_marker_viz_srvs/hook/cmake_prefix_path.sh'
[23.116s] Level 1:colcon.colcon_core.environment:checking '/home/airlab/seed25/ros_packages/mocap4r2_ws/install/mocap4r2_marker_viz_srvs/lib'
[23.116s] Level 1:colcon.colcon_core.shell:create_environment_hook('mocap4r2_marker_viz_srvs', 'ld_library_path_lib')
[23.117s] INFO:colcon.colcon_core.shell:Creating environment hook '/home/airlab/seed25/ros_packages/mocap4r2_ws/install/mocap4r2_marker_viz_srvs/share/mocap4r2_marker_viz_srvs/hook/ld_library_path_lib.ps1'
[23.118s] INFO:colcon.colcon_core.shell:Creating environment descriptor '/home/airlab/seed25/ros_packages/mocap4r2_ws/install/mocap4r2_marker_viz_srvs/share/mocap4r2_marker_viz_srvs/hook/ld_library_path_lib.dsv'
[23.119s] INFO:colcon.colcon_core.shell:Creating environment hook '/home/airlab/seed25/ros_packages/mocap4r2_ws/install/mocap4r2_marker_viz_srvs/share/mocap4r2_marker_viz_srvs/hook/ld_library_path_lib.sh'
[23.120s] Level 1:colcon.colcon_core.environment:checking '/home/airlab/seed25/ros_packages/mocap4r2_ws/install/mocap4r2_marker_viz_srvs/bin'
[23.120s] Level 1:colcon.colcon_core.environment:checking '/home/airlab/seed25/ros_packages/mocap4r2_ws/install/mocap4r2_marker_viz_srvs/lib/pkgconfig/mocap4r2_marker_viz_srvs.pc'
[23.121s] Level 1:colcon.colcon_core.environment:checking '/home/airlab/seed25/ros_packages/mocap4r2_ws/install/mocap4r2_marker_viz_srvs/lib/python3.8/site-packages'
[23.121s] Level 1:colcon.colcon_core.shell:create_environment_hook('mocap4r2_marker_viz_srvs', 'pythonpath')
[23.122s] INFO:colcon.colcon_core.shell:Creating environment hook '/home/airlab/seed25/ros_packages/mocap4r2_ws/install/mocap4r2_marker_viz_srvs/share/mocap4r2_marker_viz_srvs/hook/pythonpath.ps1'
[23.123s] INFO:colcon.colcon_core.shell:Creating environment descriptor '/home/airlab/seed25/ros_packages/mocap4r2_ws/install/mocap4r2_marker_viz_srvs/share/mocap4r2_marker_viz_srvs/hook/pythonpath.dsv'
[23.124s] INFO:colcon.colcon_core.shell:Creating environment hook '/home/airlab/seed25/ros_packages/mocap4r2_ws/install/mocap4r2_marker_viz_srvs/share/mocap4r2_marker_viz_srvs/hook/pythonpath.sh'
[23.125s] Level 1:colcon.colcon_core.environment:checking '/home/airlab/seed25/ros_packages/mocap4r2_ws/install/mocap4r2_marker_viz_srvs/bin'
[23.126s] INFO:colcon.colcon_core.shell:Creating package script '/home/airlab/seed25/ros_packages/mocap4r2_ws/install/mocap4r2_marker_viz_srvs/share/mocap4r2_marker_viz_srvs/package.ps1'
[23.128s] INFO:colcon.colcon_core.shell:Creating package descriptor '/home/airlab/seed25/ros_packages/mocap4r2_ws/install/mocap4r2_marker_viz_srvs/share/mocap4r2_marker_viz_srvs/package.dsv'
[23.129s] INFO:colcon.colcon_core.shell:Creating package script '/home/airlab/seed25/ros_packages/mocap4r2_ws/install/mocap4r2_marker_viz_srvs/share/mocap4r2_marker_viz_srvs/package.sh'
[23.130s] INFO:colcon.colcon_core.shell:Creating package script '/home/airlab/seed25/ros_packages/mocap4r2_ws/install/mocap4r2_marker_viz_srvs/share/mocap4r2_marker_viz_srvs/package.bash'
[23.131s] INFO:colcon.colcon_core.shell:Creating package script '/home/airlab/seed25/ros_packages/mocap4r2_ws/install/mocap4r2_marker_viz_srvs/share/mocap4r2_marker_viz_srvs/package.zsh'
[23.132s] Level 1:colcon.colcon_core.environment:create_file_with_runtime_dependencies(/home/airlab/seed25/ros_packages/mocap4r2_ws/install/mocap4r2_marker_viz_srvs/share/colcon-core/packages/mocap4r2_marker_viz_srvs)
[23.868s] DEBUG:colcon.colcon_core.event_handler.log_command:Invoked command in '/home/airlab/seed25/ros_packages/mocap4r2_ws/build/mocap4r2_control_msgs' returned '0': CMAKE_PREFIX_PATH=${CMAKE_PREFIX_PATH}:/home/airlab/seed25/ros_packages/mocap4r2_ws/install/mocap4r2cli:/opt/ros/foxy /usr/bin/cmake --build /home/airlab/seed25/ros_packages/mocap4r2_ws/build/mocap4r2_control_msgs -- -j4 -l4
[23.869s] DEBUG:colcon.colcon_core.event_handler.log_command:Invoking command in '/home/airlab/seed25/ros_packages/mocap4r2_ws/build/mocap4r2_control_msgs': CMAKE_PREFIX_PATH=${CMAKE_PREFIX_PATH}:/home/airlab/seed25/ros_packages/mocap4r2_ws/install/mocap4r2cli:/opt/ros/foxy /usr/bin/cmake --install /home/airlab/seed25/ros_packages/mocap4r2_ws/build/mocap4r2_control_msgs
[24.073s] Level 1:colcon.colcon_core.environment:create_environment_scripts_only(mocap4r2_control_msgs)
[24.074s] Level 1:colcon.colcon_core.environment:checking '/home/airlab/seed25/ros_packages/mocap4r2_ws/install/mocap4r2_control_msgs' for CMake module files
[24.076s] Level 1:colcon.colcon_core.environment:checking '/home/airlab/seed25/ros_packages/mocap4r2_ws/install/mocap4r2_control_msgs' for CMake config files
[24.077s] Level 1:colcon.colcon_core.shell:create_environment_hook('mocap4r2_control_msgs', 'cmake_prefix_path')
[24.077s] DEBUG:colcon.colcon_core.event_handler.log_command:Invoked command in '/home/airlab/seed25/ros_packages/mocap4r2_ws/build/mocap4r2_control_msgs' returned '0': CMAKE_PREFIX_PATH=${CMAKE_PREFIX_PATH}:/home/airlab/seed25/ros_packages/mocap4r2_ws/install/mocap4r2cli:/opt/ros/foxy /usr/bin/cmake --install /home/airlab/seed25/ros_packages/mocap4r2_ws/build/mocap4r2_control_msgs
[24.078s] INFO:colcon.colcon_core.shell:Creating environment hook '/home/airlab/seed25/ros_packages/mocap4r2_ws/install/mocap4r2_control_msgs/share/mocap4r2_control_msgs/hook/cmake_prefix_path.ps1'
[24.080s] INFO:colcon.colcon_core.shell:Creating environment descriptor '/home/airlab/seed25/ros_packages/mocap4r2_ws/install/mocap4r2_control_msgs/share/mocap4r2_control_msgs/hook/cmake_prefix_path.dsv'
[24.081s] INFO:colcon.colcon_core.shell:Creating environment hook '/home/airlab/seed25/ros_packages/mocap4r2_ws/install/mocap4r2_control_msgs/share/mocap4r2_control_msgs/hook/cmake_prefix_path.sh'
[24.083s] Level 1:colcon.colcon_core.environment:checking '/home/airlab/seed25/ros_packages/mocap4r2_ws/install/mocap4r2_control_msgs/lib'
[24.083s] Level 1:colcon.colcon_core.shell:create_environment_hook('mocap4r2_control_msgs', 'ld_library_path_lib')
[24.084s] INFO:colcon.colcon_core.shell:Creating environment hook '/home/airlab/seed25/ros_packages/mocap4r2_ws/install/mocap4r2_control_msgs/share/mocap4r2_control_msgs/hook/ld_library_path_lib.ps1'
[24.084s] INFO:colcon.colcon_core.shell:Creating environment descriptor '/home/airlab/seed25/ros_packages/mocap4r2_ws/install/mocap4r2_control_msgs/share/mocap4r2_control_msgs/hook/ld_library_path_lib.dsv'
[24.085s] INFO:colcon.colcon_core.shell:Creating environment hook '/home/airlab/seed25/ros_packages/mocap4r2_ws/install/mocap4r2_control_msgs/share/mocap4r2_control_msgs/hook/ld_library_path_lib.sh'
[24.086s] Level 1:colcon.colcon_core.environment:checking '/home/airlab/seed25/ros_packages/mocap4r2_ws/install/mocap4r2_control_msgs/bin'
[24.087s] Level 1:colcon.colcon_core.environment:checking '/home/airlab/seed25/ros_packages/mocap4r2_ws/install/mocap4r2_control_msgs/lib/pkgconfig/mocap4r2_control_msgs.pc'
[24.087s] Level 1:colcon.colcon_core.environment:checking '/home/airlab/seed25/ros_packages/mocap4r2_ws/install/mocap4r2_control_msgs/lib/python3.8/site-packages'
[24.087s] Level 1:colcon.colcon_core.shell:create_environment_hook('mocap4r2_control_msgs', 'pythonpath')
[24.088s] INFO:colcon.colcon_core.shell:Creating environment hook '/home/airlab/seed25/ros_packages/mocap4r2_ws/install/mocap4r2_control_msgs/share/mocap4r2_control_msgs/hook/pythonpath.ps1'
[24.089s] INFO:colcon.colcon_core.shell:Creating environment descriptor '/home/airlab/seed25/ros_packages/mocap4r2_ws/install/mocap4r2_control_msgs/share/mocap4r2_control_msgs/hook/pythonpath.dsv'
[24.090s] INFO:colcon.colcon_core.shell:Creating environment hook '/home/airlab/seed25/ros_packages/mocap4r2_ws/install/mocap4r2_control_msgs/share/mocap4r2_control_msgs/hook/pythonpath.sh'
[24.091s] Level 1:colcon.colcon_core.environment:checking '/home/airlab/seed25/ros_packages/mocap4r2_ws/install/mocap4r2_control_msgs/bin'
[24.092s] INFO:colcon.colcon_core.shell:Creating package script '/home/airlab/seed25/ros_packages/mocap4r2_ws/install/mocap4r2_control_msgs/share/mocap4r2_control_msgs/package.ps1'
[24.093s] INFO:colcon.colcon_core.shell:Creating package descriptor '/home/airlab/seed25/ros_packages/mocap4r2_ws/install/mocap4r2_control_msgs/share/mocap4r2_control_msgs/package.dsv'
[24.094s] INFO:colcon.colcon_core.shell:Creating package script '/home/airlab/seed25/ros_packages/mocap4r2_ws/install/mocap4r2_control_msgs/share/mocap4r2_control_msgs/package.sh'
[24.096s] INFO:colcon.colcon_core.shell:Creating package script '/home/airlab/seed25/ros_packages/mocap4r2_ws/install/mocap4r2_control_msgs/share/mocap4r2_control_msgs/package.bash'
[24.097s] INFO:colcon.colcon_core.shell:Creating package script '/home/airlab/seed25/ros_packages/mocap4r2_ws/install/mocap4r2_control_msgs/share/mocap4r2_control_msgs/package.zsh'
[24.097s] Level 1:colcon.colcon_core.environment:create_file_with_runtime_dependencies(/home/airlab/seed25/ros_packages/mocap4r2_ws/install/mocap4r2_control_msgs/share/colcon-core/packages/mocap4r2_control_msgs)
[24.099s] Level 1:colcon.colcon_core.environment:create_environment_scripts_only(mocap4r2_control_msgs)
[24.100s] Level 1:colcon.colcon_core.environment:checking '/home/airlab/seed25/ros_packages/mocap4r2_ws/install/mocap4r2_control_msgs' for CMake module files
[24.101s] Level 1:colcon.colcon_core.environment:checking '/home/airlab/seed25/ros_packages/mocap4r2_ws/install/mocap4r2_control_msgs' for CMake config files
[24.102s] Level 1:colcon.colcon_core.shell:create_environment_hook('mocap4r2_control_msgs', 'cmake_prefix_path')
[24.103s] INFO:colcon.colcon_core.shell:Creating environment hook '/home/airlab/seed25/ros_packages/mocap4r2_ws/install/mocap4r2_control_msgs/share/mocap4r2_control_msgs/hook/cmake_prefix_path.ps1'
[24.104s] INFO:colcon.colcon_core.shell:Creating environment descriptor '/home/airlab/seed25/ros_packages/mocap4r2_ws/install/mocap4r2_control_msgs/share/mocap4r2_control_msgs/hook/cmake_prefix_path.dsv'
[24.106s] INFO:colcon.colcon_core.shell:Creating environment hook '/home/airlab/seed25/ros_packages/mocap4r2_ws/install/mocap4r2_control_msgs/share/mocap4r2_control_msgs/hook/cmake_prefix_path.sh'
[24.108s] Level 1:colcon.colcon_core.environment:checking '/home/airlab/seed25/ros_packages/mocap4r2_ws/install/mocap4r2_control_msgs/lib'
[24.108s] Level 1:colcon.colcon_core.shell:create_environment_hook('mocap4r2_control_msgs', 'ld_library_path_lib')
[24.108s] INFO:colcon.colcon_core.shell:Creating environment hook '/home/airlab/seed25/ros_packages/mocap4r2_ws/install/mocap4r2_control_msgs/share/mocap4r2_control_msgs/hook/ld_library_path_lib.ps1'
[24.110s] INFO:colcon.colcon_core.shell:Creating environment descriptor '/home/airlab/seed25/ros_packages/mocap4r2_ws/install/mocap4r2_control_msgs/share/mocap4r2_control_msgs/hook/ld_library_path_lib.dsv'
[24.110s] INFO:colcon.colcon_core.shell:Creating environment hook '/home/airlab/seed25/ros_packages/mocap4r2_ws/install/mocap4r2_control_msgs/share/mocap4r2_control_msgs/hook/ld_library_path_lib.sh'
[24.111s] Level 1:colcon.colcon_core.environment:checking '/home/airlab/seed25/ros_packages/mocap4r2_ws/install/mocap4r2_control_msgs/bin'
[24.112s] Level 1:colcon.colcon_core.environment:checking '/home/airlab/seed25/ros_packages/mocap4r2_ws/install/mocap4r2_control_msgs/lib/pkgconfig/mocap4r2_control_msgs.pc'
[24.112s] Level 1:colcon.colcon_core.environment:checking '/home/airlab/seed25/ros_packages/mocap4r2_ws/install/mocap4r2_control_msgs/lib/python3.8/site-packages'
[24.112s] Level 1:colcon.colcon_core.shell:create_environment_hook('mocap4r2_control_msgs', 'pythonpath')
[24.113s] INFO:colcon.colcon_core.shell:Creating environment hook '/home/airlab/seed25/ros_packages/mocap4r2_ws/install/mocap4r2_control_msgs/share/mocap4r2_control_msgs/hook/pythonpath.ps1'
[24.114s] INFO:colcon.colcon_core.shell:Creating environment descriptor '/home/airlab/seed25/ros_packages/mocap4r2_ws/install/mocap4r2_control_msgs/share/mocap4r2_control_msgs/hook/pythonpath.dsv'
[24.115s] INFO:colcon.colcon_core.shell:Creating environment hook '/home/airlab/seed25/ros_packages/mocap4r2_ws/install/mocap4r2_control_msgs/share/mocap4r2_control_msgs/hook/pythonpath.sh'
[24.116s] Level 1:colcon.colcon_core.environment:checking '/home/airlab/seed25/ros_packages/mocap4r2_ws/install/mocap4r2_control_msgs/bin'
[24.117s] INFO:colcon.colcon_core.shell:Creating package script '/home/airlab/seed25/ros_packages/mocap4r2_ws/install/mocap4r2_control_msgs/share/mocap4r2_control_msgs/package.ps1'
[24.119s] INFO:colcon.colcon_core.shell:Creating package descriptor '/home/airlab/seed25/ros_packages/mocap4r2_ws/install/mocap4r2_control_msgs/share/mocap4r2_control_msgs/package.dsv'
[24.120s] INFO:colcon.colcon_core.shell:Creating package script '/home/airlab/seed25/ros_packages/mocap4r2_ws/install/mocap4r2_control_msgs/share/mocap4r2_control_msgs/package.sh'
[24.121s] INFO:colcon.colcon_core.shell:Creating package script '/home/airlab/seed25/ros_packages/mocap4r2_ws/install/mocap4r2_control_msgs/share/mocap4r2_control_msgs/package.bash'
[24.122s] INFO:colcon.colcon_core.shell:Creating package script '/home/airlab/seed25/ros_packages/mocap4r2_ws/install/mocap4r2_control_msgs/share/mocap4r2_control_msgs/package.zsh'
[24.123s] Level 1:colcon.colcon_core.environment:create_file_with_runtime_dependencies(/home/airlab/seed25/ros_packages/mocap4r2_ws/install/mocap4r2_control_msgs/share/colcon-core/packages/mocap4r2_control_msgs)
[24.126s] INFO:colcon.colcon_ros.task.ament_cmake.build:Building ROS package in '/home/airlab/seed25/ros_packages/mocap4r2_ws/src/mocap4r2/mocap4r2_control/mocap4r2_control' with build type 'ament_cmake'
[24.127s] INFO:colcon.colcon_cmake.task.cmake.build:Building CMake package in '/home/airlab/seed25/ros_packages/mocap4r2_ws/src/mocap4r2/mocap4r2_control/mocap4r2_control'
[24.128s] INFO:colcon.colcon_core.shell:Skip shell extension 'powershell' for command environment: Not usable outside of PowerShell
[24.128s] DEBUG:colcon.colcon_core.shell:Skip shell extension 'dsv' for command environment
[24.145s] INFO:colcon.colcon_ros.task.ament_python.build:Building ROS package in '/home/airlab/seed25/ros_packages/mocap4r2_ws/src/mocap4r2/mocap4r2cli' with build type 'ament_python'
[24.145s] Level 1:colcon.colcon_core.shell:create_environment_hook('mocap4r2cli', 'ament_prefix_path')
[24.146s] INFO:colcon.colcon_core.shell:Creating environment hook '/home/airlab/seed25/ros_packages/mocap4r2_ws/install/mocap4r2cli/share/mocap4r2cli/hook/ament_prefix_path.ps1'
[24.148s] INFO:colcon.colcon_core.shell:Creating environment descriptor '/home/airlab/seed25/ros_packages/mocap4r2_ws/install/mocap4r2cli/share/mocap4r2cli/hook/ament_prefix_path.dsv'
[24.150s] INFO:colcon.colcon_core.shell:Creating environment hook '/home/airlab/seed25/ros_packages/mocap4r2_ws/install/mocap4r2cli/share/mocap4r2cli/hook/ament_prefix_path.sh'
[24.152s] INFO:colcon.colcon_core.shell:Skip shell extension 'powershell' for command environment: Not usable outside of PowerShell
[24.152s] DEBUG:colcon.colcon_core.shell:Skip shell extension 'dsv' for command environment
[24.186s] DEBUG:colcon.colcon_core.event_handler.log_command:Invoking command in '/home/airlab/seed25/ros_packages/mocap4r2_ws/build/mocap4r2_control': CMAKE_PREFIX_PATH=/home/airlab/seed25/ros_packages/mocap4r2_ws/install/mocap4r2_control_msgs:/home/airlab/seed25/ros_packages/mocap4r2_ws/install/mocap4r2_robot_gt_msgs:/home/airlab/seed25/ros_packages/mocap4r2_ws/install/mocap4r2_marker_viz:/home/airlab/seed25/ros_packages/mocap4r2_ws/install/mocap4r2_marker_publisher:/home/airlab/seed25/ros_packages/mocap4r2_ws/install/mocap4r2_msgs:/home/airlab/seed25/ros_packages/mocap4r2_ws/install/mocap4r2_marker_viz_srvs:/home/airlab/seed25/ros_packages/mocap4r2_ws/install/mocap4r2cli:/opt/ros/foxy LD_LIBRARY_PATH=/home/airlab/seed25/ros_packages/mocap4r2_ws/install/mocap4r2_control_msgs/lib:/home/airlab/seed25/ros_packages/mocap4r2_ws/install/mocap4r2_robot_gt_msgs/lib:/home/airlab/seed25/ros_packages/mocap4r2_ws/install/mocap4r2_msgs/lib:/home/airlab/seed25/ros_packages/mocap4r2_ws/install/mocap4r2_marker_viz_srvs/lib:/usr/local/cuda-11.4/lib64:/usr/local/cuda-11.4/lib64:/opt/ros/foxy/opt/yaml_cpp_vendor/lib:/opt/ros/foxy/opt/rviz_ogre_vendor/lib:/opt/ros/foxy/lib/aarch64-linux-gnu:/opt/ros/foxy/lib:/usr/local/cuda-11.4/lib64 PYTHONPATH=/home/airlab/seed25/ros_packages/mocap4r2_ws/install/mocap4r2_control_msgs/lib/python3.8/site-packages:/home/airlab/seed25/ros_packages/mocap4r2_ws/install/mocap4r2cli/lib/python3.8/site-packages:/home/airlab/seed25/ros_packages/mocap4r2_ws/install/mocap4r2_robot_gt_msgs/lib/python3.8/site-packages:/home/airlab/seed25/ros_packages/mocap4r2_ws/install/mocap4r2_msgs/lib/python3.8/site-packages:/home/airlab/seed25/ros_packages/mocap4r2_ws/install/mocap4r2_marker_viz_srvs/lib/python3.8/site-packages:/opt/ros/foxy/lib/python3.8/site-packages /usr/bin/cmake /home/airlab/seed25/ros_packages/mocap4r2_ws/src/mocap4r2/mocap4r2_control/mocap4r2_control -DCMAKE_INSTALL_PREFIX=/home/airlab/seed25/ros_packages/mocap4r2_ws/install/mocap4r2_control
[24.817s] INFO:colcon.colcon_core.task.python.build:Building Python package in '/home/airlab/seed25/ros_packages/mocap4r2_ws/src/mocap4r2/mocap4r2cli'
[24.819s] INFO:colcon.colcon_core.shell:Skip shell extension 'powershell' for command environment: Not usable outside of PowerShell
[24.819s] DEBUG:colcon.colcon_core.shell:Skip shell extension 'dsv' for command environment
[25.808s] DEBUG:colcon.colcon_core.event_handler.log_command:Invoking command in '/home/airlab/seed25/ros_packages/mocap4r2_ws/src/mocap4r2/mocap4r2cli': CMAKE_PREFIX_PATH=/home/airlab/seed25/ros_packages/mocap4r2_ws/install/mocap4r2_control_msgs:/home/airlab/seed25/ros_packages/mocap4r2_ws/install/mocap4r2_robot_gt_msgs:/home/airlab/seed25/ros_packages/mocap4r2_ws/install/mocap4r2_marker_viz:/home/airlab/seed25/ros_packages/mocap4r2_ws/install/mocap4r2_marker_publisher:/home/airlab/seed25/ros_packages/mocap4r2_ws/install/mocap4r2_msgs:/home/airlab/seed25/ros_packages/mocap4r2_ws/install/mocap4r2_marker_viz_srvs LD_LIBRARY_PATH=/home/airlab/seed25/ros_packages/mocap4r2_ws/install/mocap4r2_control_msgs/lib:/home/airlab/seed25/ros_packages/mocap4r2_ws/install/mocap4r2_robot_gt_msgs/lib:/home/airlab/seed25/ros_packages/mocap4r2_ws/install/mocap4r2_msgs/lib:/home/airlab/seed25/ros_packages/mocap4r2_ws/install/mocap4r2_marker_viz_srvs/lib:/usr/local/cuda-11.4/lib64:/usr/local/cuda-11.4/lib64:/opt/ros/foxy/opt/yaml_cpp_vendor/lib:/opt/ros/foxy/opt/rviz_ogre_vendor/lib:/opt/ros/foxy/lib/aarch64-linux-gnu:/opt/ros/foxy/lib:/usr/local/cuda-11.4/lib64 PYTHONPATH=/home/airlab/seed25/ros_packages/mocap4r2_ws/build/mocap4r2cli/prefix_override:/usr/lib/python3/dist-packages/colcon_core/task/python/colcon_distutils_commands:/home/airlab/seed25/ros_packages/mocap4r2_ws/install/mocap4r2cli/lib/python3.8/site-packages:/home/airlab/seed25/ros_packages/mocap4r2_ws/install/mocap4r2_control_msgs/lib/python3.8/site-packages:/home/airlab/seed25/ros_packages/mocap4r2_ws/install/mocap4r2cli/lib/python3.8/site-packages:/home/airlab/seed25/ros_packages/mocap4r2_ws/install/mocap4r2_robot_gt_msgs/lib/python3.8/site-packages:/home/airlab/seed25/ros_packages/mocap4r2_ws/install/mocap4r2_msgs/lib/python3.8/site-packages:/home/airlab/seed25/ros_packages/mocap4r2_ws/install/mocap4r2_marker_viz_srvs/lib/python3.8/site-packages:/opt/ros/foxy/lib/python3.8/site-packages /usr/bin/python3 -W ignore:setup.py install is deprecated -W ignore:easy_install command is deprecated setup.py egg_info --egg-base ../../../build/mocap4r2cli build --build-base /home/airlab/seed25/ros_packages/mocap4r2_ws/build/mocap4r2cli/build install --record /home/airlab/seed25/ros_packages/mocap4r2_ws/build/mocap4r2cli/install.log --single-version-externally-managed install_data
[26.556s] Level 1:colcon.colcon_core.environment:checking '/home/airlab/seed25/ros_packages/mocap4r2_ws/install/mocap4r2cli' for CMake module files
[26.557s] DEBUG:colcon.colcon_core.event_handler.log_command:Invoked command in '/home/airlab/seed25/ros_packages/mocap4r2_ws/src/mocap4r2/mocap4r2cli' returned '0': CMAKE_PREFIX_PATH=/home/airlab/seed25/ros_packages/mocap4r2_ws/install/mocap4r2_control_msgs:/home/airlab/seed25/ros_packages/mocap4r2_ws/install/mocap4r2_robot_gt_msgs:/home/airlab/seed25/ros_packages/mocap4r2_ws/install/mocap4r2_marker_viz:/home/airlab/seed25/ros_packages/mocap4r2_ws/install/mocap4r2_marker_publisher:/home/airlab/seed25/ros_packages/mocap4r2_ws/install/mocap4r2_msgs:/home/airlab/seed25/ros_packages/mocap4r2_ws/install/mocap4r2_marker_viz_srvs LD_LIBRARY_PATH=/home/airlab/seed25/ros_packages/mocap4r2_ws/install/mocap4r2_control_msgs/lib:/home/airlab/seed25/ros_packages/mocap4r2_ws/install/mocap4r2_robot_gt_msgs/lib:/home/airlab/seed25/ros_packages/mocap4r2_ws/install/mocap4r2_msgs/lib:/home/airlab/seed25/ros_packages/mocap4r2_ws/install/mocap4r2_marker_viz_srvs/lib:/usr/local/cuda-11.4/lib64:/usr/local/cuda-11.4/lib64:/opt/ros/foxy/opt/yaml_cpp_vendor/lib:/opt/ros/foxy/opt/rviz_ogre_vendor/lib:/opt/ros/foxy/lib/aarch64-linux-gnu:/opt/ros/foxy/lib:/usr/local/cuda-11.4/lib64 PYTHONPATH=/home/airlab/seed25/ros_packages/mocap4r2_ws/build/mocap4r2cli/prefix_override:/usr/lib/python3/dist-packages/colcon_core/task/python/colcon_distutils_commands:/home/airlab/seed25/ros_packages/mocap4r2_ws/install/mocap4r2cli/lib/python3.8/site-packages:/home/airlab/seed25/ros_packages/mocap4r2_ws/install/mocap4r2_control_msgs/lib/python3.8/site-packages:/home/airlab/seed25/ros_packages/mocap4r2_ws/install/mocap4r2cli/lib/python3.8/site-packages:/home/airlab/seed25/ros_packages/mocap4r2_ws/install/mocap4r2_robot_gt_msgs/lib/python3.8/site-packages:/home/airlab/seed25/ros_packages/mocap4r2_ws/install/mocap4r2_msgs/lib/python3.8/site-packages:/home/airlab/seed25/ros_packages/mocap4r2_ws/install/mocap4r2_marker_viz_srvs/lib/python3.8/site-packages:/opt/ros/foxy/lib/python3.8/site-packages /usr/bin/python3 -W ignore:setup.py install is deprecated -W ignore:easy_install command is deprecated setup.py egg_info --egg-base ../../../build/mocap4r2cli build --build-base /home/airlab/seed25/ros_packages/mocap4r2_ws/build/mocap4r2cli/build install --record /home/airlab/seed25/ros_packages/mocap4r2_ws/build/mocap4r2cli/install.log --single-version-externally-managed install_data
[26.558s] Level 1:colcon.colcon_core.environment:checking '/home/airlab/seed25/ros_packages/mocap4r2_ws/install/mocap4r2cli' for CMake config files
[26.559s] Level 1:colcon.colcon_core.environment:checking '/home/airlab/seed25/ros_packages/mocap4r2_ws/install/mocap4r2cli/lib'
[26.560s] Level 1:colcon.colcon_core.environment:checking '/home/airlab/seed25/ros_packages/mocap4r2_ws/install/mocap4r2cli/bin'
[26.560s] Level 1:colcon.colcon_core.environment:checking '/home/airlab/seed25/ros_packages/mocap4r2_ws/install/mocap4r2cli/lib/pkgconfig/mocap4r2cli.pc'
[26.560s] Level 1:colcon.colcon_core.environment:checking '/home/airlab/seed25/ros_packages/mocap4r2_ws/install/mocap4r2cli/lib/python3.8/site-packages'
[26.561s] Level 1:colcon.colcon_core.shell:create_environment_hook('mocap4r2cli', 'pythonpath')
[26.561s] INFO:colcon.colcon_core.shell:Creating environment hook '/home/airlab/seed25/ros_packages/mocap4r2_ws/install/mocap4r2cli/share/mocap4r2cli/hook/pythonpath.ps1'
[26.563s] INFO:colcon.colcon_core.shell:Creating environment descriptor '/home/airlab/seed25/ros_packages/mocap4r2_ws/install/mocap4r2cli/share/mocap4r2cli/hook/pythonpath.dsv'
[26.563s] INFO:colcon.colcon_core.shell:Creating environment hook '/home/airlab/seed25/ros_packages/mocap4r2_ws/install/mocap4r2cli/share/mocap4r2cli/hook/pythonpath.sh'
[26.564s] Level 1:colcon.colcon_core.environment:checking '/home/airlab/seed25/ros_packages/mocap4r2_ws/install/mocap4r2cli/bin'
[26.565s] Level 1:colcon.colcon_core.environment:create_environment_scripts_only(mocap4r2cli)
[26.565s] INFO:colcon.colcon_core.shell:Creating package script '/home/airlab/seed25/ros_packages/mocap4r2_ws/install/mocap4r2cli/share/mocap4r2cli/package.ps1'
[26.567s] INFO:colcon.colcon_core.shell:Creating package descriptor '/home/airlab/seed25/ros_packages/mocap4r2_ws/install/mocap4r2cli/share/mocap4r2cli/package.dsv'
[26.568s] INFO:colcon.colcon_core.shell:Creating package script '/home/airlab/seed25/ros_packages/mocap4r2_ws/install/mocap4r2cli/share/mocap4r2cli/package.sh'
[26.569s] INFO:colcon.colcon_core.shell:Creating package script '/home/airlab/seed25/ros_packages/mocap4r2_ws/install/mocap4r2cli/share/mocap4r2cli/package.bash'
[26.570s] INFO:colcon.colcon_core.shell:Creating package script '/home/airlab/seed25/ros_packages/mocap4r2_ws/install/mocap4r2cli/share/mocap4r2cli/package.zsh'
[26.571s] Level 1:colcon.colcon_core.environment:create_file_with_runtime_dependencies(/home/airlab/seed25/ros_packages/mocap4r2_ws/install/mocap4r2cli/share/colcon-core/packages/mocap4r2cli)
[28.031s] DEBUG:colcon.colcon_core.event_handler.log_command:Invoked command in '/home/airlab/seed25/ros_packages/mocap4r2_ws/build/mocap4r2_msgs' returned '0': CMAKE_PREFIX_PATH=${CMAKE_PREFIX_PATH}:/home/airlab/seed25/ros_packages/mocap4r2_ws/install/mocap4r2cli:/opt/ros/foxy /usr/bin/cmake --build /home/airlab/seed25/ros_packages/mocap4r2_ws/build/mocap4r2_msgs -- -j4 -l4
[28.038s] DEBUG:colcon.colcon_core.event_handler.log_command:Invoking command in '/home/airlab/seed25/ros_packages/mocap4r2_ws/build/mocap4r2_msgs': CMAKE_PREFIX_PATH=${CMAKE_PREFIX_PATH}:/home/airlab/seed25/ros_packages/mocap4r2_ws/install/mocap4r2cli:/opt/ros/foxy /usr/bin/cmake --install /home/airlab/seed25/ros_packages/mocap4r2_ws/build/mocap4r2_msgs
[28.129s] DEBUG:colcon.colcon_core.event_handler.log_command:Invoked command in '/home/airlab/seed25/ros_packages/mocap4r2_ws/build/mocap4r2_control' returned '0': CMAKE_PREFIX_PATH=/home/airlab/seed25/ros_packages/mocap4r2_ws/install/mocap4r2_control_msgs:/home/airlab/seed25/ros_packages/mocap4r2_ws/install/mocap4r2_robot_gt_msgs:/home/airlab/seed25/ros_packages/mocap4r2_ws/install/mocap4r2_marker_viz:/home/airlab/seed25/ros_packages/mocap4r2_ws/install/mocap4r2_marker_publisher:/home/airlab/seed25/ros_packages/mocap4r2_ws/install/mocap4r2_msgs:/home/airlab/seed25/ros_packages/mocap4r2_ws/install/mocap4r2_marker_viz_srvs:/home/airlab/seed25/ros_packages/mocap4r2_ws/install/mocap4r2cli:/opt/ros/foxy LD_LIBRARY_PATH=/home/airlab/seed25/ros_packages/mocap4r2_ws/install/mocap4r2_control_msgs/lib:/home/airlab/seed25/ros_packages/mocap4r2_ws/install/mocap4r2_robot_gt_msgs/lib:/home/airlab/seed25/ros_packages/mocap4r2_ws/install/mocap4r2_msgs/lib:/home/airlab/seed25/ros_packages/mocap4r2_ws/install/mocap4r2_marker_viz_srvs/lib:/usr/local/cuda-11.4/lib64:/usr/local/cuda-11.4/lib64:/opt/ros/foxy/opt/yaml_cpp_vendor/lib:/opt/ros/foxy/opt/rviz_ogre_vendor/lib:/opt/ros/foxy/lib/aarch64-linux-gnu:/opt/ros/foxy/lib:/usr/local/cuda-11.4/lib64 PYTHONPATH=/home/airlab/seed25/ros_packages/mocap4r2_ws/install/mocap4r2_control_msgs/lib/python3.8/site-packages:/home/airlab/seed25/ros_packages/mocap4r2_ws/install/mocap4r2cli/lib/python3.8/site-packages:/home/airlab/seed25/ros_packages/mocap4r2_ws/install/mocap4r2_robot_gt_msgs/lib/python3.8/site-packages:/home/airlab/seed25/ros_packages/mocap4r2_ws/install/mocap4r2_msgs/lib/python3.8/site-packages:/home/airlab/seed25/ros_packages/mocap4r2_ws/install/mocap4r2_marker_viz_srvs/lib/python3.8/site-packages:/opt/ros/foxy/lib/python3.8/site-packages /usr/bin/cmake /home/airlab/seed25/ros_packages/mocap4r2_ws/src/mocap4r2/mocap4r2_control/mocap4r2_control -DCMAKE_INSTALL_PREFIX=/home/airlab/seed25/ros_packages/mocap4r2_ws/install/mocap4r2_control
[28.136s] DEBUG:colcon.colcon_core.event_handler.log_command:Invoking command in '/home/airlab/seed25/ros_packages/mocap4r2_ws/build/mocap4r2_control': CMAKE_PREFIX_PATH=/home/airlab/seed25/ros_packages/mocap4r2_ws/install/mocap4r2_control_msgs:/home/airlab/seed25/ros_packages/mocap4r2_ws/install/mocap4r2_robot_gt_msgs:/home/airlab/seed25/ros_packages/mocap4r2_ws/install/mocap4r2_marker_viz:/home/airlab/seed25/ros_packages/mocap4r2_ws/install/mocap4r2_marker_publisher:/home/airlab/seed25/ros_packages/mocap4r2_ws/install/mocap4r2_msgs:/home/airlab/seed25/ros_packages/mocap4r2_ws/install/mocap4r2_marker_viz_srvs:/home/airlab/seed25/ros_packages/mocap4r2_ws/install/mocap4r2cli:/opt/ros/foxy LD_LIBRARY_PATH=/home/airlab/seed25/ros_packages/mocap4r2_ws/install/mocap4r2_control_msgs/lib:/home/airlab/seed25/ros_packages/mocap4r2_ws/install/mocap4r2_robot_gt_msgs/lib:/home/airlab/seed25/ros_packages/mocap4r2_ws/install/mocap4r2_msgs/lib:/home/airlab/seed25/ros_packages/mocap4r2_ws/install/mocap4r2_marker_viz_srvs/lib:/usr/local/cuda-11.4/lib64:/usr/local/cuda-11.4/lib64:/opt/ros/foxy/opt/yaml_cpp_vendor/lib:/opt/ros/foxy/opt/rviz_ogre_vendor/lib:/opt/ros/foxy/lib/aarch64-linux-gnu:/opt/ros/foxy/lib:/usr/local/cuda-11.4/lib64 PYTHONPATH=/home/airlab/seed25/ros_packages/mocap4r2_ws/install/mocap4r2_control_msgs/lib/python3.8/site-packages:/home/airlab/seed25/ros_packages/mocap4r2_ws/install/mocap4r2cli/lib/python3.8/site-packages:/home/airlab/seed25/ros_packages/mocap4r2_ws/install/mocap4r2_robot_gt_msgs/lib/python3.8/site-packages:/home/airlab/seed25/ros_packages/mocap4r2_ws/install/mocap4r2_msgs/lib/python3.8/site-packages:/home/airlab/seed25/ros_packages/mocap4r2_ws/install/mocap4r2_marker_viz_srvs/lib/python3.8/site-packages:/opt/ros/foxy/lib/python3.8/site-packages /usr/bin/cmake --build /home/airlab/seed25/ros_packages/mocap4r2_ws/build/mocap4r2_control -- -j4 -l4
[28.203s] Level 1:colcon.colcon_core.environment:create_environment_scripts_only(mocap4r2_msgs)
[28.204s] Level 1:colcon.colcon_core.environment:checking '/home/airlab/seed25/ros_packages/mocap4r2_ws/install/mocap4r2_msgs' for CMake module files
[28.205s] DEBUG:colcon.colcon_core.event_handler.log_command:Invoked command in '/home/airlab/seed25/ros_packages/mocap4r2_ws/build/mocap4r2_msgs' returned '0': CMAKE_PREFIX_PATH=${CMAKE_PREFIX_PATH}:/home/airlab/seed25/ros_packages/mocap4r2_ws/install/mocap4r2cli:/opt/ros/foxy /usr/bin/cmake --install /home/airlab/seed25/ros_packages/mocap4r2_ws/build/mocap4r2_msgs
[28.206s] Level 1:colcon.colcon_core.environment:checking '/home/airlab/seed25/ros_packages/mocap4r2_ws/install/mocap4r2_msgs' for CMake config files
[28.207s] Level 1:colcon.colcon_core.shell:create_environment_hook('mocap4r2_msgs', 'cmake_prefix_path')
[28.207s] INFO:colcon.colcon_core.shell:Creating environment hook '/home/airlab/seed25/ros_packages/mocap4r2_ws/install/mocap4r2_msgs/share/mocap4r2_msgs/hook/cmake_prefix_path.ps1'
[28.209s] INFO:colcon.colcon_core.shell:Creating environment descriptor '/home/airlab/seed25/ros_packages/mocap4r2_ws/install/mocap4r2_msgs/share/mocap4r2_msgs/hook/cmake_prefix_path.dsv'
[28.209s] INFO:colcon.colcon_core.shell:Creating environment hook '/home/airlab/seed25/ros_packages/mocap4r2_ws/install/mocap4r2_msgs/share/mocap4r2_msgs/hook/cmake_prefix_path.sh'
[28.211s] Level 1:colcon.colcon_core.environment:checking '/home/airlab/seed25/ros_packages/mocap4r2_ws/install/mocap4r2_msgs/lib'
[28.211s] Level 1:colcon.colcon_core.shell:create_environment_hook('mocap4r2_msgs', 'ld_library_path_lib')
[28.212s] INFO:colcon.colcon_core.shell:Creating environment hook '/home/airlab/seed25/ros_packages/mocap4r2_ws/install/mocap4r2_msgs/share/mocap4r2_msgs/hook/ld_library_path_lib.ps1'
[28.212s] INFO:colcon.colcon_core.shell:Creating environment descriptor '/home/airlab/seed25/ros_packages/mocap4r2_ws/install/mocap4r2_msgs/share/mocap4r2_msgs/hook/ld_library_path_lib.dsv'
[28.213s] INFO:colcon.colcon_core.shell:Creating environment hook '/home/airlab/seed25/ros_packages/mocap4r2_ws/install/mocap4r2_msgs/share/mocap4r2_msgs/hook/ld_library_path_lib.sh'
[28.214s] Level 1:colcon.colcon_core.environment:checking '/home/airlab/seed25/ros_packages/mocap4r2_ws/install/mocap4r2_msgs/bin'
[28.214s] Level 1:colcon.colcon_core.environment:checking '/home/airlab/seed25/ros_packages/mocap4r2_ws/install/mocap4r2_msgs/lib/pkgconfig/mocap4r2_msgs.pc'
[28.215s] Level 1:colcon.colcon_core.environment:checking '/home/airlab/seed25/ros_packages/mocap4r2_ws/install/mocap4r2_msgs/lib/python3.8/site-packages'
[28.215s] Level 1:colcon.colcon_core.shell:create_environment_hook('mocap4r2_msgs', 'pythonpath')
[28.215s] INFO:colcon.colcon_core.shell:Creating environment hook '/home/airlab/seed25/ros_packages/mocap4r2_ws/install/mocap4r2_msgs/share/mocap4r2_msgs/hook/pythonpath.ps1'
[28.216s] INFO:colcon.colcon_core.shell:Creating environment descriptor '/home/airlab/seed25/ros_packages/mocap4r2_ws/install/mocap4r2_msgs/share/mocap4r2_msgs/hook/pythonpath.dsv'
[28.217s] INFO:colcon.colcon_core.shell:Creating environment hook '/home/airlab/seed25/ros_packages/mocap4r2_ws/install/mocap4r2_msgs/share/mocap4r2_msgs/hook/pythonpath.sh'
[28.219s] Level 1:colcon.colcon_core.environment:checking '/home/airlab/seed25/ros_packages/mocap4r2_ws/install/mocap4r2_msgs/bin'
[28.219s] INFO:colcon.colcon_core.shell:Creating package script '/home/airlab/seed25/ros_packages/mocap4r2_ws/install/mocap4r2_msgs/share/mocap4r2_msgs/package.ps1'
[28.221s] INFO:colcon.colcon_core.shell:Creating package descriptor '/home/airlab/seed25/ros_packages/mocap4r2_ws/install/mocap4r2_msgs/share/mocap4r2_msgs/package.dsv'
[28.222s] INFO:colcon.colcon_core.shell:Creating package script '/home/airlab/seed25/ros_packages/mocap4r2_ws/install/mocap4r2_msgs/share/mocap4r2_msgs/package.sh'
[28.223s] INFO:colcon.colcon_core.shell:Creating package script '/home/airlab/seed25/ros_packages/mocap4r2_ws/install/mocap4r2_msgs/share/mocap4r2_msgs/package.bash'
[28.224s] INFO:colcon.colcon_core.shell:Creating package script '/home/airlab/seed25/ros_packages/mocap4r2_ws/install/mocap4r2_msgs/share/mocap4r2_msgs/package.zsh'
[28.224s] Level 1:colcon.colcon_core.environment:create_file_with_runtime_dependencies(/home/airlab/seed25/ros_packages/mocap4r2_ws/install/mocap4r2_msgs/share/colcon-core/packages/mocap4r2_msgs)
[28.226s] Level 1:colcon.colcon_core.environment:create_environment_scripts_only(mocap4r2_msgs)
[28.226s] Level 1:colcon.colcon_core.environment:checking '/home/airlab/seed25/ros_packages/mocap4r2_ws/install/mocap4r2_msgs' for CMake module files
[28.228s] Level 1:colcon.colcon_core.environment:checking '/home/airlab/seed25/ros_packages/mocap4r2_ws/install/mocap4r2_msgs' for CMake config files
[28.229s] Level 1:colcon.colcon_core.shell:create_environment_hook('mocap4r2_msgs', 'cmake_prefix_path')
[28.242s] INFO:colcon.colcon_core.shell:Creating environment hook '/home/airlab/seed25/ros_packages/mocap4r2_ws/install/mocap4r2_msgs/share/mocap4r2_msgs/hook/cmake_prefix_path.ps1'
[28.244s] INFO:colcon.colcon_core.shell:Creating environment descriptor '/home/airlab/seed25/ros_packages/mocap4r2_ws/install/mocap4r2_msgs/share/mocap4r2_msgs/hook/cmake_prefix_path.dsv'
[28.245s] INFO:colcon.colcon_core.shell:Creating environment hook '/home/airlab/seed25/ros_packages/mocap4r2_ws/install/mocap4r2_msgs/share/mocap4r2_msgs/hook/cmake_prefix_path.sh'
[28.247s] Level 1:colcon.colcon_core.environment:checking '/home/airlab/seed25/ros_packages/mocap4r2_ws/install/mocap4r2_msgs/lib'
[28.247s] Level 1:colcon.colcon_core.shell:create_environment_hook('mocap4r2_msgs', 'ld_library_path_lib')
[28.248s] INFO:colcon.colcon_core.shell:Creating environment hook '/home/airlab/seed25/ros_packages/mocap4r2_ws/install/mocap4r2_msgs/share/mocap4r2_msgs/hook/ld_library_path_lib.ps1'
[28.249s] INFO:colcon.colcon_core.shell:Creating environment descriptor '/home/airlab/seed25/ros_packages/mocap4r2_ws/install/mocap4r2_msgs/share/mocap4r2_msgs/hook/ld_library_path_lib.dsv'
[28.250s] INFO:colcon.colcon_core.shell:Creating environment hook '/home/airlab/seed25/ros_packages/mocap4r2_ws/install/mocap4r2_msgs/share/mocap4r2_msgs/hook/ld_library_path_lib.sh'
[28.251s] Level 1:colcon.colcon_core.environment:checking '/home/airlab/seed25/ros_packages/mocap4r2_ws/install/mocap4r2_msgs/bin'
[28.251s] Level 1:colcon.colcon_core.environment:checking '/home/airlab/seed25/ros_packages/mocap4r2_ws/install/mocap4r2_msgs/lib/pkgconfig/mocap4r2_msgs.pc'
[28.251s] Level 1:colcon.colcon_core.environment:checking '/home/airlab/seed25/ros_packages/mocap4r2_ws/install/mocap4r2_msgs/lib/python3.8/site-packages'
[28.252s] Level 1:colcon.colcon_core.shell:create_environment_hook('mocap4r2_msgs', 'pythonpath')
[28.252s] INFO:colcon.colcon_core.shell:Creating environment hook '/home/airlab/seed25/ros_packages/mocap4r2_ws/install/mocap4r2_msgs/share/mocap4r2_msgs/hook/pythonpath.ps1'
[28.253s] INFO:colcon.colcon_core.shell:Creating environment descriptor '/home/airlab/seed25/ros_packages/mocap4r2_ws/install/mocap4r2_msgs/share/mocap4r2_msgs/hook/pythonpath.dsv'
[28.254s] INFO:colcon.colcon_core.shell:Creating environment hook '/home/airlab/seed25/ros_packages/mocap4r2_ws/install/mocap4r2_msgs/share/mocap4r2_msgs/hook/pythonpath.sh'
[28.255s] Level 1:colcon.colcon_core.environment:checking '/home/airlab/seed25/ros_packages/mocap4r2_ws/install/mocap4r2_msgs/bin'
[28.256s] INFO:colcon.colcon_core.shell:Creating package script '/home/airlab/seed25/ros_packages/mocap4r2_ws/install/mocap4r2_msgs/share/mocap4r2_msgs/package.ps1'
[28.257s] INFO:colcon.colcon_core.shell:Creating package descriptor '/home/airlab/seed25/ros_packages/mocap4r2_ws/install/mocap4r2_msgs/share/mocap4r2_msgs/package.dsv'
[28.258s] INFO:colcon.colcon_core.shell:Creating package script '/home/airlab/seed25/ros_packages/mocap4r2_ws/install/mocap4r2_msgs/share/mocap4r2_msgs/package.sh'
[28.259s] INFO:colcon.colcon_core.shell:Creating package script '/home/airlab/seed25/ros_packages/mocap4r2_ws/install/mocap4r2_msgs/share/mocap4r2_msgs/package.bash'
[28.260s] INFO:colcon.colcon_core.shell:Creating package script '/home/airlab/seed25/ros_packages/mocap4r2_ws/install/mocap4r2_msgs/share/mocap4r2_msgs/package.zsh'
[28.261s] Level 1:colcon.colcon_core.environment:create_file_with_runtime_dependencies(/home/airlab/seed25/ros_packages/mocap4r2_ws/install/mocap4r2_msgs/share/colcon-core/packages/mocap4r2_msgs)
[28.264s] INFO:colcon.colcon_ros.task.ament_cmake.build:Building ROS package in '/home/airlab/seed25/ros_packages/mocap4r2_ws/src/mocap4r2/mocap4r2_marker_viz/mocap4r2_marker_publisher' with build type 'ament_cmake'
[28.265s] INFO:colcon.colcon_cmake.task.cmake.build:Building CMake package in '/home/airlab/seed25/ros_packages/mocap4r2_ws/src/mocap4r2/mocap4r2_marker_viz/mocap4r2_marker_publisher'
[28.266s] INFO:colcon.colcon_core.shell:Skip shell extension 'powershell' for command environment: Not usable outside of PowerShell
[28.266s] DEBUG:colcon.colcon_core.shell:Skip shell extension 'dsv' for command environment
[28.289s] INFO:colcon.colcon_ros.task.ament_cmake.build:Building ROS package in '/home/airlab/seed25/ros_packages/mocap4r2_ws/src/mocap4r2/mocap4r2_marker_viz/mocap4r2_marker_viz' with build type 'ament_cmake'
[28.290s] INFO:colcon.colcon_cmake.task.cmake.build:Building CMake package in '/home/airlab/seed25/ros_packages/mocap4r2_ws/src/mocap4r2/mocap4r2_marker_viz/mocap4r2_marker_viz'
[28.291s] INFO:colcon.colcon_core.shell:Skip shell extension 'powershell' for command environment: Not usable outside of PowerShell
[28.291s] DEBUG:colcon.colcon_core.shell:Skip shell extension 'dsv' for command environment
[28.318s] INFO:colcon.colcon_ros.task.ament_cmake.build:Building ROS package in '/home/airlab/seed25/ros_packages/mocap4r2_ws/src/mocap4r2/mocap4r2_robot_gt/mocap4r2_robot_gt' with build type 'ament_cmake'
[28.319s] INFO:colcon.colcon_cmake.task.cmake.build:Building CMake package in '/home/airlab/seed25/ros_packages/mocap4r2_ws/src/mocap4r2/mocap4r2_robot_gt/mocap4r2_robot_gt'
[28.320s] INFO:colcon.colcon_core.shell:Skip shell extension 'powershell' for command environment: Not usable outside of PowerShell
[28.320s] DEBUG:colcon.colcon_core.shell:Skip shell extension 'dsv' for command environment
[28.360s] DEBUG:colcon.colcon_core.event_handler.log_command:Invoking command in '/home/airlab/seed25/ros_packages/mocap4r2_ws/build/mocap4r2_marker_publisher': CMAKE_PREFIX_PATH=/home/airlab/seed25/ros_packages/mocap4r2_ws/install/mocap4r2_msgs:/home/airlab/seed25/ros_packages/mocap4r2_ws/install/mocap4r2_robot_gt_msgs:/home/airlab/seed25/ros_packages/mocap4r2_ws/install/mocap4r2_marker_viz:/home/airlab/seed25/ros_packages/mocap4r2_ws/install/mocap4r2_marker_publisher:/home/airlab/seed25/ros_packages/mocap4r2_ws/install/mocap4r2_marker_viz_srvs:/home/airlab/seed25/ros_packages/mocap4r2_ws/install/mocap4r2_control_msgs:/home/airlab/seed25/ros_packages/mocap4r2_ws/install/mocap4r2cli:/opt/ros/foxy LD_LIBRARY_PATH=/home/airlab/seed25/ros_packages/mocap4r2_ws/install/mocap4r2_msgs/lib:/home/airlab/seed25/ros_packages/mocap4r2_ws/install/mocap4r2_robot_gt_msgs/lib:/home/airlab/seed25/ros_packages/mocap4r2_ws/install/mocap4r2_marker_viz_srvs/lib:/home/airlab/seed25/ros_packages/mocap4r2_ws/install/mocap4r2_control_msgs/lib:/usr/local/cuda-11.4/lib64:/usr/local/cuda-11.4/lib64:/opt/ros/foxy/opt/yaml_cpp_vendor/lib:/opt/ros/foxy/opt/rviz_ogre_vendor/lib:/opt/ros/foxy/lib/aarch64-linux-gnu:/opt/ros/foxy/lib:/usr/local/cuda-11.4/lib64 PYTHONPATH=/home/airlab/seed25/ros_packages/mocap4r2_ws/install/mocap4r2_msgs/lib/python3.8/site-packages:/home/airlab/seed25/ros_packages/mocap4r2_ws/install/mocap4r2cli/lib/python3.8/site-packages:/home/airlab/seed25/ros_packages/mocap4r2_ws/install/mocap4r2_robot_gt_msgs/lib/python3.8/site-packages:/home/airlab/seed25/ros_packages/mocap4r2_ws/install/mocap4r2_marker_viz_srvs/lib/python3.8/site-packages:/home/airlab/seed25/ros_packages/mocap4r2_ws/install/mocap4r2_control_msgs/lib/python3.8/site-packages:/opt/ros/foxy/lib/python3.8/site-packages /usr/bin/cmake /home/airlab/seed25/ros_packages/mocap4r2_ws/src/mocap4r2/mocap4r2_marker_viz/mocap4r2_marker_publisher -DCMAKE_INSTALL_PREFIX=/home/airlab/seed25/ros_packages/mocap4r2_ws/install/mocap4r2_marker_publisher
[28.395s] DEBUG:colcon.colcon_core.event_handler.log_command:Invoking command in '/home/airlab/seed25/ros_packages/mocap4r2_ws/build/mocap4r2_marker_viz': CMAKE_PREFIX_PATH=/home/airlab/seed25/ros_packages/mocap4r2_ws/install/mocap4r2_msgs:/home/airlab/seed25/ros_packages/mocap4r2_ws/install/mocap4r2_marker_viz_srvs:/home/airlab/seed25/ros_packages/mocap4r2_ws/install/mocap4r2_robot_gt_msgs:/home/airlab/seed25/ros_packages/mocap4r2_ws/install/mocap4r2_marker_viz:/home/airlab/seed25/ros_packages/mocap4r2_ws/install/mocap4r2_marker_publisher:/home/airlab/seed25/ros_packages/mocap4r2_ws/install/mocap4r2_control_msgs:/home/airlab/seed25/ros_packages/mocap4r2_ws/install/mocap4r2cli:/opt/ros/foxy LD_LIBRARY_PATH=/home/airlab/seed25/ros_packages/mocap4r2_ws/install/mocap4r2_msgs/lib:/home/airlab/seed25/ros_packages/mocap4r2_ws/install/mocap4r2_marker_viz_srvs/lib:/home/airlab/seed25/ros_packages/mocap4r2_ws/install/mocap4r2_robot_gt_msgs/lib:/home/airlab/seed25/ros_packages/mocap4r2_ws/install/mocap4r2_control_msgs/lib:/usr/local/cuda-11.4/lib64:/usr/local/cuda-11.4/lib64:/opt/ros/foxy/opt/yaml_cpp_vendor/lib:/opt/ros/foxy/opt/rviz_ogre_vendor/lib:/opt/ros/foxy/lib/aarch64-linux-gnu:/opt/ros/foxy/lib:/usr/local/cuda-11.4/lib64 PYTHONPATH=/home/airlab/seed25/ros_packages/mocap4r2_ws/install/mocap4r2_msgs/lib/python3.8/site-packages:/home/airlab/seed25/ros_packages/mocap4r2_ws/install/mocap4r2_marker_viz_srvs/lib/python3.8/site-packages:/home/airlab/seed25/ros_packages/mocap4r2_ws/install/mocap4r2cli/lib/python3.8/site-packages:/home/airlab/seed25/ros_packages/mocap4r2_ws/install/mocap4r2_robot_gt_msgs/lib/python3.8/site-packages:/home/airlab/seed25/ros_packages/mocap4r2_ws/install/mocap4r2_control_msgs/lib/python3.8/site-packages:/opt/ros/foxy/lib/python3.8/site-packages /usr/bin/cmake /home/airlab/seed25/ros_packages/mocap4r2_ws/src/mocap4r2/mocap4r2_marker_viz/mocap4r2_marker_viz -DCMAKE_INSTALL_PREFIX=/home/airlab/seed25/ros_packages/mocap4r2_ws/install/mocap4r2_marker_viz
[28.425s] DEBUG:colcon.colcon_core.event_handler.log_command:Invoking command in '/home/airlab/seed25/ros_packages/mocap4r2_ws/build/mocap4r2_robot_gt': CMAKE_PREFIX_PATH=/home/airlab/seed25/ros_packages/mocap4r2_ws/install/mocap4r2_robot_gt_msgs:/home/airlab/seed25/ros_packages/mocap4r2_ws/install/mocap4r2_msgs:/home/airlab/seed25/ros_packages/mocap4r2_ws/install/mocap4r2_marker_viz:/home/airlab/seed25/ros_packages/mocap4r2_ws/install/mocap4r2_marker_publisher:/home/airlab/seed25/ros_packages/mocap4r2_ws/install/mocap4r2_marker_viz_srvs:/home/airlab/seed25/ros_packages/mocap4r2_ws/install/mocap4r2_control_msgs:/home/airlab/seed25/ros_packages/mocap4r2_ws/install/mocap4r2cli:/opt/ros/foxy LD_LIBRARY_PATH=/home/airlab/seed25/ros_packages/mocap4r2_ws/install/mocap4r2_robot_gt_msgs/lib:/home/airlab/seed25/ros_packages/mocap4r2_ws/install/mocap4r2_msgs/lib:/home/airlab/seed25/ros_packages/mocap4r2_ws/install/mocap4r2_marker_viz_srvs/lib:/home/airlab/seed25/ros_packages/mocap4r2_ws/install/mocap4r2_control_msgs/lib:/usr/local/cuda-11.4/lib64:/usr/local/cuda-11.4/lib64:/opt/ros/foxy/opt/yaml_cpp_vendor/lib:/opt/ros/foxy/opt/rviz_ogre_vendor/lib:/opt/ros/foxy/lib/aarch64-linux-gnu:/opt/ros/foxy/lib:/usr/local/cuda-11.4/lib64 PYTHONPATH=/home/airlab/seed25/ros_packages/mocap4r2_ws/install/mocap4r2_robot_gt_msgs/lib/python3.8/site-packages:/home/airlab/seed25/ros_packages/mocap4r2_ws/install/mocap4r2_msgs/lib/python3.8/site-packages:/home/airlab/seed25/ros_packages/mocap4r2_ws/install/mocap4r2cli/lib/python3.8/site-packages:/home/airlab/seed25/ros_packages/mocap4r2_ws/install/mocap4r2_marker_viz_srvs/lib/python3.8/site-packages:/home/airlab/seed25/ros_packages/mocap4r2_ws/install/mocap4r2_control_msgs/lib/python3.8/site-packages:/opt/ros/foxy/lib/python3.8/site-packages /usr/bin/cmake /home/airlab/seed25/ros_packages/mocap4r2_ws/src/mocap4r2/mocap4r2_robot_gt/mocap4r2_robot_gt -DCMAKE_INSTALL_PREFIX=/home/airlab/seed25/ros_packages/mocap4r2_ws/install/mocap4r2_robot_gt
[35.853s] DEBUG:colcon.colcon_core.event_handler.log_command:Invoked command in '/home/airlab/seed25/ros_packages/mocap4r2_ws/build/mocap4r2_marker_publisher' returned '0': CMAKE_PREFIX_PATH=/home/airlab/seed25/ros_packages/mocap4r2_ws/install/mocap4r2_msgs:/home/airlab/seed25/ros_packages/mocap4r2_ws/install/mocap4r2_robot_gt_msgs:/home/airlab/seed25/ros_packages/mocap4r2_ws/install/mocap4r2_marker_viz:/home/airlab/seed25/ros_packages/mocap4r2_ws/install/mocap4r2_marker_publisher:/home/airlab/seed25/ros_packages/mocap4r2_ws/install/mocap4r2_marker_viz_srvs:/home/airlab/seed25/ros_packages/mocap4r2_ws/install/mocap4r2_control_msgs:/home/airlab/seed25/ros_packages/mocap4r2_ws/install/mocap4r2cli:/opt/ros/foxy LD_LIBRARY_PATH=/home/airlab/seed25/ros_packages/mocap4r2_ws/install/mocap4r2_msgs/lib:/home/airlab/seed25/ros_packages/mocap4r2_ws/install/mocap4r2_robot_gt_msgs/lib:/home/airlab/seed25/ros_packages/mocap4r2_ws/install/mocap4r2_marker_viz_srvs/lib:/home/airlab/seed25/ros_packages/mocap4r2_ws/install/mocap4r2_control_msgs/lib:/usr/local/cuda-11.4/lib64:/usr/local/cuda-11.4/lib64:/opt/ros/foxy/opt/yaml_cpp_vendor/lib:/opt/ros/foxy/opt/rviz_ogre_vendor/lib:/opt/ros/foxy/lib/aarch64-linux-gnu:/opt/ros/foxy/lib:/usr/local/cuda-11.4/lib64 PYTHONPATH=/home/airlab/seed25/ros_packages/mocap4r2_ws/install/mocap4r2_msgs/lib/python3.8/site-packages:/home/airlab/seed25/ros_packages/mocap4r2_ws/install/mocap4r2cli/lib/python3.8/site-packages:/home/airlab/seed25/ros_packages/mocap4r2_ws/install/mocap4r2_robot_gt_msgs/lib/python3.8/site-packages:/home/airlab/seed25/ros_packages/mocap4r2_ws/install/mocap4r2_marker_viz_srvs/lib/python3.8/site-packages:/home/airlab/seed25/ros_packages/mocap4r2_ws/install/mocap4r2_control_msgs/lib/python3.8/site-packages:/opt/ros/foxy/lib/python3.8/site-packages /usr/bin/cmake /home/airlab/seed25/ros_packages/mocap4r2_ws/src/mocap4r2/mocap4r2_marker_viz/mocap4r2_marker_publisher -DCMAKE_INSTALL_PREFIX=/home/airlab/seed25/ros_packages/mocap4r2_ws/install/mocap4r2_marker_publisher
[35.860s] DEBUG:colcon.colcon_core.event_handler.log_command:Invoking command in '/home/airlab/seed25/ros_packages/mocap4r2_ws/build/mocap4r2_marker_publisher': CMAKE_PREFIX_PATH=/home/airlab/seed25/ros_packages/mocap4r2_ws/install/mocap4r2_msgs:/home/airlab/seed25/ros_packages/mocap4r2_ws/install/mocap4r2_robot_gt_msgs:/home/airlab/seed25/ros_packages/mocap4r2_ws/install/mocap4r2_marker_viz:/home/airlab/seed25/ros_packages/mocap4r2_ws/install/mocap4r2_marker_publisher:/home/airlab/seed25/ros_packages/mocap4r2_ws/install/mocap4r2_marker_viz_srvs:/home/airlab/seed25/ros_packages/mocap4r2_ws/install/mocap4r2_control_msgs:/home/airlab/seed25/ros_packages/mocap4r2_ws/install/mocap4r2cli:/opt/ros/foxy LD_LIBRARY_PATH=/home/airlab/seed25/ros_packages/mocap4r2_ws/install/mocap4r2_msgs/lib:/home/airlab/seed25/ros_packages/mocap4r2_ws/install/mocap4r2_robot_gt_msgs/lib:/home/airlab/seed25/ros_packages/mocap4r2_ws/install/mocap4r2_marker_viz_srvs/lib:/home/airlab/seed25/ros_packages/mocap4r2_ws/install/mocap4r2_control_msgs/lib:/usr/local/cuda-11.4/lib64:/usr/local/cuda-11.4/lib64:/opt/ros/foxy/opt/yaml_cpp_vendor/lib:/opt/ros/foxy/opt/rviz_ogre_vendor/lib:/opt/ros/foxy/lib/aarch64-linux-gnu:/opt/ros/foxy/lib:/usr/local/cuda-11.4/lib64 PYTHONPATH=/home/airlab/seed25/ros_packages/mocap4r2_ws/install/mocap4r2_msgs/lib/python3.8/site-packages:/home/airlab/seed25/ros_packages/mocap4r2_ws/install/mocap4r2cli/lib/python3.8/site-packages:/home/airlab/seed25/ros_packages/mocap4r2_ws/install/mocap4r2_robot_gt_msgs/lib/python3.8/site-packages:/home/airlab/seed25/ros_packages/mocap4r2_ws/install/mocap4r2_marker_viz_srvs/lib/python3.8/site-packages:/home/airlab/seed25/ros_packages/mocap4r2_ws/install/mocap4r2_control_msgs/lib/python3.8/site-packages:/opt/ros/foxy/lib/python3.8/site-packages /usr/bin/cmake --build /home/airlab/seed25/ros_packages/mocap4r2_ws/build/mocap4r2_marker_publisher -- -j4 -l4
[36.859s] DEBUG:colcon.colcon_core.event_handler.log_command:Invoked command in '/home/airlab/seed25/ros_packages/mocap4r2_ws/build/mocap4r2_marker_viz' returned '0': CMAKE_PREFIX_PATH=/home/airlab/seed25/ros_packages/mocap4r2_ws/install/mocap4r2_msgs:/home/airlab/seed25/ros_packages/mocap4r2_ws/install/mocap4r2_marker_viz_srvs:/home/airlab/seed25/ros_packages/mocap4r2_ws/install/mocap4r2_robot_gt_msgs:/home/airlab/seed25/ros_packages/mocap4r2_ws/install/mocap4r2_marker_viz:/home/airlab/seed25/ros_packages/mocap4r2_ws/install/mocap4r2_marker_publisher:/home/airlab/seed25/ros_packages/mocap4r2_ws/install/mocap4r2_control_msgs:/home/airlab/seed25/ros_packages/mocap4r2_ws/install/mocap4r2cli:/opt/ros/foxy LD_LIBRARY_PATH=/home/airlab/seed25/ros_packages/mocap4r2_ws/install/mocap4r2_msgs/lib:/home/airlab/seed25/ros_packages/mocap4r2_ws/install/mocap4r2_marker_viz_srvs/lib:/home/airlab/seed25/ros_packages/mocap4r2_ws/install/mocap4r2_robot_gt_msgs/lib:/home/airlab/seed25/ros_packages/mocap4r2_ws/install/mocap4r2_control_msgs/lib:/usr/local/cuda-11.4/lib64:/usr/local/cuda-11.4/lib64:/opt/ros/foxy/opt/yaml_cpp_vendor/lib:/opt/ros/foxy/opt/rviz_ogre_vendor/lib:/opt/ros/foxy/lib/aarch64-linux-gnu:/opt/ros/foxy/lib:/usr/local/cuda-11.4/lib64 PYTHONPATH=/home/airlab/seed25/ros_packages/mocap4r2_ws/install/mocap4r2_msgs/lib/python3.8/site-packages:/home/airlab/seed25/ros_packages/mocap4r2_ws/install/mocap4r2_marker_viz_srvs/lib/python3.8/site-packages:/home/airlab/seed25/ros_packages/mocap4r2_ws/install/mocap4r2cli/lib/python3.8/site-packages:/home/airlab/seed25/ros_packages/mocap4r2_ws/install/mocap4r2_robot_gt_msgs/lib/python3.8/site-packages:/home/airlab/seed25/ros_packages/mocap4r2_ws/install/mocap4r2_control_msgs/lib/python3.8/site-packages:/opt/ros/foxy/lib/python3.8/site-packages /usr/bin/cmake /home/airlab/seed25/ros_packages/mocap4r2_ws/src/mocap4r2/mocap4r2_marker_viz/mocap4r2_marker_viz -DCMAKE_INSTALL_PREFIX=/home/airlab/seed25/ros_packages/mocap4r2_ws/install/mocap4r2_marker_viz
[36.866s] DEBUG:colcon.colcon_core.event_handler.log_command:Invoking command in '/home/airlab/seed25/ros_packages/mocap4r2_ws/build/mocap4r2_marker_viz': CMAKE_PREFIX_PATH=/home/airlab/seed25/ros_packages/mocap4r2_ws/install/mocap4r2_msgs:/home/airlab/seed25/ros_packages/mocap4r2_ws/install/mocap4r2_marker_viz_srvs:/home/airlab/seed25/ros_packages/mocap4r2_ws/install/mocap4r2_robot_gt_msgs:/home/airlab/seed25/ros_packages/mocap4r2_ws/install/mocap4r2_marker_viz:/home/airlab/seed25/ros_packages/mocap4r2_ws/install/mocap4r2_marker_publisher:/home/airlab/seed25/ros_packages/mocap4r2_ws/install/mocap4r2_control_msgs:/home/airlab/seed25/ros_packages/mocap4r2_ws/install/mocap4r2cli:/opt/ros/foxy LD_LIBRARY_PATH=/home/airlab/seed25/ros_packages/mocap4r2_ws/install/mocap4r2_msgs/lib:/home/airlab/seed25/ros_packages/mocap4r2_ws/install/mocap4r2_marker_viz_srvs/lib:/home/airlab/seed25/ros_packages/mocap4r2_ws/install/mocap4r2_robot_gt_msgs/lib:/home/airlab/seed25/ros_packages/mocap4r2_ws/install/mocap4r2_control_msgs/lib:/usr/local/cuda-11.4/lib64:/usr/local/cuda-11.4/lib64:/opt/ros/foxy/opt/yaml_cpp_vendor/lib:/opt/ros/foxy/opt/rviz_ogre_vendor/lib:/opt/ros/foxy/lib/aarch64-linux-gnu:/opt/ros/foxy/lib:/usr/local/cuda-11.4/lib64 PYTHONPATH=/home/airlab/seed25/ros_packages/mocap4r2_ws/install/mocap4r2_msgs/lib/python3.8/site-packages:/home/airlab/seed25/ros_packages/mocap4r2_ws/install/mocap4r2_marker_viz_srvs/lib/python3.8/site-packages:/home/airlab/seed25/ros_packages/mocap4r2_ws/install/mocap4r2cli/lib/python3.8/site-packages:/home/airlab/seed25/ros_packages/mocap4r2_ws/install/mocap4r2_robot_gt_msgs/lib/python3.8/site-packages:/home/airlab/seed25/ros_packages/mocap4r2_ws/install/mocap4r2_control_msgs/lib/python3.8/site-packages:/opt/ros/foxy/lib/python3.8/site-packages /usr/bin/cmake --build /home/airlab/seed25/ros_packages/mocap4r2_ws/build/mocap4r2_marker_viz -- -j4 -l4
[38.538s] DEBUG:colcon.colcon_core.event_handler.log_command:Invoked command in '/home/airlab/seed25/ros_packages/mocap4r2_ws/build/mocap4r2_robot_gt' returned '0': CMAKE_PREFIX_PATH=/home/airlab/seed25/ros_packages/mocap4r2_ws/install/mocap4r2_robot_gt_msgs:/home/airlab/seed25/ros_packages/mocap4r2_ws/install/mocap4r2_msgs:/home/airlab/seed25/ros_packages/mocap4r2_ws/install/mocap4r2_marker_viz:/home/airlab/seed25/ros_packages/mocap4r2_ws/install/mocap4r2_marker_publisher:/home/airlab/seed25/ros_packages/mocap4r2_ws/install/mocap4r2_marker_viz_srvs:/home/airlab/seed25/ros_packages/mocap4r2_ws/install/mocap4r2_control_msgs:/home/airlab/seed25/ros_packages/mocap4r2_ws/install/mocap4r2cli:/opt/ros/foxy LD_LIBRARY_PATH=/home/airlab/seed25/ros_packages/mocap4r2_ws/install/mocap4r2_robot_gt_msgs/lib:/home/airlab/seed25/ros_packages/mocap4r2_ws/install/mocap4r2_msgs/lib:/home/airlab/seed25/ros_packages/mocap4r2_ws/install/mocap4r2_marker_viz_srvs/lib:/home/airlab/seed25/ros_packages/mocap4r2_ws/install/mocap4r2_control_msgs/lib:/usr/local/cuda-11.4/lib64:/usr/local/cuda-11.4/lib64:/opt/ros/foxy/opt/yaml_cpp_vendor/lib:/opt/ros/foxy/opt/rviz_ogre_vendor/lib:/opt/ros/foxy/lib/aarch64-linux-gnu:/opt/ros/foxy/lib:/usr/local/cuda-11.4/lib64 PYTHONPATH=/home/airlab/seed25/ros_packages/mocap4r2_ws/install/mocap4r2_robot_gt_msgs/lib/python3.8/site-packages:/home/airlab/seed25/ros_packages/mocap4r2_ws/install/mocap4r2_msgs/lib/python3.8/site-packages:/home/airlab/seed25/ros_packages/mocap4r2_ws/install/mocap4r2cli/lib/python3.8/site-packages:/home/airlab/seed25/ros_packages/mocap4r2_ws/install/mocap4r2_marker_viz_srvs/lib/python3.8/site-packages:/home/airlab/seed25/ros_packages/mocap4r2_ws/install/mocap4r2_control_msgs/lib/python3.8/site-packages:/opt/ros/foxy/lib/python3.8/site-packages /usr/bin/cmake /home/airlab/seed25/ros_packages/mocap4r2_ws/src/mocap4r2/mocap4r2_robot_gt/mocap4r2_robot_gt -DCMAKE_INSTALL_PREFIX=/home/airlab/seed25/ros_packages/mocap4r2_ws/install/mocap4r2_robot_gt
[38.540s] DEBUG:colcon.colcon_core.event_handler.log_command:Invoking command in '/home/airlab/seed25/ros_packages/mocap4r2_ws/build/mocap4r2_robot_gt': CMAKE_PREFIX_PATH=/home/airlab/seed25/ros_packages/mocap4r2_ws/install/mocap4r2_robot_gt_msgs:/home/airlab/seed25/ros_packages/mocap4r2_ws/install/mocap4r2_msgs:/home/airlab/seed25/ros_packages/mocap4r2_ws/install/mocap4r2_marker_viz:/home/airlab/seed25/ros_packages/mocap4r2_ws/install/mocap4r2_marker_publisher:/home/airlab/seed25/ros_packages/mocap4r2_ws/install/mocap4r2_marker_viz_srvs:/home/airlab/seed25/ros_packages/mocap4r2_ws/install/mocap4r2_control_msgs:/home/airlab/seed25/ros_packages/mocap4r2_ws/install/mocap4r2cli:/opt/ros/foxy LD_LIBRARY_PATH=/home/airlab/seed25/ros_packages/mocap4r2_ws/install/mocap4r2_robot_gt_msgs/lib:/home/airlab/seed25/ros_packages/mocap4r2_ws/install/mocap4r2_msgs/lib:/home/airlab/seed25/ros_packages/mocap4r2_ws/install/mocap4r2_marker_viz_srvs/lib:/home/airlab/seed25/ros_packages/mocap4r2_ws/install/mocap4r2_control_msgs/lib:/usr/local/cuda-11.4/lib64:/usr/local/cuda-11.4/lib64:/opt/ros/foxy/opt/yaml_cpp_vendor/lib:/opt/ros/foxy/opt/rviz_ogre_vendor/lib:/opt/ros/foxy/lib/aarch64-linux-gnu:/opt/ros/foxy/lib:/usr/local/cuda-11.4/lib64 PYTHONPATH=/home/airlab/seed25/ros_packages/mocap4r2_ws/install/mocap4r2_robot_gt_msgs/lib/python3.8/site-packages:/home/airlab/seed25/ros_packages/mocap4r2_ws/install/mocap4r2_msgs/lib/python3.8/site-packages:/home/airlab/seed25/ros_packages/mocap4r2_ws/install/mocap4r2cli/lib/python3.8/site-packages:/home/airlab/seed25/ros_packages/mocap4r2_ws/install/mocap4r2_marker_viz_srvs/lib/python3.8/site-packages:/home/airlab/seed25/ros_packages/mocap4r2_ws/install/mocap4r2_control_msgs/lib/python3.8/site-packages:/opt/ros/foxy/lib/python3.8/site-packages /usr/bin/cmake --build /home/airlab/seed25/ros_packages/mocap4r2_ws/build/mocap4r2_robot_gt -- -j4 -l4
[47.321s] DEBUG:colcon.colcon_core.event_handler.log_command:Invoked command in '/home/airlab/seed25/ros_packages/mocap4r2_ws/build/mocap4r2_marker_publisher' returned '0': CMAKE_PREFIX_PATH=/home/airlab/seed25/ros_packages/mocap4r2_ws/install/mocap4r2_msgs:/home/airlab/seed25/ros_packages/mocap4r2_ws/install/mocap4r2_robot_gt_msgs:/home/airlab/seed25/ros_packages/mocap4r2_ws/install/mocap4r2_marker_viz:/home/airlab/seed25/ros_packages/mocap4r2_ws/install/mocap4r2_marker_publisher:/home/airlab/seed25/ros_packages/mocap4r2_ws/install/mocap4r2_marker_viz_srvs:/home/airlab/seed25/ros_packages/mocap4r2_ws/install/mocap4r2_control_msgs:/home/airlab/seed25/ros_packages/mocap4r2_ws/install/mocap4r2cli:/opt/ros/foxy LD_LIBRARY_PATH=/home/airlab/seed25/ros_packages/mocap4r2_ws/install/mocap4r2_msgs/lib:/home/airlab/seed25/ros_packages/mocap4r2_ws/install/mocap4r2_robot_gt_msgs/lib:/home/airlab/seed25/ros_packages/mocap4r2_ws/install/mocap4r2_marker_viz_srvs/lib:/home/airlab/seed25/ros_packages/mocap4r2_ws/install/mocap4r2_control_msgs/lib:/usr/local/cuda-11.4/lib64:/usr/local/cuda-11.4/lib64:/opt/ros/foxy/opt/yaml_cpp_vendor/lib:/opt/ros/foxy/opt/rviz_ogre_vendor/lib:/opt/ros/foxy/lib/aarch64-linux-gnu:/opt/ros/foxy/lib:/usr/local/cuda-11.4/lib64 PYTHONPATH=/home/airlab/seed25/ros_packages/mocap4r2_ws/install/mocap4r2_msgs/lib/python3.8/site-packages:/home/airlab/seed25/ros_packages/mocap4r2_ws/install/mocap4r2cli/lib/python3.8/site-packages:/home/airlab/seed25/ros_packages/mocap4r2_ws/install/mocap4r2_robot_gt_msgs/lib/python3.8/site-packages:/home/airlab/seed25/ros_packages/mocap4r2_ws/install/mocap4r2_marker_viz_srvs/lib/python3.8/site-packages:/home/airlab/seed25/ros_packages/mocap4r2_ws/install/mocap4r2_control_msgs/lib/python3.8/site-packages:/opt/ros/foxy/lib/python3.8/site-packages /usr/bin/cmake --build /home/airlab/seed25/ros_packages/mocap4r2_ws/build/mocap4r2_marker_publisher -- -j4 -l4
[47.323s] DEBUG:colcon.colcon_core.event_handler.log_command:Invoking command in '/home/airlab/seed25/ros_packages/mocap4r2_ws/build/mocap4r2_marker_publisher': CMAKE_PREFIX_PATH=/home/airlab/seed25/ros_packages/mocap4r2_ws/install/mocap4r2_msgs:/home/airlab/seed25/ros_packages/mocap4r2_ws/install/mocap4r2_robot_gt_msgs:/home/airlab/seed25/ros_packages/mocap4r2_ws/install/mocap4r2_marker_viz:/home/airlab/seed25/ros_packages/mocap4r2_ws/install/mocap4r2_marker_publisher:/home/airlab/seed25/ros_packages/mocap4r2_ws/install/mocap4r2_marker_viz_srvs:/home/airlab/seed25/ros_packages/mocap4r2_ws/install/mocap4r2_control_msgs:/home/airlab/seed25/ros_packages/mocap4r2_ws/install/mocap4r2cli:/opt/ros/foxy LD_LIBRARY_PATH=/home/airlab/seed25/ros_packages/mocap4r2_ws/install/mocap4r2_msgs/lib:/home/airlab/seed25/ros_packages/mocap4r2_ws/install/mocap4r2_robot_gt_msgs/lib:/home/airlab/seed25/ros_packages/mocap4r2_ws/install/mocap4r2_marker_viz_srvs/lib:/home/airlab/seed25/ros_packages/mocap4r2_ws/install/mocap4r2_control_msgs/lib:/usr/local/cuda-11.4/lib64:/usr/local/cuda-11.4/lib64:/opt/ros/foxy/opt/yaml_cpp_vendor/lib:/opt/ros/foxy/opt/rviz_ogre_vendor/lib:/opt/ros/foxy/lib/aarch64-linux-gnu:/opt/ros/foxy/lib:/usr/local/cuda-11.4/lib64 PYTHONPATH=/home/airlab/seed25/ros_packages/mocap4r2_ws/install/mocap4r2_msgs/lib/python3.8/site-packages:/home/airlab/seed25/ros_packages/mocap4r2_ws/install/mocap4r2cli/lib/python3.8/site-packages:/home/airlab/seed25/ros_packages/mocap4r2_ws/install/mocap4r2_robot_gt_msgs/lib/python3.8/site-packages:/home/airlab/seed25/ros_packages/mocap4r2_ws/install/mocap4r2_marker_viz_srvs/lib/python3.8/site-packages:/home/airlab/seed25/ros_packages/mocap4r2_ws/install/mocap4r2_control_msgs/lib/python3.8/site-packages:/opt/ros/foxy/lib/python3.8/site-packages /usr/bin/cmake --install /home/airlab/seed25/ros_packages/mocap4r2_ws/build/mocap4r2_marker_publisher
[47.363s] Level 1:colcon.colcon_core.environment:create_environment_scripts_only(mocap4r2_marker_publisher)
[47.364s] Level 1:colcon.colcon_core.environment:checking '/home/airlab/seed25/ros_packages/mocap4r2_ws/install/mocap4r2_marker_publisher' for CMake module files
[47.366s] Level 1:colcon.colcon_core.environment:checking '/home/airlab/seed25/ros_packages/mocap4r2_ws/install/mocap4r2_marker_publisher' for CMake config files
[47.366s] Level 1:colcon.colcon_core.shell:create_environment_hook('mocap4r2_marker_publisher', 'cmake_prefix_path')
[47.367s] INFO:colcon.colcon_core.shell:Creating environment hook '/home/airlab/seed25/ros_packages/mocap4r2_ws/install/mocap4r2_marker_publisher/share/mocap4r2_marker_publisher/hook/cmake_prefix_path.ps1'
[47.369s] INFO:colcon.colcon_core.shell:Creating environment descriptor '/home/airlab/seed25/ros_packages/mocap4r2_ws/install/mocap4r2_marker_publisher/share/mocap4r2_marker_publisher/hook/cmake_prefix_path.dsv'
[47.370s] INFO:colcon.colcon_core.shell:Creating environment hook '/home/airlab/seed25/ros_packages/mocap4r2_ws/install/mocap4r2_marker_publisher/share/mocap4r2_marker_publisher/hook/cmake_prefix_path.sh'
[47.371s] Level 1:colcon.colcon_core.environment:checking '/home/airlab/seed25/ros_packages/mocap4r2_ws/install/mocap4r2_marker_publisher/lib'
[47.372s] Level 1:colcon.colcon_core.environment:checking '/home/airlab/seed25/ros_packages/mocap4r2_ws/install/mocap4r2_marker_publisher/bin'
[47.372s] Level 1:colcon.colcon_core.environment:checking '/home/airlab/seed25/ros_packages/mocap4r2_ws/install/mocap4r2_marker_publisher/lib/pkgconfig/mocap4r2_marker_publisher.pc'
[47.372s] Level 1:colcon.colcon_core.environment:checking '/home/airlab/seed25/ros_packages/mocap4r2_ws/install/mocap4r2_marker_publisher/lib/python3.8/site-packages'
[47.373s] Level 1:colcon.colcon_core.environment:checking '/home/airlab/seed25/ros_packages/mocap4r2_ws/install/mocap4r2_marker_publisher/bin'
[47.374s] INFO:colcon.colcon_core.shell:Creating package script '/home/airlab/seed25/ros_packages/mocap4r2_ws/install/mocap4r2_marker_publisher/share/mocap4r2_marker_publisher/package.ps1'
[47.374s] DEBUG:colcon.colcon_core.event_handler.log_command:Invoked command in '/home/airlab/seed25/ros_packages/mocap4r2_ws/build/mocap4r2_marker_publisher' returned '0': CMAKE_PREFIX_PATH=/home/airlab/seed25/ros_packages/mocap4r2_ws/install/mocap4r2_msgs:/home/airlab/seed25/ros_packages/mocap4r2_ws/install/mocap4r2_robot_gt_msgs:/home/airlab/seed25/ros_packages/mocap4r2_ws/install/mocap4r2_marker_viz:/home/airlab/seed25/ros_packages/mocap4r2_ws/install/mocap4r2_marker_publisher:/home/airlab/seed25/ros_packages/mocap4r2_ws/install/mocap4r2_marker_viz_srvs:/home/airlab/seed25/ros_packages/mocap4r2_ws/install/mocap4r2_control_msgs:/home/airlab/seed25/ros_packages/mocap4r2_ws/install/mocap4r2cli:/opt/ros/foxy LD_LIBRARY_PATH=/home/airlab/seed25/ros_packages/mocap4r2_ws/install/mocap4r2_msgs/lib:/home/airlab/seed25/ros_packages/mocap4r2_ws/install/mocap4r2_robot_gt_msgs/lib:/home/airlab/seed25/ros_packages/mocap4r2_ws/install/mocap4r2_marker_viz_srvs/lib:/home/airlab/seed25/ros_packages/mocap4r2_ws/install/mocap4r2_control_msgs/lib:/usr/local/cuda-11.4/lib64:/usr/local/cuda-11.4/lib64:/opt/ros/foxy/opt/yaml_cpp_vendor/lib:/opt/ros/foxy/opt/rviz_ogre_vendor/lib:/opt/ros/foxy/lib/aarch64-linux-gnu:/opt/ros/foxy/lib:/usr/local/cuda-11.4/lib64 PYTHONPATH=/home/airlab/seed25/ros_packages/mocap4r2_ws/install/mocap4r2_msgs/lib/python3.8/site-packages:/home/airlab/seed25/ros_packages/mocap4r2_ws/install/mocap4r2cli/lib/python3.8/site-packages:/home/airlab/seed25/ros_packages/mocap4r2_ws/install/mocap4r2_robot_gt_msgs/lib/python3.8/site-packages:/home/airlab/seed25/ros_packages/mocap4r2_ws/install/mocap4r2_marker_viz_srvs/lib/python3.8/site-packages:/home/airlab/seed25/ros_packages/mocap4r2_ws/install/mocap4r2_control_msgs/lib/python3.8/site-packages:/opt/ros/foxy/lib/python3.8/site-packages /usr/bin/cmake --install /home/airlab/seed25/ros_packages/mocap4r2_ws/build/mocap4r2_marker_publisher
[47.376s] INFO:colcon.colcon_core.shell:Creating package descriptor '/home/airlab/seed25/ros_packages/mocap4r2_ws/install/mocap4r2_marker_publisher/share/mocap4r2_marker_publisher/package.dsv'
[47.377s] INFO:colcon.colcon_core.shell:Creating package script '/home/airlab/seed25/ros_packages/mocap4r2_ws/install/mocap4r2_marker_publisher/share/mocap4r2_marker_publisher/package.sh'
[47.378s] INFO:colcon.colcon_core.shell:Creating package script '/home/airlab/seed25/ros_packages/mocap4r2_ws/install/mocap4r2_marker_publisher/share/mocap4r2_marker_publisher/package.bash'
[47.379s] INFO:colcon.colcon_core.shell:Creating package script '/home/airlab/seed25/ros_packages/mocap4r2_ws/install/mocap4r2_marker_publisher/share/mocap4r2_marker_publisher/package.zsh'
[47.380s] Level 1:colcon.colcon_core.environment:create_file_with_runtime_dependencies(/home/airlab/seed25/ros_packages/mocap4r2_ws/install/mocap4r2_marker_publisher/share/colcon-core/packages/mocap4r2_marker_publisher)
[47.382s] Level 1:colcon.colcon_core.environment:create_environment_scripts_only(mocap4r2_marker_publisher)
[47.383s] Level 1:colcon.colcon_core.environment:checking '/home/airlab/seed25/ros_packages/mocap4r2_ws/install/mocap4r2_marker_publisher' for CMake module files
[47.384s] Level 1:colcon.colcon_core.environment:checking '/home/airlab/seed25/ros_packages/mocap4r2_ws/install/mocap4r2_marker_publisher' for CMake config files
[47.384s] Level 1:colcon.colcon_core.shell:create_environment_hook('mocap4r2_marker_publisher', 'cmake_prefix_path')
[47.385s] INFO:colcon.colcon_core.shell:Creating environment hook '/home/airlab/seed25/ros_packages/mocap4r2_ws/install/mocap4r2_marker_publisher/share/mocap4r2_marker_publisher/hook/cmake_prefix_path.ps1'
[47.387s] INFO:colcon.colcon_core.shell:Creating environment descriptor '/home/airlab/seed25/ros_packages/mocap4r2_ws/install/mocap4r2_marker_publisher/share/mocap4r2_marker_publisher/hook/cmake_prefix_path.dsv'
[47.388s] INFO:colcon.colcon_core.shell:Creating environment hook '/home/airlab/seed25/ros_packages/mocap4r2_ws/install/mocap4r2_marker_publisher/share/mocap4r2_marker_publisher/hook/cmake_prefix_path.sh'
[47.390s] Level 1:colcon.colcon_core.environment:checking '/home/airlab/seed25/ros_packages/mocap4r2_ws/install/mocap4r2_marker_publisher/lib'
[47.390s] Level 1:colcon.colcon_core.environment:checking '/home/airlab/seed25/ros_packages/mocap4r2_ws/install/mocap4r2_marker_publisher/bin'
[47.390s] Level 1:colcon.colcon_core.environment:checking '/home/airlab/seed25/ros_packages/mocap4r2_ws/install/mocap4r2_marker_publisher/lib/pkgconfig/mocap4r2_marker_publisher.pc'
[47.391s] Level 1:colcon.colcon_core.environment:checking '/home/airlab/seed25/ros_packages/mocap4r2_ws/install/mocap4r2_marker_publisher/lib/python3.8/site-packages'
[47.391s] Level 1:colcon.colcon_core.environment:checking '/home/airlab/seed25/ros_packages/mocap4r2_ws/install/mocap4r2_marker_publisher/bin'
[47.392s] INFO:colcon.colcon_core.shell:Creating package script '/home/airlab/seed25/ros_packages/mocap4r2_ws/install/mocap4r2_marker_publisher/share/mocap4r2_marker_publisher/package.ps1'
[47.394s] INFO:colcon.colcon_core.shell:Creating package descriptor '/home/airlab/seed25/ros_packages/mocap4r2_ws/install/mocap4r2_marker_publisher/share/mocap4r2_marker_publisher/package.dsv'
[47.395s] INFO:colcon.colcon_core.shell:Creating package script '/home/airlab/seed25/ros_packages/mocap4r2_ws/install/mocap4r2_marker_publisher/share/mocap4r2_marker_publisher/package.sh'
[47.396s] INFO:colcon.colcon_core.shell:Creating package script '/home/airlab/seed25/ros_packages/mocap4r2_ws/install/mocap4r2_marker_publisher/share/mocap4r2_marker_publisher/package.bash'
[47.397s] INFO:colcon.colcon_core.shell:Creating package script '/home/airlab/seed25/ros_packages/mocap4r2_ws/install/mocap4r2_marker_publisher/share/mocap4r2_marker_publisher/package.zsh'
[47.398s] Level 1:colcon.colcon_core.environment:create_file_with_runtime_dependencies(/home/airlab/seed25/ros_packages/mocap4r2_ws/install/mocap4r2_marker_publisher/share/colcon-core/packages/mocap4r2_marker_publisher)
[48.702s] DEBUG:colcon.colcon_core.event_handler.log_command:Invoked command in '/home/airlab/seed25/ros_packages/mocap4r2_ws/build/mocap4r2_robot_gt' returned '2': CMAKE_PREFIX_PATH=/home/airlab/seed25/ros_packages/mocap4r2_ws/install/mocap4r2_robot_gt_msgs:/home/airlab/seed25/ros_packages/mocap4r2_ws/install/mocap4r2_msgs:/home/airlab/seed25/ros_packages/mocap4r2_ws/install/mocap4r2_marker_viz:/home/airlab/seed25/ros_packages/mocap4r2_ws/install/mocap4r2_marker_publisher:/home/airlab/seed25/ros_packages/mocap4r2_ws/install/mocap4r2_marker_viz_srvs:/home/airlab/seed25/ros_packages/mocap4r2_ws/install/mocap4r2_control_msgs:/home/airlab/seed25/ros_packages/mocap4r2_ws/install/mocap4r2cli:/opt/ros/foxy LD_LIBRARY_PATH=/home/airlab/seed25/ros_packages/mocap4r2_ws/install/mocap4r2_robot_gt_msgs/lib:/home/airlab/seed25/ros_packages/mocap4r2_ws/install/mocap4r2_msgs/lib:/home/airlab/seed25/ros_packages/mocap4r2_ws/install/mocap4r2_marker_viz_srvs/lib:/home/airlab/seed25/ros_packages/mocap4r2_ws/install/mocap4r2_control_msgs/lib:/usr/local/cuda-11.4/lib64:/usr/local/cuda-11.4/lib64:/opt/ros/foxy/opt/yaml_cpp_vendor/lib:/opt/ros/foxy/opt/rviz_ogre_vendor/lib:/opt/ros/foxy/lib/aarch64-linux-gnu:/opt/ros/foxy/lib:/usr/local/cuda-11.4/lib64 PYTHONPATH=/home/airlab/seed25/ros_packages/mocap4r2_ws/install/mocap4r2_robot_gt_msgs/lib/python3.8/site-packages:/home/airlab/seed25/ros_packages/mocap4r2_ws/install/mocap4r2_msgs/lib/python3.8/site-packages:/home/airlab/seed25/ros_packages/mocap4r2_ws/install/mocap4r2cli/lib/python3.8/site-packages:/home/airlab/seed25/ros_packages/mocap4r2_ws/install/mocap4r2_marker_viz_srvs/lib/python3.8/site-packages:/home/airlab/seed25/ros_packages/mocap4r2_ws/install/mocap4r2_control_msgs/lib/python3.8/site-packages:/opt/ros/foxy/lib/python3.8/site-packages /usr/bin/cmake --build /home/airlab/seed25/ros_packages/mocap4r2_ws/build/mocap4r2_robot_gt -- -j4 -l4
[48.703s] Level 1:colcon.colcon_core.environment:create_environment_scripts_only(mocap4r2_robot_gt)
[48.704s] Level 1:colcon.colcon_core.environment:checking '/home/airlab/seed25/ros_packages/mocap4r2_ws/install/mocap4r2_robot_gt' for CMake module files
[48.704s] Level 1:colcon.colcon_core.environment:checking '/home/airlab/seed25/ros_packages/mocap4r2_ws/install/mocap4r2_robot_gt' for CMake config files
[48.705s] Level 1:colcon.colcon_core.environment:checking '/home/airlab/seed25/ros_packages/mocap4r2_ws/install/mocap4r2_robot_gt/bin'
[48.705s] Level 1:colcon.colcon_core.environment:checking '/home/airlab/seed25/ros_packages/mocap4r2_ws/install/mocap4r2_robot_gt/lib/pkgconfig/mocap4r2_robot_gt.pc'
[48.705s] Level 1:colcon.colcon_core.environment:checking '/home/airlab/seed25/ros_packages/mocap4r2_ws/install/mocap4r2_robot_gt/lib/python3.8/site-packages'
[48.706s] Level 1:colcon.colcon_core.environment:checking '/home/airlab/seed25/ros_packages/mocap4r2_ws/install/mocap4r2_robot_gt/bin'
[48.706s] INFO:colcon.colcon_core.shell:Creating package script '/home/airlab/seed25/ros_packages/mocap4r2_ws/install/mocap4r2_robot_gt/share/mocap4r2_robot_gt/package.ps1'
[48.708s] INFO:colcon.colcon_core.shell:Creating package descriptor '/home/airlab/seed25/ros_packages/mocap4r2_ws/install/mocap4r2_robot_gt/share/mocap4r2_robot_gt/package.dsv'
[48.709s] INFO:colcon.colcon_core.shell:Creating package script '/home/airlab/seed25/ros_packages/mocap4r2_ws/install/mocap4r2_robot_gt/share/mocap4r2_robot_gt/package.sh'
[48.710s] INFO:colcon.colcon_core.shell:Creating package script '/home/airlab/seed25/ros_packages/mocap4r2_ws/install/mocap4r2_robot_gt/share/mocap4r2_robot_gt/package.bash'
[48.711s] INFO:colcon.colcon_core.shell:Creating package script '/home/airlab/seed25/ros_packages/mocap4r2_ws/install/mocap4r2_robot_gt/share/mocap4r2_robot_gt/package.zsh'
[48.711s] Level 1:colcon.colcon_core.environment:create_file_with_runtime_dependencies(/home/airlab/seed25/ros_packages/mocap4r2_ws/install/mocap4r2_robot_gt/share/colcon-core/packages/mocap4r2_robot_gt)
[69.736s] DEBUG:colcon.colcon_parallel_executor.executor.parallel:closing loop
[69.737s] DEBUG:colcon.colcon_parallel_executor.executor.parallel:loop closed
[69.737s] DEBUG:colcon.colcon_parallel_executor.executor.parallel:run_until_complete finished with '2'
[69.737s] DEBUG:colcon.colcon_core.event_reactor:joining thread
[69.753s] INFO:colcon.colcon_core.plugin_system:Skipping extension 'colcon_notification.desktop_notification.terminal_notifier': Not used on non-Darwin systems
[69.754s] INFO:colcon.colcon_core.plugin_system:Skipping extension 'colcon_notification.desktop_notification.win32': Not used on non-Windows systems
[69.754s] INFO:colcon.colcon_notification.desktop_notification:Sending desktop notification using 'notify2'
[69.778s] DEBUG:colcon.colcon_notification.desktop_notification.notify2:Failed to initialize notify2: org.freedesktop.DBus.Error.Spawn.ChildExited: Process org.freedesktop.Notifications exited with status 1
[69.778s] DEBUG:colcon.colcon_core.event_reactor:joined thread
[69.780s] INFO:colcon.colcon_core.shell:Creating prefix script '/home/airlab/seed25/ros_packages/mocap4r2_ws/install/local_setup.ps1'
[69.783s] INFO:colcon.colcon_core.shell:Creating prefix util module '/home/airlab/seed25/ros_packages/mocap4r2_ws/install/_local_setup_util_ps1.py'
[69.788s] INFO:colcon.colcon_core.shell:Creating prefix chain script '/home/airlab/seed25/ros_packages/mocap4r2_ws/install/setup.ps1'
[69.792s] INFO:colcon.colcon_core.shell:Creating prefix script '/home/airlab/seed25/ros_packages/mocap4r2_ws/install/local_setup.sh'
[69.794s] INFO:colcon.colcon_core.shell:Creating prefix util module '/home/airlab/seed25/ros_packages/mocap4r2_ws/install/_local_setup_util_sh.py'
[69.795s] INFO:colcon.colcon_core.shell:Creating prefix chain script '/home/airlab/seed25/ros_packages/mocap4r2_ws/install/setup.sh'
[69.799s] INFO:colcon.colcon_core.shell:Creating prefix script '/home/airlab/seed25/ros_packages/mocap4r2_ws/install/local_setup.bash'
[69.801s] INFO:colcon.colcon_core.shell:Creating prefix chain script '/home/airlab/seed25/ros_packages/mocap4r2_ws/install/setup.bash'
[69.804s] INFO:colcon.colcon_core.shell:Creating prefix script '/home/airlab/seed25/ros_packages/mocap4r2_ws/install/local_setup.zsh'
[69.806s] INFO:colcon.colcon_core.shell:Creating prefix chain script '/home/airlab/seed25/ros_packages/mocap4r2_ws/install/setup.zsh'
