[0.462s] DEBUG:colcon:Command line arguments: ['/usr/bin/colcon', 'build']
[0.463s] DEBUG:colcon:Parsed command line arguments: Namespace(allow_overriding=[], ament_cmake_args=None, base_paths=['.'], build_base='build', catkin_cmake_args=None, catkin_skip_building_tests=False, cmake_args=None, cmake_clean_cache=False, cmake_clean_first=False, cmake_force_configure=False, cmake_target=None, cmake_target_skip_unavailable=False, continue_on_error=False, event_handlers=None, executor='parallel', ignore_user_meta=False, install_base='install', log_base=None, log_level=None, main=<bound method BuildVerb.main of <colcon_core.verb.build.BuildVerb object at 0xffff97fc9f70>>, merge_install=False, metas=['./colcon.meta'], mixin=None, mixin_files=None, mixin_verb=('build',), packages_above=None, packages_above_and_dependencies=None, packages_above_depth=None, packages_end=None, packages_ignore=None, packages_ignore_regex=None, packages_select=None, packages_select_build_failed=False, packages_select_by_dep=None, packages_select_regex=None, packages_select_test_failures=False, packages_skip=None, packages_skip_build_finished=False, packages_skip_by_dep=None, packages_skip_regex=None, packages_skip_test_passed=False, packages_skip_up_to=None, packages_start=None, packages_up_to=None, packages_up_to_regex=None, parallel_workers=4, paths=None, symlink_install=False, test_result_base=None, verb_extension=<colcon_core.verb.build.BuildVerb object at 0xffff97fc9f70>, verb_name='build', verb_parser=<colcon_mixin.mixin.mixin_argument.MixinArgumentDecorator object at 0xffff97fd94c0>)
[0.813s] Level 1:colcon.colcon_core.package_discovery:discover_packages(colcon_meta) check parameters
[0.813s] Level 1:colcon.colcon_core.package_discovery:discover_packages(recursive) check parameters
[0.813s] Level 1:colcon.colcon_core.package_discovery:discover_packages(ignore) check parameters
[0.813s] Level 1:colcon.colcon_core.package_discovery:discover_packages(path) check parameters
[0.813s] Level 1:colcon.colcon_core.package_discovery:discover_packages(colcon_meta) discover
[0.813s] Level 1:colcon.colcon_core.package_discovery:discover_packages(recursive) discover
[0.813s] INFO:colcon.colcon_core.package_discovery:Crawling recursively for packages in '/home/airlab/seed25/ros_packages/mocap4r2_ws'
[0.814s] Level 1:colcon.colcon_core.package_identification:_identify(.) by extensions ['ignore', 'ignore_ament_install']
[0.814s] Level 1:colcon.colcon_core.package_identification:_identify(.) by extension 'ignore'
[0.814s] Level 1:colcon.colcon_core.package_identification:_identify(.) by extension 'ignore_ament_install'
[0.815s] Level 1:colcon.colcon_core.package_identification:_identify(.) by extensions ['colcon_pkg']
[0.815s] Level 1:colcon.colcon_core.package_identification:_identify(.) by extension 'colcon_pkg'
[0.815s] Level 1:colcon.colcon_core.package_identification:_identify(.) by extensions ['colcon_meta']
[0.815s] Level 1:colcon.colcon_core.package_identification:_identify(.) by extension 'colcon_meta'
[0.815s] Level 1:colcon.colcon_core.package_identification:_identify(.) by extensions ['ros']
[0.815s] Level 1:colcon.colcon_core.package_identification:_identify(.) by extension 'ros'
[0.838s] Level 1:colcon.colcon_core.package_identification:_identify(.) by extensions ['cmake', 'python']
[0.838s] Level 1:colcon.colcon_core.package_identification:_identify(.) by extension 'cmake'
[0.839s] Level 1:colcon.colcon_core.package_identification:_identify(.) by extension 'python'
[0.839s] Level 1:colcon.colcon_core.package_identification:_identify(.) by extensions ['python_setup_py']
[0.839s] Level 1:colcon.colcon_core.package_identification:_identify(.) by extension 'python_setup_py'
[0.839s] Level 1:colcon.colcon_core.package_identification:_identify(build) by extensions ['ignore', 'ignore_ament_install']
[0.839s] Level 1:colcon.colcon_core.package_identification:_identify(build) by extension 'ignore'
[0.839s] Level 1:colcon.colcon_core.package_identification:_identify(build) ignored
[0.840s] Level 1:colcon.colcon_core.package_identification:_identify(install) by extensions ['ignore', 'ignore_ament_install']
[0.840s] Level 1:colcon.colcon_core.package_identification:_identify(install) by extension 'ignore'
[0.840s] Level 1:colcon.colcon_core.package_identification:_identify(install) ignored
[0.840s] Level 1:colcon.colcon_core.package_identification:_identify(log) by extensions ['ignore', 'ignore_ament_install']
[0.840s] Level 1:colcon.colcon_core.package_identification:_identify(log) by extension 'ignore'
[0.841s] Level 1:colcon.colcon_core.package_identification:_identify(log) ignored
[0.841s] Level 1:colcon.colcon_core.package_identification:_identify(src) by extensions ['ignore', 'ignore_ament_install']
[0.841s] Level 1:colcon.colcon_core.package_identification:_identify(src) by extension 'ignore'
[0.841s] Level 1:colcon.colcon_core.package_identification:_identify(src) by extension 'ignore_ament_install'
[0.841s] Level 1:colcon.colcon_core.package_identification:_identify(src) by extensions ['colcon_pkg']
[0.841s] Level 1:colcon.colcon_core.package_identification:_identify(src) by extension 'colcon_pkg'
[0.841s] Level 1:colcon.colcon_core.package_identification:_identify(src) by extensions ['colcon_meta']
[0.841s] Level 1:colcon.colcon_core.package_identification:_identify(src) by extension 'colcon_meta'
[0.842s] Level 1:colcon.colcon_core.package_identification:_identify(src) by extensions ['ros']
[0.842s] Level 1:colcon.colcon_core.package_identification:_identify(src) by extension 'ros'
[0.842s] Level 1:colcon.colcon_core.package_identification:_identify(src) by extensions ['cmake', 'python']
[0.842s] Level 1:colcon.colcon_core.package_identification:_identify(src) by extension 'cmake'
[0.842s] Level 1:colcon.colcon_core.package_identification:_identify(src) by extension 'python'
[0.842s] Level 1:colcon.colcon_core.package_identification:_identify(src) by extensions ['python_setup_py']
[0.842s] Level 1:colcon.colcon_core.package_identification:_identify(src) by extension 'python_setup_py'
[0.842s] Level 1:colcon.colcon_core.package_identification:_identify(src/mocap4r2) by extensions ['ignore', 'ignore_ament_install']
[0.843s] Level 1:colcon.colcon_core.package_identification:_identify(src/mocap4r2) by extension 'ignore'
[0.843s] Level 1:colcon.colcon_core.package_identification:_identify(src/mocap4r2) by extension 'ignore_ament_install'
[0.843s] Level 1:colcon.colcon_core.package_identification:_identify(src/mocap4r2) by extensions ['colcon_pkg']
[0.843s] Level 1:colcon.colcon_core.package_identification:_identify(src/mocap4r2) by extension 'colcon_pkg'
[0.843s] Level 1:colcon.colcon_core.package_identification:_identify(src/mocap4r2) by extensions ['colcon_meta']
[0.843s] Level 1:colcon.colcon_core.package_identification:_identify(src/mocap4r2) by extension 'colcon_meta'
[0.843s] Level 1:colcon.colcon_core.package_identification:_identify(src/mocap4r2) by extensions ['ros']
[0.843s] Level 1:colcon.colcon_core.package_identification:_identify(src/mocap4r2) by extension 'ros'
[0.843s] Level 1:colcon.colcon_core.package_identification:_identify(src/mocap4r2) by extensions ['cmake', 'python']
[0.843s] Level 1:colcon.colcon_core.package_identification:_identify(src/mocap4r2) by extension 'cmake'
[0.844s] Level 1:colcon.colcon_core.package_identification:_identify(src/mocap4r2) by extension 'python'
[0.844s] Level 1:colcon.colcon_core.package_identification:_identify(src/mocap4r2) by extensions ['python_setup_py']
[0.844s] Level 1:colcon.colcon_core.package_identification:_identify(src/mocap4r2) by extension 'python_setup_py'
[0.844s] Level 1:colcon.colcon_core.package_identification:_identify(src/mocap4r2/mocap4r2_control) by extensions ['ignore', 'ignore_ament_install']
[0.844s] Level 1:colcon.colcon_core.package_identification:_identify(src/mocap4r2/mocap4r2_control) by extension 'ignore'
[0.844s] Level 1:colcon.colcon_core.package_identification:_identify(src/mocap4r2/mocap4r2_control) by extension 'ignore_ament_install'
[0.844s] Level 1:colcon.colcon_core.package_identification:_identify(src/mocap4r2/mocap4r2_control) by extensions ['colcon_pkg']
[0.844s] Level 1:colcon.colcon_core.package_identification:_identify(src/mocap4r2/mocap4r2_control) by extension 'colcon_pkg'
[0.845s] Level 1:colcon.colcon_core.package_identification:_identify(src/mocap4r2/mocap4r2_control) by extensions ['colcon_meta']
[0.845s] Level 1:colcon.colcon_core.package_identification:_identify(src/mocap4r2/mocap4r2_control) by extension 'colcon_meta'
[0.845s] Level 1:colcon.colcon_core.package_identification:_identify(src/mocap4r2/mocap4r2_control) by extensions ['ros']
[0.845s] Level 1:colcon.colcon_core.package_identification:_identify(src/mocap4r2/mocap4r2_control) by extension 'ros'
[0.845s] Level 1:colcon.colcon_core.package_identification:_identify(src/mocap4r2/mocap4r2_control) by extensions ['cmake', 'python']
[0.845s] Level 1:colcon.colcon_core.package_identification:_identify(src/mocap4r2/mocap4r2_control) by extension 'cmake'
[0.845s] Level 1:colcon.colcon_core.package_identification:_identify(src/mocap4r2/mocap4r2_control) by extension 'python'
[0.845s] Level 1:colcon.colcon_core.package_identification:_identify(src/mocap4r2/mocap4r2_control) by extensions ['python_setup_py']
[0.845s] Level 1:colcon.colcon_core.package_identification:_identify(src/mocap4r2/mocap4r2_control) by extension 'python_setup_py'
[0.846s] Level 1:colcon.colcon_core.package_identification:_identify(src/mocap4r2/mocap4r2_control/mocap4r2_control) by extensions ['ignore', 'ignore_ament_install']
[0.846s] Level 1:colcon.colcon_core.package_identification:_identify(src/mocap4r2/mocap4r2_control/mocap4r2_control) by extension 'ignore'
[0.846s] Level 1:colcon.colcon_core.package_identification:_identify(src/mocap4r2/mocap4r2_control/mocap4r2_control) by extension 'ignore_ament_install'
[0.846s] Level 1:colcon.colcon_core.package_identification:_identify(src/mocap4r2/mocap4r2_control/mocap4r2_control) by extensions ['colcon_pkg']
[0.846s] Level 1:colcon.colcon_core.package_identification:_identify(src/mocap4r2/mocap4r2_control/mocap4r2_control) by extension 'colcon_pkg'
[0.846s] Level 1:colcon.colcon_core.package_identification:_identify(src/mocap4r2/mocap4r2_control/mocap4r2_control) by extensions ['colcon_meta']
[0.846s] Level 1:colcon.colcon_core.package_identification:_identify(src/mocap4r2/mocap4r2_control/mocap4r2_control) by extension 'colcon_meta'
[0.846s] Level 1:colcon.colcon_core.package_identification:_identify(src/mocap4r2/mocap4r2_control/mocap4r2_control) by extensions ['ros']
[0.846s] Level 1:colcon.colcon_core.package_identification:_identify(src/mocap4r2/mocap4r2_control/mocap4r2_control) by extension 'ros'
[0.852s] DEBUG:colcon.colcon_core.package_identification:Package 'src/mocap4r2/mocap4r2_control/mocap4r2_control' with type 'ros.ament_cmake' and name 'mocap4r2_control'
[0.852s] Level 1:colcon.colcon_core.package_identification:_identify(src/mocap4r2/mocap4r2_control/mocap4r2_control_msgs) by extensions ['ignore', 'ignore_ament_install']
[0.852s] Level 1:colcon.colcon_core.package_identification:_identify(src/mocap4r2/mocap4r2_control/mocap4r2_control_msgs) by extension 'ignore'
[0.852s] Level 1:colcon.colcon_core.package_identification:_identify(src/mocap4r2/mocap4r2_control/mocap4r2_control_msgs) by extension 'ignore_ament_install'
[0.853s] Level 1:colcon.colcon_core.package_identification:_identify(src/mocap4r2/mocap4r2_control/mocap4r2_control_msgs) by extensions ['colcon_pkg']
[0.853s] Level 1:colcon.colcon_core.package_identification:_identify(src/mocap4r2/mocap4r2_control/mocap4r2_control_msgs) by extension 'colcon_pkg'
[0.853s] Level 1:colcon.colcon_core.package_identification:_identify(src/mocap4r2/mocap4r2_control/mocap4r2_control_msgs) by extensions ['colcon_meta']
[0.853s] Level 1:colcon.colcon_core.package_identification:_identify(src/mocap4r2/mocap4r2_control/mocap4r2_control_msgs) by extension 'colcon_meta'
[0.853s] Level 1:colcon.colcon_core.package_identification:_identify(src/mocap4r2/mocap4r2_control/mocap4r2_control_msgs) by extensions ['ros']
[0.853s] Level 1:colcon.colcon_core.package_identification:_identify(src/mocap4r2/mocap4r2_control/mocap4r2_control_msgs) by extension 'ros'
[0.855s] DEBUG:colcon.colcon_core.package_identification:Package 'src/mocap4r2/mocap4r2_control/mocap4r2_control_msgs' with type 'ros.ament_cmake' and name 'mocap4r2_control_msgs'
[0.855s] Level 1:colcon.colcon_core.package_identification:_identify(src/mocap4r2/mocap4r2_control/rqt_mocap4r2_control) by extensions ['ignore', 'ignore_ament_install']
[0.856s] Level 1:colcon.colcon_core.package_identification:_identify(src/mocap4r2/mocap4r2_control/rqt_mocap4r2_control) by extension 'ignore'
[0.856s] Level 1:colcon.colcon_core.package_identification:_identify(src/mocap4r2/mocap4r2_control/rqt_mocap4r2_control) by extension 'ignore_ament_install'
[0.856s] Level 1:colcon.colcon_core.package_identification:_identify(src/mocap4r2/mocap4r2_control/rqt_mocap4r2_control) by extensions ['colcon_pkg']
[0.856s] Level 1:colcon.colcon_core.package_identification:_identify(src/mocap4r2/mocap4r2_control/rqt_mocap4r2_control) by extension 'colcon_pkg'
[0.856s] Level 1:colcon.colcon_core.package_identification:_identify(src/mocap4r2/mocap4r2_control/rqt_mocap4r2_control) by extensions ['colcon_meta']
[0.856s] Level 1:colcon.colcon_core.package_identification:_identify(src/mocap4r2/mocap4r2_control/rqt_mocap4r2_control) by extension 'colcon_meta'
[0.856s] Level 1:colcon.colcon_core.package_identification:_identify(src/mocap4r2/mocap4r2_control/rqt_mocap4r2_control) by extensions ['ros']
[0.856s] Level 1:colcon.colcon_core.package_identification:_identify(src/mocap4r2/mocap4r2_control/rqt_mocap4r2_control) by extension 'ros'
[0.858s] DEBUG:colcon.colcon_core.package_identification:Package 'src/mocap4r2/mocap4r2_control/rqt_mocap4r2_control' with type 'ros.ament_cmake' and name 'rqt_mocap4r2_control'
[0.859s] Level 1:colcon.colcon_core.package_identification:_identify(src/mocap4r2/mocap4r2_dummy_driver) by extensions ['ignore', 'ignore_ament_install']
[0.859s] Level 1:colcon.colcon_core.package_identification:_identify(src/mocap4r2/mocap4r2_dummy_driver) by extension 'ignore'
[0.859s] Level 1:colcon.colcon_core.package_identification:_identify(src/mocap4r2/mocap4r2_dummy_driver) by extension 'ignore_ament_install'
[0.859s] Level 1:colcon.colcon_core.package_identification:_identify(src/mocap4r2/mocap4r2_dummy_driver) by extensions ['colcon_pkg']
[0.859s] Level 1:colcon.colcon_core.package_identification:_identify(src/mocap4r2/mocap4r2_dummy_driver) by extension 'colcon_pkg'
[0.859s] Level 1:colcon.colcon_core.package_identification:_identify(src/mocap4r2/mocap4r2_dummy_driver) by extensions ['colcon_meta']
[0.859s] Level 1:colcon.colcon_core.package_identification:_identify(src/mocap4r2/mocap4r2_dummy_driver) by extension 'colcon_meta'
[0.860s] Level 1:colcon.colcon_core.package_identification:_identify(src/mocap4r2/mocap4r2_dummy_driver) by extensions ['ros']
[0.860s] Level 1:colcon.colcon_core.package_identification:_identify(src/mocap4r2/mocap4r2_dummy_driver) by extension 'ros'
[0.861s] DEBUG:colcon.colcon_core.package_identification:Package 'src/mocap4r2/mocap4r2_dummy_driver' with type 'ros.ament_cmake' and name 'mocap4r2_dummy_driver'
[0.861s] Level 1:colcon.colcon_core.package_identification:_identify(src/mocap4r2/mocap4r2_marker_viz) by extensions ['ignore', 'ignore_ament_install']
[0.862s] Level 1:colcon.colcon_core.package_identification:_identify(src/mocap4r2/mocap4r2_marker_viz) by extension 'ignore'
[0.862s] Level 1:colcon.colcon_core.package_identification:_identify(src/mocap4r2/mocap4r2_marker_viz) by extension 'ignore_ament_install'
[0.862s] Level 1:colcon.colcon_core.package_identification:_identify(src/mocap4r2/mocap4r2_marker_viz) by extensions ['colcon_pkg']
[0.862s] Level 1:colcon.colcon_core.package_identification:_identify(src/mocap4r2/mocap4r2_marker_viz) by extension 'colcon_pkg'
[0.862s] Level 1:colcon.colcon_core.package_identification:_identify(src/mocap4r2/mocap4r2_marker_viz) by extensions ['colcon_meta']
[0.862s] Level 1:colcon.colcon_core.package_identification:_identify(src/mocap4r2/mocap4r2_marker_viz) by extension 'colcon_meta'
[0.862s] Level 1:colcon.colcon_core.package_identification:_identify(src/mocap4r2/mocap4r2_marker_viz) by extensions ['ros']
[0.862s] Level 1:colcon.colcon_core.package_identification:_identify(src/mocap4r2/mocap4r2_marker_viz) by extension 'ros'
[0.862s] Level 1:colcon.colcon_core.package_identification:_identify(src/mocap4r2/mocap4r2_marker_viz) by extensions ['cmake', 'python']
[0.863s] Level 1:colcon.colcon_core.package_identification:_identify(src/mocap4r2/mocap4r2_marker_viz) by extension 'cmake'
[0.863s] Level 1:colcon.colcon_core.package_identification:_identify(src/mocap4r2/mocap4r2_marker_viz) by extension 'python'
[0.863s] Level 1:colcon.colcon_core.package_identification:_identify(src/mocap4r2/mocap4r2_marker_viz) by extensions ['python_setup_py']
[0.863s] Level 1:colcon.colcon_core.package_identification:_identify(src/mocap4r2/mocap4r2_marker_viz) by extension 'python_setup_py'
[0.863s] Level 1:colcon.colcon_core.package_identification:_identify(src/mocap4r2/mocap4r2_marker_viz/mocap4r2_marker_publisher) by extensions ['ignore', 'ignore_ament_install']
[0.863s] Level 1:colcon.colcon_core.package_identification:_identify(src/mocap4r2/mocap4r2_marker_viz/mocap4r2_marker_publisher) by extension 'ignore'
[0.863s] Level 1:colcon.colcon_core.package_identification:_identify(src/mocap4r2/mocap4r2_marker_viz/mocap4r2_marker_publisher) by extension 'ignore_ament_install'
[0.864s] Level 1:colcon.colcon_core.package_identification:_identify(src/mocap4r2/mocap4r2_marker_viz/mocap4r2_marker_publisher) by extensions ['colcon_pkg']
[0.864s] Level 1:colcon.colcon_core.package_identification:_identify(src/mocap4r2/mocap4r2_marker_viz/mocap4r2_marker_publisher) by extension 'colcon_pkg'
[0.864s] Level 1:colcon.colcon_core.package_identification:_identify(src/mocap4r2/mocap4r2_marker_viz/mocap4r2_marker_publisher) by extensions ['colcon_meta']
[0.864s] Level 1:colcon.colcon_core.package_identification:_identify(src/mocap4r2/mocap4r2_marker_viz/mocap4r2_marker_publisher) by extension 'colcon_meta'
[0.864s] Level 1:colcon.colcon_core.package_identification:_identify(src/mocap4r2/mocap4r2_marker_viz/mocap4r2_marker_publisher) by extensions ['ros']
[0.864s] Level 1:colcon.colcon_core.package_identification:_identify(src/mocap4r2/mocap4r2_marker_viz/mocap4r2_marker_publisher) by extension 'ros'
[0.865s] DEBUG:colcon.colcon_core.package_identification:Package 'src/mocap4r2/mocap4r2_marker_viz/mocap4r2_marker_publisher' with type 'ros.ament_cmake' and name 'mocap4r2_marker_publisher'
[0.865s] Level 1:colcon.colcon_core.package_identification:_identify(src/mocap4r2/mocap4r2_marker_viz/mocap4r2_marker_viz) by extensions ['ignore', 'ignore_ament_install']
[0.866s] Level 1:colcon.colcon_core.package_identification:_identify(src/mocap4r2/mocap4r2_marker_viz/mocap4r2_marker_viz) by extension 'ignore'
[0.866s] Level 1:colcon.colcon_core.package_identification:_identify(src/mocap4r2/mocap4r2_marker_viz/mocap4r2_marker_viz) by extension 'ignore_ament_install'
[0.866s] Level 1:colcon.colcon_core.package_identification:_identify(src/mocap4r2/mocap4r2_marker_viz/mocap4r2_marker_viz) by extensions ['colcon_pkg']
[0.866s] Level 1:colcon.colcon_core.package_identification:_identify(src/mocap4r2/mocap4r2_marker_viz/mocap4r2_marker_viz) by extension 'colcon_pkg'
[0.866s] Level 1:colcon.colcon_core.package_identification:_identify(src/mocap4r2/mocap4r2_marker_viz/mocap4r2_marker_viz) by extensions ['colcon_meta']
[0.866s] Level 1:colcon.colcon_core.package_identification:_identify(src/mocap4r2/mocap4r2_marker_viz/mocap4r2_marker_viz) by extension 'colcon_meta'
[0.866s] Level 1:colcon.colcon_core.package_identification:_identify(src/mocap4r2/mocap4r2_marker_viz/mocap4r2_marker_viz) by extensions ['ros']
[0.866s] Level 1:colcon.colcon_core.package_identification:_identify(src/mocap4r2/mocap4r2_marker_viz/mocap4r2_marker_viz) by extension 'ros'
[0.868s] DEBUG:colcon.colcon_core.package_identification:Package 'src/mocap4r2/mocap4r2_marker_viz/mocap4r2_marker_viz' with type 'ros.ament_cmake' and name 'mocap4r2_marker_viz'
[0.868s] Level 1:colcon.colcon_core.package_identification:_identify(src/mocap4r2/mocap4r2_marker_viz/mocap4r2_marker_viz_srvs) by extensions ['ignore', 'ignore_ament_install']
[0.868s] Level 1:colcon.colcon_core.package_identification:_identify(src/mocap4r2/mocap4r2_marker_viz/mocap4r2_marker_viz_srvs) by extension 'ignore'
[0.868s] Level 1:colcon.colcon_core.package_identification:_identify(src/mocap4r2/mocap4r2_marker_viz/mocap4r2_marker_viz_srvs) by extension 'ignore_ament_install'
[0.869s] Level 1:colcon.colcon_core.package_identification:_identify(src/mocap4r2/mocap4r2_marker_viz/mocap4r2_marker_viz_srvs) by extensions ['colcon_pkg']
[0.869s] Level 1:colcon.colcon_core.package_identification:_identify(src/mocap4r2/mocap4r2_marker_viz/mocap4r2_marker_viz_srvs) by extension 'colcon_pkg'
[0.869s] Level 1:colcon.colcon_core.package_identification:_identify(src/mocap4r2/mocap4r2_marker_viz/mocap4r2_marker_viz_srvs) by extensions ['colcon_meta']
[0.869s] Level 1:colcon.colcon_core.package_identification:_identify(src/mocap4r2/mocap4r2_marker_viz/mocap4r2_marker_viz_srvs) by extension 'colcon_meta'
[0.869s] Level 1:colcon.colcon_core.package_identification:_identify(src/mocap4r2/mocap4r2_marker_viz/mocap4r2_marker_viz_srvs) by extensions ['ros']
[0.869s] Level 1:colcon.colcon_core.package_identification:_identify(src/mocap4r2/mocap4r2_marker_viz/mocap4r2_marker_viz_srvs) by extension 'ros'
[0.870s] DEBUG:colcon.colcon_core.package_identification:Package 'src/mocap4r2/mocap4r2_marker_viz/mocap4r2_marker_viz_srvs' with type 'ros.ament_cmake' and name 'mocap4r2_marker_viz_srvs'
[0.870s] Level 1:colcon.colcon_core.package_identification:_identify(src/mocap4r2/mocap4r2_robot_gt) by extensions ['ignore', 'ignore_ament_install']
[0.871s] Level 1:colcon.colcon_core.package_identification:_identify(src/mocap4r2/mocap4r2_robot_gt) by extension 'ignore'
[0.871s] Level 1:colcon.colcon_core.package_identification:_identify(src/mocap4r2/mocap4r2_robot_gt) by extension 'ignore_ament_install'
[0.871s] Level 1:colcon.colcon_core.package_identification:_identify(src/mocap4r2/mocap4r2_robot_gt) by extensions ['colcon_pkg']
[0.871s] Level 1:colcon.colcon_core.package_identification:_identify(src/mocap4r2/mocap4r2_robot_gt) by extension 'colcon_pkg'
[0.871s] Level 1:colcon.colcon_core.package_identification:_identify(src/mocap4r2/mocap4r2_robot_gt) by extensions ['colcon_meta']
[0.871s] Level 1:colcon.colcon_core.package_identification:_identify(src/mocap4r2/mocap4r2_robot_gt) by extension 'colcon_meta'
[0.871s] Level 1:colcon.colcon_core.package_identification:_identify(src/mocap4r2/mocap4r2_robot_gt) by extensions ['ros']
[0.871s] Level 1:colcon.colcon_core.package_identification:_identify(src/mocap4r2/mocap4r2_robot_gt) by extension 'ros'
[0.872s] Level 1:colcon.colcon_core.package_identification:_identify(src/mocap4r2/mocap4r2_robot_gt) by extensions ['cmake', 'python']
[0.872s] Level 1:colcon.colcon_core.package_identification:_identify(src/mocap4r2/mocap4r2_robot_gt) by extension 'cmake'
[0.872s] Level 1:colcon.colcon_core.package_identification:_identify(src/mocap4r2/mocap4r2_robot_gt) by extension 'python'
[0.872s] Level 1:colcon.colcon_core.package_identification:_identify(src/mocap4r2/mocap4r2_robot_gt) by extensions ['python_setup_py']
[0.872s] Level 1:colcon.colcon_core.package_identification:_identify(src/mocap4r2/mocap4r2_robot_gt) by extension 'python_setup_py'
[0.872s] Level 1:colcon.colcon_core.package_identification:_identify(src/mocap4r2/mocap4r2_robot_gt/mocap4r2_robot_gt) by extensions ['ignore', 'ignore_ament_install']
[0.872s] Level 1:colcon.colcon_core.package_identification:_identify(src/mocap4r2/mocap4r2_robot_gt/mocap4r2_robot_gt) by extension 'ignore'
[0.873s] Level 1:colcon.colcon_core.package_identification:_identify(src/mocap4r2/mocap4r2_robot_gt/mocap4r2_robot_gt) by extension 'ignore_ament_install'
[0.873s] Level 1:colcon.colcon_core.package_identification:_identify(src/mocap4r2/mocap4r2_robot_gt/mocap4r2_robot_gt) by extensions ['colcon_pkg']
[0.873s] Level 1:colcon.colcon_core.package_identification:_identify(src/mocap4r2/mocap4r2_robot_gt/mocap4r2_robot_gt) by extension 'colcon_pkg'
[0.873s] Level 1:colcon.colcon_core.package_identification:_identify(src/mocap4r2/mocap4r2_robot_gt/mocap4r2_robot_gt) by extensions ['colcon_meta']
[0.873s] Level 1:colcon.colcon_core.package_identification:_identify(src/mocap4r2/mocap4r2_robot_gt/mocap4r2_robot_gt) by extension 'colcon_meta'
[0.873s] Level 1:colcon.colcon_core.package_identification:_identify(src/mocap4r2/mocap4r2_robot_gt/mocap4r2_robot_gt) by extensions ['ros']
[0.873s] Level 1:colcon.colcon_core.package_identification:_identify(src/mocap4r2/mocap4r2_robot_gt/mocap4r2_robot_gt) by extension 'ros'
[0.875s] DEBUG:colcon.colcon_core.package_identification:Package 'src/mocap4r2/mocap4r2_robot_gt/mocap4r2_robot_gt' with type 'ros.ament_cmake' and name 'mocap4r2_robot_gt'
[0.875s] Level 1:colcon.colcon_core.package_identification:_identify(src/mocap4r2/mocap4r2_robot_gt/mocap4r2_robot_gt_msgs) by extensions ['ignore', 'ignore_ament_install']
[0.875s] Level 1:colcon.colcon_core.package_identification:_identify(src/mocap4r2/mocap4r2_robot_gt/mocap4r2_robot_gt_msgs) by extension 'ignore'
[0.876s] Level 1:colcon.colcon_core.package_identification:_identify(src/mocap4r2/mocap4r2_robot_gt/mocap4r2_robot_gt_msgs) by extension 'ignore_ament_install'
[0.876s] Level 1:colcon.colcon_core.package_identification:_identify(src/mocap4r2/mocap4r2_robot_gt/mocap4r2_robot_gt_msgs) by extensions ['colcon_pkg']
[0.876s] Level 1:colcon.colcon_core.package_identification:_identify(src/mocap4r2/mocap4r2_robot_gt/mocap4r2_robot_gt_msgs) by extension 'colcon_pkg'
[0.876s] Level 1:colcon.colcon_core.package_identification:_identify(src/mocap4r2/mocap4r2_robot_gt/mocap4r2_robot_gt_msgs) by extensions ['colcon_meta']
[0.876s] Level 1:colcon.colcon_core.package_identification:_identify(src/mocap4r2/mocap4r2_robot_gt/mocap4r2_robot_gt_msgs) by extension 'colcon_meta'
[0.876s] Level 1:colcon.colcon_core.package_identification:_identify(src/mocap4r2/mocap4r2_robot_gt/mocap4r2_robot_gt_msgs) by extensions ['ros']
[0.876s] Level 1:colcon.colcon_core.package_identification:_identify(src/mocap4r2/mocap4r2_robot_gt/mocap4r2_robot_gt_msgs) by extension 'ros'
[0.878s] DEBUG:colcon.colcon_core.package_identification:Package 'src/mocap4r2/mocap4r2_robot_gt/mocap4r2_robot_gt_msgs' with type 'ros.ament_cmake' and name 'mocap4r2_robot_gt_msgs'
[0.878s] Level 1:colcon.colcon_core.package_identification:_identify(src/mocap4r2/mocap4r2cli) by extensions ['ignore', 'ignore_ament_install']
[0.878s] Level 1:colcon.colcon_core.package_identification:_identify(src/mocap4r2/mocap4r2cli) by extension 'ignore'
[0.878s] Level 1:colcon.colcon_core.package_identification:_identify(src/mocap4r2/mocap4r2cli) by extension 'ignore_ament_install'
[0.878s] Level 1:colcon.colcon_core.package_identification:_identify(src/mocap4r2/mocap4r2cli) by extensions ['colcon_pkg']
[0.879s] Level 1:colcon.colcon_core.package_identification:_identify(src/mocap4r2/mocap4r2cli) by extension 'colcon_pkg'
[0.879s] Level 1:colcon.colcon_core.package_identification:_identify(src/mocap4r2/mocap4r2cli) by extensions ['colcon_meta']
[0.879s] Level 1:colcon.colcon_core.package_identification:_identify(src/mocap4r2/mocap4r2cli) by extension 'colcon_meta'
[0.879s] Level 1:colcon.colcon_core.package_identification:_identify(src/mocap4r2/mocap4r2cli) by extensions ['ros']
[0.879s] Level 1:colcon.colcon_core.package_identification:_identify(src/mocap4r2/mocap4r2cli) by extension 'ros'
[0.880s] DEBUG:colcon.colcon_core.package_identification:Package 'src/mocap4r2/mocap4r2cli' with type 'ros.ament_python' and name 'mocap4r2cli'
[0.880s] Level 1:colcon.colcon_core.package_identification:_identify(src/mocap4ros2_optitrack) by extensions ['ignore', 'ignore_ament_install']
[0.880s] Level 1:colcon.colcon_core.package_identification:_identify(src/mocap4ros2_optitrack) by extension 'ignore'
[0.881s] Level 1:colcon.colcon_core.package_identification:_identify(src/mocap4ros2_optitrack) by extension 'ignore_ament_install'
[0.881s] Level 1:colcon.colcon_core.package_identification:_identify(src/mocap4ros2_optitrack) by extensions ['colcon_pkg']
[0.881s] Level 1:colcon.colcon_core.package_identification:_identify(src/mocap4ros2_optitrack) by extension 'colcon_pkg'
[0.881s] Level 1:colcon.colcon_core.package_identification:_identify(src/mocap4ros2_optitrack) by extensions ['colcon_meta']
[0.881s] Level 1:colcon.colcon_core.package_identification:_identify(src/mocap4ros2_optitrack) by extension 'colcon_meta'
[0.881s] Level 1:colcon.colcon_core.package_identification:_identify(src/mocap4ros2_optitrack) by extensions ['ros']
[0.881s] Level 1:colcon.colcon_core.package_identification:_identify(src/mocap4ros2_optitrack) by extension 'ros'
[0.881s] Level 1:colcon.colcon_core.package_identification:_identify(src/mocap4ros2_optitrack) by extensions ['cmake', 'python']
[0.881s] Level 1:colcon.colcon_core.package_identification:_identify(src/mocap4ros2_optitrack) by extension 'cmake'
[0.881s] Level 1:colcon.colcon_core.package_identification:_identify(src/mocap4ros2_optitrack) by extension 'python'
[0.882s] Level 1:colcon.colcon_core.package_identification:_identify(src/mocap4ros2_optitrack) by extensions ['python_setup_py']
[0.882s] Level 1:colcon.colcon_core.package_identification:_identify(src/mocap4ros2_optitrack) by extension 'python_setup_py'
[0.882s] Level 1:colcon.colcon_core.package_identification:_identify(src/mocap4ros2_optitrack/mocap4r2_optitrack_driver) by extensions ['ignore', 'ignore_ament_install']
[0.882s] Level 1:colcon.colcon_core.package_identification:_identify(src/mocap4ros2_optitrack/mocap4r2_optitrack_driver) by extension 'ignore'
[0.882s] Level 1:colcon.colcon_core.package_identification:_identify(src/mocap4ros2_optitrack/mocap4r2_optitrack_driver) by extension 'ignore_ament_install'
[0.882s] Level 1:colcon.colcon_core.package_identification:_identify(src/mocap4ros2_optitrack/mocap4r2_optitrack_driver) by extensions ['colcon_pkg']
[0.882s] Level 1:colcon.colcon_core.package_identification:_identify(src/mocap4ros2_optitrack/mocap4r2_optitrack_driver) by extension 'colcon_pkg'
[0.882s] Level 1:colcon.colcon_core.package_identification:_identify(src/mocap4ros2_optitrack/mocap4r2_optitrack_driver) by extensions ['colcon_meta']
[0.883s] Level 1:colcon.colcon_core.package_identification:_identify(src/mocap4ros2_optitrack/mocap4r2_optitrack_driver) by extension 'colcon_meta'
[0.883s] Level 1:colcon.colcon_core.package_identification:_identify(src/mocap4ros2_optitrack/mocap4r2_optitrack_driver) by extensions ['ros']
[0.883s] Level 1:colcon.colcon_core.package_identification:_identify(src/mocap4ros2_optitrack/mocap4r2_optitrack_driver) by extension 'ros'
[0.884s] DEBUG:colcon.colcon_core.package_identification:Package 'src/mocap4ros2_optitrack/mocap4r2_optitrack_driver' with type 'ros.ament_cmake' and name 'mocap4r2_optitrack_driver'
[0.885s] Level 1:colcon.colcon_core.package_identification:_identify(src/mocap_msgs) by extensions ['ignore', 'ignore_ament_install']
[0.885s] Level 1:colcon.colcon_core.package_identification:_identify(src/mocap_msgs) by extension 'ignore'
[0.885s] Level 1:colcon.colcon_core.package_identification:_identify(src/mocap_msgs) by extension 'ignore_ament_install'
[0.885s] Level 1:colcon.colcon_core.package_identification:_identify(src/mocap_msgs) by extensions ['colcon_pkg']
[0.885s] Level 1:colcon.colcon_core.package_identification:_identify(src/mocap_msgs) by extension 'colcon_pkg'
[0.885s] Level 1:colcon.colcon_core.package_identification:_identify(src/mocap_msgs) by extensions ['colcon_meta']
[0.885s] Level 1:colcon.colcon_core.package_identification:_identify(src/mocap_msgs) by extension 'colcon_meta'
[0.885s] Level 1:colcon.colcon_core.package_identification:_identify(src/mocap_msgs) by extensions ['ros']
[0.885s] Level 1:colcon.colcon_core.package_identification:_identify(src/mocap_msgs) by extension 'ros'
[0.887s] DEBUG:colcon.colcon_core.package_identification:Package 'src/mocap_msgs' with type 'ros.ament_cmake' and name 'mocap4r2_msgs'
[0.887s] Level 1:colcon.colcon_core.package_discovery:discover_packages(recursive) using defaults
[0.888s] Level 1:colcon.colcon_core.package_discovery:discover_packages(ignore) discover
[0.888s] Level 1:colcon.colcon_core.package_discovery:discover_packages(ignore) using defaults
[0.888s] Level 1:colcon.colcon_core.package_discovery:discover_packages(path) discover
[0.888s] Level 1:colcon.colcon_core.package_discovery:discover_packages(path) using defaults
[0.956s] Level 1:colcon.colcon_core.package_discovery:discover_packages(prefix_path) check parameters
[0.956s] Level 1:colcon.colcon_core.package_discovery:discover_packages(prefix_path) discover
[0.961s] DEBUG:colcon.colcon_installed_package_information.package_discovery:Found 10 installed packages in /home/airlab/seed25/ros_packages/mocap4r2_ws/install
[0.962s] DEBUG:colcon.colcon_installed_package_information.package_discovery:Found 0 installed packages in /home/airlab/seed25/ros_packages/seed_controller_ws/install
[0.964s] DEBUG:colcon.colcon_installed_package_information.package_discovery:Found 259 installed packages in /opt/ros/foxy
[0.967s] Level 1:colcon.colcon_core.package_discovery:discover_packages(prefix_path) using defaults
[1.093s] Level 5:colcon.colcon_core.verb:set package 'mocap4r2_control_msgs' build argument 'cmake_args' from command line to 'None'
[1.093s] Level 5:colcon.colcon_core.verb:set package 'mocap4r2_control_msgs' build argument 'cmake_target' from command line to 'None'
[1.093s] Level 5:colcon.colcon_core.verb:set package 'mocap4r2_control_msgs' build argument 'cmake_target_skip_unavailable' from command line to 'False'
[1.093s] Level 5:colcon.colcon_core.verb:set package 'mocap4r2_control_msgs' build argument 'cmake_clean_cache' from command line to 'False'
[1.093s] Level 5:colcon.colcon_core.verb:set package 'mocap4r2_control_msgs' build argument 'cmake_clean_first' from command line to 'False'
[1.093s] Level 5:colcon.colcon_core.verb:set package 'mocap4r2_control_msgs' build argument 'cmake_force_configure' from command line to 'False'
[1.093s] Level 5:colcon.colcon_core.verb:set package 'mocap4r2_control_msgs' build argument 'ament_cmake_args' from command line to 'None'
[1.093s] Level 5:colcon.colcon_core.verb:set package 'mocap4r2_control_msgs' build argument 'catkin_cmake_args' from command line to 'None'
[1.093s] Level 5:colcon.colcon_core.verb:set package 'mocap4r2_control_msgs' build argument 'catkin_skip_building_tests' from command line to 'False'
[1.093s] DEBUG:colcon.colcon_core.verb:Building package 'mocap4r2_control_msgs' with the following arguments: {'ament_cmake_args': None, 'build_base': '/home/airlab/seed25/ros_packages/mocap4r2_ws/build/mocap4r2_control_msgs', 'catkin_cmake_args': None, 'catkin_skip_building_tests': False, 'cmake_args': None, 'cmake_clean_cache': False, 'cmake_clean_first': False, 'cmake_force_configure': False, 'cmake_target': None, 'cmake_target_skip_unavailable': False, 'install_base': '/home/airlab/seed25/ros_packages/mocap4r2_ws/install/mocap4r2_control_msgs', 'merge_install': False, 'path': '/home/airlab/seed25/ros_packages/mocap4r2_ws/src/mocap4r2/mocap4r2_control/mocap4r2_control_msgs', 'symlink_install': False, 'test_result_base': None}
[1.094s] Level 5:colcon.colcon_core.verb:set package 'mocap4r2_marker_viz_srvs' build argument 'cmake_args' from command line to 'None'
[1.094s] Level 5:colcon.colcon_core.verb:set package 'mocap4r2_marker_viz_srvs' build argument 'cmake_target' from command line to 'None'
[1.094s] Level 5:colcon.colcon_core.verb:set package 'mocap4r2_marker_viz_srvs' build argument 'cmake_target_skip_unavailable' from command line to 'False'
[1.094s] Level 5:colcon.colcon_core.verb:set package 'mocap4r2_marker_viz_srvs' build argument 'cmake_clean_cache' from command line to 'False'
[1.094s] Level 5:colcon.colcon_core.verb:set package 'mocap4r2_marker_viz_srvs' build argument 'cmake_clean_first' from command line to 'False'
[1.094s] Level 5:colcon.colcon_core.verb:set package 'mocap4r2_marker_viz_srvs' build argument 'cmake_force_configure' from command line to 'False'
[1.095s] Level 5:colcon.colcon_core.verb:set package 'mocap4r2_marker_viz_srvs' build argument 'ament_cmake_args' from command line to 'None'
[1.095s] Level 5:colcon.colcon_core.verb:set package 'mocap4r2_marker_viz_srvs' build argument 'catkin_cmake_args' from command line to 'None'
[1.095s] Level 5:colcon.colcon_core.verb:set package 'mocap4r2_marker_viz_srvs' build argument 'catkin_skip_building_tests' from command line to 'False'
[1.095s] DEBUG:colcon.colcon_core.verb:Building package 'mocap4r2_marker_viz_srvs' with the following arguments: {'ament_cmake_args': None, 'build_base': '/home/airlab/seed25/ros_packages/mocap4r2_ws/build/mocap4r2_marker_viz_srvs', 'catkin_cmake_args': None, 'catkin_skip_building_tests': False, 'cmake_args': None, 'cmake_clean_cache': False, 'cmake_clean_first': False, 'cmake_force_configure': False, 'cmake_target': None, 'cmake_target_skip_unavailable': False, 'install_base': '/home/airlab/seed25/ros_packages/mocap4r2_ws/install/mocap4r2_marker_viz_srvs', 'merge_install': False, 'path': '/home/airlab/seed25/ros_packages/mocap4r2_ws/src/mocap4r2/mocap4r2_marker_viz/mocap4r2_marker_viz_srvs', 'symlink_install': False, 'test_result_base': None}
[1.095s] Level 5:colcon.colcon_core.verb:set package 'mocap4r2_msgs' build argument 'cmake_args' from command line to 'None'
[1.096s] Level 5:colcon.colcon_core.verb:set package 'mocap4r2_msgs' build argument 'cmake_target' from command line to 'None'
[1.096s] Level 5:colcon.colcon_core.verb:set package 'mocap4r2_msgs' build argument 'cmake_target_skip_unavailable' from command line to 'False'
[1.096s] Level 5:colcon.colcon_core.verb:set package 'mocap4r2_msgs' build argument 'cmake_clean_cache' from command line to 'False'
[1.096s] Level 5:colcon.colcon_core.verb:set package 'mocap4r2_msgs' build argument 'cmake_clean_first' from command line to 'False'
[1.096s] Level 5:colcon.colcon_core.verb:set package 'mocap4r2_msgs' build argument 'cmake_force_configure' from command line to 'False'
[1.096s] Level 5:colcon.colcon_core.verb:set package 'mocap4r2_msgs' build argument 'ament_cmake_args' from command line to 'None'
[1.096s] Level 5:colcon.colcon_core.verb:set package 'mocap4r2_msgs' build argument 'catkin_cmake_args' from command line to 'None'
[1.096s] Level 5:colcon.colcon_core.verb:set package 'mocap4r2_msgs' build argument 'catkin_skip_building_tests' from command line to 'False'
[1.096s] DEBUG:colcon.colcon_core.verb:Building package 'mocap4r2_msgs' with the following arguments: {'ament_cmake_args': None, 'build_base': '/home/airlab/seed25/ros_packages/mocap4r2_ws/build/mocap4r2_msgs', 'catkin_cmake_args': None, 'catkin_skip_building_tests': False, 'cmake_args': None, 'cmake_clean_cache': False, 'cmake_clean_first': False, 'cmake_force_configure': False, 'cmake_target': None, 'cmake_target_skip_unavailable': False, 'install_base': '/home/airlab/seed25/ros_packages/mocap4r2_ws/install/mocap4r2_msgs', 'merge_install': False, 'path': '/home/airlab/seed25/ros_packages/mocap4r2_ws/src/mocap_msgs', 'symlink_install': False, 'test_result_base': None}
[1.097s] Level 5:colcon.colcon_core.verb:set package 'mocap4r2_robot_gt_msgs' build argument 'cmake_args' from command line to 'None'
[1.097s] Level 5:colcon.colcon_core.verb:set package 'mocap4r2_robot_gt_msgs' build argument 'cmake_target' from command line to 'None'
[1.097s] Level 5:colcon.colcon_core.verb:set package 'mocap4r2_robot_gt_msgs' build argument 'cmake_target_skip_unavailable' from command line to 'False'
[1.097s] Level 5:colcon.colcon_core.verb:set package 'mocap4r2_robot_gt_msgs' build argument 'cmake_clean_cache' from command line to 'False'
[1.097s] Level 5:colcon.colcon_core.verb:set package 'mocap4r2_robot_gt_msgs' build argument 'cmake_clean_first' from command line to 'False'
[1.097s] Level 5:colcon.colcon_core.verb:set package 'mocap4r2_robot_gt_msgs' build argument 'cmake_force_configure' from command line to 'False'
[1.097s] Level 5:colcon.colcon_core.verb:set package 'mocap4r2_robot_gt_msgs' build argument 'ament_cmake_args' from command line to 'None'
[1.097s] Level 5:colcon.colcon_core.verb:set package 'mocap4r2_robot_gt_msgs' build argument 'catkin_cmake_args' from command line to 'None'
[1.097s] Level 5:colcon.colcon_core.verb:set package 'mocap4r2_robot_gt_msgs' build argument 'catkin_skip_building_tests' from command line to 'False'
[1.097s] DEBUG:colcon.colcon_core.verb:Building package 'mocap4r2_robot_gt_msgs' with the following arguments: {'ament_cmake_args': None, 'build_base': '/home/airlab/seed25/ros_packages/mocap4r2_ws/build/mocap4r2_robot_gt_msgs', 'catkin_cmake_args': None, 'catkin_skip_building_tests': False, 'cmake_args': None, 'cmake_clean_cache': False, 'cmake_clean_first': False, 'cmake_force_configure': False, 'cmake_target': None, 'cmake_target_skip_unavailable': False, 'install_base': '/home/airlab/seed25/ros_packages/mocap4r2_ws/install/mocap4r2_robot_gt_msgs', 'merge_install': False, 'path': '/home/airlab/seed25/ros_packages/mocap4r2_ws/src/mocap4r2/mocap4r2_robot_gt/mocap4r2_robot_gt_msgs', 'symlink_install': False, 'test_result_base': None}
[1.098s] Level 5:colcon.colcon_core.verb:set package 'mocap4r2_control' build argument 'cmake_args' from command line to 'None'
[1.098s] Level 5:colcon.colcon_core.verb:set package 'mocap4r2_control' build argument 'cmake_target' from command line to 'None'
[1.098s] Level 5:colcon.colcon_core.verb:set package 'mocap4r2_control' build argument 'cmake_target_skip_unavailable' from command line to 'False'
[1.098s] Level 5:colcon.colcon_core.verb:set package 'mocap4r2_control' build argument 'cmake_clean_cache' from command line to 'False'
[1.098s] Level 5:colcon.colcon_core.verb:set package 'mocap4r2_control' build argument 'cmake_clean_first' from command line to 'False'
[1.098s] Level 5:colcon.colcon_core.verb:set package 'mocap4r2_control' build argument 'cmake_force_configure' from command line to 'False'
[1.098s] Level 5:colcon.colcon_core.verb:set package 'mocap4r2_control' build argument 'ament_cmake_args' from command line to 'None'
[1.098s] Level 5:colcon.colcon_core.verb:set package 'mocap4r2_control' build argument 'catkin_cmake_args' from command line to 'None'
[1.098s] Level 5:colcon.colcon_core.verb:set package 'mocap4r2_control' build argument 'catkin_skip_building_tests' from command line to 'False'
[1.098s] DEBUG:colcon.colcon_core.verb:Building package 'mocap4r2_control' with the following arguments: {'ament_cmake_args': None, 'build_base': '/home/airlab/seed25/ros_packages/mocap4r2_ws/build/mocap4r2_control', 'catkin_cmake_args': None, 'catkin_skip_building_tests': False, 'cmake_args': None, 'cmake_clean_cache': False, 'cmake_clean_first': False, 'cmake_force_configure': False, 'cmake_target': None, 'cmake_target_skip_unavailable': False, 'install_base': '/home/airlab/seed25/ros_packages/mocap4r2_ws/install/mocap4r2_control', 'merge_install': False, 'path': '/home/airlab/seed25/ros_packages/mocap4r2_ws/src/mocap4r2/mocap4r2_control/mocap4r2_control', 'symlink_install': False, 'test_result_base': None}
[1.099s] Level 5:colcon.colcon_core.verb:set package 'mocap4r2_marker_publisher' build argument 'cmake_args' from command line to 'None'
[1.099s] Level 5:colcon.colcon_core.verb:set package 'mocap4r2_marker_publisher' build argument 'cmake_target' from command line to 'None'
[1.099s] Level 5:colcon.colcon_core.verb:set package 'mocap4r2_marker_publisher' build argument 'cmake_target_skip_unavailable' from command line to 'False'
[1.099s] Level 5:colcon.colcon_core.verb:set package 'mocap4r2_marker_publisher' build argument 'cmake_clean_cache' from command line to 'False'
[1.099s] Level 5:colcon.colcon_core.verb:set package 'mocap4r2_marker_publisher' build argument 'cmake_clean_first' from command line to 'False'
[1.099s] Level 5:colcon.colcon_core.verb:set package 'mocap4r2_marker_publisher' build argument 'cmake_force_configure' from command line to 'False'
[1.100s] Level 5:colcon.colcon_core.verb:set package 'mocap4r2_marker_publisher' build argument 'ament_cmake_args' from command line to 'None'
[1.100s] Level 5:colcon.colcon_core.verb:set package 'mocap4r2_marker_publisher' build argument 'catkin_cmake_args' from command line to 'None'
[1.100s] Level 5:colcon.colcon_core.verb:set package 'mocap4r2_marker_publisher' build argument 'catkin_skip_building_tests' from command line to 'False'
[1.100s] DEBUG:colcon.colcon_core.verb:Building package 'mocap4r2_marker_publisher' with the following arguments: {'ament_cmake_args': None, 'build_base': '/home/airlab/seed25/ros_packages/mocap4r2_ws/build/mocap4r2_marker_publisher', 'catkin_cmake_args': None, 'catkin_skip_building_tests': False, 'cmake_args': None, 'cmake_clean_cache': False, 'cmake_clean_first': False, 'cmake_force_configure': False, 'cmake_target': None, 'cmake_target_skip_unavailable': False, 'install_base': '/home/airlab/seed25/ros_packages/mocap4r2_ws/install/mocap4r2_marker_publisher', 'merge_install': False, 'path': '/home/airlab/seed25/ros_packages/mocap4r2_ws/src/mocap4r2/mocap4r2_marker_viz/mocap4r2_marker_publisher', 'symlink_install': False, 'test_result_base': None}
[1.100s] Level 5:colcon.colcon_core.verb:set package 'mocap4r2_marker_viz' build argument 'cmake_args' from command line to 'None'
[1.101s] Level 5:colcon.colcon_core.verb:set package 'mocap4r2_marker_viz' build argument 'cmake_target' from command line to 'None'
[1.101s] Level 5:colcon.colcon_core.verb:set package 'mocap4r2_marker_viz' build argument 'cmake_target_skip_unavailable' from command line to 'False'
[1.101s] Level 5:colcon.colcon_core.verb:set package 'mocap4r2_marker_viz' build argument 'cmake_clean_cache' from command line to 'False'
[1.101s] Level 5:colcon.colcon_core.verb:set package 'mocap4r2_marker_viz' build argument 'cmake_clean_first' from command line to 'False'
[1.101s] Level 5:colcon.colcon_core.verb:set package 'mocap4r2_marker_viz' build argument 'cmake_force_configure' from command line to 'False'
[1.101s] Level 5:colcon.colcon_core.verb:set package 'mocap4r2_marker_viz' build argument 'ament_cmake_args' from command line to 'None'
[1.101s] Level 5:colcon.colcon_core.verb:set package 'mocap4r2_marker_viz' build argument 'catkin_cmake_args' from command line to 'None'
[1.101s] Level 5:colcon.colcon_core.verb:set package 'mocap4r2_marker_viz' build argument 'catkin_skip_building_tests' from command line to 'False'
[1.101s] DEBUG:colcon.colcon_core.verb:Building package 'mocap4r2_marker_viz' with the following arguments: {'ament_cmake_args': None, 'build_base': '/home/airlab/seed25/ros_packages/mocap4r2_ws/build/mocap4r2_marker_viz', 'catkin_cmake_args': None, 'catkin_skip_building_tests': False, 'cmake_args': None, 'cmake_clean_cache': False, 'cmake_clean_first': False, 'cmake_force_configure': False, 'cmake_target': None, 'cmake_target_skip_unavailable': False, 'install_base': '/home/airlab/seed25/ros_packages/mocap4r2_ws/install/mocap4r2_marker_viz', 'merge_install': False, 'path': '/home/airlab/seed25/ros_packages/mocap4r2_ws/src/mocap4r2/mocap4r2_marker_viz/mocap4r2_marker_viz', 'symlink_install': False, 'test_result_base': None}
[1.102s] Level 5:colcon.colcon_core.verb:set package 'mocap4r2_robot_gt' build argument 'cmake_args' from command line to 'None'
[1.102s] Level 5:colcon.colcon_core.verb:set package 'mocap4r2_robot_gt' build argument 'cmake_target' from command line to 'None'
[1.102s] Level 5:colcon.colcon_core.verb:set package 'mocap4r2_robot_gt' build argument 'cmake_target_skip_unavailable' from command line to 'False'
[1.102s] Level 5:colcon.colcon_core.verb:set package 'mocap4r2_robot_gt' build argument 'cmake_clean_cache' from command line to 'False'
[1.102s] Level 5:colcon.colcon_core.verb:set package 'mocap4r2_robot_gt' build argument 'cmake_clean_first' from command line to 'False'
[1.102s] Level 5:colcon.colcon_core.verb:set package 'mocap4r2_robot_gt' build argument 'cmake_force_configure' from command line to 'False'
[1.102s] Level 5:colcon.colcon_core.verb:set package 'mocap4r2_robot_gt' build argument 'ament_cmake_args' from command line to 'None'
[1.102s] Level 5:colcon.colcon_core.verb:set package 'mocap4r2_robot_gt' build argument 'catkin_cmake_args' from command line to 'None'
[1.102s] Level 5:colcon.colcon_core.verb:set package 'mocap4r2_robot_gt' build argument 'catkin_skip_building_tests' from command line to 'False'
[1.102s] DEBUG:colcon.colcon_core.verb:Building package 'mocap4r2_robot_gt' with the following arguments: {'ament_cmake_args': None, 'build_base': '/home/airlab/seed25/ros_packages/mocap4r2_ws/build/mocap4r2_robot_gt', 'catkin_cmake_args': None, 'catkin_skip_building_tests': False, 'cmake_args': None, 'cmake_clean_cache': False, 'cmake_clean_first': False, 'cmake_force_configure': False, 'cmake_target': None, 'cmake_target_skip_unavailable': False, 'install_base': '/home/airlab/seed25/ros_packages/mocap4r2_ws/install/mocap4r2_robot_gt', 'merge_install': False, 'path': '/home/airlab/seed25/ros_packages/mocap4r2_ws/src/mocap4r2/mocap4r2_robot_gt/mocap4r2_robot_gt', 'symlink_install': False, 'test_result_base': None}
[1.103s] Level 5:colcon.colcon_core.verb:set package 'mocap4r2cli' build argument 'cmake_args' from command line to 'None'
[1.103s] Level 5:colcon.colcon_core.verb:set package 'mocap4r2cli' build argument 'cmake_target' from command line to 'None'
[1.103s] Level 5:colcon.colcon_core.verb:set package 'mocap4r2cli' build argument 'cmake_target_skip_unavailable' from command line to 'False'
[1.103s] Level 5:colcon.colcon_core.verb:set package 'mocap4r2cli' build argument 'cmake_clean_cache' from command line to 'False'
[1.103s] Level 5:colcon.colcon_core.verb:set package 'mocap4r2cli' build argument 'cmake_clean_first' from command line to 'False'
[1.103s] Level 5:colcon.colcon_core.verb:set package 'mocap4r2cli' build argument 'cmake_force_configure' from command line to 'False'
[1.103s] Level 5:colcon.colcon_core.verb:set package 'mocap4r2cli' build argument 'ament_cmake_args' from command line to 'None'
[1.103s] Level 5:colcon.colcon_core.verb:set package 'mocap4r2cli' build argument 'catkin_cmake_args' from command line to 'None'
[1.103s] Level 5:colcon.colcon_core.verb:set package 'mocap4r2cli' build argument 'catkin_skip_building_tests' from command line to 'False'
[1.103s] DEBUG:colcon.colcon_core.verb:Building package 'mocap4r2cli' with the following arguments: {'ament_cmake_args': None, 'build_base': '/home/airlab/seed25/ros_packages/mocap4r2_ws/build/mocap4r2cli', 'catkin_cmake_args': None, 'catkin_skip_building_tests': False, 'cmake_args': None, 'cmake_clean_cache': False, 'cmake_clean_first': False, 'cmake_force_configure': False, 'cmake_target': None, 'cmake_target_skip_unavailable': False, 'install_base': '/home/airlab/seed25/ros_packages/mocap4r2_ws/install/mocap4r2cli', 'merge_install': False, 'path': '/home/airlab/seed25/ros_packages/mocap4r2_ws/src/mocap4r2/mocap4r2cli', 'symlink_install': False, 'test_result_base': None}
[1.104s] Level 5:colcon.colcon_core.verb:set package 'mocap4r2_dummy_driver' build argument 'cmake_args' from command line to 'None'
[1.104s] Level 5:colcon.colcon_core.verb:set package 'mocap4r2_dummy_driver' build argument 'cmake_target' from command line to 'None'
[1.104s] Level 5:colcon.colcon_core.verb:set package 'mocap4r2_dummy_driver' build argument 'cmake_target_skip_unavailable' from command line to 'False'
[1.104s] Level 5:colcon.colcon_core.verb:set package 'mocap4r2_dummy_driver' build argument 'cmake_clean_cache' from command line to 'False'
[1.104s] Level 5:colcon.colcon_core.verb:set package 'mocap4r2_dummy_driver' build argument 'cmake_clean_first' from command line to 'False'
[1.104s] Level 5:colcon.colcon_core.verb:set package 'mocap4r2_dummy_driver' build argument 'cmake_force_configure' from command line to 'False'
[1.104s] Level 5:colcon.colcon_core.verb:set package 'mocap4r2_dummy_driver' build argument 'ament_cmake_args' from command line to 'None'
[1.104s] Level 5:colcon.colcon_core.verb:set package 'mocap4r2_dummy_driver' build argument 'catkin_cmake_args' from command line to 'None'
[1.105s] Level 5:colcon.colcon_core.verb:set package 'mocap4r2_dummy_driver' build argument 'catkin_skip_building_tests' from command line to 'False'
[1.105s] DEBUG:colcon.colcon_core.verb:Building package 'mocap4r2_dummy_driver' with the following arguments: {'ament_cmake_args': None, 'build_base': '/home/airlab/seed25/ros_packages/mocap4r2_ws/build/mocap4r2_dummy_driver', 'catkin_cmake_args': None, 'catkin_skip_building_tests': False, 'cmake_args': None, 'cmake_clean_cache': False, 'cmake_clean_first': False, 'cmake_force_configure': False, 'cmake_target': None, 'cmake_target_skip_unavailable': False, 'install_base': '/home/airlab/seed25/ros_packages/mocap4r2_ws/install/mocap4r2_dummy_driver', 'merge_install': False, 'path': '/home/airlab/seed25/ros_packages/mocap4r2_ws/src/mocap4r2/mocap4r2_dummy_driver', 'symlink_install': False, 'test_result_base': None}
[1.105s] Level 5:colcon.colcon_core.verb:set package 'mocap4r2_optitrack_driver' build argument 'cmake_args' from command line to 'None'
[1.105s] Level 5:colcon.colcon_core.verb:set package 'mocap4r2_optitrack_driver' build argument 'cmake_target' from command line to 'None'
[1.105s] Level 5:colcon.colcon_core.verb:set package 'mocap4r2_optitrack_driver' build argument 'cmake_target_skip_unavailable' from command line to 'False'
[1.106s] Level 5:colcon.colcon_core.verb:set package 'mocap4r2_optitrack_driver' build argument 'cmake_clean_cache' from command line to 'False'
[1.106s] Level 5:colcon.colcon_core.verb:set package 'mocap4r2_optitrack_driver' build argument 'cmake_clean_first' from command line to 'False'
[1.106s] Level 5:colcon.colcon_core.verb:set package 'mocap4r2_optitrack_driver' build argument 'cmake_force_configure' from command line to 'False'
[1.106s] Level 5:colcon.colcon_core.verb:set package 'mocap4r2_optitrack_driver' build argument 'ament_cmake_args' from command line to 'None'
[1.106s] Level 5:colcon.colcon_core.verb:set package 'mocap4r2_optitrack_driver' build argument 'catkin_cmake_args' from command line to 'None'
[1.106s] Level 5:colcon.colcon_core.verb:set package 'mocap4r2_optitrack_driver' build argument 'catkin_skip_building_tests' from command line to 'False'
[1.106s] DEBUG:colcon.colcon_core.verb:Building package 'mocap4r2_optitrack_driver' with the following arguments: {'ament_cmake_args': None, 'build_base': '/home/airlab/seed25/ros_packages/mocap4r2_ws/build/mocap4r2_optitrack_driver', 'catkin_cmake_args': None, 'catkin_skip_building_tests': False, 'cmake_args': None, 'cmake_clean_cache': False, 'cmake_clean_first': False, 'cmake_force_configure': False, 'cmake_target': None, 'cmake_target_skip_unavailable': False, 'install_base': '/home/airlab/seed25/ros_packages/mocap4r2_ws/install/mocap4r2_optitrack_driver', 'merge_install': False, 'path': '/home/airlab/seed25/ros_packages/mocap4r2_ws/src/mocap4ros2_optitrack/mocap4r2_optitrack_driver', 'symlink_install': False, 'test_result_base': None}
[1.107s] Level 5:colcon.colcon_core.verb:set package 'rqt_mocap4r2_control' build argument 'cmake_args' from command line to 'None'
[1.107s] Level 5:colcon.colcon_core.verb:set package 'rqt_mocap4r2_control' build argument 'cmake_target' from command line to 'None'
[1.107s] Level 5:colcon.colcon_core.verb:set package 'rqt_mocap4r2_control' build argument 'cmake_target_skip_unavailable' from command line to 'False'
[1.107s] Level 5:colcon.colcon_core.verb:set package 'rqt_mocap4r2_control' build argument 'cmake_clean_cache' from command line to 'False'
[1.107s] Level 5:colcon.colcon_core.verb:set package 'rqt_mocap4r2_control' build argument 'cmake_clean_first' from command line to 'False'
[1.107s] Level 5:colcon.colcon_core.verb:set package 'rqt_mocap4r2_control' build argument 'cmake_force_configure' from command line to 'False'
[1.107s] Level 5:colcon.colcon_core.verb:set package 'rqt_mocap4r2_control' build argument 'ament_cmake_args' from command line to 'None'
[1.107s] Level 5:colcon.colcon_core.verb:set package 'rqt_mocap4r2_control' build argument 'catkin_cmake_args' from command line to 'None'
[1.107s] Level 5:colcon.colcon_core.verb:set package 'rqt_mocap4r2_control' build argument 'catkin_skip_building_tests' from command line to 'False'
[1.107s] DEBUG:colcon.colcon_core.verb:Building package 'rqt_mocap4r2_control' with the following arguments: {'ament_cmake_args': None, 'build_base': '/home/airlab/seed25/ros_packages/mocap4r2_ws/build/rqt_mocap4r2_control', 'catkin_cmake_args': None, 'catkin_skip_building_tests': False, 'cmake_args': None, 'cmake_clean_cache': False, 'cmake_clean_first': False, 'cmake_force_configure': False, 'cmake_target': None, 'cmake_target_skip_unavailable': False, 'install_base': '/home/airlab/seed25/ros_packages/mocap4r2_ws/install/rqt_mocap4r2_control', 'merge_install': False, 'path': '/home/airlab/seed25/ros_packages/mocap4r2_ws/src/mocap4r2/mocap4r2_control/rqt_mocap4r2_control', 'symlink_install': False, 'test_result_base': None}
[1.107s] INFO:colcon.colcon_core.executor:Executing jobs using 'parallel' executor
[1.110s] DEBUG:colcon.colcon_parallel_executor.executor.parallel:run_until_complete
[1.111s] INFO:colcon.colcon_ros.task.ament_cmake.build:Building ROS package in '/home/airlab/seed25/ros_packages/mocap4r2_ws/src/mocap4r2/mocap4r2_control/mocap4r2_control_msgs' with build type 'ament_cmake'
[1.111s] INFO:colcon.colcon_cmake.task.cmake.build:Building CMake package in '/home/airlab/seed25/ros_packages/mocap4r2_ws/src/mocap4r2/mocap4r2_control/mocap4r2_control_msgs'
[1.116s] INFO:colcon.colcon_core.plugin_system:Skipping extension 'colcon_core.shell.bat': Not used on non-Windows systems
[1.116s] INFO:colcon.colcon_core.shell:Skip shell extension 'powershell' for command environment: Not usable outside of PowerShell
[1.116s] DEBUG:colcon.colcon_core.shell:Skip shell extension 'dsv' for command environment
[1.129s] INFO:colcon.colcon_ros.task.ament_cmake.build:Building ROS package in '/home/airlab/seed25/ros_packages/mocap4r2_ws/src/mocap_msgs' with build type 'ament_cmake'
[1.129s] INFO:colcon.colcon_cmake.task.cmake.build:Building CMake package in '/home/airlab/seed25/ros_packages/mocap4r2_ws/src/mocap_msgs'
[1.130s] INFO:colcon.colcon_core.shell:Skip shell extension 'powershell' for command environment: Not usable outside of PowerShell
[1.130s] DEBUG:colcon.colcon_core.shell:Skip shell extension 'dsv' for command environment
[1.141s] INFO:colcon.colcon_ros.task.ament_cmake.build:Building ROS package in '/home/airlab/seed25/ros_packages/mocap4r2_ws/src/mocap4r2/mocap4r2_marker_viz/mocap4r2_marker_viz_srvs' with build type 'ament_cmake'
[1.142s] INFO:colcon.colcon_cmake.task.cmake.build:Building CMake package in '/home/airlab/seed25/ros_packages/mocap4r2_ws/src/mocap4r2/mocap4r2_marker_viz/mocap4r2_marker_viz_srvs'
[1.143s] INFO:colcon.colcon_core.shell:Skip shell extension 'powershell' for command environment: Not usable outside of PowerShell
[1.143s] DEBUG:colcon.colcon_core.shell:Skip shell extension 'dsv' for command environment
[1.153s] INFO:colcon.colcon_ros.task.ament_cmake.build:Building ROS package in '/home/airlab/seed25/ros_packages/mocap4r2_ws/src/mocap4r2/mocap4r2_robot_gt/mocap4r2_robot_gt_msgs' with build type 'ament_cmake'
[1.154s] INFO:colcon.colcon_cmake.task.cmake.build:Building CMake package in '/home/airlab/seed25/ros_packages/mocap4r2_ws/src/mocap4r2/mocap4r2_robot_gt/mocap4r2_robot_gt_msgs'
[1.155s] INFO:colcon.colcon_core.shell:Skip shell extension 'powershell' for command environment: Not usable outside of PowerShell
[1.155s] DEBUG:colcon.colcon_core.shell:Skip shell extension 'dsv' for command environment
[1.175s] DEBUG:colcon.colcon_core.event_handler.log_command:Invoking command in '/home/airlab/seed25/ros_packages/mocap4r2_ws/build/mocap4r2_control_msgs': CMAKE_PREFIX_PATH=${CMAKE_PREFIX_PATH}:/home/airlab/seed25/ros_packages/mocap4r2_ws/install/mocap4r2cli:/opt/ros/foxy /usr/bin/cmake --build /home/airlab/seed25/ros_packages/mocap4r2_ws/build/mocap4r2_control_msgs -- -j4 -l4
[1.187s] DEBUG:colcon.colcon_core.event_handler.log_command:Invoking command in '/home/airlab/seed25/ros_packages/mocap4r2_ws/build/mocap4r2_msgs': CMAKE_PREFIX_PATH=${CMAKE_PREFIX_PATH}:/home/airlab/seed25/ros_packages/mocap4r2_ws/install/mocap4r2cli:/opt/ros/foxy /usr/bin/cmake --build /home/airlab/seed25/ros_packages/mocap4r2_ws/build/mocap4r2_msgs -- -j4 -l4
[1.195s] DEBUG:colcon.colcon_core.event_handler.log_command:Invoking command in '/home/airlab/seed25/ros_packages/mocap4r2_ws/build/mocap4r2_marker_viz_srvs': CMAKE_PREFIX_PATH=${CMAKE_PREFIX_PATH}:/home/airlab/seed25/ros_packages/mocap4r2_ws/install/mocap4r2cli:/opt/ros/foxy /usr/bin/cmake --build /home/airlab/seed25/ros_packages/mocap4r2_ws/build/mocap4r2_marker_viz_srvs -- -j4 -l4
[1.214s] DEBUG:colcon.colcon_core.event_handler.log_command:Invoking command in '/home/airlab/seed25/ros_packages/mocap4r2_ws/build/mocap4r2_robot_gt_msgs': CMAKE_PREFIX_PATH=${CMAKE_PREFIX_PATH}:/home/airlab/seed25/ros_packages/mocap4r2_ws/install/mocap4r2cli:/opt/ros/foxy /usr/bin/cmake --build /home/airlab/seed25/ros_packages/mocap4r2_ws/build/mocap4r2_robot_gt_msgs -- -j4 -l4
[2.058s] DEBUG:colcon.colcon_core.event_handler.log_command:Invoked command in '/home/airlab/seed25/ros_packages/mocap4r2_ws/build/mocap4r2_marker_viz_srvs' returned '0': CMAKE_PREFIX_PATH=${CMAKE_PREFIX_PATH}:/home/airlab/seed25/ros_packages/mocap4r2_ws/install/mocap4r2cli:/opt/ros/foxy /usr/bin/cmake --build /home/airlab/seed25/ros_packages/mocap4r2_ws/build/mocap4r2_marker_viz_srvs -- -j4 -l4
[2.097s] DEBUG:colcon.colcon_core.event_handler.log_command:Invoking command in '/home/airlab/seed25/ros_packages/mocap4r2_ws/build/mocap4r2_marker_viz_srvs': CMAKE_PREFIX_PATH=${CMAKE_PREFIX_PATH}:/home/airlab/seed25/ros_packages/mocap4r2_ws/install/mocap4r2cli:/opt/ros/foxy /usr/bin/cmake --install /home/airlab/seed25/ros_packages/mocap4r2_ws/build/mocap4r2_marker_viz_srvs
[2.103s] DEBUG:colcon.colcon_core.event_handler.log_command:Invoked command in '/home/airlab/seed25/ros_packages/mocap4r2_ws/build/mocap4r2_control_msgs' returned '0': CMAKE_PREFIX_PATH=${CMAKE_PREFIX_PATH}:/home/airlab/seed25/ros_packages/mocap4r2_ws/install/mocap4r2cli:/opt/ros/foxy /usr/bin/cmake --build /home/airlab/seed25/ros_packages/mocap4r2_ws/build/mocap4r2_control_msgs -- -j4 -l4
[2.109s] DEBUG:colcon.colcon_core.event_handler.log_command:Invoking command in '/home/airlab/seed25/ros_packages/mocap4r2_ws/build/mocap4r2_control_msgs': CMAKE_PREFIX_PATH=${CMAKE_PREFIX_PATH}:/home/airlab/seed25/ros_packages/mocap4r2_ws/install/mocap4r2cli:/opt/ros/foxy /usr/bin/cmake --install /home/airlab/seed25/ros_packages/mocap4r2_ws/build/mocap4r2_control_msgs
[2.119s] DEBUG:colcon.colcon_core.event_handler.log_command:Invoked command in '/home/airlab/seed25/ros_packages/mocap4r2_ws/build/mocap4r2_msgs' returned '0': CMAKE_PREFIX_PATH=${CMAKE_PREFIX_PATH}:/home/airlab/seed25/ros_packages/mocap4r2_ws/install/mocap4r2cli:/opt/ros/foxy /usr/bin/cmake --build /home/airlab/seed25/ros_packages/mocap4r2_ws/build/mocap4r2_msgs -- -j4 -l4
[2.121s] DEBUG:colcon.colcon_core.event_handler.log_command:Invoking command in '/home/airlab/seed25/ros_packages/mocap4r2_ws/build/mocap4r2_msgs': CMAKE_PREFIX_PATH=${CMAKE_PREFIX_PATH}:/home/airlab/seed25/ros_packages/mocap4r2_ws/install/mocap4r2cli:/opt/ros/foxy /usr/bin/cmake --install /home/airlab/seed25/ros_packages/mocap4r2_ws/build/mocap4r2_msgs
[2.148s] DEBUG:colcon.colcon_core.event_handler.log_command:Invoked command in '/home/airlab/seed25/ros_packages/mocap4r2_ws/build/mocap4r2_robot_gt_msgs' returned '0': CMAKE_PREFIX_PATH=${CMAKE_PREFIX_PATH}:/home/airlab/seed25/ros_packages/mocap4r2_ws/install/mocap4r2cli:/opt/ros/foxy /usr/bin/cmake --build /home/airlab/seed25/ros_packages/mocap4r2_ws/build/mocap4r2_robot_gt_msgs -- -j4 -l4
[2.150s] DEBUG:colcon.colcon_core.event_handler.log_command:Invoking command in '/home/airlab/seed25/ros_packages/mocap4r2_ws/build/mocap4r2_robot_gt_msgs': CMAKE_PREFIX_PATH=${CMAKE_PREFIX_PATH}:/home/airlab/seed25/ros_packages/mocap4r2_ws/install/mocap4r2cli:/opt/ros/foxy /usr/bin/cmake --install /home/airlab/seed25/ros_packages/mocap4r2_ws/build/mocap4r2_robot_gt_msgs
[2.240s] Level 1:colcon.colcon_core.environment:create_environment_scripts_only(mocap4r2_marker_viz_srvs)
[2.247s] Level 1:colcon.colcon_core.environment:checking '/home/airlab/seed25/ros_packages/mocap4r2_ws/install/mocap4r2_marker_viz_srvs' for CMake module files
[2.255s] Level 1:colcon.colcon_core.environment:checking '/home/airlab/seed25/ros_packages/mocap4r2_ws/install/mocap4r2_marker_viz_srvs' for CMake config files
[2.259s] Level 1:colcon.colcon_core.shell:create_environment_hook('mocap4r2_marker_viz_srvs', 'cmake_prefix_path')
[2.260s] INFO:colcon.colcon_core.shell:Creating environment hook '/home/airlab/seed25/ros_packages/mocap4r2_ws/install/mocap4r2_marker_viz_srvs/share/mocap4r2_marker_viz_srvs/hook/cmake_prefix_path.ps1'
[2.262s] INFO:colcon.colcon_core.shell:Creating environment descriptor '/home/airlab/seed25/ros_packages/mocap4r2_ws/install/mocap4r2_marker_viz_srvs/share/mocap4r2_marker_viz_srvs/hook/cmake_prefix_path.dsv'
[2.264s] INFO:colcon.colcon_core.shell:Creating environment hook '/home/airlab/seed25/ros_packages/mocap4r2_ws/install/mocap4r2_marker_viz_srvs/share/mocap4r2_marker_viz_srvs/hook/cmake_prefix_path.sh'
[2.267s] Level 1:colcon.colcon_core.environment:checking '/home/airlab/seed25/ros_packages/mocap4r2_ws/install/mocap4r2_marker_viz_srvs/lib'
[2.268s] Level 1:colcon.colcon_core.shell:create_environment_hook('mocap4r2_marker_viz_srvs', 'ld_library_path_lib')
[2.269s] INFO:colcon.colcon_core.shell:Creating environment hook '/home/airlab/seed25/ros_packages/mocap4r2_ws/install/mocap4r2_marker_viz_srvs/share/mocap4r2_marker_viz_srvs/hook/ld_library_path_lib.ps1'
[2.270s] INFO:colcon.colcon_core.shell:Creating environment descriptor '/home/airlab/seed25/ros_packages/mocap4r2_ws/install/mocap4r2_marker_viz_srvs/share/mocap4r2_marker_viz_srvs/hook/ld_library_path_lib.dsv'
[2.272s] INFO:colcon.colcon_core.shell:Creating environment hook '/home/airlab/seed25/ros_packages/mocap4r2_ws/install/mocap4r2_marker_viz_srvs/share/mocap4r2_marker_viz_srvs/hook/ld_library_path_lib.sh'
[2.273s] Level 1:colcon.colcon_core.environment:checking '/home/airlab/seed25/ros_packages/mocap4r2_ws/install/mocap4r2_marker_viz_srvs/bin'
[2.274s] Level 1:colcon.colcon_core.environment:checking '/home/airlab/seed25/ros_packages/mocap4r2_ws/install/mocap4r2_marker_viz_srvs/lib/pkgconfig/mocap4r2_marker_viz_srvs.pc'
[2.274s] Level 1:colcon.colcon_core.environment:checking '/home/airlab/seed25/ros_packages/mocap4r2_ws/install/mocap4r2_marker_viz_srvs/lib/python3.8/site-packages'
[2.274s] Level 1:colcon.colcon_core.shell:create_environment_hook('mocap4r2_marker_viz_srvs', 'pythonpath')
[2.275s] INFO:colcon.colcon_core.shell:Creating environment hook '/home/airlab/seed25/ros_packages/mocap4r2_ws/install/mocap4r2_marker_viz_srvs/share/mocap4r2_marker_viz_srvs/hook/pythonpath.ps1'
[2.276s] DEBUG:colcon.colcon_core.event_handler.log_command:Invoked command in '/home/airlab/seed25/ros_packages/mocap4r2_ws/build/mocap4r2_marker_viz_srvs' returned '0': CMAKE_PREFIX_PATH=${CMAKE_PREFIX_PATH}:/home/airlab/seed25/ros_packages/mocap4r2_ws/install/mocap4r2cli:/opt/ros/foxy /usr/bin/cmake --install /home/airlab/seed25/ros_packages/mocap4r2_ws/build/mocap4r2_marker_viz_srvs
[2.277s] INFO:colcon.colcon_core.shell:Creating environment descriptor '/home/airlab/seed25/ros_packages/mocap4r2_ws/install/mocap4r2_marker_viz_srvs/share/mocap4r2_marker_viz_srvs/hook/pythonpath.dsv'
[2.278s] INFO:colcon.colcon_core.shell:Creating environment hook '/home/airlab/seed25/ros_packages/mocap4r2_ws/install/mocap4r2_marker_viz_srvs/share/mocap4r2_marker_viz_srvs/hook/pythonpath.sh'
[2.280s] Level 1:colcon.colcon_core.environment:checking '/home/airlab/seed25/ros_packages/mocap4r2_ws/install/mocap4r2_marker_viz_srvs/bin'
[2.281s] INFO:colcon.colcon_core.shell:Creating package script '/home/airlab/seed25/ros_packages/mocap4r2_ws/install/mocap4r2_marker_viz_srvs/share/mocap4r2_marker_viz_srvs/package.ps1'
[2.284s] INFO:colcon.colcon_core.shell:Creating package descriptor '/home/airlab/seed25/ros_packages/mocap4r2_ws/install/mocap4r2_marker_viz_srvs/share/mocap4r2_marker_viz_srvs/package.dsv'
[2.285s] INFO:colcon.colcon_core.shell:Creating package script '/home/airlab/seed25/ros_packages/mocap4r2_ws/install/mocap4r2_marker_viz_srvs/share/mocap4r2_marker_viz_srvs/package.sh'
[2.288s] INFO:colcon.colcon_core.shell:Creating package script '/home/airlab/seed25/ros_packages/mocap4r2_ws/install/mocap4r2_marker_viz_srvs/share/mocap4r2_marker_viz_srvs/package.bash'
[2.290s] INFO:colcon.colcon_core.shell:Creating package script '/home/airlab/seed25/ros_packages/mocap4r2_ws/install/mocap4r2_marker_viz_srvs/share/mocap4r2_marker_viz_srvs/package.zsh'
[2.292s] Level 1:colcon.colcon_core.environment:create_file_with_runtime_dependencies(/home/airlab/seed25/ros_packages/mocap4r2_ws/install/mocap4r2_marker_viz_srvs/share/colcon-core/packages/mocap4r2_marker_viz_srvs)
[2.295s] Level 1:colcon.colcon_core.environment:create_environment_scripts_only(mocap4r2_marker_viz_srvs)
[2.295s] Level 1:colcon.colcon_core.environment:checking '/home/airlab/seed25/ros_packages/mocap4r2_ws/install/mocap4r2_marker_viz_srvs' for CMake module files
[2.300s] Level 1:colcon.colcon_core.environment:checking '/home/airlab/seed25/ros_packages/mocap4r2_ws/install/mocap4r2_marker_viz_srvs' for CMake config files
[2.303s] Level 1:colcon.colcon_core.shell:create_environment_hook('mocap4r2_marker_viz_srvs', 'cmake_prefix_path')
[2.303s] INFO:colcon.colcon_core.shell:Creating environment hook '/home/airlab/seed25/ros_packages/mocap4r2_ws/install/mocap4r2_marker_viz_srvs/share/mocap4r2_marker_viz_srvs/hook/cmake_prefix_path.ps1'
[2.305s] INFO:colcon.colcon_core.shell:Creating environment descriptor '/home/airlab/seed25/ros_packages/mocap4r2_ws/install/mocap4r2_marker_viz_srvs/share/mocap4r2_marker_viz_srvs/hook/cmake_prefix_path.dsv'
[2.307s] INFO:colcon.colcon_core.shell:Creating environment hook '/home/airlab/seed25/ros_packages/mocap4r2_ws/install/mocap4r2_marker_viz_srvs/share/mocap4r2_marker_viz_srvs/hook/cmake_prefix_path.sh'
[2.309s] Level 1:colcon.colcon_core.environment:checking '/home/airlab/seed25/ros_packages/mocap4r2_ws/install/mocap4r2_marker_viz_srvs/lib'
[2.309s] Level 1:colcon.colcon_core.shell:create_environment_hook('mocap4r2_marker_viz_srvs', 'ld_library_path_lib')
[2.310s] INFO:colcon.colcon_core.shell:Creating environment hook '/home/airlab/seed25/ros_packages/mocap4r2_ws/install/mocap4r2_marker_viz_srvs/share/mocap4r2_marker_viz_srvs/hook/ld_library_path_lib.ps1'
[2.311s] INFO:colcon.colcon_core.shell:Creating environment descriptor '/home/airlab/seed25/ros_packages/mocap4r2_ws/install/mocap4r2_marker_viz_srvs/share/mocap4r2_marker_viz_srvs/hook/ld_library_path_lib.dsv'
[2.311s] INFO:colcon.colcon_core.shell:Creating environment hook '/home/airlab/seed25/ros_packages/mocap4r2_ws/install/mocap4r2_marker_viz_srvs/share/mocap4r2_marker_viz_srvs/hook/ld_library_path_lib.sh'
[2.312s] Level 1:colcon.colcon_core.environment:checking '/home/airlab/seed25/ros_packages/mocap4r2_ws/install/mocap4r2_marker_viz_srvs/bin'
[2.313s] Level 1:colcon.colcon_core.environment:checking '/home/airlab/seed25/ros_packages/mocap4r2_ws/install/mocap4r2_marker_viz_srvs/lib/pkgconfig/mocap4r2_marker_viz_srvs.pc'
[2.313s] Level 1:colcon.colcon_core.environment:checking '/home/airlab/seed25/ros_packages/mocap4r2_ws/install/mocap4r2_marker_viz_srvs/lib/python3.8/site-packages'
[2.313s] Level 1:colcon.colcon_core.shell:create_environment_hook('mocap4r2_marker_viz_srvs', 'pythonpath')
[2.314s] INFO:colcon.colcon_core.shell:Creating environment hook '/home/airlab/seed25/ros_packages/mocap4r2_ws/install/mocap4r2_marker_viz_srvs/share/mocap4r2_marker_viz_srvs/hook/pythonpath.ps1'
[2.315s] INFO:colcon.colcon_core.shell:Creating environment descriptor '/home/airlab/seed25/ros_packages/mocap4r2_ws/install/mocap4r2_marker_viz_srvs/share/mocap4r2_marker_viz_srvs/hook/pythonpath.dsv'
[2.315s] INFO:colcon.colcon_core.shell:Creating environment hook '/home/airlab/seed25/ros_packages/mocap4r2_ws/install/mocap4r2_marker_viz_srvs/share/mocap4r2_marker_viz_srvs/hook/pythonpath.sh'
[2.317s] Level 1:colcon.colcon_core.environment:checking '/home/airlab/seed25/ros_packages/mocap4r2_ws/install/mocap4r2_marker_viz_srvs/bin'
[2.318s] INFO:colcon.colcon_core.shell:Creating package script '/home/airlab/seed25/ros_packages/mocap4r2_ws/install/mocap4r2_marker_viz_srvs/share/mocap4r2_marker_viz_srvs/package.ps1'
[2.320s] INFO:colcon.colcon_core.shell:Creating package descriptor '/home/airlab/seed25/ros_packages/mocap4r2_ws/install/mocap4r2_marker_viz_srvs/share/mocap4r2_marker_viz_srvs/package.dsv'
[2.321s] INFO:colcon.colcon_core.shell:Creating package script '/home/airlab/seed25/ros_packages/mocap4r2_ws/install/mocap4r2_marker_viz_srvs/share/mocap4r2_marker_viz_srvs/package.sh'
[2.323s] INFO:colcon.colcon_core.shell:Creating package script '/home/airlab/seed25/ros_packages/mocap4r2_ws/install/mocap4r2_marker_viz_srvs/share/mocap4r2_marker_viz_srvs/package.bash'
[2.325s] INFO:colcon.colcon_core.shell:Creating package script '/home/airlab/seed25/ros_packages/mocap4r2_ws/install/mocap4r2_marker_viz_srvs/share/mocap4r2_marker_viz_srvs/package.zsh'
[2.327s] Level 1:colcon.colcon_core.environment:create_file_with_runtime_dependencies(/home/airlab/seed25/ros_packages/mocap4r2_ws/install/mocap4r2_marker_viz_srvs/share/colcon-core/packages/mocap4r2_marker_viz_srvs)
[2.331s] Level 1:colcon.colcon_core.environment:create_environment_scripts_only(mocap4r2_control_msgs)
[2.332s] Level 1:colcon.colcon_core.environment:checking '/home/airlab/seed25/ros_packages/mocap4r2_ws/install/mocap4r2_control_msgs' for CMake module files
[2.336s] Level 1:colcon.colcon_core.environment:checking '/home/airlab/seed25/ros_packages/mocap4r2_ws/install/mocap4r2_control_msgs' for CMake config files
[2.339s] DEBUG:colcon.colcon_core.event_handler.log_command:Invoked command in '/home/airlab/seed25/ros_packages/mocap4r2_ws/build/mocap4r2_control_msgs' returned '0': CMAKE_PREFIX_PATH=${CMAKE_PREFIX_PATH}:/home/airlab/seed25/ros_packages/mocap4r2_ws/install/mocap4r2cli:/opt/ros/foxy /usr/bin/cmake --install /home/airlab/seed25/ros_packages/mocap4r2_ws/build/mocap4r2_control_msgs
[2.340s] Level 1:colcon.colcon_core.shell:create_environment_hook('mocap4r2_control_msgs', 'cmake_prefix_path')
[2.340s] INFO:colcon.colcon_core.shell:Creating environment hook '/home/airlab/seed25/ros_packages/mocap4r2_ws/install/mocap4r2_control_msgs/share/mocap4r2_control_msgs/hook/cmake_prefix_path.ps1'
[2.341s] INFO:colcon.colcon_core.shell:Creating environment descriptor '/home/airlab/seed25/ros_packages/mocap4r2_ws/install/mocap4r2_control_msgs/share/mocap4r2_control_msgs/hook/cmake_prefix_path.dsv'
[2.342s] INFO:colcon.colcon_core.shell:Creating environment hook '/home/airlab/seed25/ros_packages/mocap4r2_ws/install/mocap4r2_control_msgs/share/mocap4r2_control_msgs/hook/cmake_prefix_path.sh'
[2.343s] Level 1:colcon.colcon_core.environment:checking '/home/airlab/seed25/ros_packages/mocap4r2_ws/install/mocap4r2_control_msgs/lib'
[2.343s] Level 1:colcon.colcon_core.shell:create_environment_hook('mocap4r2_control_msgs', 'ld_library_path_lib')
[2.344s] INFO:colcon.colcon_core.shell:Creating environment hook '/home/airlab/seed25/ros_packages/mocap4r2_ws/install/mocap4r2_control_msgs/share/mocap4r2_control_msgs/hook/ld_library_path_lib.ps1'
[2.345s] INFO:colcon.colcon_core.shell:Creating environment descriptor '/home/airlab/seed25/ros_packages/mocap4r2_ws/install/mocap4r2_control_msgs/share/mocap4r2_control_msgs/hook/ld_library_path_lib.dsv'
[2.345s] INFO:colcon.colcon_core.shell:Creating environment hook '/home/airlab/seed25/ros_packages/mocap4r2_ws/install/mocap4r2_control_msgs/share/mocap4r2_control_msgs/hook/ld_library_path_lib.sh'
[2.346s] Level 1:colcon.colcon_core.environment:checking '/home/airlab/seed25/ros_packages/mocap4r2_ws/install/mocap4r2_control_msgs/bin'
[2.346s] Level 1:colcon.colcon_core.environment:checking '/home/airlab/seed25/ros_packages/mocap4r2_ws/install/mocap4r2_control_msgs/lib/pkgconfig/mocap4r2_control_msgs.pc'
[2.347s] Level 1:colcon.colcon_core.environment:checking '/home/airlab/seed25/ros_packages/mocap4r2_ws/install/mocap4r2_control_msgs/lib/python3.8/site-packages'
[2.347s] Level 1:colcon.colcon_core.shell:create_environment_hook('mocap4r2_control_msgs', 'pythonpath')
[2.347s] INFO:colcon.colcon_core.shell:Creating environment hook '/home/airlab/seed25/ros_packages/mocap4r2_ws/install/mocap4r2_control_msgs/share/mocap4r2_control_msgs/hook/pythonpath.ps1'
[2.348s] INFO:colcon.colcon_core.shell:Creating environment descriptor '/home/airlab/seed25/ros_packages/mocap4r2_ws/install/mocap4r2_control_msgs/share/mocap4r2_control_msgs/hook/pythonpath.dsv'
[2.349s] INFO:colcon.colcon_core.shell:Creating environment hook '/home/airlab/seed25/ros_packages/mocap4r2_ws/install/mocap4r2_control_msgs/share/mocap4r2_control_msgs/hook/pythonpath.sh'
[2.350s] Level 1:colcon.colcon_core.environment:checking '/home/airlab/seed25/ros_packages/mocap4r2_ws/install/mocap4r2_control_msgs/bin'
[2.351s] INFO:colcon.colcon_core.shell:Creating package script '/home/airlab/seed25/ros_packages/mocap4r2_ws/install/mocap4r2_control_msgs/share/mocap4r2_control_msgs/package.ps1'
[2.352s] INFO:colcon.colcon_core.shell:Creating package descriptor '/home/airlab/seed25/ros_packages/mocap4r2_ws/install/mocap4r2_control_msgs/share/mocap4r2_control_msgs/package.dsv'
[2.353s] INFO:colcon.colcon_core.shell:Creating package script '/home/airlab/seed25/ros_packages/mocap4r2_ws/install/mocap4r2_control_msgs/share/mocap4r2_control_msgs/package.sh'
[2.354s] INFO:colcon.colcon_core.shell:Creating package script '/home/airlab/seed25/ros_packages/mocap4r2_ws/install/mocap4r2_control_msgs/share/mocap4r2_control_msgs/package.bash'
[2.354s] INFO:colcon.colcon_core.shell:Creating package script '/home/airlab/seed25/ros_packages/mocap4r2_ws/install/mocap4r2_control_msgs/share/mocap4r2_control_msgs/package.zsh'
[2.355s] Level 1:colcon.colcon_core.environment:create_file_with_runtime_dependencies(/home/airlab/seed25/ros_packages/mocap4r2_ws/install/mocap4r2_control_msgs/share/colcon-core/packages/mocap4r2_control_msgs)
[2.356s] Level 1:colcon.colcon_core.environment:create_environment_scripts_only(mocap4r2_control_msgs)
[2.357s] Level 1:colcon.colcon_core.environment:checking '/home/airlab/seed25/ros_packages/mocap4r2_ws/install/mocap4r2_control_msgs' for CMake module files
[2.358s] Level 1:colcon.colcon_core.environment:checking '/home/airlab/seed25/ros_packages/mocap4r2_ws/install/mocap4r2_control_msgs' for CMake config files
[2.359s] Level 1:colcon.colcon_core.shell:create_environment_hook('mocap4r2_control_msgs', 'cmake_prefix_path')
[2.359s] INFO:colcon.colcon_core.shell:Creating environment hook '/home/airlab/seed25/ros_packages/mocap4r2_ws/install/mocap4r2_control_msgs/share/mocap4r2_control_msgs/hook/cmake_prefix_path.ps1'
[2.360s] INFO:colcon.colcon_core.shell:Creating environment descriptor '/home/airlab/seed25/ros_packages/mocap4r2_ws/install/mocap4r2_control_msgs/share/mocap4r2_control_msgs/hook/cmake_prefix_path.dsv'
[2.361s] INFO:colcon.colcon_core.shell:Creating environment hook '/home/airlab/seed25/ros_packages/mocap4r2_ws/install/mocap4r2_control_msgs/share/mocap4r2_control_msgs/hook/cmake_prefix_path.sh'
[2.362s] Level 1:colcon.colcon_core.environment:checking '/home/airlab/seed25/ros_packages/mocap4r2_ws/install/mocap4r2_control_msgs/lib'
[2.362s] Level 1:colcon.colcon_core.shell:create_environment_hook('mocap4r2_control_msgs', 'ld_library_path_lib')
[2.362s] INFO:colcon.colcon_core.shell:Creating environment hook '/home/airlab/seed25/ros_packages/mocap4r2_ws/install/mocap4r2_control_msgs/share/mocap4r2_control_msgs/hook/ld_library_path_lib.ps1'
[2.364s] INFO:colcon.colcon_core.shell:Creating environment descriptor '/home/airlab/seed25/ros_packages/mocap4r2_ws/install/mocap4r2_control_msgs/share/mocap4r2_control_msgs/hook/ld_library_path_lib.dsv'
[2.365s] INFO:colcon.colcon_core.shell:Creating environment hook '/home/airlab/seed25/ros_packages/mocap4r2_ws/install/mocap4r2_control_msgs/share/mocap4r2_control_msgs/hook/ld_library_path_lib.sh'
[2.366s] Level 1:colcon.colcon_core.environment:checking '/home/airlab/seed25/ros_packages/mocap4r2_ws/install/mocap4r2_control_msgs/bin'
[2.366s] Level 1:colcon.colcon_core.environment:checking '/home/airlab/seed25/ros_packages/mocap4r2_ws/install/mocap4r2_control_msgs/lib/pkgconfig/mocap4r2_control_msgs.pc'
[2.366s] Level 1:colcon.colcon_core.environment:checking '/home/airlab/seed25/ros_packages/mocap4r2_ws/install/mocap4r2_control_msgs/lib/python3.8/site-packages'
[2.367s] Level 1:colcon.colcon_core.shell:create_environment_hook('mocap4r2_control_msgs', 'pythonpath')
[2.367s] INFO:colcon.colcon_core.shell:Creating environment hook '/home/airlab/seed25/ros_packages/mocap4r2_ws/install/mocap4r2_control_msgs/share/mocap4r2_control_msgs/hook/pythonpath.ps1'
[2.368s] INFO:colcon.colcon_core.shell:Creating environment descriptor '/home/airlab/seed25/ros_packages/mocap4r2_ws/install/mocap4r2_control_msgs/share/mocap4r2_control_msgs/hook/pythonpath.dsv'
[2.369s] INFO:colcon.colcon_core.shell:Creating environment hook '/home/airlab/seed25/ros_packages/mocap4r2_ws/install/mocap4r2_control_msgs/share/mocap4r2_control_msgs/hook/pythonpath.sh'
[2.370s] Level 1:colcon.colcon_core.environment:checking '/home/airlab/seed25/ros_packages/mocap4r2_ws/install/mocap4r2_control_msgs/bin'
[2.370s] INFO:colcon.colcon_core.shell:Creating package script '/home/airlab/seed25/ros_packages/mocap4r2_ws/install/mocap4r2_control_msgs/share/mocap4r2_control_msgs/package.ps1'
[2.372s] INFO:colcon.colcon_core.shell:Creating package descriptor '/home/airlab/seed25/ros_packages/mocap4r2_ws/install/mocap4r2_control_msgs/share/mocap4r2_control_msgs/package.dsv'
[2.373s] INFO:colcon.colcon_core.shell:Creating package script '/home/airlab/seed25/ros_packages/mocap4r2_ws/install/mocap4r2_control_msgs/share/mocap4r2_control_msgs/package.sh'
[2.374s] INFO:colcon.colcon_core.shell:Creating package script '/home/airlab/seed25/ros_packages/mocap4r2_ws/install/mocap4r2_control_msgs/share/mocap4r2_control_msgs/package.bash'
[2.375s] INFO:colcon.colcon_core.shell:Creating package script '/home/airlab/seed25/ros_packages/mocap4r2_ws/install/mocap4r2_control_msgs/share/mocap4r2_control_msgs/package.zsh'
[2.375s] Level 1:colcon.colcon_core.environment:create_file_with_runtime_dependencies(/home/airlab/seed25/ros_packages/mocap4r2_ws/install/mocap4r2_control_msgs/share/colcon-core/packages/mocap4r2_control_msgs)
[2.376s] Level 1:colcon.colcon_core.environment:create_environment_scripts_only(mocap4r2_msgs)
[2.377s] Level 1:colcon.colcon_core.environment:checking '/home/airlab/seed25/ros_packages/mocap4r2_ws/install/mocap4r2_msgs' for CMake module files
[2.379s] DEBUG:colcon.colcon_core.event_handler.log_command:Invoked command in '/home/airlab/seed25/ros_packages/mocap4r2_ws/build/mocap4r2_msgs' returned '0': CMAKE_PREFIX_PATH=${CMAKE_PREFIX_PATH}:/home/airlab/seed25/ros_packages/mocap4r2_ws/install/mocap4r2cli:/opt/ros/foxy /usr/bin/cmake --install /home/airlab/seed25/ros_packages/mocap4r2_ws/build/mocap4r2_msgs
[2.379s] Level 1:colcon.colcon_core.environment:checking '/home/airlab/seed25/ros_packages/mocap4r2_ws/install/mocap4r2_msgs' for CMake config files
[2.380s] Level 1:colcon.colcon_core.shell:create_environment_hook('mocap4r2_msgs', 'cmake_prefix_path')
[2.381s] INFO:colcon.colcon_core.shell:Creating environment hook '/home/airlab/seed25/ros_packages/mocap4r2_ws/install/mocap4r2_msgs/share/mocap4r2_msgs/hook/cmake_prefix_path.ps1'
[2.382s] INFO:colcon.colcon_core.shell:Creating environment descriptor '/home/airlab/seed25/ros_packages/mocap4r2_ws/install/mocap4r2_msgs/share/mocap4r2_msgs/hook/cmake_prefix_path.dsv'
[2.382s] INFO:colcon.colcon_core.shell:Creating environment hook '/home/airlab/seed25/ros_packages/mocap4r2_ws/install/mocap4r2_msgs/share/mocap4r2_msgs/hook/cmake_prefix_path.sh'
[2.384s] Level 1:colcon.colcon_core.environment:checking '/home/airlab/seed25/ros_packages/mocap4r2_ws/install/mocap4r2_msgs/lib'
[2.384s] Level 1:colcon.colcon_core.shell:create_environment_hook('mocap4r2_msgs', 'ld_library_path_lib')
[2.384s] INFO:colcon.colcon_core.shell:Creating environment hook '/home/airlab/seed25/ros_packages/mocap4r2_ws/install/mocap4r2_msgs/share/mocap4r2_msgs/hook/ld_library_path_lib.ps1'
[2.385s] INFO:colcon.colcon_core.shell:Creating environment descriptor '/home/airlab/seed25/ros_packages/mocap4r2_ws/install/mocap4r2_msgs/share/mocap4r2_msgs/hook/ld_library_path_lib.dsv'
[2.386s] INFO:colcon.colcon_core.shell:Creating environment hook '/home/airlab/seed25/ros_packages/mocap4r2_ws/install/mocap4r2_msgs/share/mocap4r2_msgs/hook/ld_library_path_lib.sh'
[2.387s] Level 1:colcon.colcon_core.environment:checking '/home/airlab/seed25/ros_packages/mocap4r2_ws/install/mocap4r2_msgs/bin'
[2.387s] Level 1:colcon.colcon_core.environment:checking '/home/airlab/seed25/ros_packages/mocap4r2_ws/install/mocap4r2_msgs/lib/pkgconfig/mocap4r2_msgs.pc'
[2.387s] Level 1:colcon.colcon_core.environment:checking '/home/airlab/seed25/ros_packages/mocap4r2_ws/install/mocap4r2_msgs/lib/python3.8/site-packages'
[2.387s] Level 1:colcon.colcon_core.shell:create_environment_hook('mocap4r2_msgs', 'pythonpath')
[2.388s] INFO:colcon.colcon_core.shell:Creating environment hook '/home/airlab/seed25/ros_packages/mocap4r2_ws/install/mocap4r2_msgs/share/mocap4r2_msgs/hook/pythonpath.ps1'
[2.388s] INFO:colcon.colcon_core.shell:Creating environment descriptor '/home/airlab/seed25/ros_packages/mocap4r2_ws/install/mocap4r2_msgs/share/mocap4r2_msgs/hook/pythonpath.dsv'
[2.389s] INFO:colcon.colcon_core.shell:Creating environment hook '/home/airlab/seed25/ros_packages/mocap4r2_ws/install/mocap4r2_msgs/share/mocap4r2_msgs/hook/pythonpath.sh'
[2.390s] Level 1:colcon.colcon_core.environment:checking '/home/airlab/seed25/ros_packages/mocap4r2_ws/install/mocap4r2_msgs/bin'
[2.391s] INFO:colcon.colcon_core.shell:Creating package script '/home/airlab/seed25/ros_packages/mocap4r2_ws/install/mocap4r2_msgs/share/mocap4r2_msgs/package.ps1'
[2.392s] INFO:colcon.colcon_core.shell:Creating package descriptor '/home/airlab/seed25/ros_packages/mocap4r2_ws/install/mocap4r2_msgs/share/mocap4r2_msgs/package.dsv'
[2.393s] INFO:colcon.colcon_core.shell:Creating package script '/home/airlab/seed25/ros_packages/mocap4r2_ws/install/mocap4r2_msgs/share/mocap4r2_msgs/package.sh'
[2.394s] INFO:colcon.colcon_core.shell:Creating package script '/home/airlab/seed25/ros_packages/mocap4r2_ws/install/mocap4r2_msgs/share/mocap4r2_msgs/package.bash'
[2.395s] INFO:colcon.colcon_core.shell:Creating package script '/home/airlab/seed25/ros_packages/mocap4r2_ws/install/mocap4r2_msgs/share/mocap4r2_msgs/package.zsh'
[2.396s] Level 1:colcon.colcon_core.environment:create_file_with_runtime_dependencies(/home/airlab/seed25/ros_packages/mocap4r2_ws/install/mocap4r2_msgs/share/colcon-core/packages/mocap4r2_msgs)
[2.397s] Level 1:colcon.colcon_core.environment:create_environment_scripts_only(mocap4r2_msgs)
[2.397s] Level 1:colcon.colcon_core.environment:checking '/home/airlab/seed25/ros_packages/mocap4r2_ws/install/mocap4r2_msgs' for CMake module files
[2.398s] Level 1:colcon.colcon_core.environment:checking '/home/airlab/seed25/ros_packages/mocap4r2_ws/install/mocap4r2_msgs' for CMake config files
[2.399s] Level 1:colcon.colcon_core.shell:create_environment_hook('mocap4r2_msgs', 'cmake_prefix_path')
[2.400s] INFO:colcon.colcon_core.shell:Creating environment hook '/home/airlab/seed25/ros_packages/mocap4r2_ws/install/mocap4r2_msgs/share/mocap4r2_msgs/hook/cmake_prefix_path.ps1'
[2.401s] INFO:colcon.colcon_core.shell:Creating environment descriptor '/home/airlab/seed25/ros_packages/mocap4r2_ws/install/mocap4r2_msgs/share/mocap4r2_msgs/hook/cmake_prefix_path.dsv'
[2.401s] INFO:colcon.colcon_core.shell:Creating environment hook '/home/airlab/seed25/ros_packages/mocap4r2_ws/install/mocap4r2_msgs/share/mocap4r2_msgs/hook/cmake_prefix_path.sh'
[2.402s] Level 1:colcon.colcon_core.environment:checking '/home/airlab/seed25/ros_packages/mocap4r2_ws/install/mocap4r2_msgs/lib'
[2.403s] Level 1:colcon.colcon_core.shell:create_environment_hook('mocap4r2_msgs', 'ld_library_path_lib')
[2.403s] INFO:colcon.colcon_core.shell:Creating environment hook '/home/airlab/seed25/ros_packages/mocap4r2_ws/install/mocap4r2_msgs/share/mocap4r2_msgs/hook/ld_library_path_lib.ps1'
[2.404s] INFO:colcon.colcon_core.shell:Creating environment descriptor '/home/airlab/seed25/ros_packages/mocap4r2_ws/install/mocap4r2_msgs/share/mocap4r2_msgs/hook/ld_library_path_lib.dsv'
[2.405s] INFO:colcon.colcon_core.shell:Creating environment hook '/home/airlab/seed25/ros_packages/mocap4r2_ws/install/mocap4r2_msgs/share/mocap4r2_msgs/hook/ld_library_path_lib.sh'
[2.405s] Level 1:colcon.colcon_core.environment:checking '/home/airlab/seed25/ros_packages/mocap4r2_ws/install/mocap4r2_msgs/bin'
[2.405s] Level 1:colcon.colcon_core.environment:checking '/home/airlab/seed25/ros_packages/mocap4r2_ws/install/mocap4r2_msgs/lib/pkgconfig/mocap4r2_msgs.pc'
[2.406s] Level 1:colcon.colcon_core.environment:checking '/home/airlab/seed25/ros_packages/mocap4r2_ws/install/mocap4r2_msgs/lib/python3.8/site-packages'
[2.406s] Level 1:colcon.colcon_core.shell:create_environment_hook('mocap4r2_msgs', 'pythonpath')
[2.406s] INFO:colcon.colcon_core.shell:Creating environment hook '/home/airlab/seed25/ros_packages/mocap4r2_ws/install/mocap4r2_msgs/share/mocap4r2_msgs/hook/pythonpath.ps1'
[2.407s] INFO:colcon.colcon_core.shell:Creating environment descriptor '/home/airlab/seed25/ros_packages/mocap4r2_ws/install/mocap4r2_msgs/share/mocap4r2_msgs/hook/pythonpath.dsv'
[2.408s] INFO:colcon.colcon_core.shell:Creating environment hook '/home/airlab/seed25/ros_packages/mocap4r2_ws/install/mocap4r2_msgs/share/mocap4r2_msgs/hook/pythonpath.sh'
[2.409s] Level 1:colcon.colcon_core.environment:checking '/home/airlab/seed25/ros_packages/mocap4r2_ws/install/mocap4r2_msgs/bin'
[2.410s] INFO:colcon.colcon_core.shell:Creating package script '/home/airlab/seed25/ros_packages/mocap4r2_ws/install/mocap4r2_msgs/share/mocap4r2_msgs/package.ps1'
[2.411s] INFO:colcon.colcon_core.shell:Creating package descriptor '/home/airlab/seed25/ros_packages/mocap4r2_ws/install/mocap4r2_msgs/share/mocap4r2_msgs/package.dsv'
[2.412s] INFO:colcon.colcon_core.shell:Creating package script '/home/airlab/seed25/ros_packages/mocap4r2_ws/install/mocap4r2_msgs/share/mocap4r2_msgs/package.sh'
[2.413s] INFO:colcon.colcon_core.shell:Creating package script '/home/airlab/seed25/ros_packages/mocap4r2_ws/install/mocap4r2_msgs/share/mocap4r2_msgs/package.bash'
[2.414s] INFO:colcon.colcon_core.shell:Creating package script '/home/airlab/seed25/ros_packages/mocap4r2_ws/install/mocap4r2_msgs/share/mocap4r2_msgs/package.zsh'
[2.415s] Level 1:colcon.colcon_core.environment:create_file_with_runtime_dependencies(/home/airlab/seed25/ros_packages/mocap4r2_ws/install/mocap4r2_msgs/share/colcon-core/packages/mocap4r2_msgs)
[2.416s] INFO:colcon.colcon_ros.task.ament_cmake.build:Building ROS package in '/home/airlab/seed25/ros_packages/mocap4r2_ws/src/mocap4r2/mocap4r2_control/mocap4r2_control' with build type 'ament_cmake'
[2.417s] INFO:colcon.colcon_cmake.task.cmake.build:Building CMake package in '/home/airlab/seed25/ros_packages/mocap4r2_ws/src/mocap4r2/mocap4r2_control/mocap4r2_control'
[2.417s] INFO:colcon.colcon_core.shell:Skip shell extension 'powershell' for command environment: Not usable outside of PowerShell
[2.417s] DEBUG:colcon.colcon_core.shell:Skip shell extension 'dsv' for command environment
[2.431s] INFO:colcon.colcon_ros.task.ament_cmake.build:Building ROS package in '/home/airlab/seed25/ros_packages/mocap4r2_ws/src/mocap4r2/mocap4r2_marker_viz/mocap4r2_marker_publisher' with build type 'ament_cmake'
[2.431s] INFO:colcon.colcon_cmake.task.cmake.build:Building CMake package in '/home/airlab/seed25/ros_packages/mocap4r2_ws/src/mocap4r2/mocap4r2_marker_viz/mocap4r2_marker_publisher'
[2.432s] INFO:colcon.colcon_core.shell:Skip shell extension 'powershell' for command environment: Not usable outside of PowerShell
[2.432s] DEBUG:colcon.colcon_core.shell:Skip shell extension 'dsv' for command environment
[2.444s] INFO:colcon.colcon_ros.task.ament_cmake.build:Building ROS package in '/home/airlab/seed25/ros_packages/mocap4r2_ws/src/mocap4r2/mocap4r2_marker_viz/mocap4r2_marker_viz' with build type 'ament_cmake'
[2.445s] INFO:colcon.colcon_cmake.task.cmake.build:Building CMake package in '/home/airlab/seed25/ros_packages/mocap4r2_ws/src/mocap4r2/mocap4r2_marker_viz/mocap4r2_marker_viz'
[2.446s] INFO:colcon.colcon_core.shell:Skip shell extension 'powershell' for command environment: Not usable outside of PowerShell
[2.446s] DEBUG:colcon.colcon_core.shell:Skip shell extension 'dsv' for command environment
[2.459s] Level 1:colcon.colcon_core.environment:create_environment_scripts_only(mocap4r2_robot_gt_msgs)
[2.460s] Level 1:colcon.colcon_core.environment:checking '/home/airlab/seed25/ros_packages/mocap4r2_ws/install/mocap4r2_robot_gt_msgs' for CMake module files
[2.461s] DEBUG:colcon.colcon_core.event_handler.log_command:Invoked command in '/home/airlab/seed25/ros_packages/mocap4r2_ws/build/mocap4r2_robot_gt_msgs' returned '0': CMAKE_PREFIX_PATH=${CMAKE_PREFIX_PATH}:/home/airlab/seed25/ros_packages/mocap4r2_ws/install/mocap4r2cli:/opt/ros/foxy /usr/bin/cmake --install /home/airlab/seed25/ros_packages/mocap4r2_ws/build/mocap4r2_robot_gt_msgs
[2.462s] Level 1:colcon.colcon_core.environment:checking '/home/airlab/seed25/ros_packages/mocap4r2_ws/install/mocap4r2_robot_gt_msgs' for CMake config files
[2.463s] Level 1:colcon.colcon_core.shell:create_environment_hook('mocap4r2_robot_gt_msgs', 'cmake_prefix_path')
[2.464s] INFO:colcon.colcon_core.shell:Creating environment hook '/home/airlab/seed25/ros_packages/mocap4r2_ws/install/mocap4r2_robot_gt_msgs/share/mocap4r2_robot_gt_msgs/hook/cmake_prefix_path.ps1'
[2.465s] INFO:colcon.colcon_core.shell:Creating environment descriptor '/home/airlab/seed25/ros_packages/mocap4r2_ws/install/mocap4r2_robot_gt_msgs/share/mocap4r2_robot_gt_msgs/hook/cmake_prefix_path.dsv'
[2.466s] INFO:colcon.colcon_core.shell:Creating environment hook '/home/airlab/seed25/ros_packages/mocap4r2_ws/install/mocap4r2_robot_gt_msgs/share/mocap4r2_robot_gt_msgs/hook/cmake_prefix_path.sh'
[2.467s] Level 1:colcon.colcon_core.environment:checking '/home/airlab/seed25/ros_packages/mocap4r2_ws/install/mocap4r2_robot_gt_msgs/lib'
[2.467s] Level 1:colcon.colcon_core.shell:create_environment_hook('mocap4r2_robot_gt_msgs', 'ld_library_path_lib')
[2.468s] INFO:colcon.colcon_core.shell:Creating environment hook '/home/airlab/seed25/ros_packages/mocap4r2_ws/install/mocap4r2_robot_gt_msgs/share/mocap4r2_robot_gt_msgs/hook/ld_library_path_lib.ps1'
[2.469s] INFO:colcon.colcon_core.shell:Creating environment descriptor '/home/airlab/seed25/ros_packages/mocap4r2_ws/install/mocap4r2_robot_gt_msgs/share/mocap4r2_robot_gt_msgs/hook/ld_library_path_lib.dsv'
[2.469s] INFO:colcon.colcon_core.shell:Creating environment hook '/home/airlab/seed25/ros_packages/mocap4r2_ws/install/mocap4r2_robot_gt_msgs/share/mocap4r2_robot_gt_msgs/hook/ld_library_path_lib.sh'
[2.470s] Level 1:colcon.colcon_core.environment:checking '/home/airlab/seed25/ros_packages/mocap4r2_ws/install/mocap4r2_robot_gt_msgs/bin'
[2.470s] Level 1:colcon.colcon_core.environment:checking '/home/airlab/seed25/ros_packages/mocap4r2_ws/install/mocap4r2_robot_gt_msgs/lib/pkgconfig/mocap4r2_robot_gt_msgs.pc'
[2.471s] Level 1:colcon.colcon_core.environment:checking '/home/airlab/seed25/ros_packages/mocap4r2_ws/install/mocap4r2_robot_gt_msgs/lib/python3.8/site-packages'
[2.471s] Level 1:colcon.colcon_core.shell:create_environment_hook('mocap4r2_robot_gt_msgs', 'pythonpath')
[2.472s] INFO:colcon.colcon_core.shell:Creating environment hook '/home/airlab/seed25/ros_packages/mocap4r2_ws/install/mocap4r2_robot_gt_msgs/share/mocap4r2_robot_gt_msgs/hook/pythonpath.ps1'
[2.472s] INFO:colcon.colcon_core.shell:Creating environment descriptor '/home/airlab/seed25/ros_packages/mocap4r2_ws/install/mocap4r2_robot_gt_msgs/share/mocap4r2_robot_gt_msgs/hook/pythonpath.dsv'
[2.473s] INFO:colcon.colcon_core.shell:Creating environment hook '/home/airlab/seed25/ros_packages/mocap4r2_ws/install/mocap4r2_robot_gt_msgs/share/mocap4r2_robot_gt_msgs/hook/pythonpath.sh'
[2.474s] Level 1:colcon.colcon_core.environment:checking '/home/airlab/seed25/ros_packages/mocap4r2_ws/install/mocap4r2_robot_gt_msgs/bin'
[2.475s] INFO:colcon.colcon_core.shell:Creating package script '/home/airlab/seed25/ros_packages/mocap4r2_ws/install/mocap4r2_robot_gt_msgs/share/mocap4r2_robot_gt_msgs/package.ps1'
[2.476s] INFO:colcon.colcon_core.shell:Creating package descriptor '/home/airlab/seed25/ros_packages/mocap4r2_ws/install/mocap4r2_robot_gt_msgs/share/mocap4r2_robot_gt_msgs/package.dsv'
[2.477s] INFO:colcon.colcon_core.shell:Creating package script '/home/airlab/seed25/ros_packages/mocap4r2_ws/install/mocap4r2_robot_gt_msgs/share/mocap4r2_robot_gt_msgs/package.sh'
[2.478s] INFO:colcon.colcon_core.shell:Creating package script '/home/airlab/seed25/ros_packages/mocap4r2_ws/install/mocap4r2_robot_gt_msgs/share/mocap4r2_robot_gt_msgs/package.bash'
[2.479s] INFO:colcon.colcon_core.shell:Creating package script '/home/airlab/seed25/ros_packages/mocap4r2_ws/install/mocap4r2_robot_gt_msgs/share/mocap4r2_robot_gt_msgs/package.zsh'
[2.480s] Level 1:colcon.colcon_core.environment:create_file_with_runtime_dependencies(/home/airlab/seed25/ros_packages/mocap4r2_ws/install/mocap4r2_robot_gt_msgs/share/colcon-core/packages/mocap4r2_robot_gt_msgs)
[2.481s] Level 1:colcon.colcon_core.environment:create_environment_scripts_only(mocap4r2_robot_gt_msgs)
[2.481s] Level 1:colcon.colcon_core.environment:checking '/home/airlab/seed25/ros_packages/mocap4r2_ws/install/mocap4r2_robot_gt_msgs' for CMake module files
[2.482s] Level 1:colcon.colcon_core.environment:checking '/home/airlab/seed25/ros_packages/mocap4r2_ws/install/mocap4r2_robot_gt_msgs' for CMake config files
[2.483s] Level 1:colcon.colcon_core.shell:create_environment_hook('mocap4r2_robot_gt_msgs', 'cmake_prefix_path')
[2.484s] INFO:colcon.colcon_core.shell:Creating environment hook '/home/airlab/seed25/ros_packages/mocap4r2_ws/install/mocap4r2_robot_gt_msgs/share/mocap4r2_robot_gt_msgs/hook/cmake_prefix_path.ps1'
[2.485s] INFO:colcon.colcon_core.shell:Creating environment descriptor '/home/airlab/seed25/ros_packages/mocap4r2_ws/install/mocap4r2_robot_gt_msgs/share/mocap4r2_robot_gt_msgs/hook/cmake_prefix_path.dsv'
[2.485s] INFO:colcon.colcon_core.shell:Creating environment hook '/home/airlab/seed25/ros_packages/mocap4r2_ws/install/mocap4r2_robot_gt_msgs/share/mocap4r2_robot_gt_msgs/hook/cmake_prefix_path.sh'
[2.486s] Level 1:colcon.colcon_core.environment:checking '/home/airlab/seed25/ros_packages/mocap4r2_ws/install/mocap4r2_robot_gt_msgs/lib'
[2.487s] Level 1:colcon.colcon_core.shell:create_environment_hook('mocap4r2_robot_gt_msgs', 'ld_library_path_lib')
[2.487s] INFO:colcon.colcon_core.shell:Creating environment hook '/home/airlab/seed25/ros_packages/mocap4r2_ws/install/mocap4r2_robot_gt_msgs/share/mocap4r2_robot_gt_msgs/hook/ld_library_path_lib.ps1'
[2.488s] INFO:colcon.colcon_core.shell:Creating environment descriptor '/home/airlab/seed25/ros_packages/mocap4r2_ws/install/mocap4r2_robot_gt_msgs/share/mocap4r2_robot_gt_msgs/hook/ld_library_path_lib.dsv'
[2.489s] INFO:colcon.colcon_core.shell:Creating environment hook '/home/airlab/seed25/ros_packages/mocap4r2_ws/install/mocap4r2_robot_gt_msgs/share/mocap4r2_robot_gt_msgs/hook/ld_library_path_lib.sh'
[2.489s] Level 1:colcon.colcon_core.environment:checking '/home/airlab/seed25/ros_packages/mocap4r2_ws/install/mocap4r2_robot_gt_msgs/bin'
[2.490s] Level 1:colcon.colcon_core.environment:checking '/home/airlab/seed25/ros_packages/mocap4r2_ws/install/mocap4r2_robot_gt_msgs/lib/pkgconfig/mocap4r2_robot_gt_msgs.pc'
[2.490s] Level 1:colcon.colcon_core.environment:checking '/home/airlab/seed25/ros_packages/mocap4r2_ws/install/mocap4r2_robot_gt_msgs/lib/python3.8/site-packages'
[2.490s] Level 1:colcon.colcon_core.shell:create_environment_hook('mocap4r2_robot_gt_msgs', 'pythonpath')
[2.490s] INFO:colcon.colcon_core.shell:Creating environment hook '/home/airlab/seed25/ros_packages/mocap4r2_ws/install/mocap4r2_robot_gt_msgs/share/mocap4r2_robot_gt_msgs/hook/pythonpath.ps1'
[2.491s] INFO:colcon.colcon_core.shell:Creating environment descriptor '/home/airlab/seed25/ros_packages/mocap4r2_ws/install/mocap4r2_robot_gt_msgs/share/mocap4r2_robot_gt_msgs/hook/pythonpath.dsv'
[2.492s] INFO:colcon.colcon_core.shell:Creating environment hook '/home/airlab/seed25/ros_packages/mocap4r2_ws/install/mocap4r2_robot_gt_msgs/share/mocap4r2_robot_gt_msgs/hook/pythonpath.sh'
[2.493s] Level 1:colcon.colcon_core.environment:checking '/home/airlab/seed25/ros_packages/mocap4r2_ws/install/mocap4r2_robot_gt_msgs/bin'
[2.494s] INFO:colcon.colcon_core.shell:Creating package script '/home/airlab/seed25/ros_packages/mocap4r2_ws/install/mocap4r2_robot_gt_msgs/share/mocap4r2_robot_gt_msgs/package.ps1'
[2.495s] INFO:colcon.colcon_core.shell:Creating package descriptor '/home/airlab/seed25/ros_packages/mocap4r2_ws/install/mocap4r2_robot_gt_msgs/share/mocap4r2_robot_gt_msgs/package.dsv'
[2.496s] INFO:colcon.colcon_core.shell:Creating package script '/home/airlab/seed25/ros_packages/mocap4r2_ws/install/mocap4r2_robot_gt_msgs/share/mocap4r2_robot_gt_msgs/package.sh'
[2.497s] INFO:colcon.colcon_core.shell:Creating package script '/home/airlab/seed25/ros_packages/mocap4r2_ws/install/mocap4r2_robot_gt_msgs/share/mocap4r2_robot_gt_msgs/package.bash'
[2.498s] INFO:colcon.colcon_core.shell:Creating package script '/home/airlab/seed25/ros_packages/mocap4r2_ws/install/mocap4r2_robot_gt_msgs/share/mocap4r2_robot_gt_msgs/package.zsh'
[2.499s] Level 1:colcon.colcon_core.environment:create_file_with_runtime_dependencies(/home/airlab/seed25/ros_packages/mocap4r2_ws/install/mocap4r2_robot_gt_msgs/share/colcon-core/packages/mocap4r2_robot_gt_msgs)
[2.502s] INFO:colcon.colcon_ros.task.ament_cmake.build:Building ROS package in '/home/airlab/seed25/ros_packages/mocap4r2_ws/src/mocap4r2/mocap4r2_robot_gt/mocap4r2_robot_gt' with build type 'ament_cmake'
[2.502s] INFO:colcon.colcon_cmake.task.cmake.build:Building CMake package in '/home/airlab/seed25/ros_packages/mocap4r2_ws/src/mocap4r2/mocap4r2_robot_gt/mocap4r2_robot_gt'
[2.502s] INFO:colcon.colcon_core.shell:Skip shell extension 'powershell' for command environment: Not usable outside of PowerShell
[2.503s] DEBUG:colcon.colcon_core.shell:Skip shell extension 'dsv' for command environment
[2.524s] DEBUG:colcon.colcon_core.event_handler.log_command:Invoking command in '/home/airlab/seed25/ros_packages/mocap4r2_ws/build/mocap4r2_control': CMAKE_PREFIX_PATH=/home/airlab/seed25/ros_packages/mocap4r2_ws/install/mocap4r2_control_msgs:/home/airlab/seed25/ros_packages/mocap4r2_ws/install/mocap4r2_control:/home/airlab/seed25/ros_packages/mocap4r2_ws/install/mocap4r2_robot_gt_msgs:/home/airlab/seed25/ros_packages/mocap4r2_ws/install/mocap4r2_marker_viz:/home/airlab/seed25/ros_packages/mocap4r2_ws/install/mocap4r2_marker_publisher:/home/airlab/seed25/ros_packages/mocap4r2_ws/install/mocap4r2_msgs:/home/airlab/seed25/ros_packages/mocap4r2_ws/install/mocap4r2_marker_viz_srvs:/home/airlab/seed25/ros_packages/mocap4r2_ws/install/mocap4r2cli:/opt/ros/foxy LD_LIBRARY_PATH=/home/airlab/seed25/ros_packages/mocap4r2_ws/install/mocap4r2_control_msgs/lib:/home/airlab/seed25/ros_packages/mocap4r2_ws/install/mocap4r2_control/lib:/usr/local/cuda-11.4/lib64:/home/airlab/seed25/ros_packages/mocap4r2_ws/install/mocap4r2_robot_gt_msgs/lib:/home/airlab/seed25/ros_packages/mocap4r2_ws/install/mocap4r2_msgs/lib:/home/airlab/seed25/ros_packages/mocap4r2_ws/install/mocap4r2_marker_viz_srvs/lib:/usr/local/cuda-11.4/lib64:/usr/local/cuda-11.4/lib64:/opt/ros/foxy/opt/yaml_cpp_vendor/lib:/opt/ros/foxy/opt/rviz_ogre_vendor/lib:/opt/ros/foxy/lib/aarch64-linux-gnu:/opt/ros/foxy/lib:/usr/local/cuda-11.4/lib64 PYTHONPATH=/home/airlab/seed25/ros_packages/mocap4r2_ws/install/mocap4r2_control_msgs/lib/python3.8/site-packages:/home/airlab/seed25/ros_packages/mocap4r2_ws/install/mocap4r2cli/lib/python3.8/site-packages:/home/airlab/seed25/ros_packages/mocap4r2_ws/install/mocap4r2_robot_gt_msgs/lib/python3.8/site-packages:/home/airlab/seed25/ros_packages/mocap4r2_ws/install/mocap4r2_msgs/lib/python3.8/site-packages:/home/airlab/seed25/ros_packages/mocap4r2_ws/install/mocap4r2_marker_viz_srvs/lib/python3.8/site-packages:/opt/ros/foxy/lib/python3.8/site-packages /usr/bin/cmake --build /home/airlab/seed25/ros_packages/mocap4r2_ws/build/mocap4r2_control -- -j4 -l4
[2.532s] DEBUG:colcon.colcon_core.event_handler.log_command:Invoking command in '/home/airlab/seed25/ros_packages/mocap4r2_ws/build/mocap4r2_marker_publisher': CMAKE_PREFIX_PATH=/home/airlab/seed25/ros_packages/mocap4r2_ws/install/mocap4r2_msgs:/home/airlab/seed25/ros_packages/mocap4r2_ws/install/mocap4r2_control:/home/airlab/seed25/ros_packages/mocap4r2_ws/install/mocap4r2_robot_gt_msgs:/home/airlab/seed25/ros_packages/mocap4r2_ws/install/mocap4r2_marker_viz:/home/airlab/seed25/ros_packages/mocap4r2_ws/install/mocap4r2_marker_publisher:/home/airlab/seed25/ros_packages/mocap4r2_ws/install/mocap4r2_marker_viz_srvs:/home/airlab/seed25/ros_packages/mocap4r2_ws/install/mocap4r2_control_msgs:/home/airlab/seed25/ros_packages/mocap4r2_ws/install/mocap4r2cli:/opt/ros/foxy LD_LIBRARY_PATH=/home/airlab/seed25/ros_packages/mocap4r2_ws/install/mocap4r2_msgs/lib:/home/airlab/seed25/ros_packages/mocap4r2_ws/install/mocap4r2_control/lib:/usr/local/cuda-11.4/lib64:/home/airlab/seed25/ros_packages/mocap4r2_ws/install/mocap4r2_robot_gt_msgs/lib:/home/airlab/seed25/ros_packages/mocap4r2_ws/install/mocap4r2_marker_viz_srvs/lib:/home/airlab/seed25/ros_packages/mocap4r2_ws/install/mocap4r2_control_msgs/lib:/usr/local/cuda-11.4/lib64:/usr/local/cuda-11.4/lib64:/opt/ros/foxy/opt/yaml_cpp_vendor/lib:/opt/ros/foxy/opt/rviz_ogre_vendor/lib:/opt/ros/foxy/lib/aarch64-linux-gnu:/opt/ros/foxy/lib:/usr/local/cuda-11.4/lib64 PYTHONPATH=/home/airlab/seed25/ros_packages/mocap4r2_ws/install/mocap4r2_msgs/lib/python3.8/site-packages:/home/airlab/seed25/ros_packages/mocap4r2_ws/install/mocap4r2cli/lib/python3.8/site-packages:/home/airlab/seed25/ros_packages/mocap4r2_ws/install/mocap4r2_robot_gt_msgs/lib/python3.8/site-packages:/home/airlab/seed25/ros_packages/mocap4r2_ws/install/mocap4r2_marker_viz_srvs/lib/python3.8/site-packages:/home/airlab/seed25/ros_packages/mocap4r2_ws/install/mocap4r2_control_msgs/lib/python3.8/site-packages:/opt/ros/foxy/lib/python3.8/site-packages /usr/bin/cmake --build /home/airlab/seed25/ros_packages/mocap4r2_ws/build/mocap4r2_marker_publisher -- -j4 -l4
[2.542s] DEBUG:colcon.colcon_core.event_handler.log_command:Invoking command in '/home/airlab/seed25/ros_packages/mocap4r2_ws/build/mocap4r2_marker_viz': CMAKE_PREFIX_PATH=/home/airlab/seed25/ros_packages/mocap4r2_ws/install/mocap4r2_msgs:/home/airlab/seed25/ros_packages/mocap4r2_ws/install/mocap4r2_marker_viz_srvs:/home/airlab/seed25/ros_packages/mocap4r2_ws/install/mocap4r2_control:/home/airlab/seed25/ros_packages/mocap4r2_ws/install/mocap4r2_robot_gt_msgs:/home/airlab/seed25/ros_packages/mocap4r2_ws/install/mocap4r2_marker_viz:/home/airlab/seed25/ros_packages/mocap4r2_ws/install/mocap4r2_marker_publisher:/home/airlab/seed25/ros_packages/mocap4r2_ws/install/mocap4r2_control_msgs:/home/airlab/seed25/ros_packages/mocap4r2_ws/install/mocap4r2cli:/opt/ros/foxy LD_LIBRARY_PATH=/home/airlab/seed25/ros_packages/mocap4r2_ws/install/mocap4r2_msgs/lib:/home/airlab/seed25/ros_packages/mocap4r2_ws/install/mocap4r2_marker_viz_srvs/lib:/home/airlab/seed25/ros_packages/mocap4r2_ws/install/mocap4r2_control/lib:/usr/local/cuda-11.4/lib64:/home/airlab/seed25/ros_packages/mocap4r2_ws/install/mocap4r2_robot_gt_msgs/lib:/home/airlab/seed25/ros_packages/mocap4r2_ws/install/mocap4r2_control_msgs/lib:/usr/local/cuda-11.4/lib64:/usr/local/cuda-11.4/lib64:/opt/ros/foxy/opt/yaml_cpp_vendor/lib:/opt/ros/foxy/opt/rviz_ogre_vendor/lib:/opt/ros/foxy/lib/aarch64-linux-gnu:/opt/ros/foxy/lib:/usr/local/cuda-11.4/lib64 PYTHONPATH=/home/airlab/seed25/ros_packages/mocap4r2_ws/install/mocap4r2_msgs/lib/python3.8/site-packages:/home/airlab/seed25/ros_packages/mocap4r2_ws/install/mocap4r2_marker_viz_srvs/lib/python3.8/site-packages:/home/airlab/seed25/ros_packages/mocap4r2_ws/install/mocap4r2cli/lib/python3.8/site-packages:/home/airlab/seed25/ros_packages/mocap4r2_ws/install/mocap4r2_robot_gt_msgs/lib/python3.8/site-packages:/home/airlab/seed25/ros_packages/mocap4r2_ws/install/mocap4r2_control_msgs/lib/python3.8/site-packages:/opt/ros/foxy/lib/python3.8/site-packages /usr/bin/cmake --build /home/airlab/seed25/ros_packages/mocap4r2_ws/build/mocap4r2_marker_viz -- -j4 -l4
[2.556s] DEBUG:colcon.colcon_core.event_handler.log_command:Invoking command in '/home/airlab/seed25/ros_packages/mocap4r2_ws/build/mocap4r2_robot_gt': CMAKE_PREFIX_PATH=/home/airlab/seed25/ros_packages/mocap4r2_ws/install/mocap4r2_robot_gt_msgs:/home/airlab/seed25/ros_packages/mocap4r2_ws/install/mocap4r2_msgs:/home/airlab/seed25/ros_packages/mocap4r2_ws/install/mocap4r2_control:/home/airlab/seed25/ros_packages/mocap4r2_ws/install/mocap4r2_marker_viz:/home/airlab/seed25/ros_packages/mocap4r2_ws/install/mocap4r2_marker_publisher:/home/airlab/seed25/ros_packages/mocap4r2_ws/install/mocap4r2_marker_viz_srvs:/home/airlab/seed25/ros_packages/mocap4r2_ws/install/mocap4r2_control_msgs:/home/airlab/seed25/ros_packages/mocap4r2_ws/install/mocap4r2cli:/opt/ros/foxy LD_LIBRARY_PATH=/home/airlab/seed25/ros_packages/mocap4r2_ws/install/mocap4r2_robot_gt_msgs/lib:/home/airlab/seed25/ros_packages/mocap4r2_ws/install/mocap4r2_msgs/lib:/home/airlab/seed25/ros_packages/mocap4r2_ws/install/mocap4r2_control/lib:/usr/local/cuda-11.4/lib64:/home/airlab/seed25/ros_packages/mocap4r2_ws/install/mocap4r2_marker_viz_srvs/lib:/home/airlab/seed25/ros_packages/mocap4r2_ws/install/mocap4r2_control_msgs/lib:/usr/local/cuda-11.4/lib64:/usr/local/cuda-11.4/lib64:/opt/ros/foxy/opt/yaml_cpp_vendor/lib:/opt/ros/foxy/opt/rviz_ogre_vendor/lib:/opt/ros/foxy/lib/aarch64-linux-gnu:/opt/ros/foxy/lib:/usr/local/cuda-11.4/lib64 PYTHONPATH=/home/airlab/seed25/ros_packages/mocap4r2_ws/install/mocap4r2_robot_gt_msgs/lib/python3.8/site-packages:/home/airlab/seed25/ros_packages/mocap4r2_ws/install/mocap4r2_msgs/lib/python3.8/site-packages:/home/airlab/seed25/ros_packages/mocap4r2_ws/install/mocap4r2cli/lib/python3.8/site-packages:/home/airlab/seed25/ros_packages/mocap4r2_ws/install/mocap4r2_marker_viz_srvs/lib/python3.8/site-packages:/home/airlab/seed25/ros_packages/mocap4r2_ws/install/mocap4r2_control_msgs/lib/python3.8/site-packages:/opt/ros/foxy/lib/python3.8/site-packages /usr/bin/cmake --build /home/airlab/seed25/ros_packages/mocap4r2_ws/build/mocap4r2_robot_gt -- -j4 -l4
[2.729s] DEBUG:colcon.colcon_core.event_handler.log_command:Invoked command in '/home/airlab/seed25/ros_packages/mocap4r2_ws/build/mocap4r2_marker_publisher' returned '0': CMAKE_PREFIX_PATH=/home/airlab/seed25/ros_packages/mocap4r2_ws/install/mocap4r2_msgs:/home/airlab/seed25/ros_packages/mocap4r2_ws/install/mocap4r2_control:/home/airlab/seed25/ros_packages/mocap4r2_ws/install/mocap4r2_robot_gt_msgs:/home/airlab/seed25/ros_packages/mocap4r2_ws/install/mocap4r2_marker_viz:/home/airlab/seed25/ros_packages/mocap4r2_ws/install/mocap4r2_marker_publisher:/home/airlab/seed25/ros_packages/mocap4r2_ws/install/mocap4r2_marker_viz_srvs:/home/airlab/seed25/ros_packages/mocap4r2_ws/install/mocap4r2_control_msgs:/home/airlab/seed25/ros_packages/mocap4r2_ws/install/mocap4r2cli:/opt/ros/foxy LD_LIBRARY_PATH=/home/airlab/seed25/ros_packages/mocap4r2_ws/install/mocap4r2_msgs/lib:/home/airlab/seed25/ros_packages/mocap4r2_ws/install/mocap4r2_control/lib:/usr/local/cuda-11.4/lib64:/home/airlab/seed25/ros_packages/mocap4r2_ws/install/mocap4r2_robot_gt_msgs/lib:/home/airlab/seed25/ros_packages/mocap4r2_ws/install/mocap4r2_marker_viz_srvs/lib:/home/airlab/seed25/ros_packages/mocap4r2_ws/install/mocap4r2_control_msgs/lib:/usr/local/cuda-11.4/lib64:/usr/local/cuda-11.4/lib64:/opt/ros/foxy/opt/yaml_cpp_vendor/lib:/opt/ros/foxy/opt/rviz_ogre_vendor/lib:/opt/ros/foxy/lib/aarch64-linux-gnu:/opt/ros/foxy/lib:/usr/local/cuda-11.4/lib64 PYTHONPATH=/home/airlab/seed25/ros_packages/mocap4r2_ws/install/mocap4r2_msgs/lib/python3.8/site-packages:/home/airlab/seed25/ros_packages/mocap4r2_ws/install/mocap4r2cli/lib/python3.8/site-packages:/home/airlab/seed25/ros_packages/mocap4r2_ws/install/mocap4r2_robot_gt_msgs/lib/python3.8/site-packages:/home/airlab/seed25/ros_packages/mocap4r2_ws/install/mocap4r2_marker_viz_srvs/lib/python3.8/site-packages:/home/airlab/seed25/ros_packages/mocap4r2_ws/install/mocap4r2_control_msgs/lib/python3.8/site-packages:/opt/ros/foxy/lib/python3.8/site-packages /usr/bin/cmake --build /home/airlab/seed25/ros_packages/mocap4r2_ws/build/mocap4r2_marker_publisher -- -j4 -l4
[2.731s] DEBUG:colcon.colcon_core.event_handler.log_command:Invoking command in '/home/airlab/seed25/ros_packages/mocap4r2_ws/build/mocap4r2_marker_publisher': CMAKE_PREFIX_PATH=/home/airlab/seed25/ros_packages/mocap4r2_ws/install/mocap4r2_msgs:/home/airlab/seed25/ros_packages/mocap4r2_ws/install/mocap4r2_control:/home/airlab/seed25/ros_packages/mocap4r2_ws/install/mocap4r2_robot_gt_msgs:/home/airlab/seed25/ros_packages/mocap4r2_ws/install/mocap4r2_marker_viz:/home/airlab/seed25/ros_packages/mocap4r2_ws/install/mocap4r2_marker_publisher:/home/airlab/seed25/ros_packages/mocap4r2_ws/install/mocap4r2_marker_viz_srvs:/home/airlab/seed25/ros_packages/mocap4r2_ws/install/mocap4r2_control_msgs:/home/airlab/seed25/ros_packages/mocap4r2_ws/install/mocap4r2cli:/opt/ros/foxy LD_LIBRARY_PATH=/home/airlab/seed25/ros_packages/mocap4r2_ws/install/mocap4r2_msgs/lib:/home/airlab/seed25/ros_packages/mocap4r2_ws/install/mocap4r2_control/lib:/usr/local/cuda-11.4/lib64:/home/airlab/seed25/ros_packages/mocap4r2_ws/install/mocap4r2_robot_gt_msgs/lib:/home/airlab/seed25/ros_packages/mocap4r2_ws/install/mocap4r2_marker_viz_srvs/lib:/home/airlab/seed25/ros_packages/mocap4r2_ws/install/mocap4r2_control_msgs/lib:/usr/local/cuda-11.4/lib64:/usr/local/cuda-11.4/lib64:/opt/ros/foxy/opt/yaml_cpp_vendor/lib:/opt/ros/foxy/opt/rviz_ogre_vendor/lib:/opt/ros/foxy/lib/aarch64-linux-gnu:/opt/ros/foxy/lib:/usr/local/cuda-11.4/lib64 PYTHONPATH=/home/airlab/seed25/ros_packages/mocap4r2_ws/install/mocap4r2_msgs/lib/python3.8/site-packages:/home/airlab/seed25/ros_packages/mocap4r2_ws/install/mocap4r2cli/lib/python3.8/site-packages:/home/airlab/seed25/ros_packages/mocap4r2_ws/install/mocap4r2_robot_gt_msgs/lib/python3.8/site-packages:/home/airlab/seed25/ros_packages/mocap4r2_ws/install/mocap4r2_marker_viz_srvs/lib/python3.8/site-packages:/home/airlab/seed25/ros_packages/mocap4r2_ws/install/mocap4r2_control_msgs/lib/python3.8/site-packages:/opt/ros/foxy/lib/python3.8/site-packages /usr/bin/cmake --install /home/airlab/seed25/ros_packages/mocap4r2_ws/build/mocap4r2_marker_publisher
[2.785s] Level 1:colcon.colcon_core.environment:create_environment_scripts_only(mocap4r2_marker_publisher)
[2.786s] Level 1:colcon.colcon_core.environment:checking '/home/airlab/seed25/ros_packages/mocap4r2_ws/install/mocap4r2_marker_publisher' for CMake module files
[2.787s] DEBUG:colcon.colcon_core.event_handler.log_command:Invoked command in '/home/airlab/seed25/ros_packages/mocap4r2_ws/build/mocap4r2_marker_publisher' returned '0': CMAKE_PREFIX_PATH=/home/airlab/seed25/ros_packages/mocap4r2_ws/install/mocap4r2_msgs:/home/airlab/seed25/ros_packages/mocap4r2_ws/install/mocap4r2_control:/home/airlab/seed25/ros_packages/mocap4r2_ws/install/mocap4r2_robot_gt_msgs:/home/airlab/seed25/ros_packages/mocap4r2_ws/install/mocap4r2_marker_viz:/home/airlab/seed25/ros_packages/mocap4r2_ws/install/mocap4r2_marker_publisher:/home/airlab/seed25/ros_packages/mocap4r2_ws/install/mocap4r2_marker_viz_srvs:/home/airlab/seed25/ros_packages/mocap4r2_ws/install/mocap4r2_control_msgs:/home/airlab/seed25/ros_packages/mocap4r2_ws/install/mocap4r2cli:/opt/ros/foxy LD_LIBRARY_PATH=/home/airlab/seed25/ros_packages/mocap4r2_ws/install/mocap4r2_msgs/lib:/home/airlab/seed25/ros_packages/mocap4r2_ws/install/mocap4r2_control/lib:/usr/local/cuda-11.4/lib64:/home/airlab/seed25/ros_packages/mocap4r2_ws/install/mocap4r2_robot_gt_msgs/lib:/home/airlab/seed25/ros_packages/mocap4r2_ws/install/mocap4r2_marker_viz_srvs/lib:/home/airlab/seed25/ros_packages/mocap4r2_ws/install/mocap4r2_control_msgs/lib:/usr/local/cuda-11.4/lib64:/usr/local/cuda-11.4/lib64:/opt/ros/foxy/opt/yaml_cpp_vendor/lib:/opt/ros/foxy/opt/rviz_ogre_vendor/lib:/opt/ros/foxy/lib/aarch64-linux-gnu:/opt/ros/foxy/lib:/usr/local/cuda-11.4/lib64 PYTHONPATH=/home/airlab/seed25/ros_packages/mocap4r2_ws/install/mocap4r2_msgs/lib/python3.8/site-packages:/home/airlab/seed25/ros_packages/mocap4r2_ws/install/mocap4r2cli/lib/python3.8/site-packages:/home/airlab/seed25/ros_packages/mocap4r2_ws/install/mocap4r2_robot_gt_msgs/lib/python3.8/site-packages:/home/airlab/seed25/ros_packages/mocap4r2_ws/install/mocap4r2_marker_viz_srvs/lib/python3.8/site-packages:/home/airlab/seed25/ros_packages/mocap4r2_ws/install/mocap4r2_control_msgs/lib/python3.8/site-packages:/opt/ros/foxy/lib/python3.8/site-packages /usr/bin/cmake --install /home/airlab/seed25/ros_packages/mocap4r2_ws/build/mocap4r2_marker_publisher
[2.789s] Level 1:colcon.colcon_core.environment:checking '/home/airlab/seed25/ros_packages/mocap4r2_ws/install/mocap4r2_marker_publisher' for CMake config files
[2.789s] Level 1:colcon.colcon_core.shell:create_environment_hook('mocap4r2_marker_publisher', 'cmake_prefix_path')
[2.790s] INFO:colcon.colcon_core.shell:Creating environment hook '/home/airlab/seed25/ros_packages/mocap4r2_ws/install/mocap4r2_marker_publisher/share/mocap4r2_marker_publisher/hook/cmake_prefix_path.ps1'
[2.792s] INFO:colcon.colcon_core.shell:Creating environment descriptor '/home/airlab/seed25/ros_packages/mocap4r2_ws/install/mocap4r2_marker_publisher/share/mocap4r2_marker_publisher/hook/cmake_prefix_path.dsv'
[2.793s] INFO:colcon.colcon_core.shell:Creating environment hook '/home/airlab/seed25/ros_packages/mocap4r2_ws/install/mocap4r2_marker_publisher/share/mocap4r2_marker_publisher/hook/cmake_prefix_path.sh'
[2.794s] Level 1:colcon.colcon_core.environment:checking '/home/airlab/seed25/ros_packages/mocap4r2_ws/install/mocap4r2_marker_publisher/lib'
[2.794s] Level 1:colcon.colcon_core.environment:checking '/home/airlab/seed25/ros_packages/mocap4r2_ws/install/mocap4r2_marker_publisher/bin'
[2.794s] Level 1:colcon.colcon_core.environment:checking '/home/airlab/seed25/ros_packages/mocap4r2_ws/install/mocap4r2_marker_publisher/lib/pkgconfig/mocap4r2_marker_publisher.pc'
[2.795s] Level 1:colcon.colcon_core.environment:checking '/home/airlab/seed25/ros_packages/mocap4r2_ws/install/mocap4r2_marker_publisher/lib/python3.8/site-packages'
[2.795s] Level 1:colcon.colcon_core.environment:checking '/home/airlab/seed25/ros_packages/mocap4r2_ws/install/mocap4r2_marker_publisher/bin'
[2.796s] INFO:colcon.colcon_core.shell:Creating package script '/home/airlab/seed25/ros_packages/mocap4r2_ws/install/mocap4r2_marker_publisher/share/mocap4r2_marker_publisher/package.ps1'
[2.797s] INFO:colcon.colcon_core.shell:Creating package descriptor '/home/airlab/seed25/ros_packages/mocap4r2_ws/install/mocap4r2_marker_publisher/share/mocap4r2_marker_publisher/package.dsv'
[2.798s] INFO:colcon.colcon_core.shell:Creating package script '/home/airlab/seed25/ros_packages/mocap4r2_ws/install/mocap4r2_marker_publisher/share/mocap4r2_marker_publisher/package.sh'
[2.800s] INFO:colcon.colcon_core.shell:Creating package script '/home/airlab/seed25/ros_packages/mocap4r2_ws/install/mocap4r2_marker_publisher/share/mocap4r2_marker_publisher/package.bash'
[2.800s] INFO:colcon.colcon_core.shell:Creating package script '/home/airlab/seed25/ros_packages/mocap4r2_ws/install/mocap4r2_marker_publisher/share/mocap4r2_marker_publisher/package.zsh'
[2.801s] Level 1:colcon.colcon_core.environment:create_file_with_runtime_dependencies(/home/airlab/seed25/ros_packages/mocap4r2_ws/install/mocap4r2_marker_publisher/share/colcon-core/packages/mocap4r2_marker_publisher)
[2.803s] Level 1:colcon.colcon_core.environment:create_environment_scripts_only(mocap4r2_marker_publisher)
[2.803s] Level 1:colcon.colcon_core.environment:checking '/home/airlab/seed25/ros_packages/mocap4r2_ws/install/mocap4r2_marker_publisher' for CMake module files
[2.804s] Level 1:colcon.colcon_core.environment:checking '/home/airlab/seed25/ros_packages/mocap4r2_ws/install/mocap4r2_marker_publisher' for CMake config files
[2.805s] Level 1:colcon.colcon_core.shell:create_environment_hook('mocap4r2_marker_publisher', 'cmake_prefix_path')
[2.805s] INFO:colcon.colcon_core.shell:Creating environment hook '/home/airlab/seed25/ros_packages/mocap4r2_ws/install/mocap4r2_marker_publisher/share/mocap4r2_marker_publisher/hook/cmake_prefix_path.ps1'
[2.807s] INFO:colcon.colcon_core.shell:Creating environment descriptor '/home/airlab/seed25/ros_packages/mocap4r2_ws/install/mocap4r2_marker_publisher/share/mocap4r2_marker_publisher/hook/cmake_prefix_path.dsv'
[2.807s] INFO:colcon.colcon_core.shell:Creating environment hook '/home/airlab/seed25/ros_packages/mocap4r2_ws/install/mocap4r2_marker_publisher/share/mocap4r2_marker_publisher/hook/cmake_prefix_path.sh'
[2.809s] Level 1:colcon.colcon_core.environment:checking '/home/airlab/seed25/ros_packages/mocap4r2_ws/install/mocap4r2_marker_publisher/lib'
[2.809s] Level 1:colcon.colcon_core.environment:checking '/home/airlab/seed25/ros_packages/mocap4r2_ws/install/mocap4r2_marker_publisher/bin'
[2.809s] Level 1:colcon.colcon_core.environment:checking '/home/airlab/seed25/ros_packages/mocap4r2_ws/install/mocap4r2_marker_publisher/lib/pkgconfig/mocap4r2_marker_publisher.pc'
[2.810s] Level 1:colcon.colcon_core.environment:checking '/home/airlab/seed25/ros_packages/mocap4r2_ws/install/mocap4r2_marker_publisher/lib/python3.8/site-packages'
[2.810s] Level 1:colcon.colcon_core.environment:checking '/home/airlab/seed25/ros_packages/mocap4r2_ws/install/mocap4r2_marker_publisher/bin'
[2.811s] INFO:colcon.colcon_core.shell:Creating package script '/home/airlab/seed25/ros_packages/mocap4r2_ws/install/mocap4r2_marker_publisher/share/mocap4r2_marker_publisher/package.ps1'
[2.813s] INFO:colcon.colcon_core.shell:Creating package descriptor '/home/airlab/seed25/ros_packages/mocap4r2_ws/install/mocap4r2_marker_publisher/share/mocap4r2_marker_publisher/package.dsv'
[2.815s] INFO:colcon.colcon_core.shell:Creating package script '/home/airlab/seed25/ros_packages/mocap4r2_ws/install/mocap4r2_marker_publisher/share/mocap4r2_marker_publisher/package.sh'
[2.820s] INFO:colcon.colcon_core.shell:Creating package script '/home/airlab/seed25/ros_packages/mocap4r2_ws/install/mocap4r2_marker_publisher/share/mocap4r2_marker_publisher/package.bash'
[2.821s] INFO:colcon.colcon_core.shell:Creating package script '/home/airlab/seed25/ros_packages/mocap4r2_ws/install/mocap4r2_marker_publisher/share/mocap4r2_marker_publisher/package.zsh'
[2.822s] Level 1:colcon.colcon_core.environment:create_file_with_runtime_dependencies(/home/airlab/seed25/ros_packages/mocap4r2_ws/install/mocap4r2_marker_publisher/share/colcon-core/packages/mocap4r2_marker_publisher)
[2.831s] INFO:colcon.colcon_ros.task.ament_python.build:Building ROS package in '/home/airlab/seed25/ros_packages/mocap4r2_ws/src/mocap4r2/mocap4r2cli' with build type 'ament_python'
[2.832s] Level 1:colcon.colcon_core.shell:create_environment_hook('mocap4r2cli', 'ament_prefix_path')
[2.833s] INFO:colcon.colcon_core.shell:Creating environment hook '/home/airlab/seed25/ros_packages/mocap4r2_ws/install/mocap4r2cli/share/mocap4r2cli/hook/ament_prefix_path.ps1'
[2.835s] INFO:colcon.colcon_core.shell:Creating environment descriptor '/home/airlab/seed25/ros_packages/mocap4r2_ws/install/mocap4r2cli/share/mocap4r2cli/hook/ament_prefix_path.dsv'
[2.836s] INFO:colcon.colcon_core.shell:Creating environment hook '/home/airlab/seed25/ros_packages/mocap4r2_ws/install/mocap4r2cli/share/mocap4r2cli/hook/ament_prefix_path.sh'
[2.837s] INFO:colcon.colcon_core.shell:Skip shell extension 'powershell' for command environment: Not usable outside of PowerShell
[2.838s] DEBUG:colcon.colcon_core.shell:Skip shell extension 'dsv' for command environment
[2.865s] DEBUG:colcon.colcon_core.event_handler.log_command:Invoked command in '/home/airlab/seed25/ros_packages/mocap4r2_ws/build/mocap4r2_marker_viz' returned '0': CMAKE_PREFIX_PATH=/home/airlab/seed25/ros_packages/mocap4r2_ws/install/mocap4r2_msgs:/home/airlab/seed25/ros_packages/mocap4r2_ws/install/mocap4r2_marker_viz_srvs:/home/airlab/seed25/ros_packages/mocap4r2_ws/install/mocap4r2_control:/home/airlab/seed25/ros_packages/mocap4r2_ws/install/mocap4r2_robot_gt_msgs:/home/airlab/seed25/ros_packages/mocap4r2_ws/install/mocap4r2_marker_viz:/home/airlab/seed25/ros_packages/mocap4r2_ws/install/mocap4r2_marker_publisher:/home/airlab/seed25/ros_packages/mocap4r2_ws/install/mocap4r2_control_msgs:/home/airlab/seed25/ros_packages/mocap4r2_ws/install/mocap4r2cli:/opt/ros/foxy LD_LIBRARY_PATH=/home/airlab/seed25/ros_packages/mocap4r2_ws/install/mocap4r2_msgs/lib:/home/airlab/seed25/ros_packages/mocap4r2_ws/install/mocap4r2_marker_viz_srvs/lib:/home/airlab/seed25/ros_packages/mocap4r2_ws/install/mocap4r2_control/lib:/usr/local/cuda-11.4/lib64:/home/airlab/seed25/ros_packages/mocap4r2_ws/install/mocap4r2_robot_gt_msgs/lib:/home/airlab/seed25/ros_packages/mocap4r2_ws/install/mocap4r2_control_msgs/lib:/usr/local/cuda-11.4/lib64:/usr/local/cuda-11.4/lib64:/opt/ros/foxy/opt/yaml_cpp_vendor/lib:/opt/ros/foxy/opt/rviz_ogre_vendor/lib:/opt/ros/foxy/lib/aarch64-linux-gnu:/opt/ros/foxy/lib:/usr/local/cuda-11.4/lib64 PYTHONPATH=/home/airlab/seed25/ros_packages/mocap4r2_ws/install/mocap4r2_msgs/lib/python3.8/site-packages:/home/airlab/seed25/ros_packages/mocap4r2_ws/install/mocap4r2_marker_viz_srvs/lib/python3.8/site-packages:/home/airlab/seed25/ros_packages/mocap4r2_ws/install/mocap4r2cli/lib/python3.8/site-packages:/home/airlab/seed25/ros_packages/mocap4r2_ws/install/mocap4r2_robot_gt_msgs/lib/python3.8/site-packages:/home/airlab/seed25/ros_packages/mocap4r2_ws/install/mocap4r2_control_msgs/lib/python3.8/site-packages:/opt/ros/foxy/lib/python3.8/site-packages /usr/bin/cmake --build /home/airlab/seed25/ros_packages/mocap4r2_ws/build/mocap4r2_marker_viz -- -j4 -l4
[2.867s] DEBUG:colcon.colcon_core.event_handler.log_command:Invoking command in '/home/airlab/seed25/ros_packages/mocap4r2_ws/build/mocap4r2_marker_viz': CMAKE_PREFIX_PATH=/home/airlab/seed25/ros_packages/mocap4r2_ws/install/mocap4r2_msgs:/home/airlab/seed25/ros_packages/mocap4r2_ws/install/mocap4r2_marker_viz_srvs:/home/airlab/seed25/ros_packages/mocap4r2_ws/install/mocap4r2_control:/home/airlab/seed25/ros_packages/mocap4r2_ws/install/mocap4r2_robot_gt_msgs:/home/airlab/seed25/ros_packages/mocap4r2_ws/install/mocap4r2_marker_viz:/home/airlab/seed25/ros_packages/mocap4r2_ws/install/mocap4r2_marker_publisher:/home/airlab/seed25/ros_packages/mocap4r2_ws/install/mocap4r2_control_msgs:/home/airlab/seed25/ros_packages/mocap4r2_ws/install/mocap4r2cli:/opt/ros/foxy LD_LIBRARY_PATH=/home/airlab/seed25/ros_packages/mocap4r2_ws/install/mocap4r2_msgs/lib:/home/airlab/seed25/ros_packages/mocap4r2_ws/install/mocap4r2_marker_viz_srvs/lib:/home/airlab/seed25/ros_packages/mocap4r2_ws/install/mocap4r2_control/lib:/usr/local/cuda-11.4/lib64:/home/airlab/seed25/ros_packages/mocap4r2_ws/install/mocap4r2_robot_gt_msgs/lib:/home/airlab/seed25/ros_packages/mocap4r2_ws/install/mocap4r2_control_msgs/lib:/usr/local/cuda-11.4/lib64:/usr/local/cuda-11.4/lib64:/opt/ros/foxy/opt/yaml_cpp_vendor/lib:/opt/ros/foxy/opt/rviz_ogre_vendor/lib:/opt/ros/foxy/lib/aarch64-linux-gnu:/opt/ros/foxy/lib:/usr/local/cuda-11.4/lib64 PYTHONPATH=/home/airlab/seed25/ros_packages/mocap4r2_ws/install/mocap4r2_msgs/lib/python3.8/site-packages:/home/airlab/seed25/ros_packages/mocap4r2_ws/install/mocap4r2_marker_viz_srvs/lib/python3.8/site-packages:/home/airlab/seed25/ros_packages/mocap4r2_ws/install/mocap4r2cli/lib/python3.8/site-packages:/home/airlab/seed25/ros_packages/mocap4r2_ws/install/mocap4r2_robot_gt_msgs/lib/python3.8/site-packages:/home/airlab/seed25/ros_packages/mocap4r2_ws/install/mocap4r2_control_msgs/lib/python3.8/site-packages:/opt/ros/foxy/lib/python3.8/site-packages /usr/bin/cmake --install /home/airlab/seed25/ros_packages/mocap4r2_ws/build/mocap4r2_marker_viz
[3.403s] INFO:colcon.colcon_core.task.python.build:Building Python package in '/home/airlab/seed25/ros_packages/mocap4r2_ws/src/mocap4r2/mocap4r2cli'
[3.404s] INFO:colcon.colcon_core.shell:Skip shell extension 'powershell' for command environment: Not usable outside of PowerShell
[3.404s] DEBUG:colcon.colcon_core.shell:Skip shell extension 'dsv' for command environment
[3.419s] Level 1:colcon.colcon_core.environment:create_environment_scripts_only(mocap4r2_marker_viz)
[3.421s] Level 1:colcon.colcon_core.environment:checking '/home/airlab/seed25/ros_packages/mocap4r2_ws/install/mocap4r2_marker_viz' for CMake module files
[3.422s] DEBUG:colcon.colcon_core.event_handler.log_command:Invoked command in '/home/airlab/seed25/ros_packages/mocap4r2_ws/build/mocap4r2_marker_viz' returned '0': CMAKE_PREFIX_PATH=/home/airlab/seed25/ros_packages/mocap4r2_ws/install/mocap4r2_msgs:/home/airlab/seed25/ros_packages/mocap4r2_ws/install/mocap4r2_marker_viz_srvs:/home/airlab/seed25/ros_packages/mocap4r2_ws/install/mocap4r2_control:/home/airlab/seed25/ros_packages/mocap4r2_ws/install/mocap4r2_robot_gt_msgs:/home/airlab/seed25/ros_packages/mocap4r2_ws/install/mocap4r2_marker_viz:/home/airlab/seed25/ros_packages/mocap4r2_ws/install/mocap4r2_marker_publisher:/home/airlab/seed25/ros_packages/mocap4r2_ws/install/mocap4r2_control_msgs:/home/airlab/seed25/ros_packages/mocap4r2_ws/install/mocap4r2cli:/opt/ros/foxy LD_LIBRARY_PATH=/home/airlab/seed25/ros_packages/mocap4r2_ws/install/mocap4r2_msgs/lib:/home/airlab/seed25/ros_packages/mocap4r2_ws/install/mocap4r2_marker_viz_srvs/lib:/home/airlab/seed25/ros_packages/mocap4r2_ws/install/mocap4r2_control/lib:/usr/local/cuda-11.4/lib64:/home/airlab/seed25/ros_packages/mocap4r2_ws/install/mocap4r2_robot_gt_msgs/lib:/home/airlab/seed25/ros_packages/mocap4r2_ws/install/mocap4r2_control_msgs/lib:/usr/local/cuda-11.4/lib64:/usr/local/cuda-11.4/lib64:/opt/ros/foxy/opt/yaml_cpp_vendor/lib:/opt/ros/foxy/opt/rviz_ogre_vendor/lib:/opt/ros/foxy/lib/aarch64-linux-gnu:/opt/ros/foxy/lib:/usr/local/cuda-11.4/lib64 PYTHONPATH=/home/airlab/seed25/ros_packages/mocap4r2_ws/install/mocap4r2_msgs/lib/python3.8/site-packages:/home/airlab/seed25/ros_packages/mocap4r2_ws/install/mocap4r2_marker_viz_srvs/lib/python3.8/site-packages:/home/airlab/seed25/ros_packages/mocap4r2_ws/install/mocap4r2cli/lib/python3.8/site-packages:/home/airlab/seed25/ros_packages/mocap4r2_ws/install/mocap4r2_robot_gt_msgs/lib/python3.8/site-packages:/home/airlab/seed25/ros_packages/mocap4r2_ws/install/mocap4r2_control_msgs/lib/python3.8/site-packages:/opt/ros/foxy/lib/python3.8/site-packages /usr/bin/cmake --install /home/airlab/seed25/ros_packages/mocap4r2_ws/build/mocap4r2_marker_viz
[3.423s] Level 1:colcon.colcon_core.environment:checking '/home/airlab/seed25/ros_packages/mocap4r2_ws/install/mocap4r2_marker_viz' for CMake config files
[3.423s] Level 1:colcon.colcon_core.shell:create_environment_hook('mocap4r2_marker_viz', 'cmake_prefix_path')
[3.424s] INFO:colcon.colcon_core.shell:Creating environment hook '/home/airlab/seed25/ros_packages/mocap4r2_ws/install/mocap4r2_marker_viz/share/mocap4r2_marker_viz/hook/cmake_prefix_path.ps1'
[3.425s] INFO:colcon.colcon_core.shell:Creating environment descriptor '/home/airlab/seed25/ros_packages/mocap4r2_ws/install/mocap4r2_marker_viz/share/mocap4r2_marker_viz/hook/cmake_prefix_path.dsv'
[3.426s] INFO:colcon.colcon_core.shell:Creating environment hook '/home/airlab/seed25/ros_packages/mocap4r2_ws/install/mocap4r2_marker_viz/share/mocap4r2_marker_viz/hook/cmake_prefix_path.sh'
[3.427s] Level 1:colcon.colcon_core.environment:checking '/home/airlab/seed25/ros_packages/mocap4r2_ws/install/mocap4r2_marker_viz/lib'
[3.428s] Level 1:colcon.colcon_core.environment:checking '/home/airlab/seed25/ros_packages/mocap4r2_ws/install/mocap4r2_marker_viz/bin'
[3.428s] Level 1:colcon.colcon_core.environment:checking '/home/airlab/seed25/ros_packages/mocap4r2_ws/install/mocap4r2_marker_viz/lib/pkgconfig/mocap4r2_marker_viz.pc'
[3.428s] Level 1:colcon.colcon_core.environment:checking '/home/airlab/seed25/ros_packages/mocap4r2_ws/install/mocap4r2_marker_viz/lib/python3.8/site-packages'
[3.428s] Level 1:colcon.colcon_core.environment:checking '/home/airlab/seed25/ros_packages/mocap4r2_ws/install/mocap4r2_marker_viz/bin'
[3.429s] INFO:colcon.colcon_core.shell:Creating package script '/home/airlab/seed25/ros_packages/mocap4r2_ws/install/mocap4r2_marker_viz/share/mocap4r2_marker_viz/package.ps1'
[3.430s] INFO:colcon.colcon_core.shell:Creating package descriptor '/home/airlab/seed25/ros_packages/mocap4r2_ws/install/mocap4r2_marker_viz/share/mocap4r2_marker_viz/package.dsv'
[3.431s] INFO:colcon.colcon_core.shell:Creating package script '/home/airlab/seed25/ros_packages/mocap4r2_ws/install/mocap4r2_marker_viz/share/mocap4r2_marker_viz/package.sh'
[3.432s] INFO:colcon.colcon_core.shell:Creating package script '/home/airlab/seed25/ros_packages/mocap4r2_ws/install/mocap4r2_marker_viz/share/mocap4r2_marker_viz/package.bash'
[3.433s] INFO:colcon.colcon_core.shell:Creating package script '/home/airlab/seed25/ros_packages/mocap4r2_ws/install/mocap4r2_marker_viz/share/mocap4r2_marker_viz/package.zsh'
[3.433s] Level 1:colcon.colcon_core.environment:create_file_with_runtime_dependencies(/home/airlab/seed25/ros_packages/mocap4r2_ws/install/mocap4r2_marker_viz/share/colcon-core/packages/mocap4r2_marker_viz)
[3.435s] Level 1:colcon.colcon_core.environment:create_environment_scripts_only(mocap4r2_marker_viz)
[3.435s] Level 1:colcon.colcon_core.environment:checking '/home/airlab/seed25/ros_packages/mocap4r2_ws/install/mocap4r2_marker_viz' for CMake module files
[3.437s] Level 1:colcon.colcon_core.environment:checking '/home/airlab/seed25/ros_packages/mocap4r2_ws/install/mocap4r2_marker_viz' for CMake config files
[3.437s] Level 1:colcon.colcon_core.shell:create_environment_hook('mocap4r2_marker_viz', 'cmake_prefix_path')
[3.438s] INFO:colcon.colcon_core.shell:Creating environment hook '/home/airlab/seed25/ros_packages/mocap4r2_ws/install/mocap4r2_marker_viz/share/mocap4r2_marker_viz/hook/cmake_prefix_path.ps1'
[3.439s] INFO:colcon.colcon_core.shell:Creating environment descriptor '/home/airlab/seed25/ros_packages/mocap4r2_ws/install/mocap4r2_marker_viz/share/mocap4r2_marker_viz/hook/cmake_prefix_path.dsv'
[3.440s] INFO:colcon.colcon_core.shell:Creating environment hook '/home/airlab/seed25/ros_packages/mocap4r2_ws/install/mocap4r2_marker_viz/share/mocap4r2_marker_viz/hook/cmake_prefix_path.sh'
[3.441s] Level 1:colcon.colcon_core.environment:checking '/home/airlab/seed25/ros_packages/mocap4r2_ws/install/mocap4r2_marker_viz/lib'
[3.441s] Level 1:colcon.colcon_core.environment:checking '/home/airlab/seed25/ros_packages/mocap4r2_ws/install/mocap4r2_marker_viz/bin'
[3.441s] Level 1:colcon.colcon_core.environment:checking '/home/airlab/seed25/ros_packages/mocap4r2_ws/install/mocap4r2_marker_viz/lib/pkgconfig/mocap4r2_marker_viz.pc'
[3.442s] Level 1:colcon.colcon_core.environment:checking '/home/airlab/seed25/ros_packages/mocap4r2_ws/install/mocap4r2_marker_viz/lib/python3.8/site-packages'
[3.442s] Level 1:colcon.colcon_core.environment:checking '/home/airlab/seed25/ros_packages/mocap4r2_ws/install/mocap4r2_marker_viz/bin'
[3.443s] INFO:colcon.colcon_core.shell:Creating package script '/home/airlab/seed25/ros_packages/mocap4r2_ws/install/mocap4r2_marker_viz/share/mocap4r2_marker_viz/package.ps1'
[3.444s] INFO:colcon.colcon_core.shell:Creating package descriptor '/home/airlab/seed25/ros_packages/mocap4r2_ws/install/mocap4r2_marker_viz/share/mocap4r2_marker_viz/package.dsv'
[3.445s] INFO:colcon.colcon_core.shell:Creating package script '/home/airlab/seed25/ros_packages/mocap4r2_ws/install/mocap4r2_marker_viz/share/mocap4r2_marker_viz/package.sh'
[3.446s] INFO:colcon.colcon_core.shell:Creating package script '/home/airlab/seed25/ros_packages/mocap4r2_ws/install/mocap4r2_marker_viz/share/mocap4r2_marker_viz/package.bash'
[3.447s] INFO:colcon.colcon_core.shell:Creating package script '/home/airlab/seed25/ros_packages/mocap4r2_ws/install/mocap4r2_marker_viz/share/mocap4r2_marker_viz/package.zsh'
[3.447s] Level 1:colcon.colcon_core.environment:create_file_with_runtime_dependencies(/home/airlab/seed25/ros_packages/mocap4r2_ws/install/mocap4r2_marker_viz/share/colcon-core/packages/mocap4r2_marker_viz)
[3.453s] DEBUG:colcon.colcon_core.event_handler.log_command:Invoked command in '/home/airlab/seed25/ros_packages/mocap4r2_ws/build/mocap4r2_control' returned '0': CMAKE_PREFIX_PATH=/home/airlab/seed25/ros_packages/mocap4r2_ws/install/mocap4r2_control_msgs:/home/airlab/seed25/ros_packages/mocap4r2_ws/install/mocap4r2_control:/home/airlab/seed25/ros_packages/mocap4r2_ws/install/mocap4r2_robot_gt_msgs:/home/airlab/seed25/ros_packages/mocap4r2_ws/install/mocap4r2_marker_viz:/home/airlab/seed25/ros_packages/mocap4r2_ws/install/mocap4r2_marker_publisher:/home/airlab/seed25/ros_packages/mocap4r2_ws/install/mocap4r2_msgs:/home/airlab/seed25/ros_packages/mocap4r2_ws/install/mocap4r2_marker_viz_srvs:/home/airlab/seed25/ros_packages/mocap4r2_ws/install/mocap4r2cli:/opt/ros/foxy LD_LIBRARY_PATH=/home/airlab/seed25/ros_packages/mocap4r2_ws/install/mocap4r2_control_msgs/lib:/home/airlab/seed25/ros_packages/mocap4r2_ws/install/mocap4r2_control/lib:/usr/local/cuda-11.4/lib64:/home/airlab/seed25/ros_packages/mocap4r2_ws/install/mocap4r2_robot_gt_msgs/lib:/home/airlab/seed25/ros_packages/mocap4r2_ws/install/mocap4r2_msgs/lib:/home/airlab/seed25/ros_packages/mocap4r2_ws/install/mocap4r2_marker_viz_srvs/lib:/usr/local/cuda-11.4/lib64:/usr/local/cuda-11.4/lib64:/opt/ros/foxy/opt/yaml_cpp_vendor/lib:/opt/ros/foxy/opt/rviz_ogre_vendor/lib:/opt/ros/foxy/lib/aarch64-linux-gnu:/opt/ros/foxy/lib:/usr/local/cuda-11.4/lib64 PYTHONPATH=/home/airlab/seed25/ros_packages/mocap4r2_ws/install/mocap4r2_control_msgs/lib/python3.8/site-packages:/home/airlab/seed25/ros_packages/mocap4r2_ws/install/mocap4r2cli/lib/python3.8/site-packages:/home/airlab/seed25/ros_packages/mocap4r2_ws/install/mocap4r2_robot_gt_msgs/lib/python3.8/site-packages:/home/airlab/seed25/ros_packages/mocap4r2_ws/install/mocap4r2_msgs/lib/python3.8/site-packages:/home/airlab/seed25/ros_packages/mocap4r2_ws/install/mocap4r2_marker_viz_srvs/lib/python3.8/site-packages:/opt/ros/foxy/lib/python3.8/site-packages /usr/bin/cmake --build /home/airlab/seed25/ros_packages/mocap4r2_ws/build/mocap4r2_control -- -j4 -l4
[3.455s] DEBUG:colcon.colcon_core.event_handler.log_command:Invoking command in '/home/airlab/seed25/ros_packages/mocap4r2_ws/build/mocap4r2_control': CMAKE_PREFIX_PATH=/home/airlab/seed25/ros_packages/mocap4r2_ws/install/mocap4r2_control_msgs:/home/airlab/seed25/ros_packages/mocap4r2_ws/install/mocap4r2_control:/home/airlab/seed25/ros_packages/mocap4r2_ws/install/mocap4r2_robot_gt_msgs:/home/airlab/seed25/ros_packages/mocap4r2_ws/install/mocap4r2_marker_viz:/home/airlab/seed25/ros_packages/mocap4r2_ws/install/mocap4r2_marker_publisher:/home/airlab/seed25/ros_packages/mocap4r2_ws/install/mocap4r2_msgs:/home/airlab/seed25/ros_packages/mocap4r2_ws/install/mocap4r2_marker_viz_srvs:/home/airlab/seed25/ros_packages/mocap4r2_ws/install/mocap4r2cli:/opt/ros/foxy LD_LIBRARY_PATH=/home/airlab/seed25/ros_packages/mocap4r2_ws/install/mocap4r2_control_msgs/lib:/home/airlab/seed25/ros_packages/mocap4r2_ws/install/mocap4r2_control/lib:/usr/local/cuda-11.4/lib64:/home/airlab/seed25/ros_packages/mocap4r2_ws/install/mocap4r2_robot_gt_msgs/lib:/home/airlab/seed25/ros_packages/mocap4r2_ws/install/mocap4r2_msgs/lib:/home/airlab/seed25/ros_packages/mocap4r2_ws/install/mocap4r2_marker_viz_srvs/lib:/usr/local/cuda-11.4/lib64:/usr/local/cuda-11.4/lib64:/opt/ros/foxy/opt/yaml_cpp_vendor/lib:/opt/ros/foxy/opt/rviz_ogre_vendor/lib:/opt/ros/foxy/lib/aarch64-linux-gnu:/opt/ros/foxy/lib:/usr/local/cuda-11.4/lib64 PYTHONPATH=/home/airlab/seed25/ros_packages/mocap4r2_ws/install/mocap4r2_control_msgs/lib/python3.8/site-packages:/home/airlab/seed25/ros_packages/mocap4r2_ws/install/mocap4r2cli/lib/python3.8/site-packages:/home/airlab/seed25/ros_packages/mocap4r2_ws/install/mocap4r2_robot_gt_msgs/lib/python3.8/site-packages:/home/airlab/seed25/ros_packages/mocap4r2_ws/install/mocap4r2_msgs/lib/python3.8/site-packages:/home/airlab/seed25/ros_packages/mocap4r2_ws/install/mocap4r2_marker_viz_srvs/lib/python3.8/site-packages:/opt/ros/foxy/lib/python3.8/site-packages /usr/bin/cmake --install /home/airlab/seed25/ros_packages/mocap4r2_ws/build/mocap4r2_control
[3.457s] DEBUG:colcon.colcon_core.event_handler.log_command:Invoked command in '/home/airlab/seed25/ros_packages/mocap4r2_ws/build/mocap4r2_robot_gt' returned '2': CMAKE_PREFIX_PATH=/home/airlab/seed25/ros_packages/mocap4r2_ws/install/mocap4r2_robot_gt_msgs:/home/airlab/seed25/ros_packages/mocap4r2_ws/install/mocap4r2_msgs:/home/airlab/seed25/ros_packages/mocap4r2_ws/install/mocap4r2_control:/home/airlab/seed25/ros_packages/mocap4r2_ws/install/mocap4r2_marker_viz:/home/airlab/seed25/ros_packages/mocap4r2_ws/install/mocap4r2_marker_publisher:/home/airlab/seed25/ros_packages/mocap4r2_ws/install/mocap4r2_marker_viz_srvs:/home/airlab/seed25/ros_packages/mocap4r2_ws/install/mocap4r2_control_msgs:/home/airlab/seed25/ros_packages/mocap4r2_ws/install/mocap4r2cli:/opt/ros/foxy LD_LIBRARY_PATH=/home/airlab/seed25/ros_packages/mocap4r2_ws/install/mocap4r2_robot_gt_msgs/lib:/home/airlab/seed25/ros_packages/mocap4r2_ws/install/mocap4r2_msgs/lib:/home/airlab/seed25/ros_packages/mocap4r2_ws/install/mocap4r2_control/lib:/usr/local/cuda-11.4/lib64:/home/airlab/seed25/ros_packages/mocap4r2_ws/install/mocap4r2_marker_viz_srvs/lib:/home/airlab/seed25/ros_packages/mocap4r2_ws/install/mocap4r2_control_msgs/lib:/usr/local/cuda-11.4/lib64:/usr/local/cuda-11.4/lib64:/opt/ros/foxy/opt/yaml_cpp_vendor/lib:/opt/ros/foxy/opt/rviz_ogre_vendor/lib:/opt/ros/foxy/lib/aarch64-linux-gnu:/opt/ros/foxy/lib:/usr/local/cuda-11.4/lib64 PYTHONPATH=/home/airlab/seed25/ros_packages/mocap4r2_ws/install/mocap4r2_robot_gt_msgs/lib/python3.8/site-packages:/home/airlab/seed25/ros_packages/mocap4r2_ws/install/mocap4r2_msgs/lib/python3.8/site-packages:/home/airlab/seed25/ros_packages/mocap4r2_ws/install/mocap4r2cli/lib/python3.8/site-packages:/home/airlab/seed25/ros_packages/mocap4r2_ws/install/mocap4r2_marker_viz_srvs/lib/python3.8/site-packages:/home/airlab/seed25/ros_packages/mocap4r2_ws/install/mocap4r2_control_msgs/lib/python3.8/site-packages:/opt/ros/foxy/lib/python3.8/site-packages /usr/bin/cmake --build /home/airlab/seed25/ros_packages/mocap4r2_ws/build/mocap4r2_robot_gt -- -j4 -l4
[3.458s] Level 1:colcon.colcon_core.environment:create_environment_scripts_only(mocap4r2_robot_gt)
[3.459s] Level 1:colcon.colcon_core.environment:checking '/home/airlab/seed25/ros_packages/mocap4r2_ws/install/mocap4r2_robot_gt' for CMake module files
[3.460s] Level 1:colcon.colcon_core.environment:checking '/home/airlab/seed25/ros_packages/mocap4r2_ws/install/mocap4r2_robot_gt' for CMake config files
[3.461s] Level 1:colcon.colcon_core.environment:checking '/home/airlab/seed25/ros_packages/mocap4r2_ws/install/mocap4r2_robot_gt/bin'
[3.461s] Level 1:colcon.colcon_core.environment:checking '/home/airlab/seed25/ros_packages/mocap4r2_ws/install/mocap4r2_robot_gt/lib/pkgconfig/mocap4r2_robot_gt.pc'
[3.461s] Level 1:colcon.colcon_core.environment:checking '/home/airlab/seed25/ros_packages/mocap4r2_ws/install/mocap4r2_robot_gt/lib/python3.8/site-packages'
[3.462s] Level 1:colcon.colcon_core.environment:checking '/home/airlab/seed25/ros_packages/mocap4r2_ws/install/mocap4r2_robot_gt/bin'
[3.462s] INFO:colcon.colcon_core.shell:Creating package script '/home/airlab/seed25/ros_packages/mocap4r2_ws/install/mocap4r2_robot_gt/share/mocap4r2_robot_gt/package.ps1'
[3.464s] INFO:colcon.colcon_core.shell:Creating package descriptor '/home/airlab/seed25/ros_packages/mocap4r2_ws/install/mocap4r2_robot_gt/share/mocap4r2_robot_gt/package.dsv'
[3.465s] INFO:colcon.colcon_core.shell:Creating package script '/home/airlab/seed25/ros_packages/mocap4r2_ws/install/mocap4r2_robot_gt/share/mocap4r2_robot_gt/package.sh'
[3.466s] INFO:colcon.colcon_core.shell:Creating package script '/home/airlab/seed25/ros_packages/mocap4r2_ws/install/mocap4r2_robot_gt/share/mocap4r2_robot_gt/package.bash'
[3.467s] INFO:colcon.colcon_core.shell:Creating package script '/home/airlab/seed25/ros_packages/mocap4r2_ws/install/mocap4r2_robot_gt/share/mocap4r2_robot_gt/package.zsh'
[3.468s] Level 1:colcon.colcon_core.environment:create_file_with_runtime_dependencies(/home/airlab/seed25/ros_packages/mocap4r2_ws/install/mocap4r2_robot_gt/share/colcon-core/packages/mocap4r2_robot_gt)
[3.481s] DEBUG:colcon.colcon_parallel_executor.executor.parallel:closing loop
[3.482s] DEBUG:colcon.colcon_parallel_executor.executor.parallel:loop closed
[3.482s] DEBUG:colcon.colcon_parallel_executor.executor.parallel:run_until_complete finished with '2'
[3.482s] DEBUG:colcon.colcon_core.event_reactor:joining thread
[3.494s] INFO:colcon.colcon_core.plugin_system:Skipping extension 'colcon_notification.desktop_notification.terminal_notifier': Not used on non-Darwin systems
[3.494s] INFO:colcon.colcon_core.plugin_system:Skipping extension 'colcon_notification.desktop_notification.win32': Not used on non-Windows systems
[3.494s] INFO:colcon.colcon_notification.desktop_notification:Sending desktop notification using 'notify2'
[3.518s] DEBUG:colcon.colcon_notification.desktop_notification.notify2:Failed to initialize notify2: org.freedesktop.DBus.Error.Spawn.ChildExited: Process org.freedesktop.Notifications exited with status 1
[3.518s] DEBUG:colcon.colcon_core.event_reactor:joined thread
[3.519s] INFO:colcon.colcon_core.shell:Creating prefix script '/home/airlab/seed25/ros_packages/mocap4r2_ws/install/local_setup.ps1'
[3.522s] INFO:colcon.colcon_core.shell:Creating prefix util module '/home/airlab/seed25/ros_packages/mocap4r2_ws/install/_local_setup_util_ps1.py'
[3.525s] INFO:colcon.colcon_core.shell:Creating prefix chain script '/home/airlab/seed25/ros_packages/mocap4r2_ws/install/setup.ps1'
[3.528s] INFO:colcon.colcon_core.shell:Creating prefix script '/home/airlab/seed25/ros_packages/mocap4r2_ws/install/local_setup.sh'
[3.529s] INFO:colcon.colcon_core.shell:Creating prefix util module '/home/airlab/seed25/ros_packages/mocap4r2_ws/install/_local_setup_util_sh.py'
[3.530s] INFO:colcon.colcon_core.shell:Creating prefix chain script '/home/airlab/seed25/ros_packages/mocap4r2_ws/install/setup.sh'
[3.533s] INFO:colcon.colcon_core.shell:Creating prefix script '/home/airlab/seed25/ros_packages/mocap4r2_ws/install/local_setup.bash'
[3.534s] INFO:colcon.colcon_core.shell:Creating prefix chain script '/home/airlab/seed25/ros_packages/mocap4r2_ws/install/setup.bash'
[3.536s] INFO:colcon.colcon_core.shell:Creating prefix script '/home/airlab/seed25/ros_packages/mocap4r2_ws/install/local_setup.zsh'
[3.537s] INFO:colcon.colcon_core.shell:Creating prefix chain script '/home/airlab/seed25/ros_packages/mocap4r2_ws/install/setup.zsh'
