[0.000000] (-) TimerEvent: {}
[0.000620] (mocap4r2_control_msgs) JobQueued: {'identifier': 'mocap4r2_control_msgs', 'dependencies': OrderedDict()}
[0.000830] (mocap4r2_marker_viz_srvs) JobQueued: {'identifier': 'mocap4r2_marker_viz_srvs', 'dependencies': OrderedDict()}
[0.001383] (mocap4r2_msgs) JobQueued: {'identifier': 'mocap4r2_msgs', 'dependencies': OrderedDict()}
[0.001655] (mocap4r2_robot_gt_msgs) JobQueued: {'identifier': 'mocap4r2_robot_gt_msgs', 'dependencies': OrderedDict()}
[0.001955] (ros_tutorial_NK) JobQueued: {'identifier': 'ros_tutorial_NK', 'dependencies': OrderedDict()}
[0.002081] (mocap4r2_control) JobQueued: {'identifier': 'mocap4r2_control', 'dependencies': OrderedDict([('mocap4r2_control_msgs', '/home/airlab/seed25/install/mocap4r2_control_msgs')])}
[0.002181] (mocap4r2_marker_publisher) JobQueued: {'identifier': 'mocap4r2_marker_publisher', 'dependencies': OrderedDict([('mocap4r2_msgs', '/home/airlab/seed25/install/mocap4r2_msgs')])}
[0.002268] (mocap4r2_marker_viz) JobQueued: {'identifier': 'mocap4r2_marker_viz', 'dependencies': OrderedDict([('mocap4r2_marker_viz_srvs', '/home/airlab/seed25/install/mocap4r2_marker_viz_srvs'), ('mocap4r2_msgs', '/home/airlab/seed25/install/mocap4r2_msgs')])}
[0.002353] (mocap4r2_robot_gt) JobQueued: {'identifier': 'mocap4r2_robot_gt', 'dependencies': OrderedDict([('mocap4r2_msgs', '/home/airlab/seed25/install/mocap4r2_msgs'), ('mocap4r2_robot_gt_msgs', '/home/airlab/seed25/install/mocap4r2_robot_gt_msgs')])}
[0.002434] (mocap4r2cli) JobQueued: {'identifier': 'mocap4r2cli', 'dependencies': OrderedDict([('mocap4r2_control_msgs', '/home/airlab/seed25/install/mocap4r2_control_msgs')])}
[0.002510] (mocap_listener) JobQueued: {'identifier': 'mocap_listener', 'dependencies': OrderedDict([('mocap4r2_msgs', '/home/airlab/seed25/install/mocap4r2_msgs')])}
[0.002586] (mocap4r2_dummy_driver) JobQueued: {'identifier': 'mocap4r2_dummy_driver', 'dependencies': OrderedDict([('mocap4r2_control_msgs', '/home/airlab/seed25/install/mocap4r2_control_msgs'), ('mocap4r2_msgs', '/home/airlab/seed25/install/mocap4r2_msgs'), ('mocap4r2_control', '/home/airlab/seed25/install/mocap4r2_control')])}
[0.002667] (mocap4r2_optitrack_driver) JobQueued: {'identifier': 'mocap4r2_optitrack_driver', 'dependencies': OrderedDict([('mocap4r2_control_msgs', '/home/airlab/seed25/install/mocap4r2_control_msgs'), ('mocap4r2_msgs', '/home/airlab/seed25/install/mocap4r2_msgs'), ('mocap4r2_control', '/home/airlab/seed25/install/mocap4r2_control')])}
[0.002745] (rqt_mocap4r2_control) JobQueued: {'identifier': 'rqt_mocap4r2_control', 'dependencies': OrderedDict([('mocap4r2_control_msgs', '/home/airlab/seed25/install/mocap4r2_control_msgs'), ('mocap4r2_control', '/home/airlab/seed25/install/mocap4r2_control')])}
[0.002825] (mocap4r2_msgs) JobStarted: {'identifier': 'mocap4r2_msgs'}
[0.019887] (mocap4r2_control_msgs) JobStarted: {'identifier': 'mocap4r2_control_msgs'}
[0.032699] (mocap4r2_marker_viz_srvs) JobStarted: {'identifier': 'mocap4r2_marker_viz_srvs'}
[0.044952] (mocap4r2_robot_gt_msgs) JobStarted: {'identifier': 'mocap4r2_robot_gt_msgs'}
[0.061097] (mocap4r2_msgs) JobProgress: {'identifier': 'mocap4r2_msgs', 'progress': 'cmake'}
[0.062161] (mocap4r2_msgs) Command: {'cmd': ['/usr/bin/cmake', '/home/airlab/seed25/ros_packages/mocap4r2_ws/src/mocap_msgs', '-DCMAKE_INSTALL_PREFIX=/home/airlab/seed25/install/mocap4r2_msgs'], 'cwd': '/home/airlab/seed25/build/mocap4r2_msgs', 'env': OrderedDict([('LESSOPEN', '| /usr/bin/lesspipe %s'), ('USER', 'airlab'), ('SSH_CLIENT', '192.168.0.60 49912 22'), ('XDG_SESSION_TYPE', 'tty'), ('SHLVL', '1'), ('LD_LIBRARY_PATH', '/usr/local/cuda-11.4/lib64:/usr/local/cuda-11.4/lib64:/usr/local/cuda-11.4/lib64:/home/airlab/seed25/ros_packages/mocap4r2_ws/install/mocap4r2_robot_gt_msgs/lib:/home/airlab/seed25/ros_packages/mocap4r2_ws/install/mocap4r2_msgs/lib:/home/airlab/seed25/ros_packages/mocap4r2_ws/install/mocap4r2_marker_viz_srvs/lib:/home/airlab/seed25/ros_packages/mocap4r2_ws/install/mocap4r2_control/lib:/home/airlab/seed25/ros_packages/mocap4r2_ws/install/mocap4r2_control_msgs/lib:/opt/ros/foxy/opt/yaml_cpp_vendor/lib:/opt/ros/foxy/opt/rviz_ogre_vendor/lib:/opt/ros/foxy/lib/aarch64-linux-gnu:/opt/ros/foxy/lib:/usr/local/cuda-11.4/lib64:'), ('MOTD_SHOWN', 'pam'), ('HOME', '/home/airlab'), ('OLDPWD', '/home/airlab/seed25/ros_packages'), ('SSH_TTY', '/dev/pts/0'), ('JETSON_L4T', '35.6.1'), ('ROS_PYTHON_VERSION', '3'), ('JETSON_MODEL', 'NVIDIA Orin NX Developer Kit'), ('DBUS_SESSION_BUS_ADDRESS', 'unix:path=/run/user/1000/bus'), ('COLCON_PREFIX_PATH', '/home/airlab/seed25/ros_packages/mocap4r2_ws/install:/home/airlab/seed25/ros_packages/seed_controller_ws/install'), ('ROS_DISTRO', 'foxy'), ('LOGNAME', 'airlab'), ('JETSON_MODULE', 'NVIDIA Jetson Orin NX (16GB ram)'), ('JETSON_SERIAL_NUMBER', '1425023203559'), ('_', '/usr/bin/colcon'), ('ROS_VERSION', '2'), ('JETSON_CODENAME', 'P3768'), ('XDG_SESSION_CLASS', 'user'), ('TERM', 'xterm'), ('XDG_SESSION_ID', '3'), ('ROS_LOCALHOST_ONLY', '0'), ('PATH', '/usr/local/cuda-11.4/bin:/usr/local/cuda-11.4/bin:/usr/local/cuda-11.4/bin:/home/airlab/.local/bin:/opt/ros/foxy/bin:/usr/local/cuda-11.4/bin:/usr/local/sbin:/usr/local/bin:/usr/sbin:/usr/bin:/sbin:/bin:/usr/games:/usr/local/games:/snap/bin'), ('XDG_RUNTIME_DIR', '/run/user/1000'), ('DISPLAY', 'localhost:10.0'), ('LANG', 'en_US.UTF-8'), ('LS_COLORS', 'rs=0:di=01;34:ln=01;36:mh=00:pi=40;33:so=01;35:do=01;35:bd=40;33;01:cd=40;33;01:or=40;31;01:mi=00:su=37;41:sg=30;43:ca=30;41:tw=30;42:ow=34;42:st=37;44:ex=01;32:*.tar=01;31:*.tgz=01;31:*.arc=01;31:*.arj=01;31:*.taz=01;31:*.lha=01;31:*.lz4=01;31:*.lzh=01;31:*.lzma=01;31:*.tlz=01;31:*.txz=01;31:*.tzo=01;31:*.t7z=01;31:*.zip=01;31:*.z=01;31:*.dz=01;31:*.gz=01;31:*.lrz=01;31:*.lz=01;31:*.lzo=01;31:*.xz=01;31:*.zst=01;31:*.tzst=01;31:*.bz2=01;31:*.bz=01;31:*.tbz=01;31:*.tbz2=01;31:*.tz=01;31:*.deb=01;31:*.rpm=01;31:*.jar=01;31:*.war=01;31:*.ear=01;31:*.sar=01;31:*.rar=01;31:*.alz=01;31:*.ace=01;31:*.zoo=01;31:*.cpio=01;31:*.7z=01;31:*.rz=01;31:*.cab=01;31:*.wim=01;31:*.swm=01;31:*.dwm=01;31:*.esd=01;31:*.jpg=01;35:*.jpeg=01;35:*.mjpg=01;35:*.mjpeg=01;35:*.gif=01;35:*.bmp=01;35:*.pbm=01;35:*.pgm=01;35:*.ppm=01;35:*.tga=01;35:*.xbm=01;35:*.xpm=01;35:*.tif=01;35:*.tiff=01;35:*.png=01;35:*.svg=01;35:*.svgz=01;35:*.mng=01;35:*.pcx=01;35:*.mov=01;35:*.mpg=01;35:*.mpeg=01;35:*.m2v=01;35:*.mkv=01;35:*.webm=01;35:*.ogm=01;35:*.mp4=01;35:*.m4v=01;35:*.mp4v=01;35:*.vob=01;35:*.qt=01;35:*.nuv=01;35:*.wmv=01;35:*.asf=01;35:*.rm=01;35:*.rmvb=01;35:*.flc=01;35:*.avi=01;35:*.fli=01;35:*.flv=01;35:*.gl=01;35:*.dl=01;35:*.xcf=01;35:*.xwd=01;35:*.yuv=01;35:*.cgm=01;35:*.emf=01;35:*.ogv=01;35:*.ogx=01;35:*.aac=00;36:*.au=00;36:*.flac=00;36:*.m4a=00;36:*.mid=00;36:*.midi=00;36:*.mka=00;36:*.mp3=00;36:*.mpc=00;36:*.ogg=00;36:*.ra=00;36:*.wav=00;36:*.oga=00;36:*.opus=00;36:*.spx=00;36:*.xspf=00;36:'), ('JETSON_SOC', 'tegra23x'), ('ROS_DOMAIN_ID', '3'), ('AMENT_PREFIX_PATH', '/home/airlab/seed25/ros_packages/seed_controller_ws/install/mocap_listener:/home/airlab/seed25/ros_packages/mocap4r2_ws/install/mocap4r2cli:/home/airlab/seed25/ros_packages/mocap4r2_ws/install/mocap4r2_robot_gt_msgs:/home/airlab/seed25/ros_packages/mocap4r2_ws/install/mocap4r2_marker_viz:/home/airlab/seed25/ros_packages/mocap4r2_ws/install/mocap4r2_marker_publisher:/home/airlab/seed25/ros_packages/mocap4r2_ws/install/mocap4r2_msgs:/home/airlab/seed25/ros_packages/mocap4r2_ws/install/mocap4r2_marker_viz_srvs:/home/airlab/seed25/ros_packages/mocap4r2_ws/install/mocap4r2_control:/home/airlab/seed25/ros_packages/mocap4r2_ws/install/mocap4r2_control_msgs:/opt/ros/foxy'), ('SHELL', '/bin/bash'), ('LESSCLOSE', '/usr/bin/lesspipe %s %s'), ('JETSON_CUDA_ARCH_BIN', '8.7'), ('PWD', '/home/airlab/seed25/build/mocap4r2_msgs'), ('LC_ALL', 'en_US.UTF-8'), ('SSH_CONNECTION', '192.168.0.60 49912 192.168.0.136 22'), ('XDG_DATA_DIRS', '/usr/local/share:/usr/share:/var/lib/snapd/desktop'), ('PYTHONPATH', '/home/airlab/seed25/ros_packages/seed_controller_ws/install/mocap_listener/lib/python3.8/site-packages:/home/airlab/seed25/ros_packages/mocap4r2_ws/install/mocap4r2cli/lib/python3.8/site-packages:/home/airlab/seed25/ros_packages/mocap4r2_ws/install/mocap4r2_robot_gt_msgs/lib/python3.8/site-packages:/home/airlab/seed25/ros_packages/mocap4r2_ws/install/mocap4r2_msgs/lib/python3.8/site-packages:/home/airlab/seed25/ros_packages/mocap4r2_ws/install/mocap4r2_marker_viz_srvs/lib/python3.8/site-packages:/home/airlab/seed25/ros_packages/mocap4r2_ws/install/mocap4r2_control_msgs/lib/python3.8/site-packages:/opt/ros/foxy/lib/python3.8/site-packages'), ('COLCON', '1'), ('JETSON_JETPACK', '5.1.5'), ('CMAKE_PREFIX_PATH', '/home/airlab/seed25/ros_packages/mocap4r2_ws/install/mocap4r2_robot_gt_msgs:/home/airlab/seed25/ros_packages/mocap4r2_ws/install/mocap4r2_marker_viz:/home/airlab/seed25/ros_packages/mocap4r2_ws/install/mocap4r2_marker_publisher:/home/airlab/seed25/ros_packages/mocap4r2_ws/install/mocap4r2_msgs:/home/airlab/seed25/ros_packages/mocap4r2_ws/install/mocap4r2_marker_viz_srvs:/home/airlab/seed25/ros_packages/mocap4r2_ws/install/mocap4r2_control:/home/airlab/seed25/ros_packages/mocap4r2_ws/install/mocap4r2_control_msgs:/home/airlab/seed25/ros_packages/seed_controller_ws/install/mocap_listener:/home/airlab/seed25/ros_packages/mocap4r2_ws/install/mocap4r2cli:/opt/ros/foxy'), ('JETSON_P_NUMBER', 'p3767-0000')]), 'shell': False}
[0.070779] (mocap4r2_control_msgs) JobProgress: {'identifier': 'mocap4r2_control_msgs', 'progress': 'cmake'}
[0.072184] (mocap4r2_control_msgs) Command: {'cmd': ['/usr/bin/cmake', '/home/airlab/seed25/ros_packages/mocap4r2_ws/src/mocap4r2/mocap4r2_control/mocap4r2_control_msgs', '-DCMAKE_INSTALL_PREFIX=/home/airlab/seed25/install/mocap4r2_control_msgs'], 'cwd': '/home/airlab/seed25/build/mocap4r2_control_msgs', 'env': OrderedDict([('LESSOPEN', '| /usr/bin/lesspipe %s'), ('USER', 'airlab'), ('SSH_CLIENT', '192.168.0.60 49912 22'), ('XDG_SESSION_TYPE', 'tty'), ('SHLVL', '1'), ('LD_LIBRARY_PATH', '/usr/local/cuda-11.4/lib64:/usr/local/cuda-11.4/lib64:/usr/local/cuda-11.4/lib64:/home/airlab/seed25/ros_packages/mocap4r2_ws/install/mocap4r2_robot_gt_msgs/lib:/home/airlab/seed25/ros_packages/mocap4r2_ws/install/mocap4r2_msgs/lib:/home/airlab/seed25/ros_packages/mocap4r2_ws/install/mocap4r2_marker_viz_srvs/lib:/home/airlab/seed25/ros_packages/mocap4r2_ws/install/mocap4r2_control/lib:/home/airlab/seed25/ros_packages/mocap4r2_ws/install/mocap4r2_control_msgs/lib:/opt/ros/foxy/opt/yaml_cpp_vendor/lib:/opt/ros/foxy/opt/rviz_ogre_vendor/lib:/opt/ros/foxy/lib/aarch64-linux-gnu:/opt/ros/foxy/lib:/usr/local/cuda-11.4/lib64:'), ('MOTD_SHOWN', 'pam'), ('HOME', '/home/airlab'), ('OLDPWD', '/home/airlab/seed25/ros_packages'), ('SSH_TTY', '/dev/pts/0'), ('JETSON_L4T', '35.6.1'), ('ROS_PYTHON_VERSION', '3'), ('JETSON_MODEL', 'NVIDIA Orin NX Developer Kit'), ('DBUS_SESSION_BUS_ADDRESS', 'unix:path=/run/user/1000/bus'), ('COLCON_PREFIX_PATH', '/home/airlab/seed25/ros_packages/mocap4r2_ws/install:/home/airlab/seed25/ros_packages/seed_controller_ws/install'), ('ROS_DISTRO', 'foxy'), ('LOGNAME', 'airlab'), ('JETSON_MODULE', 'NVIDIA Jetson Orin NX (16GB ram)'), ('JETSON_SERIAL_NUMBER', '1425023203559'), ('_', '/usr/bin/colcon'), ('ROS_VERSION', '2'), ('JETSON_CODENAME', 'P3768'), ('XDG_SESSION_CLASS', 'user'), ('TERM', 'xterm'), ('XDG_SESSION_ID', '3'), ('ROS_LOCALHOST_ONLY', '0'), ('PATH', '/usr/local/cuda-11.4/bin:/usr/local/cuda-11.4/bin:/usr/local/cuda-11.4/bin:/home/airlab/.local/bin:/opt/ros/foxy/bin:/usr/local/cuda-11.4/bin:/usr/local/sbin:/usr/local/bin:/usr/sbin:/usr/bin:/sbin:/bin:/usr/games:/usr/local/games:/snap/bin'), ('XDG_RUNTIME_DIR', '/run/user/1000'), ('DISPLAY', 'localhost:10.0'), ('LANG', 'en_US.UTF-8'), ('LS_COLORS', 'rs=0:di=01;34:ln=01;36:mh=00:pi=40;33:so=01;35:do=01;35:bd=40;33;01:cd=40;33;01:or=40;31;01:mi=00:su=37;41:sg=30;43:ca=30;41:tw=30;42:ow=34;42:st=37;44:ex=01;32:*.tar=01;31:*.tgz=01;31:*.arc=01;31:*.arj=01;31:*.taz=01;31:*.lha=01;31:*.lz4=01;31:*.lzh=01;31:*.lzma=01;31:*.tlz=01;31:*.txz=01;31:*.tzo=01;31:*.t7z=01;31:*.zip=01;31:*.z=01;31:*.dz=01;31:*.gz=01;31:*.lrz=01;31:*.lz=01;31:*.lzo=01;31:*.xz=01;31:*.zst=01;31:*.tzst=01;31:*.bz2=01;31:*.bz=01;31:*.tbz=01;31:*.tbz2=01;31:*.tz=01;31:*.deb=01;31:*.rpm=01;31:*.jar=01;31:*.war=01;31:*.ear=01;31:*.sar=01;31:*.rar=01;31:*.alz=01;31:*.ace=01;31:*.zoo=01;31:*.cpio=01;31:*.7z=01;31:*.rz=01;31:*.cab=01;31:*.wim=01;31:*.swm=01;31:*.dwm=01;31:*.esd=01;31:*.jpg=01;35:*.jpeg=01;35:*.mjpg=01;35:*.mjpeg=01;35:*.gif=01;35:*.bmp=01;35:*.pbm=01;35:*.pgm=01;35:*.ppm=01;35:*.tga=01;35:*.xbm=01;35:*.xpm=01;35:*.tif=01;35:*.tiff=01;35:*.png=01;35:*.svg=01;35:*.svgz=01;35:*.mng=01;35:*.pcx=01;35:*.mov=01;35:*.mpg=01;35:*.mpeg=01;35:*.m2v=01;35:*.mkv=01;35:*.webm=01;35:*.ogm=01;35:*.mp4=01;35:*.m4v=01;35:*.mp4v=01;35:*.vob=01;35:*.qt=01;35:*.nuv=01;35:*.wmv=01;35:*.asf=01;35:*.rm=01;35:*.rmvb=01;35:*.flc=01;35:*.avi=01;35:*.fli=01;35:*.flv=01;35:*.gl=01;35:*.dl=01;35:*.xcf=01;35:*.xwd=01;35:*.yuv=01;35:*.cgm=01;35:*.emf=01;35:*.ogv=01;35:*.ogx=01;35:*.aac=00;36:*.au=00;36:*.flac=00;36:*.m4a=00;36:*.mid=00;36:*.midi=00;36:*.mka=00;36:*.mp3=00;36:*.mpc=00;36:*.ogg=00;36:*.ra=00;36:*.wav=00;36:*.oga=00;36:*.opus=00;36:*.spx=00;36:*.xspf=00;36:'), ('JETSON_SOC', 'tegra23x'), ('ROS_DOMAIN_ID', '3'), ('AMENT_PREFIX_PATH', '/home/airlab/seed25/ros_packages/seed_controller_ws/install/mocap_listener:/home/airlab/seed25/ros_packages/mocap4r2_ws/install/mocap4r2cli:/home/airlab/seed25/ros_packages/mocap4r2_ws/install/mocap4r2_robot_gt_msgs:/home/airlab/seed25/ros_packages/mocap4r2_ws/install/mocap4r2_marker_viz:/home/airlab/seed25/ros_packages/mocap4r2_ws/install/mocap4r2_marker_publisher:/home/airlab/seed25/ros_packages/mocap4r2_ws/install/mocap4r2_msgs:/home/airlab/seed25/ros_packages/mocap4r2_ws/install/mocap4r2_marker_viz_srvs:/home/airlab/seed25/ros_packages/mocap4r2_ws/install/mocap4r2_control:/home/airlab/seed25/ros_packages/mocap4r2_ws/install/mocap4r2_control_msgs:/opt/ros/foxy'), ('SHELL', '/bin/bash'), ('LESSCLOSE', '/usr/bin/lesspipe %s %s'), ('JETSON_CUDA_ARCH_BIN', '8.7'), ('PWD', '/home/airlab/seed25/build/mocap4r2_control_msgs'), ('LC_ALL', 'en_US.UTF-8'), ('SSH_CONNECTION', '192.168.0.60 49912 192.168.0.136 22'), ('XDG_DATA_DIRS', '/usr/local/share:/usr/share:/var/lib/snapd/desktop'), ('PYTHONPATH', '/home/airlab/seed25/ros_packages/seed_controller_ws/install/mocap_listener/lib/python3.8/site-packages:/home/airlab/seed25/ros_packages/mocap4r2_ws/install/mocap4r2cli/lib/python3.8/site-packages:/home/airlab/seed25/ros_packages/mocap4r2_ws/install/mocap4r2_robot_gt_msgs/lib/python3.8/site-packages:/home/airlab/seed25/ros_packages/mocap4r2_ws/install/mocap4r2_msgs/lib/python3.8/site-packages:/home/airlab/seed25/ros_packages/mocap4r2_ws/install/mocap4r2_marker_viz_srvs/lib/python3.8/site-packages:/home/airlab/seed25/ros_packages/mocap4r2_ws/install/mocap4r2_control_msgs/lib/python3.8/site-packages:/opt/ros/foxy/lib/python3.8/site-packages'), ('COLCON', '1'), ('JETSON_JETPACK', '5.1.5'), ('CMAKE_PREFIX_PATH', '/home/airlab/seed25/ros_packages/mocap4r2_ws/install/mocap4r2_robot_gt_msgs:/home/airlab/seed25/ros_packages/mocap4r2_ws/install/mocap4r2_marker_viz:/home/airlab/seed25/ros_packages/mocap4r2_ws/install/mocap4r2_marker_publisher:/home/airlab/seed25/ros_packages/mocap4r2_ws/install/mocap4r2_msgs:/home/airlab/seed25/ros_packages/mocap4r2_ws/install/mocap4r2_marker_viz_srvs:/home/airlab/seed25/ros_packages/mocap4r2_ws/install/mocap4r2_control:/home/airlab/seed25/ros_packages/mocap4r2_ws/install/mocap4r2_control_msgs:/home/airlab/seed25/ros_packages/seed_controller_ws/install/mocap_listener:/home/airlab/seed25/ros_packages/mocap4r2_ws/install/mocap4r2cli:/opt/ros/foxy'), ('JETSON_P_NUMBER', 'p3767-0000')]), 'shell': False}
[0.077731] (mocap4r2_marker_viz_srvs) JobProgress: {'identifier': 'mocap4r2_marker_viz_srvs', 'progress': 'cmake'}
[0.078842] (mocap4r2_marker_viz_srvs) Command: {'cmd': ['/usr/bin/cmake', '/home/airlab/seed25/ros_packages/mocap4r2_ws/src/mocap4r2/mocap4r2_marker_viz/mocap4r2_marker_viz_srvs', '-DCMAKE_INSTALL_PREFIX=/home/airlab/seed25/install/mocap4r2_marker_viz_srvs'], 'cwd': '/home/airlab/seed25/build/mocap4r2_marker_viz_srvs', 'env': OrderedDict([('LESSOPEN', '| /usr/bin/lesspipe %s'), ('USER', 'airlab'), ('SSH_CLIENT', '192.168.0.60 49912 22'), ('XDG_SESSION_TYPE', 'tty'), ('SHLVL', '1'), ('LD_LIBRARY_PATH', '/usr/local/cuda-11.4/lib64:/usr/local/cuda-11.4/lib64:/usr/local/cuda-11.4/lib64:/home/airlab/seed25/ros_packages/mocap4r2_ws/install/mocap4r2_robot_gt_msgs/lib:/home/airlab/seed25/ros_packages/mocap4r2_ws/install/mocap4r2_msgs/lib:/home/airlab/seed25/ros_packages/mocap4r2_ws/install/mocap4r2_marker_viz_srvs/lib:/home/airlab/seed25/ros_packages/mocap4r2_ws/install/mocap4r2_control/lib:/home/airlab/seed25/ros_packages/mocap4r2_ws/install/mocap4r2_control_msgs/lib:/opt/ros/foxy/opt/yaml_cpp_vendor/lib:/opt/ros/foxy/opt/rviz_ogre_vendor/lib:/opt/ros/foxy/lib/aarch64-linux-gnu:/opt/ros/foxy/lib:/usr/local/cuda-11.4/lib64:'), ('MOTD_SHOWN', 'pam'), ('HOME', '/home/airlab'), ('OLDPWD', '/home/airlab/seed25/ros_packages'), ('SSH_TTY', '/dev/pts/0'), ('JETSON_L4T', '35.6.1'), ('ROS_PYTHON_VERSION', '3'), ('JETSON_MODEL', 'NVIDIA Orin NX Developer Kit'), ('DBUS_SESSION_BUS_ADDRESS', 'unix:path=/run/user/1000/bus'), ('COLCON_PREFIX_PATH', '/home/airlab/seed25/ros_packages/mocap4r2_ws/install:/home/airlab/seed25/ros_packages/seed_controller_ws/install'), ('ROS_DISTRO', 'foxy'), ('LOGNAME', 'airlab'), ('JETSON_MODULE', 'NVIDIA Jetson Orin NX (16GB ram)'), ('JETSON_SERIAL_NUMBER', '1425023203559'), ('_', '/usr/bin/colcon'), ('ROS_VERSION', '2'), ('JETSON_CODENAME', 'P3768'), ('XDG_SESSION_CLASS', 'user'), ('TERM', 'xterm'), ('XDG_SESSION_ID', '3'), ('ROS_LOCALHOST_ONLY', '0'), ('PATH', '/usr/local/cuda-11.4/bin:/usr/local/cuda-11.4/bin:/usr/local/cuda-11.4/bin:/home/airlab/.local/bin:/opt/ros/foxy/bin:/usr/local/cuda-11.4/bin:/usr/local/sbin:/usr/local/bin:/usr/sbin:/usr/bin:/sbin:/bin:/usr/games:/usr/local/games:/snap/bin'), ('XDG_RUNTIME_DIR', '/run/user/1000'), ('DISPLAY', 'localhost:10.0'), ('LANG', 'en_US.UTF-8'), ('LS_COLORS', 'rs=0:di=01;34:ln=01;36:mh=00:pi=40;33:so=01;35:do=01;35:bd=40;33;01:cd=40;33;01:or=40;31;01:mi=00:su=37;41:sg=30;43:ca=30;41:tw=30;42:ow=34;42:st=37;44:ex=01;32:*.tar=01;31:*.tgz=01;31:*.arc=01;31:*.arj=01;31:*.taz=01;31:*.lha=01;31:*.lz4=01;31:*.lzh=01;31:*.lzma=01;31:*.tlz=01;31:*.txz=01;31:*.tzo=01;31:*.t7z=01;31:*.zip=01;31:*.z=01;31:*.dz=01;31:*.gz=01;31:*.lrz=01;31:*.lz=01;31:*.lzo=01;31:*.xz=01;31:*.zst=01;31:*.tzst=01;31:*.bz2=01;31:*.bz=01;31:*.tbz=01;31:*.tbz2=01;31:*.tz=01;31:*.deb=01;31:*.rpm=01;31:*.jar=01;31:*.war=01;31:*.ear=01;31:*.sar=01;31:*.rar=01;31:*.alz=01;31:*.ace=01;31:*.zoo=01;31:*.cpio=01;31:*.7z=01;31:*.rz=01;31:*.cab=01;31:*.wim=01;31:*.swm=01;31:*.dwm=01;31:*.esd=01;31:*.jpg=01;35:*.jpeg=01;35:*.mjpg=01;35:*.mjpeg=01;35:*.gif=01;35:*.bmp=01;35:*.pbm=01;35:*.pgm=01;35:*.ppm=01;35:*.tga=01;35:*.xbm=01;35:*.xpm=01;35:*.tif=01;35:*.tiff=01;35:*.png=01;35:*.svg=01;35:*.svgz=01;35:*.mng=01;35:*.pcx=01;35:*.mov=01;35:*.mpg=01;35:*.mpeg=01;35:*.m2v=01;35:*.mkv=01;35:*.webm=01;35:*.ogm=01;35:*.mp4=01;35:*.m4v=01;35:*.mp4v=01;35:*.vob=01;35:*.qt=01;35:*.nuv=01;35:*.wmv=01;35:*.asf=01;35:*.rm=01;35:*.rmvb=01;35:*.flc=01;35:*.avi=01;35:*.fli=01;35:*.flv=01;35:*.gl=01;35:*.dl=01;35:*.xcf=01;35:*.xwd=01;35:*.yuv=01;35:*.cgm=01;35:*.emf=01;35:*.ogv=01;35:*.ogx=01;35:*.aac=00;36:*.au=00;36:*.flac=00;36:*.m4a=00;36:*.mid=00;36:*.midi=00;36:*.mka=00;36:*.mp3=00;36:*.mpc=00;36:*.ogg=00;36:*.ra=00;36:*.wav=00;36:*.oga=00;36:*.opus=00;36:*.spx=00;36:*.xspf=00;36:'), ('JETSON_SOC', 'tegra23x'), ('ROS_DOMAIN_ID', '3'), ('AMENT_PREFIX_PATH', '/home/airlab/seed25/ros_packages/seed_controller_ws/install/mocap_listener:/home/airlab/seed25/ros_packages/mocap4r2_ws/install/mocap4r2cli:/home/airlab/seed25/ros_packages/mocap4r2_ws/install/mocap4r2_robot_gt_msgs:/home/airlab/seed25/ros_packages/mocap4r2_ws/install/mocap4r2_marker_viz:/home/airlab/seed25/ros_packages/mocap4r2_ws/install/mocap4r2_marker_publisher:/home/airlab/seed25/ros_packages/mocap4r2_ws/install/mocap4r2_msgs:/home/airlab/seed25/ros_packages/mocap4r2_ws/install/mocap4r2_marker_viz_srvs:/home/airlab/seed25/ros_packages/mocap4r2_ws/install/mocap4r2_control:/home/airlab/seed25/ros_packages/mocap4r2_ws/install/mocap4r2_control_msgs:/opt/ros/foxy'), ('SHELL', '/bin/bash'), ('LESSCLOSE', '/usr/bin/lesspipe %s %s'), ('JETSON_CUDA_ARCH_BIN', '8.7'), ('PWD', '/home/airlab/seed25/build/mocap4r2_marker_viz_srvs'), ('LC_ALL', 'en_US.UTF-8'), ('SSH_CONNECTION', '192.168.0.60 49912 192.168.0.136 22'), ('XDG_DATA_DIRS', '/usr/local/share:/usr/share:/var/lib/snapd/desktop'), ('PYTHONPATH', '/home/airlab/seed25/ros_packages/seed_controller_ws/install/mocap_listener/lib/python3.8/site-packages:/home/airlab/seed25/ros_packages/mocap4r2_ws/install/mocap4r2cli/lib/python3.8/site-packages:/home/airlab/seed25/ros_packages/mocap4r2_ws/install/mocap4r2_robot_gt_msgs/lib/python3.8/site-packages:/home/airlab/seed25/ros_packages/mocap4r2_ws/install/mocap4r2_msgs/lib/python3.8/site-packages:/home/airlab/seed25/ros_packages/mocap4r2_ws/install/mocap4r2_marker_viz_srvs/lib/python3.8/site-packages:/home/airlab/seed25/ros_packages/mocap4r2_ws/install/mocap4r2_control_msgs/lib/python3.8/site-packages:/opt/ros/foxy/lib/python3.8/site-packages'), ('COLCON', '1'), ('JETSON_JETPACK', '5.1.5'), ('CMAKE_PREFIX_PATH', '/home/airlab/seed25/ros_packages/mocap4r2_ws/install/mocap4r2_robot_gt_msgs:/home/airlab/seed25/ros_packages/mocap4r2_ws/install/mocap4r2_marker_viz:/home/airlab/seed25/ros_packages/mocap4r2_ws/install/mocap4r2_marker_publisher:/home/airlab/seed25/ros_packages/mocap4r2_ws/install/mocap4r2_msgs:/home/airlab/seed25/ros_packages/mocap4r2_ws/install/mocap4r2_marker_viz_srvs:/home/airlab/seed25/ros_packages/mocap4r2_ws/install/mocap4r2_control:/home/airlab/seed25/ros_packages/mocap4r2_ws/install/mocap4r2_control_msgs:/home/airlab/seed25/ros_packages/seed_controller_ws/install/mocap_listener:/home/airlab/seed25/ros_packages/mocap4r2_ws/install/mocap4r2cli:/opt/ros/foxy'), ('JETSON_P_NUMBER', 'p3767-0000')]), 'shell': False}
[0.099432] (-) TimerEvent: {}
[0.101845] (mocap4r2_robot_gt_msgs) JobProgress: {'identifier': 'mocap4r2_robot_gt_msgs', 'progress': 'cmake'}
[0.105984] (mocap4r2_robot_gt_msgs) Command: {'cmd': ['/usr/bin/cmake', '/home/airlab/seed25/ros_packages/mocap4r2_ws/src/mocap4r2/mocap4r2_robot_gt/mocap4r2_robot_gt_msgs', '-DCMAKE_INSTALL_PREFIX=/home/airlab/seed25/install/mocap4r2_robot_gt_msgs'], 'cwd': '/home/airlab/seed25/build/mocap4r2_robot_gt_msgs', 'env': OrderedDict([('LESSOPEN', '| /usr/bin/lesspipe %s'), ('USER', 'airlab'), ('SSH_CLIENT', '192.168.0.60 49912 22'), ('XDG_SESSION_TYPE', 'tty'), ('SHLVL', '1'), ('LD_LIBRARY_PATH', '/usr/local/cuda-11.4/lib64:/usr/local/cuda-11.4/lib64:/usr/local/cuda-11.4/lib64:/home/airlab/seed25/ros_packages/mocap4r2_ws/install/mocap4r2_robot_gt_msgs/lib:/home/airlab/seed25/ros_packages/mocap4r2_ws/install/mocap4r2_msgs/lib:/home/airlab/seed25/ros_packages/mocap4r2_ws/install/mocap4r2_marker_viz_srvs/lib:/home/airlab/seed25/ros_packages/mocap4r2_ws/install/mocap4r2_control/lib:/home/airlab/seed25/ros_packages/mocap4r2_ws/install/mocap4r2_control_msgs/lib:/opt/ros/foxy/opt/yaml_cpp_vendor/lib:/opt/ros/foxy/opt/rviz_ogre_vendor/lib:/opt/ros/foxy/lib/aarch64-linux-gnu:/opt/ros/foxy/lib:/usr/local/cuda-11.4/lib64:'), ('MOTD_SHOWN', 'pam'), ('HOME', '/home/airlab'), ('OLDPWD', '/home/airlab/seed25/ros_packages'), ('SSH_TTY', '/dev/pts/0'), ('JETSON_L4T', '35.6.1'), ('ROS_PYTHON_VERSION', '3'), ('JETSON_MODEL', 'NVIDIA Orin NX Developer Kit'), ('DBUS_SESSION_BUS_ADDRESS', 'unix:path=/run/user/1000/bus'), ('COLCON_PREFIX_PATH', '/home/airlab/seed25/ros_packages/mocap4r2_ws/install:/home/airlab/seed25/ros_packages/seed_controller_ws/install'), ('ROS_DISTRO', 'foxy'), ('LOGNAME', 'airlab'), ('JETSON_MODULE', 'NVIDIA Jetson Orin NX (16GB ram)'), ('JETSON_SERIAL_NUMBER', '1425023203559'), ('_', '/usr/bin/colcon'), ('ROS_VERSION', '2'), ('JETSON_CODENAME', 'P3768'), ('XDG_SESSION_CLASS', 'user'), ('TERM', 'xterm'), ('XDG_SESSION_ID', '3'), ('ROS_LOCALHOST_ONLY', '0'), ('PATH', '/usr/local/cuda-11.4/bin:/usr/local/cuda-11.4/bin:/usr/local/cuda-11.4/bin:/home/airlab/.local/bin:/opt/ros/foxy/bin:/usr/local/cuda-11.4/bin:/usr/local/sbin:/usr/local/bin:/usr/sbin:/usr/bin:/sbin:/bin:/usr/games:/usr/local/games:/snap/bin'), ('XDG_RUNTIME_DIR', '/run/user/1000'), ('DISPLAY', 'localhost:10.0'), ('LANG', 'en_US.UTF-8'), ('LS_COLORS', 'rs=0:di=01;34:ln=01;36:mh=00:pi=40;33:so=01;35:do=01;35:bd=40;33;01:cd=40;33;01:or=40;31;01:mi=00:su=37;41:sg=30;43:ca=30;41:tw=30;42:ow=34;42:st=37;44:ex=01;32:*.tar=01;31:*.tgz=01;31:*.arc=01;31:*.arj=01;31:*.taz=01;31:*.lha=01;31:*.lz4=01;31:*.lzh=01;31:*.lzma=01;31:*.tlz=01;31:*.txz=01;31:*.tzo=01;31:*.t7z=01;31:*.zip=01;31:*.z=01;31:*.dz=01;31:*.gz=01;31:*.lrz=01;31:*.lz=01;31:*.lzo=01;31:*.xz=01;31:*.zst=01;31:*.tzst=01;31:*.bz2=01;31:*.bz=01;31:*.tbz=01;31:*.tbz2=01;31:*.tz=01;31:*.deb=01;31:*.rpm=01;31:*.jar=01;31:*.war=01;31:*.ear=01;31:*.sar=01;31:*.rar=01;31:*.alz=01;31:*.ace=01;31:*.zoo=01;31:*.cpio=01;31:*.7z=01;31:*.rz=01;31:*.cab=01;31:*.wim=01;31:*.swm=01;31:*.dwm=01;31:*.esd=01;31:*.jpg=01;35:*.jpeg=01;35:*.mjpg=01;35:*.mjpeg=01;35:*.gif=01;35:*.bmp=01;35:*.pbm=01;35:*.pgm=01;35:*.ppm=01;35:*.tga=01;35:*.xbm=01;35:*.xpm=01;35:*.tif=01;35:*.tiff=01;35:*.png=01;35:*.svg=01;35:*.svgz=01;35:*.mng=01;35:*.pcx=01;35:*.mov=01;35:*.mpg=01;35:*.mpeg=01;35:*.m2v=01;35:*.mkv=01;35:*.webm=01;35:*.ogm=01;35:*.mp4=01;35:*.m4v=01;35:*.mp4v=01;35:*.vob=01;35:*.qt=01;35:*.nuv=01;35:*.wmv=01;35:*.asf=01;35:*.rm=01;35:*.rmvb=01;35:*.flc=01;35:*.avi=01;35:*.fli=01;35:*.flv=01;35:*.gl=01;35:*.dl=01;35:*.xcf=01;35:*.xwd=01;35:*.yuv=01;35:*.cgm=01;35:*.emf=01;35:*.ogv=01;35:*.ogx=01;35:*.aac=00;36:*.au=00;36:*.flac=00;36:*.m4a=00;36:*.mid=00;36:*.midi=00;36:*.mka=00;36:*.mp3=00;36:*.mpc=00;36:*.ogg=00;36:*.ra=00;36:*.wav=00;36:*.oga=00;36:*.opus=00;36:*.spx=00;36:*.xspf=00;36:'), ('JETSON_SOC', 'tegra23x'), ('ROS_DOMAIN_ID', '3'), ('AMENT_PREFIX_PATH', '/home/airlab/seed25/ros_packages/seed_controller_ws/install/mocap_listener:/home/airlab/seed25/ros_packages/mocap4r2_ws/install/mocap4r2cli:/home/airlab/seed25/ros_packages/mocap4r2_ws/install/mocap4r2_robot_gt_msgs:/home/airlab/seed25/ros_packages/mocap4r2_ws/install/mocap4r2_marker_viz:/home/airlab/seed25/ros_packages/mocap4r2_ws/install/mocap4r2_marker_publisher:/home/airlab/seed25/ros_packages/mocap4r2_ws/install/mocap4r2_msgs:/home/airlab/seed25/ros_packages/mocap4r2_ws/install/mocap4r2_marker_viz_srvs:/home/airlab/seed25/ros_packages/mocap4r2_ws/install/mocap4r2_control:/home/airlab/seed25/ros_packages/mocap4r2_ws/install/mocap4r2_control_msgs:/opt/ros/foxy'), ('SHELL', '/bin/bash'), ('LESSCLOSE', '/usr/bin/lesspipe %s %s'), ('JETSON_CUDA_ARCH_BIN', '8.7'), ('PWD', '/home/airlab/seed25/build/mocap4r2_robot_gt_msgs'), ('LC_ALL', 'en_US.UTF-8'), ('SSH_CONNECTION', '192.168.0.60 49912 192.168.0.136 22'), ('XDG_DATA_DIRS', '/usr/local/share:/usr/share:/var/lib/snapd/desktop'), ('PYTHONPATH', '/home/airlab/seed25/ros_packages/seed_controller_ws/install/mocap_listener/lib/python3.8/site-packages:/home/airlab/seed25/ros_packages/mocap4r2_ws/install/mocap4r2cli/lib/python3.8/site-packages:/home/airlab/seed25/ros_packages/mocap4r2_ws/install/mocap4r2_robot_gt_msgs/lib/python3.8/site-packages:/home/airlab/seed25/ros_packages/mocap4r2_ws/install/mocap4r2_msgs/lib/python3.8/site-packages:/home/airlab/seed25/ros_packages/mocap4r2_ws/install/mocap4r2_marker_viz_srvs/lib/python3.8/site-packages:/home/airlab/seed25/ros_packages/mocap4r2_ws/install/mocap4r2_control_msgs/lib/python3.8/site-packages:/opt/ros/foxy/lib/python3.8/site-packages'), ('COLCON', '1'), ('JETSON_JETPACK', '5.1.5'), ('CMAKE_PREFIX_PATH', '/home/airlab/seed25/ros_packages/mocap4r2_ws/install/mocap4r2_robot_gt_msgs:/home/airlab/seed25/ros_packages/mocap4r2_ws/install/mocap4r2_marker_viz:/home/airlab/seed25/ros_packages/mocap4r2_ws/install/mocap4r2_marker_publisher:/home/airlab/seed25/ros_packages/mocap4r2_ws/install/mocap4r2_msgs:/home/airlab/seed25/ros_packages/mocap4r2_ws/install/mocap4r2_marker_viz_srvs:/home/airlab/seed25/ros_packages/mocap4r2_ws/install/mocap4r2_control:/home/airlab/seed25/ros_packages/mocap4r2_ws/install/mocap4r2_control_msgs:/home/airlab/seed25/ros_packages/seed_controller_ws/install/mocap_listener:/home/airlab/seed25/ros_packages/mocap4r2_ws/install/mocap4r2cli:/opt/ros/foxy'), ('JETSON_P_NUMBER', 'p3767-0000')]), 'shell': False}
[0.199468] (mocap4r2_msgs) StdoutLine: {'line': b'-- The C compiler identification is GNU 9.4.0\n'}
[0.200186] (-) TimerEvent: {}
[0.201075] (mocap4r2_control_msgs) StdoutLine: {'line': b'-- The C compiler identification is GNU 9.4.0\n'}
[0.209326] (mocap4r2_marker_viz_srvs) StdoutLine: {'line': b'-- The C compiler identification is GNU 9.4.0\n'}
[0.236999] (mocap4r2_robot_gt_msgs) StdoutLine: {'line': b'-- The C compiler identification is GNU 9.4.0\n'}
[0.300474] (-) TimerEvent: {}
[0.312817] (mocap4r2_msgs) StdoutLine: {'line': b'-- The CXX compiler identification is GNU 9.4.0\n'}
[0.321414] (mocap4r2_control_msgs) StdoutLine: {'line': b'-- The CXX compiler identification is GNU 9.4.0\n'}
[0.321987] (mocap4r2_marker_viz_srvs) StdoutLine: {'line': b'-- The CXX compiler identification is GNU 9.4.0\n'}
[0.325207] (mocap4r2_msgs) StdoutLine: {'line': b'-- Check for working C compiler: /usr/bin/cc\n'}
[0.331451] (mocap4r2_marker_viz_srvs) StdoutLine: {'line': b'-- Check for working C compiler: /usr/bin/cc\n'}
[0.331972] (mocap4r2_control_msgs) StdoutLine: {'line': b'-- Check for working C compiler: /usr/bin/cc\n'}
[0.357902] (mocap4r2_robot_gt_msgs) StdoutLine: {'line': b'-- The CXX compiler identification is GNU 9.4.0\n'}
[0.369309] (mocap4r2_robot_gt_msgs) StdoutLine: {'line': b'-- Check for working C compiler: /usr/bin/cc\n'}
[0.400667] (-) TimerEvent: {}
[0.479264] (mocap4r2_msgs) StdoutLine: {'line': b'-- Check for working C compiler: /usr/bin/cc -- works\n'}
[0.480864] (mocap4r2_msgs) StdoutLine: {'line': b'-- Detecting C compiler ABI info\n'}
[0.485682] (mocap4r2_control_msgs) StdoutLine: {'line': b'-- Check for working C compiler: /usr/bin/cc -- works\n'}
[0.487447] (mocap4r2_control_msgs) StdoutLine: {'line': b'-- Detecting C compiler ABI info\n'}
[0.493521] (mocap4r2_marker_viz_srvs) StdoutLine: {'line': b'-- Check for working C compiler: /usr/bin/cc -- works\n'}
[0.495546] (mocap4r2_marker_viz_srvs) StdoutLine: {'line': b'-- Detecting C compiler ABI info\n'}
[0.500790] (-) TimerEvent: {}
[0.525419] (mocap4r2_robot_gt_msgs) StdoutLine: {'line': b'-- Check for working C compiler: /usr/bin/cc -- works\n'}
[0.528233] (mocap4r2_robot_gt_msgs) StdoutLine: {'line': b'-- Detecting C compiler ABI info\n'}
[0.601004] (-) TimerEvent: {}
[0.646534] (mocap4r2_marker_viz_srvs) StdoutLine: {'line': b'-- Detecting C compiler ABI info - done\n'}
[0.647197] (mocap4r2_control_msgs) StdoutLine: {'line': b'-- Detecting C compiler ABI info - done\n'}
[0.659451] (mocap4r2_msgs) StdoutLine: {'line': b'-- Detecting C compiler ABI info - done\n'}
[0.666730] (mocap4r2_control_msgs) StdoutLine: {'line': b'-- Detecting C compile features\n'}
[0.667676] (mocap4r2_control_msgs) StdoutLine: {'line': b'-- Detecting C compile features - done\n'}
[0.668940] (mocap4r2_marker_viz_srvs) StdoutLine: {'line': b'-- Detecting C compile features\n'}
[0.669771] (mocap4r2_marker_viz_srvs) StdoutLine: {'line': b'-- Detecting C compile features - done\n'}
[0.672793] (mocap4r2_control_msgs) StdoutLine: {'line': b'-- Check for working CXX compiler: /usr/bin/c++\n'}
[0.675192] (mocap4r2_marker_viz_srvs) StdoutLine: {'line': b'-- Check for working CXX compiler: /usr/bin/c++\n'}
[0.684102] (mocap4r2_msgs) StdoutLine: {'line': b'-- Detecting C compile features\n'}
[0.685592] (mocap4r2_msgs) StdoutLine: {'line': b'-- Detecting C compile features - done\n'}
[0.691351] (mocap4r2_msgs) StdoutLine: {'line': b'-- Check for working CXX compiler: /usr/bin/c++\n'}
[0.695329] (mocap4r2_robot_gt_msgs) StdoutLine: {'line': b'-- Detecting C compiler ABI info - done\n'}
[0.701121] (-) TimerEvent: {}
[0.712772] (mocap4r2_robot_gt_msgs) StdoutLine: {'line': b'-- Detecting C compile features\n'}
[0.713558] (mocap4r2_robot_gt_msgs) StdoutLine: {'line': b'-- Detecting C compile features - done\n'}
[0.719528] (mocap4r2_robot_gt_msgs) StdoutLine: {'line': b'-- Check for working CXX compiler: /usr/bin/c++\n'}
[0.801336] (-) TimerEvent: {}
[0.849270] (mocap4r2_control_msgs) StdoutLine: {'line': b'-- Check for working CXX compiler: /usr/bin/c++ -- works\n'}
[0.849859] (mocap4r2_marker_viz_srvs) StdoutLine: {'line': b'-- Check for working CXX compiler: /usr/bin/c++ -- works\n'}
[0.850141] (mocap4r2_marker_viz_srvs) StdoutLine: {'line': b'-- Detecting CXX compiler ABI info\n'}
[0.850306] (mocap4r2_control_msgs) StdoutLine: {'line': b'-- Detecting CXX compiler ABI info\n'}
[0.868320] (mocap4r2_msgs) StdoutLine: {'line': b'-- Check for working CXX compiler: /usr/bin/c++ -- works\n'}
[0.870397] (mocap4r2_msgs) StdoutLine: {'line': b'-- Detecting CXX compiler ABI info\n'}
[0.901522] (-) TimerEvent: {}
[0.904855] (mocap4r2_robot_gt_msgs) StdoutLine: {'line': b'-- Check for working CXX compiler: /usr/bin/c++ -- works\n'}
[0.907157] (mocap4r2_robot_gt_msgs) StdoutLine: {'line': b'-- Detecting CXX compiler ABI info\n'}
[1.001722] (-) TimerEvent: {}
[1.032440] (mocap4r2_marker_viz_srvs) StdoutLine: {'line': b'-- Detecting CXX compiler ABI info - done\n'}
[1.033079] (mocap4r2_control_msgs) StdoutLine: {'line': b'-- Detecting CXX compiler ABI info - done\n'}
[1.047398] (mocap4r2_msgs) StdoutLine: {'line': b'-- Detecting CXX compiler ABI info - done\n'}
[1.053527] (mocap4r2_marker_viz_srvs) StdoutLine: {'line': b'-- Detecting CXX compile features\n'}
[1.054467] (mocap4r2_marker_viz_srvs) StdoutLine: {'line': b'-- Detecting CXX compile features - done\n'}
[1.056249] (mocap4r2_control_msgs) StdoutLine: {'line': b'-- Detecting CXX compile features\n'}
[1.057689] (mocap4r2_control_msgs) StdoutLine: {'line': b'-- Detecting CXX compile features - done\n'}
[1.060408] (mocap4r2_marker_viz_srvs) StdoutLine: {'line': b'-- Found ament_cmake: 0.9.12 (/opt/ros/foxy/share/ament_cmake/cmake)\n'}
[1.064045] (mocap4r2_control_msgs) StdoutLine: {'line': b'-- Found ament_cmake: 0.9.12 (/opt/ros/foxy/share/ament_cmake/cmake)\n'}
[1.069909] (mocap4r2_msgs) StdoutLine: {'line': b'-- Detecting CXX compile features\n'}
[1.071050] (mocap4r2_msgs) StdoutLine: {'line': b'-- Detecting CXX compile features - done\n'}
[1.076884] (mocap4r2_msgs) StdoutLine: {'line': b'-- Found ament_cmake: 0.9.12 (/opt/ros/foxy/share/ament_cmake/cmake)\n'}
[1.099944] (mocap4r2_robot_gt_msgs) StdoutLine: {'line': b'-- Detecting CXX compiler ABI info - done\n'}
[1.101820] (-) TimerEvent: {}
[1.123655] (mocap4r2_marker_viz_srvs) StdoutLine: {'line': b'-- Found PythonInterp: /usr/bin/python3 (found suitable version "3.8.10", minimum required is "3") \n'}
[1.124289] (mocap4r2_marker_viz_srvs) StdoutLine: {'line': b'-- Using PYTHON_EXECUTABLE: /usr/bin/python3\n'}
[1.125359] (mocap4r2_robot_gt_msgs) StdoutLine: {'line': b'-- Detecting CXX compile features\n'}
[1.126900] (mocap4r2_robot_gt_msgs) StdoutLine: {'line': b'-- Detecting CXX compile features - done\n'}
[1.127807] (mocap4r2_control_msgs) StdoutLine: {'line': b'-- Found PythonInterp: /usr/bin/python3 (found suitable version "3.8.10", minimum required is "3") \n'}
[1.128201] (mocap4r2_control_msgs) StdoutLine: {'line': b'-- Using PYTHON_EXECUTABLE: /usr/bin/python3\n'}
[1.132983] (mocap4r2_robot_gt_msgs) StdoutLine: {'line': b'-- Found ament_cmake: 0.9.12 (/opt/ros/foxy/share/ament_cmake/cmake)\n'}
[1.141267] (mocap4r2_msgs) StdoutLine: {'line': b'-- Found PythonInterp: /usr/bin/python3 (found suitable version "3.8.10", minimum required is "3") \n'}
[1.145252] (mocap4r2_msgs) StdoutLine: {'line': b'-- Using PYTHON_EXECUTABLE: /usr/bin/python3\n'}
[1.195879] (mocap4r2_robot_gt_msgs) StdoutLine: {'line': b'-- Found PythonInterp: /usr/bin/python3 (found suitable version "3.8.10", minimum required is "3") \n'}
[1.196459] (mocap4r2_robot_gt_msgs) StdoutLine: {'line': b'-- Using PYTHON_EXECUTABLE: /usr/bin/python3\n'}
[1.201984] (-) TimerEvent: {}
[1.302620] (-) TimerEvent: {}
[1.403299] (-) TimerEvent: {}
[1.503998] (-) TimerEvent: {}
[1.604677] (-) TimerEvent: {}
[1.672663] (mocap4r2_msgs) StdoutLine: {'line': b'-- Found rosidl_default_generators: 1.0.1 (/opt/ros/foxy/share/rosidl_default_generators/cmake)\n'}
[1.682428] (mocap4r2_msgs) StdoutLine: {'line': b'-- Using all available rosidl_typesupport_c: rosidl_typesupport_fastrtps_c;rosidl_typesupport_introspection_c\n'}
[1.688465] (mocap4r2_marker_viz_srvs) StdoutLine: {'line': b'-- Found rosidl_default_generators: 1.0.1 (/opt/ros/foxy/share/rosidl_default_generators/cmake)\n'}
[1.689038] (mocap4r2_control_msgs) StdoutLine: {'line': b'-- Found rosidl_default_generators: 1.0.1 (/opt/ros/foxy/share/rosidl_default_generators/cmake)\n'}
[1.698453] (mocap4r2_marker_viz_srvs) StdoutLine: {'line': b'-- Using all available rosidl_typesupport_c: rosidl_typesupport_fastrtps_c;rosidl_typesupport_introspection_c\n'}
[1.698931] (mocap4r2_msgs) StdoutLine: {'line': b'-- Found rosidl_adapter: 1.3.1 (/opt/ros/foxy/share/rosidl_adapter/cmake)\n'}
[1.699287] (mocap4r2_control_msgs) StdoutLine: {'line': b'-- Using all available rosidl_typesupport_c: rosidl_typesupport_fastrtps_c;rosidl_typesupport_introspection_c\n'}
[1.704776] (-) TimerEvent: {}
[1.719347] (mocap4r2_control_msgs) StdoutLine: {'line': b'-- Found rosidl_adapter: 1.3.1 (/opt/ros/foxy/share/rosidl_adapter/cmake)\n'}
[1.719760] (mocap4r2_marker_viz_srvs) StdoutLine: {'line': b'-- Found rosidl_adapter: 1.3.1 (/opt/ros/foxy/share/rosidl_adapter/cmake)\n'}
[1.723713] (mocap4r2_robot_gt_msgs) StdoutLine: {'line': b'-- Found rosidl_default_generators: 1.0.1 (/opt/ros/foxy/share/rosidl_default_generators/cmake)\n'}
[1.733366] (mocap4r2_robot_gt_msgs) StdoutLine: {'line': b'-- Using all available rosidl_typesupport_c: rosidl_typesupport_fastrtps_c;rosidl_typesupport_introspection_c\n'}
[1.749445] (mocap4r2_robot_gt_msgs) StdoutLine: {'line': b'-- Found rosidl_adapter: 1.3.1 (/opt/ros/foxy/share/rosidl_adapter/cmake)\n'}
[1.804984] (-) TimerEvent: {}
[1.905710] (-) TimerEvent: {}
[1.919240] (mocap4r2_msgs) StdoutLine: {'line': b'-- Found OpenSSL: /usr/lib/aarch64-linux-gnu/libcrypto.so (found version "1.1.1f")  \n'}
[1.929329] (mocap4r2_marker_viz_srvs) StdoutLine: {'line': b'-- Found OpenSSL: /usr/lib/aarch64-linux-gnu/libcrypto.so (found version "1.1.1f")  \n'}
[1.929951] (mocap4r2_control_msgs) StdoutLine: {'line': b'-- Found OpenSSL: /usr/lib/aarch64-linux-gnu/libcrypto.so (found version "1.1.1f")  \n'}
[1.967527] (mocap4r2_robot_gt_msgs) StdoutLine: {'line': b'-- Found OpenSSL: /usr/lib/aarch64-linux-gnu/libcrypto.so (found version "1.1.1f")  \n'}
[1.985181] (mocap4r2_msgs) StdoutLine: {'line': b'-- Found FastRTPS: /opt/ros/foxy/include  \n'}
[1.991205] (mocap4r2_control_msgs) StdoutLine: {'line': b'-- Found FastRTPS: /opt/ros/foxy/include  \n'}
[1.991693] (mocap4r2_marker_viz_srvs) StdoutLine: {'line': b'-- Found FastRTPS: /opt/ros/foxy/include  \n'}
[2.005869] (-) TimerEvent: {}
[2.027270] (mocap4r2_robot_gt_msgs) StdoutLine: {'line': b'-- Found FastRTPS: /opt/ros/foxy/include  \n'}
[2.106081] (-) TimerEvent: {}
[2.161776] (mocap4r2_msgs) StdoutLine: {'line': b'-- Using all available rosidl_typesupport_cpp: rosidl_typesupport_fastrtps_cpp;rosidl_typesupport_introspection_cpp\n'}
[2.162398] (mocap4r2_marker_viz_srvs) StdoutLine: {'line': b'-- Using all available rosidl_typesupport_cpp: rosidl_typesupport_fastrtps_cpp;rosidl_typesupport_introspection_cpp\n'}
[2.162617] (mocap4r2_control_msgs) StdoutLine: {'line': b'-- Using all available rosidl_typesupport_cpp: rosidl_typesupport_fastrtps_cpp;rosidl_typesupport_introspection_cpp\n'}
[2.199726] (mocap4r2_robot_gt_msgs) StdoutLine: {'line': b'-- Using all available rosidl_typesupport_cpp: rosidl_typesupport_fastrtps_cpp;rosidl_typesupport_introspection_cpp\n'}
[2.206204] (-) TimerEvent: {}
[2.219925] (mocap4r2_marker_viz_srvs) StdoutLine: {'line': b'-- Found std_msgs: 2.0.5 (/opt/ros/foxy/share/std_msgs/cmake)\n'}
[2.220344] (mocap4r2_control_msgs) StdoutLine: {'line': b'-- Found builtin_interfaces: 1.0.0 (/opt/ros/foxy/share/builtin_interfaces/cmake)\n'}
[2.222175] (mocap4r2_msgs) StdoutLine: {'line': b'-- Found builtin_interfaces: 1.0.0 (/opt/ros/foxy/share/builtin_interfaces/cmake)\n'}
[2.249452] (mocap4r2_control_msgs) StdoutLine: {'line': b'-- Found std_msgs: 2.0.5 (/opt/ros/foxy/share/std_msgs/cmake)\n'}
[2.252456] (mocap4r2_msgs) StdoutLine: {'line': b'-- Found std_msgs: 2.0.5 (/opt/ros/foxy/share/std_msgs/cmake)\n'}
[2.258454] (mocap4r2_robot_gt_msgs) StdoutLine: {'line': b'-- Found builtin_interfaces: 1.0.0 (/opt/ros/foxy/share/builtin_interfaces/cmake)\n'}
[2.285590] (mocap4r2_control_msgs) StdoutLine: {'line': b'-- Found geometry_msgs: 2.0.5 (/opt/ros/foxy/share/geometry_msgs/cmake)\n'}
[2.287770] (mocap4r2_robot_gt_msgs) StdoutLine: {'line': b'-- Found std_msgs: 2.0.5 (/opt/ros/foxy/share/std_msgs/cmake)\n'}
[2.290162] (mocap4r2_msgs) StdoutLine: {'line': b'-- Found geometry_msgs: 2.0.5 (/opt/ros/foxy/share/geometry_msgs/cmake)\n'}
[2.306345] (-) TimerEvent: {}
[2.325137] (mocap4r2_robot_gt_msgs) StdoutLine: {'line': b'-- Found geometry_msgs: 2.0.5 (/opt/ros/foxy/share/geometry_msgs/cmake)\n'}
[2.337748] (mocap4r2_marker_viz_srvs) StdoutLine: {'line': b'-- Found PythonInterp: /usr/bin/python3 (found version "3.8.10") \n'}
[2.406525] (-) TimerEvent: {}
[2.414905] (mocap4r2_msgs) StdoutLine: {'line': b'-- Found PythonInterp: /usr/bin/python3 (found version "3.8.10") \n'}
[2.419679] (mocap4r2_control_msgs) StdoutLine: {'line': b'-- Found PythonInterp: /usr/bin/python3 (found version "3.8.10") \n'}
[2.464340] (mocap4r2_robot_gt_msgs) StdoutLine: {'line': b'-- Found PythonInterp: /usr/bin/python3 (found version "3.8.10") \n'}
[2.506719] (-) TimerEvent: {}
[2.607380] (-) TimerEvent: {}
[2.708013] (-) TimerEvent: {}
[2.726575] (mocap4r2_marker_viz_srvs) StdoutLine: {'line': b'-- Found ament_cmake_cppcheck: 0.9.8 (/opt/ros/foxy/share/ament_cmake_cppcheck/cmake)\n'}
[2.733235] (mocap4r2_marker_viz_srvs) StdoutLine: {'line': b'-- Found ament_cmake_cpplint: 0.9.8 (/opt/ros/foxy/share/ament_cmake_cpplint/cmake)\n'}
[2.740025] (mocap4r2_marker_viz_srvs) StdoutLine: {'line': b'-- Found ament_cmake_uncrustify: 0.9.8 (/opt/ros/foxy/share/ament_cmake_uncrustify/cmake)\n'}
[2.747293] (mocap4r2_marker_viz_srvs) StdoutLine: {'line': b'-- Found ament_cmake_ros: 0.9.2 (/opt/ros/foxy/share/ament_cmake_ros/cmake)\n'}
[2.808205] (-) TimerEvent: {}
[2.883819] (mocap4r2_control_msgs) StdoutLine: {'line': b'-- Found ament_cmake_ros: 0.9.2 (/opt/ros/foxy/share/ament_cmake_ros/cmake)\n'}
[2.885100] (mocap4r2_msgs) StdoutLine: {'line': b'-- Found ament_cmake_ros: 0.9.2 (/opt/ros/foxy/share/ament_cmake_ros/cmake)\n'}
[2.902235] (mocap4r2_robot_gt_msgs) StdoutLine: {'line': b'-- Found ament_cmake_ros: 0.9.2 (/opt/ros/foxy/share/ament_cmake_ros/cmake)\n'}
[2.908306] (-) TimerEvent: {}
[3.008906] (-) TimerEvent: {}
[3.109649] (-) TimerEvent: {}
[3.132191] (mocap4r2_marker_viz_srvs) StdoutLine: {'line': b'-- Using all available rosidl_typesupport_c: rosidl_typesupport_fastrtps_c;rosidl_typesupport_introspection_c\n'}
[3.209835] (-) TimerEvent: {}
[3.263949] (mocap4r2_marker_viz_srvs) StdoutLine: {'line': b'-- Using all available rosidl_typesupport_cpp: rosidl_typesupport_fastrtps_cpp;rosidl_typesupport_introspection_cpp\n'}
[3.309994] (-) TimerEvent: {}
[3.331392] (mocap4r2_marker_viz_srvs) StdoutLine: {'line': b'-- Found PythonInterp: /usr/bin/python3 (found suitable version "3.8.10", minimum required is "3.5") \n'}
[3.331895] (mocap4r2_marker_viz_srvs) StdoutLine: {'line': b'-- Found python_cmake_module: 0.8.1 (/opt/ros/foxy/share/python_cmake_module/cmake)\n'}
[3.377551] (mocap4r2_control_msgs) StdoutLine: {'line': b'-- Using all available rosidl_typesupport_c: rosidl_typesupport_fastrtps_c;rosidl_typesupport_introspection_c\n'}
[3.384257] (mocap4r2_msgs) StdoutLine: {'line': b'-- Using all available rosidl_typesupport_c: rosidl_typesupport_fastrtps_c;rosidl_typesupport_introspection_c\n'}
[3.394689] (mocap4r2_robot_gt_msgs) StdoutLine: {'line': b'-- Using all available rosidl_typesupport_c: rosidl_typesupport_fastrtps_c;rosidl_typesupport_introspection_c\n'}
[3.410159] (-) TimerEvent: {}
[3.415417] (mocap4r2_marker_viz_srvs) StdoutLine: {'line': b'-- Found PythonLibs: /usr/lib/aarch64-linux-gnu/libpython3.8.so (found suitable version "3.8.10", minimum required is "3.5") \n'}
[3.416307] (mocap4r2_marker_viz_srvs) StdoutLine: {'line': b'-- Using PYTHON_EXECUTABLE: /usr/bin/python3\n'}
[3.416673] (mocap4r2_marker_viz_srvs) StdoutLine: {'line': b'-- Using PYTHON_INCLUDE_DIRS: /usr/include/python3.8\n'}
[3.417005] (mocap4r2_marker_viz_srvs) StdoutLine: {'line': b'-- Using PYTHON_LIBRARIES: /usr/lib/aarch64-linux-gnu/libpython3.8.so\n'}
[3.471433] (mocap4r2_marker_viz_srvs) StdoutLine: {'line': b'-- Found PythonExtra: .so  \n'}
[3.510296] (-) TimerEvent: {}
[3.593550] (mocap4r2_control_msgs) StdoutLine: {'line': b'-- Using all available rosidl_typesupport_cpp: rosidl_typesupport_fastrtps_cpp;rosidl_typesupport_introspection_cpp\n'}
[3.603211] (mocap4r2_msgs) StdoutLine: {'line': b'-- Using all available rosidl_typesupport_cpp: rosidl_typesupport_fastrtps_cpp;rosidl_typesupport_introspection_cpp\n'}
[3.609278] (mocap4r2_robot_gt_msgs) StdoutLine: {'line': b'-- Using all available rosidl_typesupport_cpp: rosidl_typesupport_fastrtps_cpp;rosidl_typesupport_introspection_cpp\n'}
[3.610142] (mocap4r2_marker_viz_srvs) StdoutLine: {'line': b'-- Found ament_cmake_flake8: 0.9.8 (/opt/ros/foxy/share/ament_cmake_flake8/cmake)\n'}
[3.610369] (-) TimerEvent: {}
[3.615459] (mocap4r2_marker_viz_srvs) StdoutLine: {'line': b'-- Found ament_cmake_pep257: 0.9.8 (/opt/ros/foxy/share/ament_cmake_pep257/cmake)\n'}
[3.641285] (mocap4r2_marker_viz_srvs) StdoutLine: {'line': b'-- Configuring done\n'}
[3.671634] (mocap4r2_control_msgs) StdoutLine: {'line': b'-- Found PythonInterp: /usr/bin/python3 (found suitable version "3.8.10", minimum required is "3.5") \n'}
[3.675332] (mocap4r2_msgs) StdoutLine: {'line': b'-- Found PythonInterp: /usr/bin/python3 (found suitable version "3.8.10", minimum required is "3.5") \n'}
[3.675821] (mocap4r2_msgs) StdoutLine: {'line': b'-- Found python_cmake_module: 0.8.1 (/opt/ros/foxy/share/python_cmake_module/cmake)\n'}
[3.676008] (mocap4r2_control_msgs) StdoutLine: {'line': b'-- Found python_cmake_module: 0.8.1 (/opt/ros/foxy/share/python_cmake_module/cmake)\n'}
[3.684336] (mocap4r2_robot_gt_msgs) StdoutLine: {'line': b'-- Found PythonInterp: /usr/bin/python3 (found suitable version "3.8.10", minimum required is "3.5") \n'}
[3.689237] (mocap4r2_robot_gt_msgs) StdoutLine: {'line': b'-- Found python_cmake_module: 0.8.1 (/opt/ros/foxy/share/python_cmake_module/cmake)\n'}
[3.710594] (-) TimerEvent: {}
[3.751243] (mocap4r2_msgs) StdoutLine: {'line': b'-- Found PythonLibs: /usr/lib/aarch64-linux-gnu/libpython3.8.so (found suitable version "3.8.10", minimum required is "3.5") \n'}
[3.751753] (mocap4r2_msgs) StdoutLine: {'line': b'-- Using PYTHON_EXECUTABLE: /usr/bin/python3\n'}
[3.751945] (mocap4r2_msgs) StdoutLine: {'line': b'-- Using PYTHON_INCLUDE_DIRS: /usr/include/python3.8\n'}
[3.752100] (mocap4r2_msgs) StdoutLine: {'line': b'-- Using PYTHON_LIBRARIES: /usr/lib/aarch64-linux-gnu/libpython3.8.so\n'}
[3.752370] (mocap4r2_marker_viz_srvs) StdoutLine: {'line': b'-- Generating done\n'}
[3.753785] (mocap4r2_control_msgs) StdoutLine: {'line': b'-- Found PythonLibs: /usr/lib/aarch64-linux-gnu/libpython3.8.so (found suitable version "3.8.10", minimum required is "3.5") \n'}
[3.754264] (mocap4r2_control_msgs) StdoutLine: {'line': b'-- Using PYTHON_EXECUTABLE: /usr/bin/python3\n'}
[3.754461] (mocap4r2_control_msgs) StdoutLine: {'line': b'-- Using PYTHON_INCLUDE_DIRS: /usr/include/python3.8\n'}
[3.754618] (mocap4r2_control_msgs) StdoutLine: {'line': b'-- Using PYTHON_LIBRARIES: /usr/lib/aarch64-linux-gnu/libpython3.8.so\n'}
[3.759784] (mocap4r2_robot_gt_msgs) StdoutLine: {'line': b'-- Found PythonLibs: /usr/lib/aarch64-linux-gnu/libpython3.8.so (found suitable version "3.8.10", minimum required is "3.5") \n'}
[3.760347] (mocap4r2_robot_gt_msgs) StdoutLine: {'line': b'-- Using PYTHON_EXECUTABLE: /usr/bin/python3\n'}
[3.760547] (mocap4r2_robot_gt_msgs) StdoutLine: {'line': b'-- Using PYTHON_INCLUDE_DIRS: /usr/include/python3.8\n'}
[3.760703] (mocap4r2_robot_gt_msgs) StdoutLine: {'line': b'-- Using PYTHON_LIBRARIES: /usr/lib/aarch64-linux-gnu/libpython3.8.so\n'}
[3.788537] (mocap4r2_marker_viz_srvs) StdoutLine: {'line': b'-- Build files have been written to: /home/airlab/seed25/build/mocap4r2_marker_viz_srvs\n'}
[3.799884] (mocap4r2_msgs) StdoutLine: {'line': b'-- Found PythonExtra: .so  \n'}
[3.810810] (-) TimerEvent: {}
[3.816899] (mocap4r2_control_msgs) StdoutLine: {'line': b'-- Found PythonExtra: .so  \n'}
[3.818940] (mocap4r2_robot_gt_msgs) StdoutLine: {'line': b'-- Found PythonExtra: .so  \n'}
[3.828417] (mocap4r2_marker_viz_srvs) CommandEnded: {'returncode': 0}
[3.830298] (mocap4r2_marker_viz_srvs) JobProgress: {'identifier': 'mocap4r2_marker_viz_srvs', 'progress': 'build'}
[3.830393] (mocap4r2_marker_viz_srvs) Command: {'cmd': ['/usr/bin/cmake', '--build', '/home/airlab/seed25/build/mocap4r2_marker_viz_srvs', '--', '-j4', '-l4'], 'cwd': '/home/airlab/seed25/build/mocap4r2_marker_viz_srvs', 'env': OrderedDict([('LESSOPEN', '| /usr/bin/lesspipe %s'), ('USER', 'airlab'), ('SSH_CLIENT', '192.168.0.60 49912 22'), ('XDG_SESSION_TYPE', 'tty'), ('SHLVL', '1'), ('LD_LIBRARY_PATH', '/usr/local/cuda-11.4/lib64:/usr/local/cuda-11.4/lib64:/usr/local/cuda-11.4/lib64:/home/airlab/seed25/ros_packages/mocap4r2_ws/install/mocap4r2_robot_gt_msgs/lib:/home/airlab/seed25/ros_packages/mocap4r2_ws/install/mocap4r2_msgs/lib:/home/airlab/seed25/ros_packages/mocap4r2_ws/install/mocap4r2_marker_viz_srvs/lib:/home/airlab/seed25/ros_packages/mocap4r2_ws/install/mocap4r2_control/lib:/home/airlab/seed25/ros_packages/mocap4r2_ws/install/mocap4r2_control_msgs/lib:/opt/ros/foxy/opt/yaml_cpp_vendor/lib:/opt/ros/foxy/opt/rviz_ogre_vendor/lib:/opt/ros/foxy/lib/aarch64-linux-gnu:/opt/ros/foxy/lib:/usr/local/cuda-11.4/lib64:'), ('MOTD_SHOWN', 'pam'), ('HOME', '/home/airlab'), ('OLDPWD', '/home/airlab/seed25/ros_packages'), ('SSH_TTY', '/dev/pts/0'), ('JETSON_L4T', '35.6.1'), ('ROS_PYTHON_VERSION', '3'), ('JETSON_MODEL', 'NVIDIA Orin NX Developer Kit'), ('DBUS_SESSION_BUS_ADDRESS', 'unix:path=/run/user/1000/bus'), ('COLCON_PREFIX_PATH', '/home/airlab/seed25/ros_packages/mocap4r2_ws/install:/home/airlab/seed25/ros_packages/seed_controller_ws/install'), ('ROS_DISTRO', 'foxy'), ('LOGNAME', 'airlab'), ('JETSON_MODULE', 'NVIDIA Jetson Orin NX (16GB ram)'), ('JETSON_SERIAL_NUMBER', '1425023203559'), ('_', '/usr/bin/colcon'), ('ROS_VERSION', '2'), ('JETSON_CODENAME', 'P3768'), ('XDG_SESSION_CLASS', 'user'), ('TERM', 'xterm'), ('XDG_SESSION_ID', '3'), ('ROS_LOCALHOST_ONLY', '0'), ('PATH', '/usr/local/cuda-11.4/bin:/usr/local/cuda-11.4/bin:/usr/local/cuda-11.4/bin:/home/airlab/.local/bin:/opt/ros/foxy/bin:/usr/local/cuda-11.4/bin:/usr/local/sbin:/usr/local/bin:/usr/sbin:/usr/bin:/sbin:/bin:/usr/games:/usr/local/games:/snap/bin'), ('XDG_RUNTIME_DIR', '/run/user/1000'), ('DISPLAY', 'localhost:10.0'), ('LANG', 'en_US.UTF-8'), ('LS_COLORS', 'rs=0:di=01;34:ln=01;36:mh=00:pi=40;33:so=01;35:do=01;35:bd=40;33;01:cd=40;33;01:or=40;31;01:mi=00:su=37;41:sg=30;43:ca=30;41:tw=30;42:ow=34;42:st=37;44:ex=01;32:*.tar=01;31:*.tgz=01;31:*.arc=01;31:*.arj=01;31:*.taz=01;31:*.lha=01;31:*.lz4=01;31:*.lzh=01;31:*.lzma=01;31:*.tlz=01;31:*.txz=01;31:*.tzo=01;31:*.t7z=01;31:*.zip=01;31:*.z=01;31:*.dz=01;31:*.gz=01;31:*.lrz=01;31:*.lz=01;31:*.lzo=01;31:*.xz=01;31:*.zst=01;31:*.tzst=01;31:*.bz2=01;31:*.bz=01;31:*.tbz=01;31:*.tbz2=01;31:*.tz=01;31:*.deb=01;31:*.rpm=01;31:*.jar=01;31:*.war=01;31:*.ear=01;31:*.sar=01;31:*.rar=01;31:*.alz=01;31:*.ace=01;31:*.zoo=01;31:*.cpio=01;31:*.7z=01;31:*.rz=01;31:*.cab=01;31:*.wim=01;31:*.swm=01;31:*.dwm=01;31:*.esd=01;31:*.jpg=01;35:*.jpeg=01;35:*.mjpg=01;35:*.mjpeg=01;35:*.gif=01;35:*.bmp=01;35:*.pbm=01;35:*.pgm=01;35:*.ppm=01;35:*.tga=01;35:*.xbm=01;35:*.xpm=01;35:*.tif=01;35:*.tiff=01;35:*.png=01;35:*.svg=01;35:*.svgz=01;35:*.mng=01;35:*.pcx=01;35:*.mov=01;35:*.mpg=01;35:*.mpeg=01;35:*.m2v=01;35:*.mkv=01;35:*.webm=01;35:*.ogm=01;35:*.mp4=01;35:*.m4v=01;35:*.mp4v=01;35:*.vob=01;35:*.qt=01;35:*.nuv=01;35:*.wmv=01;35:*.asf=01;35:*.rm=01;35:*.rmvb=01;35:*.flc=01;35:*.avi=01;35:*.fli=01;35:*.flv=01;35:*.gl=01;35:*.dl=01;35:*.xcf=01;35:*.xwd=01;35:*.yuv=01;35:*.cgm=01;35:*.emf=01;35:*.ogv=01;35:*.ogx=01;35:*.aac=00;36:*.au=00;36:*.flac=00;36:*.m4a=00;36:*.mid=00;36:*.midi=00;36:*.mka=00;36:*.mp3=00;36:*.mpc=00;36:*.ogg=00;36:*.ra=00;36:*.wav=00;36:*.oga=00;36:*.opus=00;36:*.spx=00;36:*.xspf=00;36:'), ('JETSON_SOC', 'tegra23x'), ('ROS_DOMAIN_ID', '3'), ('AMENT_PREFIX_PATH', '/home/airlab/seed25/ros_packages/seed_controller_ws/install/mocap_listener:/home/airlab/seed25/ros_packages/mocap4r2_ws/install/mocap4r2cli:/home/airlab/seed25/ros_packages/mocap4r2_ws/install/mocap4r2_robot_gt_msgs:/home/airlab/seed25/ros_packages/mocap4r2_ws/install/mocap4r2_marker_viz:/home/airlab/seed25/ros_packages/mocap4r2_ws/install/mocap4r2_marker_publisher:/home/airlab/seed25/ros_packages/mocap4r2_ws/install/mocap4r2_msgs:/home/airlab/seed25/ros_packages/mocap4r2_ws/install/mocap4r2_marker_viz_srvs:/home/airlab/seed25/ros_packages/mocap4r2_ws/install/mocap4r2_control:/home/airlab/seed25/ros_packages/mocap4r2_ws/install/mocap4r2_control_msgs:/opt/ros/foxy'), ('SHELL', '/bin/bash'), ('LESSCLOSE', '/usr/bin/lesspipe %s %s'), ('JETSON_CUDA_ARCH_BIN', '8.7'), ('PWD', '/home/airlab/seed25/build/mocap4r2_marker_viz_srvs'), ('LC_ALL', 'en_US.UTF-8'), ('SSH_CONNECTION', '192.168.0.60 49912 192.168.0.136 22'), ('XDG_DATA_DIRS', '/usr/local/share:/usr/share:/var/lib/snapd/desktop'), ('PYTHONPATH', '/home/airlab/seed25/ros_packages/seed_controller_ws/install/mocap_listener/lib/python3.8/site-packages:/home/airlab/seed25/ros_packages/mocap4r2_ws/install/mocap4r2cli/lib/python3.8/site-packages:/home/airlab/seed25/ros_packages/mocap4r2_ws/install/mocap4r2_robot_gt_msgs/lib/python3.8/site-packages:/home/airlab/seed25/ros_packages/mocap4r2_ws/install/mocap4r2_msgs/lib/python3.8/site-packages:/home/airlab/seed25/ros_packages/mocap4r2_ws/install/mocap4r2_marker_viz_srvs/lib/python3.8/site-packages:/home/airlab/seed25/ros_packages/mocap4r2_ws/install/mocap4r2_control_msgs/lib/python3.8/site-packages:/opt/ros/foxy/lib/python3.8/site-packages'), ('COLCON', '1'), ('JETSON_JETPACK', '5.1.5'), ('CMAKE_PREFIX_PATH', '/home/airlab/seed25/ros_packages/mocap4r2_ws/install/mocap4r2_robot_gt_msgs:/home/airlab/seed25/ros_packages/mocap4r2_ws/install/mocap4r2_marker_viz:/home/airlab/seed25/ros_packages/mocap4r2_ws/install/mocap4r2_marker_publisher:/home/airlab/seed25/ros_packages/mocap4r2_ws/install/mocap4r2_msgs:/home/airlab/seed25/ros_packages/mocap4r2_ws/install/mocap4r2_marker_viz_srvs:/home/airlab/seed25/ros_packages/mocap4r2_ws/install/mocap4r2_control:/home/airlab/seed25/ros_packages/mocap4r2_ws/install/mocap4r2_control_msgs:/home/airlab/seed25/ros_packages/seed_controller_ws/install/mocap_listener:/home/airlab/seed25/ros_packages/mocap4r2_ws/install/mocap4r2cli:/opt/ros/foxy'), ('JETSON_P_NUMBER', 'p3767-0000')]), 'shell': False}
[3.910992] (-) TimerEvent: {}
[3.943336] (mocap4r2_marker_viz_srvs) StdoutLine: {'line': b'\x1b[35m\x1b[1mScanning dependencies of target mocap4r2_marker_viz_srvs__cpp\x1b[0m\n'}
[3.959795] (mocap4r2_marker_viz_srvs) StdoutLine: {'line': b'[  2%] \x1b[34m\x1b[1mGenerating C code for ROS interfaces\x1b[0m\n'}
[4.001727] (mocap4r2_msgs) StdoutLine: {'line': b'-- Configuring done\n'}
[4.011170] (-) TimerEvent: {}
[4.023871] (mocap4r2_robot_gt_msgs) StdoutLine: {'line': b'-- Configuring done\n'}
[4.030915] (mocap4r2_marker_viz_srvs) StdoutLine: {'line': b'[  5%] \x1b[34m\x1b[1mGenerating C++ code for ROS interfaces\x1b[0m\n'}
[4.046346] (mocap4r2_control_msgs) StdoutLine: {'line': b'-- Configuring done\n'}
[4.111331] (-) TimerEvent: {}
[4.131718] (mocap4r2_robot_gt_msgs) StdoutLine: {'line': b'-- Generating done\n'}
[4.157256] (mocap4r2_control_msgs) StdoutLine: {'line': b'-- Generating done\n'}
[4.174752] (mocap4r2_msgs) StdoutLine: {'line': b'-- Generating done\n'}
[4.188256] (mocap4r2_robot_gt_msgs) StdoutLine: {'line': b'-- Build files have been written to: /home/airlab/seed25/build/mocap4r2_robot_gt_msgs\n'}
[4.198520] (mocap4r2_control_msgs) StdoutLine: {'line': b'-- Build files have been written to: /home/airlab/seed25/build/mocap4r2_control_msgs\n'}
[4.211499] (-) TimerEvent: {}
[4.229875] (mocap4r2_control_msgs) CommandEnded: {'returncode': 0}
[4.231442] (mocap4r2_control_msgs) JobProgress: {'identifier': 'mocap4r2_control_msgs', 'progress': 'build'}
[4.232059] (mocap4r2_control_msgs) Command: {'cmd': ['/usr/bin/cmake', '--build', '/home/airlab/seed25/build/mocap4r2_control_msgs', '--', '-j4', '-l4'], 'cwd': '/home/airlab/seed25/build/mocap4r2_control_msgs', 'env': OrderedDict([('LESSOPEN', '| /usr/bin/lesspipe %s'), ('USER', 'airlab'), ('SSH_CLIENT', '192.168.0.60 49912 22'), ('XDG_SESSION_TYPE', 'tty'), ('SHLVL', '1'), ('LD_LIBRARY_PATH', '/usr/local/cuda-11.4/lib64:/usr/local/cuda-11.4/lib64:/usr/local/cuda-11.4/lib64:/home/airlab/seed25/ros_packages/mocap4r2_ws/install/mocap4r2_robot_gt_msgs/lib:/home/airlab/seed25/ros_packages/mocap4r2_ws/install/mocap4r2_msgs/lib:/home/airlab/seed25/ros_packages/mocap4r2_ws/install/mocap4r2_marker_viz_srvs/lib:/home/airlab/seed25/ros_packages/mocap4r2_ws/install/mocap4r2_control/lib:/home/airlab/seed25/ros_packages/mocap4r2_ws/install/mocap4r2_control_msgs/lib:/opt/ros/foxy/opt/yaml_cpp_vendor/lib:/opt/ros/foxy/opt/rviz_ogre_vendor/lib:/opt/ros/foxy/lib/aarch64-linux-gnu:/opt/ros/foxy/lib:/usr/local/cuda-11.4/lib64:'), ('MOTD_SHOWN', 'pam'), ('HOME', '/home/airlab'), ('OLDPWD', '/home/airlab/seed25/ros_packages'), ('SSH_TTY', '/dev/pts/0'), ('JETSON_L4T', '35.6.1'), ('ROS_PYTHON_VERSION', '3'), ('JETSON_MODEL', 'NVIDIA Orin NX Developer Kit'), ('DBUS_SESSION_BUS_ADDRESS', 'unix:path=/run/user/1000/bus'), ('COLCON_PREFIX_PATH', '/home/airlab/seed25/ros_packages/mocap4r2_ws/install:/home/airlab/seed25/ros_packages/seed_controller_ws/install'), ('ROS_DISTRO', 'foxy'), ('LOGNAME', 'airlab'), ('JETSON_MODULE', 'NVIDIA Jetson Orin NX (16GB ram)'), ('JETSON_SERIAL_NUMBER', '1425023203559'), ('_', '/usr/bin/colcon'), ('ROS_VERSION', '2'), ('JETSON_CODENAME', 'P3768'), ('XDG_SESSION_CLASS', 'user'), ('TERM', 'xterm'), ('XDG_SESSION_ID', '3'), ('ROS_LOCALHOST_ONLY', '0'), ('PATH', '/usr/local/cuda-11.4/bin:/usr/local/cuda-11.4/bin:/usr/local/cuda-11.4/bin:/home/airlab/.local/bin:/opt/ros/foxy/bin:/usr/local/cuda-11.4/bin:/usr/local/sbin:/usr/local/bin:/usr/sbin:/usr/bin:/sbin:/bin:/usr/games:/usr/local/games:/snap/bin'), ('XDG_RUNTIME_DIR', '/run/user/1000'), ('DISPLAY', 'localhost:10.0'), ('LANG', 'en_US.UTF-8'), ('LS_COLORS', 'rs=0:di=01;34:ln=01;36:mh=00:pi=40;33:so=01;35:do=01;35:bd=40;33;01:cd=40;33;01:or=40;31;01:mi=00:su=37;41:sg=30;43:ca=30;41:tw=30;42:ow=34;42:st=37;44:ex=01;32:*.tar=01;31:*.tgz=01;31:*.arc=01;31:*.arj=01;31:*.taz=01;31:*.lha=01;31:*.lz4=01;31:*.lzh=01;31:*.lzma=01;31:*.tlz=01;31:*.txz=01;31:*.tzo=01;31:*.t7z=01;31:*.zip=01;31:*.z=01;31:*.dz=01;31:*.gz=01;31:*.lrz=01;31:*.lz=01;31:*.lzo=01;31:*.xz=01;31:*.zst=01;31:*.tzst=01;31:*.bz2=01;31:*.bz=01;31:*.tbz=01;31:*.tbz2=01;31:*.tz=01;31:*.deb=01;31:*.rpm=01;31:*.jar=01;31:*.war=01;31:*.ear=01;31:*.sar=01;31:*.rar=01;31:*.alz=01;31:*.ace=01;31:*.zoo=01;31:*.cpio=01;31:*.7z=01;31:*.rz=01;31:*.cab=01;31:*.wim=01;31:*.swm=01;31:*.dwm=01;31:*.esd=01;31:*.jpg=01;35:*.jpeg=01;35:*.mjpg=01;35:*.mjpeg=01;35:*.gif=01;35:*.bmp=01;35:*.pbm=01;35:*.pgm=01;35:*.ppm=01;35:*.tga=01;35:*.xbm=01;35:*.xpm=01;35:*.tif=01;35:*.tiff=01;35:*.png=01;35:*.svg=01;35:*.svgz=01;35:*.mng=01;35:*.pcx=01;35:*.mov=01;35:*.mpg=01;35:*.mpeg=01;35:*.m2v=01;35:*.mkv=01;35:*.webm=01;35:*.ogm=01;35:*.mp4=01;35:*.m4v=01;35:*.mp4v=01;35:*.vob=01;35:*.qt=01;35:*.nuv=01;35:*.wmv=01;35:*.asf=01;35:*.rm=01;35:*.rmvb=01;35:*.flc=01;35:*.avi=01;35:*.fli=01;35:*.flv=01;35:*.gl=01;35:*.dl=01;35:*.xcf=01;35:*.xwd=01;35:*.yuv=01;35:*.cgm=01;35:*.emf=01;35:*.ogv=01;35:*.ogx=01;35:*.aac=00;36:*.au=00;36:*.flac=00;36:*.m4a=00;36:*.mid=00;36:*.midi=00;36:*.mka=00;36:*.mp3=00;36:*.mpc=00;36:*.ogg=00;36:*.ra=00;36:*.wav=00;36:*.oga=00;36:*.opus=00;36:*.spx=00;36:*.xspf=00;36:'), ('JETSON_SOC', 'tegra23x'), ('ROS_DOMAIN_ID', '3'), ('AMENT_PREFIX_PATH', '/home/airlab/seed25/ros_packages/seed_controller_ws/install/mocap_listener:/home/airlab/seed25/ros_packages/mocap4r2_ws/install/mocap4r2cli:/home/airlab/seed25/ros_packages/mocap4r2_ws/install/mocap4r2_robot_gt_msgs:/home/airlab/seed25/ros_packages/mocap4r2_ws/install/mocap4r2_marker_viz:/home/airlab/seed25/ros_packages/mocap4r2_ws/install/mocap4r2_marker_publisher:/home/airlab/seed25/ros_packages/mocap4r2_ws/install/mocap4r2_msgs:/home/airlab/seed25/ros_packages/mocap4r2_ws/install/mocap4r2_marker_viz_srvs:/home/airlab/seed25/ros_packages/mocap4r2_ws/install/mocap4r2_control:/home/airlab/seed25/ros_packages/mocap4r2_ws/install/mocap4r2_control_msgs:/opt/ros/foxy'), ('SHELL', '/bin/bash'), ('LESSCLOSE', '/usr/bin/lesspipe %s %s'), ('JETSON_CUDA_ARCH_BIN', '8.7'), ('PWD', '/home/airlab/seed25/build/mocap4r2_control_msgs'), ('LC_ALL', 'en_US.UTF-8'), ('SSH_CONNECTION', '192.168.0.60 49912 192.168.0.136 22'), ('XDG_DATA_DIRS', '/usr/local/share:/usr/share:/var/lib/snapd/desktop'), ('PYTHONPATH', '/home/airlab/seed25/ros_packages/seed_controller_ws/install/mocap_listener/lib/python3.8/site-packages:/home/airlab/seed25/ros_packages/mocap4r2_ws/install/mocap4r2cli/lib/python3.8/site-packages:/home/airlab/seed25/ros_packages/mocap4r2_ws/install/mocap4r2_robot_gt_msgs/lib/python3.8/site-packages:/home/airlab/seed25/ros_packages/mocap4r2_ws/install/mocap4r2_msgs/lib/python3.8/site-packages:/home/airlab/seed25/ros_packages/mocap4r2_ws/install/mocap4r2_marker_viz_srvs/lib/python3.8/site-packages:/home/airlab/seed25/ros_packages/mocap4r2_ws/install/mocap4r2_control_msgs/lib/python3.8/site-packages:/opt/ros/foxy/lib/python3.8/site-packages'), ('COLCON', '1'), ('JETSON_JETPACK', '5.1.5'), ('CMAKE_PREFIX_PATH', '/home/airlab/seed25/ros_packages/mocap4r2_ws/install/mocap4r2_robot_gt_msgs:/home/airlab/seed25/ros_packages/mocap4r2_ws/install/mocap4r2_marker_viz:/home/airlab/seed25/ros_packages/mocap4r2_ws/install/mocap4r2_marker_publisher:/home/airlab/seed25/ros_packages/mocap4r2_ws/install/mocap4r2_msgs:/home/airlab/seed25/ros_packages/mocap4r2_ws/install/mocap4r2_marker_viz_srvs:/home/airlab/seed25/ros_packages/mocap4r2_ws/install/mocap4r2_control:/home/airlab/seed25/ros_packages/mocap4r2_ws/install/mocap4r2_control_msgs:/home/airlab/seed25/ros_packages/seed_controller_ws/install/mocap_listener:/home/airlab/seed25/ros_packages/mocap4r2_ws/install/mocap4r2cli:/opt/ros/foxy'), ('JETSON_P_NUMBER', 'p3767-0000')]), 'shell': False}
[4.247944] (mocap4r2_msgs) StdoutLine: {'line': b'-- Build files have been written to: /home/airlab/seed25/build/mocap4r2_msgs\n'}
[4.265772] (mocap4r2_robot_gt_msgs) CommandEnded: {'returncode': 0}
[4.267257] (mocap4r2_robot_gt_msgs) JobProgress: {'identifier': 'mocap4r2_robot_gt_msgs', 'progress': 'build'}
[4.267856] (mocap4r2_robot_gt_msgs) Command: {'cmd': ['/usr/bin/cmake', '--build', '/home/airlab/seed25/build/mocap4r2_robot_gt_msgs', '--', '-j4', '-l4'], 'cwd': '/home/airlab/seed25/build/mocap4r2_robot_gt_msgs', 'env': OrderedDict([('LESSOPEN', '| /usr/bin/lesspipe %s'), ('USER', 'airlab'), ('SSH_CLIENT', '192.168.0.60 49912 22'), ('XDG_SESSION_TYPE', 'tty'), ('SHLVL', '1'), ('LD_LIBRARY_PATH', '/usr/local/cuda-11.4/lib64:/usr/local/cuda-11.4/lib64:/usr/local/cuda-11.4/lib64:/home/airlab/seed25/ros_packages/mocap4r2_ws/install/mocap4r2_robot_gt_msgs/lib:/home/airlab/seed25/ros_packages/mocap4r2_ws/install/mocap4r2_msgs/lib:/home/airlab/seed25/ros_packages/mocap4r2_ws/install/mocap4r2_marker_viz_srvs/lib:/home/airlab/seed25/ros_packages/mocap4r2_ws/install/mocap4r2_control/lib:/home/airlab/seed25/ros_packages/mocap4r2_ws/install/mocap4r2_control_msgs/lib:/opt/ros/foxy/opt/yaml_cpp_vendor/lib:/opt/ros/foxy/opt/rviz_ogre_vendor/lib:/opt/ros/foxy/lib/aarch64-linux-gnu:/opt/ros/foxy/lib:/usr/local/cuda-11.4/lib64:'), ('MOTD_SHOWN', 'pam'), ('HOME', '/home/airlab'), ('OLDPWD', '/home/airlab/seed25/ros_packages'), ('SSH_TTY', '/dev/pts/0'), ('JETSON_L4T', '35.6.1'), ('ROS_PYTHON_VERSION', '3'), ('JETSON_MODEL', 'NVIDIA Orin NX Developer Kit'), ('DBUS_SESSION_BUS_ADDRESS', 'unix:path=/run/user/1000/bus'), ('COLCON_PREFIX_PATH', '/home/airlab/seed25/ros_packages/mocap4r2_ws/install:/home/airlab/seed25/ros_packages/seed_controller_ws/install'), ('ROS_DISTRO', 'foxy'), ('LOGNAME', 'airlab'), ('JETSON_MODULE', 'NVIDIA Jetson Orin NX (16GB ram)'), ('JETSON_SERIAL_NUMBER', '1425023203559'), ('_', '/usr/bin/colcon'), ('ROS_VERSION', '2'), ('JETSON_CODENAME', 'P3768'), ('XDG_SESSION_CLASS', 'user'), ('TERM', 'xterm'), ('XDG_SESSION_ID', '3'), ('ROS_LOCALHOST_ONLY', '0'), ('PATH', '/usr/local/cuda-11.4/bin:/usr/local/cuda-11.4/bin:/usr/local/cuda-11.4/bin:/home/airlab/.local/bin:/opt/ros/foxy/bin:/usr/local/cuda-11.4/bin:/usr/local/sbin:/usr/local/bin:/usr/sbin:/usr/bin:/sbin:/bin:/usr/games:/usr/local/games:/snap/bin'), ('XDG_RUNTIME_DIR', '/run/user/1000'), ('DISPLAY', 'localhost:10.0'), ('LANG', 'en_US.UTF-8'), ('LS_COLORS', 'rs=0:di=01;34:ln=01;36:mh=00:pi=40;33:so=01;35:do=01;35:bd=40;33;01:cd=40;33;01:or=40;31;01:mi=00:su=37;41:sg=30;43:ca=30;41:tw=30;42:ow=34;42:st=37;44:ex=01;32:*.tar=01;31:*.tgz=01;31:*.arc=01;31:*.arj=01;31:*.taz=01;31:*.lha=01;31:*.lz4=01;31:*.lzh=01;31:*.lzma=01;31:*.tlz=01;31:*.txz=01;31:*.tzo=01;31:*.t7z=01;31:*.zip=01;31:*.z=01;31:*.dz=01;31:*.gz=01;31:*.lrz=01;31:*.lz=01;31:*.lzo=01;31:*.xz=01;31:*.zst=01;31:*.tzst=01;31:*.bz2=01;31:*.bz=01;31:*.tbz=01;31:*.tbz2=01;31:*.tz=01;31:*.deb=01;31:*.rpm=01;31:*.jar=01;31:*.war=01;31:*.ear=01;31:*.sar=01;31:*.rar=01;31:*.alz=01;31:*.ace=01;31:*.zoo=01;31:*.cpio=01;31:*.7z=01;31:*.rz=01;31:*.cab=01;31:*.wim=01;31:*.swm=01;31:*.dwm=01;31:*.esd=01;31:*.jpg=01;35:*.jpeg=01;35:*.mjpg=01;35:*.mjpeg=01;35:*.gif=01;35:*.bmp=01;35:*.pbm=01;35:*.pgm=01;35:*.ppm=01;35:*.tga=01;35:*.xbm=01;35:*.xpm=01;35:*.tif=01;35:*.tiff=01;35:*.png=01;35:*.svg=01;35:*.svgz=01;35:*.mng=01;35:*.pcx=01;35:*.mov=01;35:*.mpg=01;35:*.mpeg=01;35:*.m2v=01;35:*.mkv=01;35:*.webm=01;35:*.ogm=01;35:*.mp4=01;35:*.m4v=01;35:*.mp4v=01;35:*.vob=01;35:*.qt=01;35:*.nuv=01;35:*.wmv=01;35:*.asf=01;35:*.rm=01;35:*.rmvb=01;35:*.flc=01;35:*.avi=01;35:*.fli=01;35:*.flv=01;35:*.gl=01;35:*.dl=01;35:*.xcf=01;35:*.xwd=01;35:*.yuv=01;35:*.cgm=01;35:*.emf=01;35:*.ogv=01;35:*.ogx=01;35:*.aac=00;36:*.au=00;36:*.flac=00;36:*.m4a=00;36:*.mid=00;36:*.midi=00;36:*.mka=00;36:*.mp3=00;36:*.mpc=00;36:*.ogg=00;36:*.ra=00;36:*.wav=00;36:*.oga=00;36:*.opus=00;36:*.spx=00;36:*.xspf=00;36:'), ('JETSON_SOC', 'tegra23x'), ('ROS_DOMAIN_ID', '3'), ('AMENT_PREFIX_PATH', '/home/airlab/seed25/ros_packages/seed_controller_ws/install/mocap_listener:/home/airlab/seed25/ros_packages/mocap4r2_ws/install/mocap4r2cli:/home/airlab/seed25/ros_packages/mocap4r2_ws/install/mocap4r2_robot_gt_msgs:/home/airlab/seed25/ros_packages/mocap4r2_ws/install/mocap4r2_marker_viz:/home/airlab/seed25/ros_packages/mocap4r2_ws/install/mocap4r2_marker_publisher:/home/airlab/seed25/ros_packages/mocap4r2_ws/install/mocap4r2_msgs:/home/airlab/seed25/ros_packages/mocap4r2_ws/install/mocap4r2_marker_viz_srvs:/home/airlab/seed25/ros_packages/mocap4r2_ws/install/mocap4r2_control:/home/airlab/seed25/ros_packages/mocap4r2_ws/install/mocap4r2_control_msgs:/opt/ros/foxy'), ('SHELL', '/bin/bash'), ('LESSCLOSE', '/usr/bin/lesspipe %s %s'), ('JETSON_CUDA_ARCH_BIN', '8.7'), ('PWD', '/home/airlab/seed25/build/mocap4r2_robot_gt_msgs'), ('LC_ALL', 'en_US.UTF-8'), ('SSH_CONNECTION', '192.168.0.60 49912 192.168.0.136 22'), ('XDG_DATA_DIRS', '/usr/local/share:/usr/share:/var/lib/snapd/desktop'), ('PYTHONPATH', '/home/airlab/seed25/ros_packages/seed_controller_ws/install/mocap_listener/lib/python3.8/site-packages:/home/airlab/seed25/ros_packages/mocap4r2_ws/install/mocap4r2cli/lib/python3.8/site-packages:/home/airlab/seed25/ros_packages/mocap4r2_ws/install/mocap4r2_robot_gt_msgs/lib/python3.8/site-packages:/home/airlab/seed25/ros_packages/mocap4r2_ws/install/mocap4r2_msgs/lib/python3.8/site-packages:/home/airlab/seed25/ros_packages/mocap4r2_ws/install/mocap4r2_marker_viz_srvs/lib/python3.8/site-packages:/home/airlab/seed25/ros_packages/mocap4r2_ws/install/mocap4r2_control_msgs/lib/python3.8/site-packages:/opt/ros/foxy/lib/python3.8/site-packages'), ('COLCON', '1'), ('JETSON_JETPACK', '5.1.5'), ('CMAKE_PREFIX_PATH', '/home/airlab/seed25/ros_packages/mocap4r2_ws/install/mocap4r2_robot_gt_msgs:/home/airlab/seed25/ros_packages/mocap4r2_ws/install/mocap4r2_marker_viz:/home/airlab/seed25/ros_packages/mocap4r2_ws/install/mocap4r2_marker_publisher:/home/airlab/seed25/ros_packages/mocap4r2_ws/install/mocap4r2_msgs:/home/airlab/seed25/ros_packages/mocap4r2_ws/install/mocap4r2_marker_viz_srvs:/home/airlab/seed25/ros_packages/mocap4r2_ws/install/mocap4r2_control:/home/airlab/seed25/ros_packages/mocap4r2_ws/install/mocap4r2_control_msgs:/home/airlab/seed25/ros_packages/seed_controller_ws/install/mocap_listener:/home/airlab/seed25/ros_packages/mocap4r2_ws/install/mocap4r2cli:/opt/ros/foxy'), ('JETSON_P_NUMBER', 'p3767-0000')]), 'shell': False}
[4.286772] (mocap4r2_msgs) CommandEnded: {'returncode': 0}
[4.288973] (mocap4r2_msgs) JobProgress: {'identifier': 'mocap4r2_msgs', 'progress': 'build'}
[4.289071] (mocap4r2_msgs) Command: {'cmd': ['/usr/bin/cmake', '--build', '/home/airlab/seed25/build/mocap4r2_msgs', '--', '-j4', '-l4'], 'cwd': '/home/airlab/seed25/build/mocap4r2_msgs', 'env': OrderedDict([('LESSOPEN', '| /usr/bin/lesspipe %s'), ('USER', 'airlab'), ('SSH_CLIENT', '192.168.0.60 49912 22'), ('XDG_SESSION_TYPE', 'tty'), ('SHLVL', '1'), ('LD_LIBRARY_PATH', '/usr/local/cuda-11.4/lib64:/usr/local/cuda-11.4/lib64:/usr/local/cuda-11.4/lib64:/home/airlab/seed25/ros_packages/mocap4r2_ws/install/mocap4r2_robot_gt_msgs/lib:/home/airlab/seed25/ros_packages/mocap4r2_ws/install/mocap4r2_msgs/lib:/home/airlab/seed25/ros_packages/mocap4r2_ws/install/mocap4r2_marker_viz_srvs/lib:/home/airlab/seed25/ros_packages/mocap4r2_ws/install/mocap4r2_control/lib:/home/airlab/seed25/ros_packages/mocap4r2_ws/install/mocap4r2_control_msgs/lib:/opt/ros/foxy/opt/yaml_cpp_vendor/lib:/opt/ros/foxy/opt/rviz_ogre_vendor/lib:/opt/ros/foxy/lib/aarch64-linux-gnu:/opt/ros/foxy/lib:/usr/local/cuda-11.4/lib64:'), ('MOTD_SHOWN', 'pam'), ('HOME', '/home/airlab'), ('OLDPWD', '/home/airlab/seed25/ros_packages'), ('SSH_TTY', '/dev/pts/0'), ('JETSON_L4T', '35.6.1'), ('ROS_PYTHON_VERSION', '3'), ('JETSON_MODEL', 'NVIDIA Orin NX Developer Kit'), ('DBUS_SESSION_BUS_ADDRESS', 'unix:path=/run/user/1000/bus'), ('COLCON_PREFIX_PATH', '/home/airlab/seed25/ros_packages/mocap4r2_ws/install:/home/airlab/seed25/ros_packages/seed_controller_ws/install'), ('ROS_DISTRO', 'foxy'), ('LOGNAME', 'airlab'), ('JETSON_MODULE', 'NVIDIA Jetson Orin NX (16GB ram)'), ('JETSON_SERIAL_NUMBER', '1425023203559'), ('_', '/usr/bin/colcon'), ('ROS_VERSION', '2'), ('JETSON_CODENAME', 'P3768'), ('XDG_SESSION_CLASS', 'user'), ('TERM', 'xterm'), ('XDG_SESSION_ID', '3'), ('ROS_LOCALHOST_ONLY', '0'), ('PATH', '/usr/local/cuda-11.4/bin:/usr/local/cuda-11.4/bin:/usr/local/cuda-11.4/bin:/home/airlab/.local/bin:/opt/ros/foxy/bin:/usr/local/cuda-11.4/bin:/usr/local/sbin:/usr/local/bin:/usr/sbin:/usr/bin:/sbin:/bin:/usr/games:/usr/local/games:/snap/bin'), ('XDG_RUNTIME_DIR', '/run/user/1000'), ('DISPLAY', 'localhost:10.0'), ('LANG', 'en_US.UTF-8'), ('LS_COLORS', 'rs=0:di=01;34:ln=01;36:mh=00:pi=40;33:so=01;35:do=01;35:bd=40;33;01:cd=40;33;01:or=40;31;01:mi=00:su=37;41:sg=30;43:ca=30;41:tw=30;42:ow=34;42:st=37;44:ex=01;32:*.tar=01;31:*.tgz=01;31:*.arc=01;31:*.arj=01;31:*.taz=01;31:*.lha=01;31:*.lz4=01;31:*.lzh=01;31:*.lzma=01;31:*.tlz=01;31:*.txz=01;31:*.tzo=01;31:*.t7z=01;31:*.zip=01;31:*.z=01;31:*.dz=01;31:*.gz=01;31:*.lrz=01;31:*.lz=01;31:*.lzo=01;31:*.xz=01;31:*.zst=01;31:*.tzst=01;31:*.bz2=01;31:*.bz=01;31:*.tbz=01;31:*.tbz2=01;31:*.tz=01;31:*.deb=01;31:*.rpm=01;31:*.jar=01;31:*.war=01;31:*.ear=01;31:*.sar=01;31:*.rar=01;31:*.alz=01;31:*.ace=01;31:*.zoo=01;31:*.cpio=01;31:*.7z=01;31:*.rz=01;31:*.cab=01;31:*.wim=01;31:*.swm=01;31:*.dwm=01;31:*.esd=01;31:*.jpg=01;35:*.jpeg=01;35:*.mjpg=01;35:*.mjpeg=01;35:*.gif=01;35:*.bmp=01;35:*.pbm=01;35:*.pgm=01;35:*.ppm=01;35:*.tga=01;35:*.xbm=01;35:*.xpm=01;35:*.tif=01;35:*.tiff=01;35:*.png=01;35:*.svg=01;35:*.svgz=01;35:*.mng=01;35:*.pcx=01;35:*.mov=01;35:*.mpg=01;35:*.mpeg=01;35:*.m2v=01;35:*.mkv=01;35:*.webm=01;35:*.ogm=01;35:*.mp4=01;35:*.m4v=01;35:*.mp4v=01;35:*.vob=01;35:*.qt=01;35:*.nuv=01;35:*.wmv=01;35:*.asf=01;35:*.rm=01;35:*.rmvb=01;35:*.flc=01;35:*.avi=01;35:*.fli=01;35:*.flv=01;35:*.gl=01;35:*.dl=01;35:*.xcf=01;35:*.xwd=01;35:*.yuv=01;35:*.cgm=01;35:*.emf=01;35:*.ogv=01;35:*.ogx=01;35:*.aac=00;36:*.au=00;36:*.flac=00;36:*.m4a=00;36:*.mid=00;36:*.midi=00;36:*.mka=00;36:*.mp3=00;36:*.mpc=00;36:*.ogg=00;36:*.ra=00;36:*.wav=00;36:*.oga=00;36:*.opus=00;36:*.spx=00;36:*.xspf=00;36:'), ('JETSON_SOC', 'tegra23x'), ('ROS_DOMAIN_ID', '3'), ('AMENT_PREFIX_PATH', '/home/airlab/seed25/ros_packages/seed_controller_ws/install/mocap_listener:/home/airlab/seed25/ros_packages/mocap4r2_ws/install/mocap4r2cli:/home/airlab/seed25/ros_packages/mocap4r2_ws/install/mocap4r2_robot_gt_msgs:/home/airlab/seed25/ros_packages/mocap4r2_ws/install/mocap4r2_marker_viz:/home/airlab/seed25/ros_packages/mocap4r2_ws/install/mocap4r2_marker_publisher:/home/airlab/seed25/ros_packages/mocap4r2_ws/install/mocap4r2_msgs:/home/airlab/seed25/ros_packages/mocap4r2_ws/install/mocap4r2_marker_viz_srvs:/home/airlab/seed25/ros_packages/mocap4r2_ws/install/mocap4r2_control:/home/airlab/seed25/ros_packages/mocap4r2_ws/install/mocap4r2_control_msgs:/opt/ros/foxy'), ('SHELL', '/bin/bash'), ('LESSCLOSE', '/usr/bin/lesspipe %s %s'), ('JETSON_CUDA_ARCH_BIN', '8.7'), ('PWD', '/home/airlab/seed25/build/mocap4r2_msgs'), ('LC_ALL', 'en_US.UTF-8'), ('SSH_CONNECTION', '192.168.0.60 49912 192.168.0.136 22'), ('XDG_DATA_DIRS', '/usr/local/share:/usr/share:/var/lib/snapd/desktop'), ('PYTHONPATH', '/home/airlab/seed25/ros_packages/seed_controller_ws/install/mocap_listener/lib/python3.8/site-packages:/home/airlab/seed25/ros_packages/mocap4r2_ws/install/mocap4r2cli/lib/python3.8/site-packages:/home/airlab/seed25/ros_packages/mocap4r2_ws/install/mocap4r2_robot_gt_msgs/lib/python3.8/site-packages:/home/airlab/seed25/ros_packages/mocap4r2_ws/install/mocap4r2_msgs/lib/python3.8/site-packages:/home/airlab/seed25/ros_packages/mocap4r2_ws/install/mocap4r2_marker_viz_srvs/lib/python3.8/site-packages:/home/airlab/seed25/ros_packages/mocap4r2_ws/install/mocap4r2_control_msgs/lib/python3.8/site-packages:/opt/ros/foxy/lib/python3.8/site-packages'), ('COLCON', '1'), ('JETSON_JETPACK', '5.1.5'), ('CMAKE_PREFIX_PATH', '/home/airlab/seed25/ros_packages/mocap4r2_ws/install/mocap4r2_robot_gt_msgs:/home/airlab/seed25/ros_packages/mocap4r2_ws/install/mocap4r2_marker_viz:/home/airlab/seed25/ros_packages/mocap4r2_ws/install/mocap4r2_marker_publisher:/home/airlab/seed25/ros_packages/mocap4r2_ws/install/mocap4r2_msgs:/home/airlab/seed25/ros_packages/mocap4r2_ws/install/mocap4r2_marker_viz_srvs:/home/airlab/seed25/ros_packages/mocap4r2_ws/install/mocap4r2_control:/home/airlab/seed25/ros_packages/mocap4r2_ws/install/mocap4r2_control_msgs:/home/airlab/seed25/ros_packages/seed_controller_ws/install/mocap_listener:/home/airlab/seed25/ros_packages/mocap4r2_ws/install/mocap4r2cli:/opt/ros/foxy'), ('JETSON_P_NUMBER', 'p3767-0000')]), 'shell': False}
[4.311649] (-) TimerEvent: {}
[4.401728] (mocap4r2_robot_gt_msgs) StdoutLine: {'line': b'\x1b[35m\x1b[1mScanning dependencies of target mocap4r2_robot_gt_msgs__cpp\x1b[0m\n'}
[4.405643] (mocap4r2_control_msgs) StdoutLine: {'line': b'[  2%] \x1b[34m\x1b[1mGenerating C code for ROS interfaces\x1b[0m\n'}
[4.408145] (mocap4r2_robot_gt_msgs) StdoutLine: {'line': b'[  3%] \x1b[34m\x1b[1mGenerating C code for ROS interfaces\x1b[0m\n'}
[4.411752] (-) TimerEvent: {}
[4.421984] (mocap4r2_control_msgs) StdoutLine: {'line': b'\x1b[35m\x1b[1mScanning dependencies of target mocap4r2_control_msgs__cpp\x1b[0m\n'}
[4.462396] (mocap4r2_msgs) StdoutLine: {'line': b'[  1%] \x1b[34m\x1b[1mGenerating C code for ROS interfaces\x1b[0m\n'}
[4.479440] (mocap4r2_msgs) StdoutLine: {'line': b'\x1b[35m\x1b[1mScanning dependencies of target mocap4r2_msgs__cpp\x1b[0m\n'}
[4.498917] (mocap4r2_robot_gt_msgs) StdoutLine: {'line': b'[  6%] \x1b[34m\x1b[1mGenerating C++ code for ROS interfaces\x1b[0m\n'}
[4.511748] (mocap4r2_control_msgs) StdoutLine: {'line': b'[  5%] \x1b[34m\x1b[1mGenerating C++ code for ROS interfaces\x1b[0m\n'}
[4.512212] (-) TimerEvent: {}
[4.565775] (mocap4r2_msgs) StdoutLine: {'line': b'[  3%] \x1b[34m\x1b[1mGenerating C++ code for ROS interfaces\x1b[0m\n'}
[4.612405] (-) TimerEvent: {}
[4.713091] (-) TimerEvent: {}
[4.813752] (-) TimerEvent: {}
[4.914428] (-) TimerEvent: {}
[5.015141] (-) TimerEvent: {}
[5.115829] (-) TimerEvent: {}
[5.182984] (mocap4r2_marker_viz_srvs) StdoutLine: {'line': b'\x1b[35m\x1b[1mScanning dependencies of target mocap4r2_marker_viz_srvs__rosidl_generator_c\x1b[0m\n'}
[5.215997] (-) TimerEvent: {}
[5.297179] (mocap4r2_marker_viz_srvs) StdoutLine: {'line': b'[  7%] \x1b[32mBuilding C object CMakeFiles/mocap4r2_marker_viz_srvs__rosidl_generator_c.dir/rosidl_generator_c/mocap4r2_marker_viz_srvs/srv/detail/set_marker_color__functions.c.o\x1b[0m\n'}
[5.309697] (mocap4r2_marker_viz_srvs) StdoutLine: {'line': b'[ 10%] \x1b[32mBuilding C object CMakeFiles/mocap4r2_marker_viz_srvs__rosidl_generator_c.dir/rosidl_generator_c/mocap4r2_marker_viz_srvs/srv/detail/reset_marker_color__functions.c.o\x1b[0m\n'}
[5.316110] (-) TimerEvent: {}
[5.417135] (-) TimerEvent: {}
[5.471549] (mocap4r2_marker_viz_srvs) StdoutLine: {'line': b'[ 10%] Built target mocap4r2_marker_viz_srvs__cpp\n'}
[5.517314] (-) TimerEvent: {}
[5.581559] (mocap4r2_marker_viz_srvs) StdoutLine: {'line': b'[ 12%] \x1b[34m\x1b[1mGenerating C++ type support dispatch for ROS interfaces\x1b[0m\n'}
[5.596991] (mocap4r2_marker_viz_srvs) StdoutLine: {'line': b'[ 17%] \x1b[34m\x1b[1mGenerating C++ type support for eProsima Fast-RTPS\x1b[0m\n'}
[5.607655] (mocap4r2_marker_viz_srvs) StdoutLine: {'line': b'[ 17%] \x1b[34m\x1b[1mGenerating C++ introspection for ROS interfaces\x1b[0m\n'}
[5.617489] (-) TimerEvent: {}
[5.641966] (mocap4r2_robot_gt_msgs) StdoutLine: {'line': b'\x1b[35m\x1b[1mScanning dependencies of target mocap4r2_robot_gt_msgs__rosidl_generator_c\x1b[0m\n'}
[5.717661] (-) TimerEvent: {}
[5.734136] (mocap4r2_robot_gt_msgs) StdoutLine: {'line': b'[  9%] \x1b[32mBuilding C object CMakeFiles/mocap4r2_robot_gt_msgs__rosidl_generator_c.dir/rosidl_generator_c/mocap4r2_robot_gt_msgs/srv/detail/set_gt_origin__functions.c.o\x1b[0m\n'}
[5.753190] (mocap4r2_marker_viz_srvs) StdoutLine: {'line': b'[ 20%] \x1b[32m\x1b[1mLinking C shared library libmocap4r2_marker_viz_srvs__rosidl_generator_c.so\x1b[0m\n'}
[5.817818] (-) TimerEvent: {}
[5.900550] (mocap4r2_robot_gt_msgs) StdoutLine: {'line': b'[  9%] Built target mocap4r2_robot_gt_msgs__cpp\n'}
[5.918005] (-) TimerEvent: {}
[6.005581] (mocap4r2_robot_gt_msgs) StdoutLine: {'line': b'[ 12%] \x1b[34m\x1b[1mGenerating C++ introspection for ROS interfaces\x1b[0m\n'}
[6.016932] (mocap4r2_robot_gt_msgs) StdoutLine: {'line': b'[ 16%] \x1b[34m\x1b[1mGenerating C++ type support for eProsima Fast-RTPS\x1b[0m\n'}
[6.018102] (-) TimerEvent: {}
[6.051336] (mocap4r2_robot_gt_msgs) StdoutLine: {'line': b'[ 19%] \x1b[34m\x1b[1mGenerating C++ type support dispatch for ROS interfaces\x1b[0m\n'}
[6.079772] (mocap4r2_marker_viz_srvs) StdoutLine: {'line': b'[ 20%] Built target mocap4r2_marker_viz_srvs__rosidl_generator_c\n'}
[6.118292] (-) TimerEvent: {}
[6.121250] (mocap4r2_robot_gt_msgs) StdoutLine: {'line': b'[ 22%] \x1b[32m\x1b[1mLinking C shared library libmocap4r2_robot_gt_msgs__rosidl_generator_c.so\x1b[0m\n'}
[6.193601] (mocap4r2_marker_viz_srvs) StdoutLine: {'line': b'[ 23%] \x1b[34m\x1b[1mGenerating C introspection for ROS interfaces\x1b[0m\n'}
[6.218465] (-) TimerEvent: {}
[6.319576] (-) TimerEvent: {}
[6.340764] (mocap4r2_control_msgs) StdoutLine: {'line': b'\x1b[35m\x1b[1mScanning dependencies of target mocap4r2_control_msgs__rosidl_generator_c\x1b[0m\n'}
[6.419730] (-) TimerEvent: {}
[6.443091] (mocap4r2_control_msgs) StdoutLine: {'line': b'[  7%] \x1b[32mBuilding C object CMakeFiles/mocap4r2_control_msgs__rosidl_generator_c.dir/rosidl_generator_c/mocap4r2_control_msgs/msg/detail/mocap_info__functions.c.o\x1b[0m\n'}
[6.479788] (mocap4r2_robot_gt_msgs) StdoutLine: {'line': b'[ 22%] Built target mocap4r2_robot_gt_msgs__rosidl_generator_c\n'}
[6.487609] (mocap4r2_control_msgs) StdoutLine: {'line': b'[  7%] Built target mocap4r2_control_msgs__cpp\n'}
[6.488099] (mocap4r2_control_msgs) StdoutLine: {'line': b'[ 10%] \x1b[32mBuilding C object CMakeFiles/mocap4r2_control_msgs__rosidl_generator_c.dir/rosidl_generator_c/mocap4r2_control_msgs/msg/detail/control__functions.c.o\x1b[0m\n'}
[6.519898] (-) TimerEvent: {}
[6.571892] (mocap4r2_robot_gt_msgs) StdoutLine: {'line': b'[ 25%] \x1b[34m\x1b[1mGenerating C type support dispatch for ROS interfaces\x1b[0m\n'}
[6.582653] (mocap4r2_control_msgs) StdoutLine: {'line': b'[ 12%] \x1b[34m\x1b[1mGenerating C++ introspection for ROS interfaces\x1b[0m\n'}
[6.620055] (-) TimerEvent: {}
[6.631531] (mocap4r2_control_msgs) StdoutLine: {'line': b'[ 15%] \x1b[34m\x1b[1mGenerating C++ type support for eProsima Fast-RTPS\x1b[0m\n'}
[6.720211] (-) TimerEvent: {}
[6.821309] (-) TimerEvent: {}
[6.837380] (mocap4r2_control_msgs) StdoutLine: {'line': b'[ 17%] \x1b[34m\x1b[1mGenerating C++ type support dispatch for ROS interfaces\x1b[0m\n'}
[6.921476] (-) TimerEvent: {}
[7.005998] (mocap4r2_control_msgs) StdoutLine: {'line': b'[ 20%] \x1b[32m\x1b[1mLinking C shared library libmocap4r2_control_msgs__rosidl_generator_c.so\x1b[0m\n'}
[7.021649] (-) TimerEvent: {}
[7.122796] (-) TimerEvent: {}
[7.223987] (-) TimerEvent: {}
[7.325167] (-) TimerEvent: {}
[7.426282] (-) TimerEvent: {}
[7.443819] (mocap4r2_control_msgs) StdoutLine: {'line': b'[ 20%] Built target mocap4r2_control_msgs__rosidl_generator_c\n'}
[7.525390] (mocap4r2_marker_viz_srvs) StdoutLine: {'line': b'\x1b[35m\x1b[1mScanning dependencies of target mocap4r2_marker_viz_srvs__rosidl_typesupport_introspection_cpp\x1b[0m\n'}
[7.526367] (-) TimerEvent: {}
[7.596037] (mocap4r2_marker_viz_srvs) StdoutLine: {'line': b'\x1b[35m\x1b[1mScanning dependencies of target mocap4r2_marker_viz_srvs__rosidl_typesupport_cpp\x1b[0m\n'}
[7.596646] (mocap4r2_control_msgs) StdoutLine: {'line': b'[ 23%] \x1b[34m\x1b[1mGenerating C introspection for ROS interfaces\x1b[0m\n'}
[7.626550] (-) TimerEvent: {}
[7.687763] (mocap4r2_msgs) StdoutLine: {'line': b'[  3%] Built target mocap4r2_msgs__cpp\n'}
[7.688350] (mocap4r2_marker_viz_srvs) StdoutLine: {'line': b'[ 25%] \x1b[32mBuilding CXX object CMakeFiles/mocap4r2_marker_viz_srvs__rosidl_typesupport_introspection_cpp.dir/rosidl_typesupport_introspection_cpp/mocap4r2_marker_viz_srvs/srv/detail/set_marker_color__type_support.cpp.o\x1b[0m\n'}
[7.726730] (-) TimerEvent: {}
[7.751099] (mocap4r2_marker_viz_srvs) StdoutLine: {'line': b'[ 28%] \x1b[32mBuilding CXX object CMakeFiles/mocap4r2_marker_viz_srvs__rosidl_typesupport_cpp.dir/rosidl_typesupport_cpp/mocap4r2_marker_viz_srvs/srv/set_marker_color__type_support.cpp.o\x1b[0m\n'}
[7.762112] (mocap4r2_msgs) StdoutLine: {'line': b'[  4%] \x1b[34m\x1b[1mGenerating C++ introspection for ROS interfaces\x1b[0m\n'}
[7.826921] (-) TimerEvent: {}
[7.928121] (-) TimerEvent: {}
[7.938661] (mocap4r2_msgs) StdoutLine: {'line': b'[  6%] \x1b[34m\x1b[1mGenerating C++ type support for eProsima Fast-RTPS\x1b[0m\n'}
[8.028304] (-) TimerEvent: {}
[8.123907] (mocap4r2_msgs) StdoutLine: {'line': b'[  7%] \x1b[34m\x1b[1mGenerating C++ type support dispatch for ROS interfaces\x1b[0m\n'}
[8.128445] (-) TimerEvent: {}
[8.149990] (mocap4r2_robot_gt_msgs) StdoutLine: {'line': b'\x1b[35m\x1b[1mScanning dependencies of target mocap4r2_robot_gt_msgs__rosidl_typesupport_fastrtps_cpp\x1b[0m\n'}
[8.169007] (mocap4r2_msgs) StdoutLine: {'line': b'\x1b[35m\x1b[1mScanning dependencies of target mocap4r2_msgs__rosidl_generator_c\x1b[0m\n'}
[8.180174] (mocap4r2_robot_gt_msgs) StdoutLine: {'line': b'\x1b[35m\x1b[1mScanning dependencies of target mocap4r2_robot_gt_msgs__rosidl_typesupport_cpp\x1b[0m\n'}
[8.228622] (-) TimerEvent: {}
[8.234839] (mocap4r2_robot_gt_msgs) StdoutLine: {'line': b'\x1b[35m\x1b[1mScanning dependencies of target mocap4r2_robot_gt_msgs__rosidl_typesupport_c\x1b[0m\n'}
[8.278123] (mocap4r2_robot_gt_msgs) StdoutLine: {'line': b'[ 29%] \x1b[32mBuilding CXX object CMakeFiles/mocap4r2_robot_gt_msgs__rosidl_typesupport_fastrtps_cpp.dir/rosidl_typesupport_fastrtps_cpp/mocap4r2_robot_gt_msgs/srv/detail/dds_fastrtps/set_gt_origin__type_support.cpp.o\x1b[0m\n'}
[8.305892] (mocap4r2_robot_gt_msgs) StdoutLine: {'line': b'[ 32%] \x1b[32mBuilding CXX object CMakeFiles/mocap4r2_robot_gt_msgs__rosidl_typesupport_cpp.dir/rosidl_typesupport_cpp/mocap4r2_robot_gt_msgs/srv/set_gt_origin__type_support.cpp.o\x1b[0m\n'}
[8.328787] (-) TimerEvent: {}
[8.347128] (mocap4r2_msgs) StdoutLine: {'line': b'[  9%] \x1b[32mBuilding C object CMakeFiles/mocap4r2_msgs__rosidl_generator_c.dir/rosidl_generator_c/mocap4r2_msgs/msg/detail/marker__functions.c.o\x1b[0m\n'}
[8.347864] (mocap4r2_robot_gt_msgs) StdoutLine: {'line': b'\x1b[35m\x1b[1mScanning dependencies of target mocap4r2_robot_gt_msgs__rosidl_typesupport_introspection_cpp\x1b[0m\n'}
[8.428948] (-) TimerEvent: {}
[8.436186] (mocap4r2_marker_viz_srvs) StdoutLine: {'line': b'\x1b[35m\x1b[1mScanning dependencies of target mocap4r2_marker_viz_srvs__rosidl_typesupport_fastrtps_cpp\x1b[0m\n'}
[8.440358] (mocap4r2_robot_gt_msgs) StdoutLine: {'line': b'[ 35%] \x1b[32mBuilding CXX object CMakeFiles/mocap4r2_robot_gt_msgs__rosidl_typesupport_c.dir/rosidl_typesupport_c/mocap4r2_robot_gt_msgs/srv/set_gt_origin__type_support.cpp.o\x1b[0m\n'}
[8.516207] (mocap4r2_robot_gt_msgs) StdoutLine: {'line': b'[ 38%] \x1b[32mBuilding CXX object CMakeFiles/mocap4r2_robot_gt_msgs__rosidl_typesupport_introspection_cpp.dir/rosidl_typesupport_introspection_cpp/mocap4r2_robot_gt_msgs/srv/detail/set_gt_origin__type_support.cpp.o\x1b[0m\n'}
[8.529120] (-) TimerEvent: {}
[8.610876] (mocap4r2_marker_viz_srvs) StdoutLine: {'line': b'[ 30%] \x1b[32mBuilding CXX object CMakeFiles/mocap4r2_marker_viz_srvs__rosidl_typesupport_fastrtps_cpp.dir/rosidl_typesupport_fastrtps_cpp/mocap4r2_marker_viz_srvs/srv/detail/dds_fastrtps/set_marker_color__type_support.cpp.o\x1b[0m\n'}
[8.629318] (-) TimerEvent: {}
[8.729978] (-) TimerEvent: {}
[8.758998] (mocap4r2_robot_gt_msgs) StdoutLine: {'line': b'[ 41%] \x1b[32m\x1b[1mLinking CXX shared library libmocap4r2_robot_gt_msgs__rosidl_typesupport_c.so\x1b[0m\n'}
[8.812640] (mocap4r2_msgs) StdoutLine: {'line': b'[ 11%] \x1b[32mBuilding C object CMakeFiles/mocap4r2_msgs__rosidl_generator_c.dir/rosidl_generator_c/mocap4r2_msgs/msg/detail/markers__functions.c.o\x1b[0m\n'}
[8.830144] (-) TimerEvent: {}
[8.931454] (-) TimerEvent: {}
[9.032154] (-) TimerEvent: {}
[9.132956] (-) TimerEvent: {}
[9.191833] (mocap4r2_robot_gt_msgs) StdoutLine: {'line': b'[ 41%] Built target mocap4r2_robot_gt_msgs__rosidl_typesupport_c\n'}
[9.213841] (mocap4r2_marker_viz_srvs) StdoutLine: {'line': b'\x1b[35m\x1b[1mScanning dependencies of target mocap4r2_marker_viz_srvs__rosidl_typesupport_introspection_c\x1b[0m\n'}
[9.233128] (-) TimerEvent: {}
[9.270916] (mocap4r2_msgs) StdoutLine: {'line': b'[ 12%] \x1b[32mBuilding C object CMakeFiles/mocap4r2_msgs__rosidl_generator_c.dir/rosidl_generator_c/mocap4r2_msgs/msg/detail/imus_info__functions.c.o\x1b[0m\n'}
[9.327530] (mocap4r2_robot_gt_msgs) StdoutLine: {'line': b'[ 45%] \x1b[34m\x1b[1mGenerating C introspection for ROS interfaces\x1b[0m\n'}
[9.333290] (-) TimerEvent: {}
[9.388531] (mocap4r2_marker_viz_srvs) StdoutLine: {'line': b'[ 33%] \x1b[32mBuilding C object CMakeFiles/mocap4r2_marker_viz_srvs__rosidl_typesupport_introspection_c.dir/rosidl_typesupport_introspection_c/mocap4r2_marker_viz_srvs/srv/detail/set_marker_color__type_support.c.o\x1b[0m\n'}
[9.415506] (mocap4r2_control_msgs) StdoutLine: {'line': b'\x1b[35m\x1b[1mScanning dependencies of target mocap4r2_control_msgs__rosidl_typesupport_introspection_cpp\x1b[0m\n'}
[9.433479] (-) TimerEvent: {}
[9.468085] (mocap4r2_control_msgs) StdoutLine: {'line': b'\x1b[35m\x1b[1mScanning dependencies of target mocap4r2_control_msgs__rosidl_typesupport_cpp\x1b[0m\n'}
[9.533643] (-) TimerEvent: {}
[9.539044] (mocap4r2_control_msgs) StdoutLine: {'line': b'[ 25%] \x1b[32mBuilding CXX object CMakeFiles/mocap4r2_control_msgs__rosidl_typesupport_introspection_cpp.dir/rosidl_typesupport_introspection_cpp/mocap4r2_control_msgs/msg/detail/control__type_support.cpp.o\x1b[0m\n'}
[9.599241] (mocap4r2_control_msgs) StdoutLine: {'line': b'[ 28%] \x1b[32mBuilding CXX object CMakeFiles/mocap4r2_control_msgs__rosidl_typesupport_cpp.dir/rosidl_typesupport_cpp/mocap4r2_control_msgs/msg/control__type_support.cpp.o\x1b[0m\n'}
[9.633827] (-) TimerEvent: {}
[9.644953] (mocap4r2_control_msgs) StdoutLine: {'line': b'\x1b[35m\x1b[1mScanning dependencies of target mocap4r2_control_msgs__rosidl_typesupport_fastrtps_cpp\x1b[0m\n'}
[9.678513] (mocap4r2_msgs) StdoutLine: {'line': b'[ 14%] \x1b[32mBuilding C object CMakeFiles/mocap4r2_msgs__rosidl_generator_c.dir/rosidl_generator_c/mocap4r2_msgs/msg/detail/rigid_body__functions.c.o\x1b[0m\n'}
[9.734025] (-) TimerEvent: {}
[9.787053] (mocap4r2_marker_viz_srvs) StdoutLine: {'line': b'[ 35%] \x1b[32mBuilding C object CMakeFiles/mocap4r2_marker_viz_srvs__rosidl_typesupport_introspection_c.dir/rosidl_typesupport_introspection_c/mocap4r2_marker_viz_srvs/srv/detail/reset_marker_color__type_support.c.o\x1b[0m\n'}
[9.832331] (mocap4r2_control_msgs) StdoutLine: {'line': b'[ 30%] \x1b[32mBuilding CXX object CMakeFiles/mocap4r2_control_msgs__rosidl_typesupport_fastrtps_cpp.dir/rosidl_typesupport_fastrtps_cpp/mocap4r2_control_msgs/msg/detail/dds_fastrtps/control__type_support.cpp.o\x1b[0m\n'}
[9.834136] (-) TimerEvent: {}
[9.935315] (-) TimerEvent: {}
[10.036597] (-) TimerEvent: {}
[10.137310] (-) TimerEvent: {}
[10.162424] (mocap4r2_marker_viz_srvs) StdoutLine: {'line': b'[ 38%] \x1b[32mBuilding CXX object CMakeFiles/mocap4r2_marker_viz_srvs__rosidl_typesupport_cpp.dir/rosidl_typesupport_cpp/mocap4r2_marker_viz_srvs/srv/reset_marker_color__type_support.cpp.o\x1b[0m\n'}
[10.186704] (mocap4r2_msgs) StdoutLine: {'line': b'[ 15%] \x1b[32mBuilding C object CMakeFiles/mocap4r2_msgs__rosidl_generator_c.dir/rosidl_generator_c/mocap4r2_msgs/msg/detail/rigid_bodies__functions.c.o\x1b[0m\n'}
[10.193696] (mocap4r2_marker_viz_srvs) StdoutLine: {'line': b'[ 41%] \x1b[32m\x1b[1mLinking C shared library libmocap4r2_marker_viz_srvs__rosidl_typesupport_introspection_c.so\x1b[0m\n'}
[10.237481] (-) TimerEvent: {}
[10.338565] (-) TimerEvent: {}
[10.439806] (-) TimerEvent: {}
[10.457719] (mocap4r2_control_msgs) StdoutLine: {'line': b'\x1b[35m\x1b[1mScanning dependencies of target mocap4r2_control_msgs__rosidl_typesupport_introspection_c\x1b[0m\n'}
[10.531894] (mocap4r2_marker_viz_srvs) StdoutLine: {'line': b'[ 41%] Built target mocap4r2_marker_viz_srvs__rosidl_typesupport_introspection_c\n'}
[10.539997] (-) TimerEvent: {}
[10.594433] (mocap4r2_control_msgs) StdoutLine: {'line': b'[ 33%] \x1b[32mBuilding C object CMakeFiles/mocap4r2_control_msgs__rosidl_typesupport_introspection_c.dir/rosidl_typesupport_introspection_c/mocap4r2_control_msgs/msg/detail/control__type_support.c.o\x1b[0m\n'}
[10.636776] (mocap4r2_marker_viz_srvs) StdoutLine: {'line': b'[ 43%] \x1b[34m\x1b[1mGenerating C type support dispatch for ROS interfaces\x1b[0m\n'}
[10.640149] (-) TimerEvent: {}
[10.688260] (mocap4r2_msgs) StdoutLine: {'line': b'[ 17%] \x1b[32m\x1b[1mLinking C shared library libmocap4r2_msgs__rosidl_generator_c.so\x1b[0m\n'}
[10.700483] (mocap4r2_marker_viz_srvs) StdoutLine: {'line': b'[ 46%] \x1b[32mBuilding CXX object CMakeFiles/mocap4r2_marker_viz_srvs__rosidl_typesupport_introspection_cpp.dir/rosidl_typesupport_introspection_cpp/mocap4r2_marker_viz_srvs/srv/detail/reset_marker_color__type_support.cpp.o\x1b[0m\n'}
[10.740331] (-) TimerEvent: {}
[10.841050] (-) TimerEvent: {}
[10.942292] (-) TimerEvent: {}
[10.951770] (mocap4r2_robot_gt_msgs) StdoutLine: {'line': b'[ 48%] \x1b[32m\x1b[1mLinking CXX shared library libmocap4r2_robot_gt_msgs__rosidl_typesupport_cpp.so\x1b[0m\n'}
[10.991679] (mocap4r2_control_msgs) StdoutLine: {'line': b'[ 35%] \x1b[32mBuilding C object CMakeFiles/mocap4r2_control_msgs__rosidl_typesupport_introspection_c.dir/rosidl_typesupport_introspection_c/mocap4r2_control_msgs/msg/detail/mocap_info__type_support.c.o\x1b[0m\n'}
[11.042484] (-) TimerEvent: {}
[11.127624] (mocap4r2_msgs) StdoutLine: {'line': b'[ 17%] Built target mocap4r2_msgs__rosidl_generator_c\n'}
[11.142703] (-) TimerEvent: {}
[11.243919] (-) TimerEvent: {}
[11.297860] (mocap4r2_control_msgs) StdoutLine: {'line': b'[ 38%] \x1b[32m\x1b[1mLinking C shared library libmocap4r2_control_msgs__rosidl_typesupport_introspection_c.so\x1b[0m\n'}
[11.344123] (-) TimerEvent: {}
[11.350924] (mocap4r2_robot_gt_msgs) StdoutLine: {'line': b'[ 48%] Built target mocap4r2_robot_gt_msgs__rosidl_typesupport_cpp\n'}
[11.374073] (mocap4r2_msgs) StdoutLine: {'line': b'[ 19%] \x1b[34m\x1b[1mGenerating C introspection for ROS interfaces\x1b[0m\n'}
[11.406604] (mocap4r2_msgs) StdoutLine: {'line': b'\x1b[35m\x1b[1mScanning dependencies of target mocap4r2_msgs__rosidl_typesupport_cpp\x1b[0m\n'}
[11.444283] (-) TimerEvent: {}
[11.474313] (mocap4r2_robot_gt_msgs) StdoutLine: {'line': b'[ 51%] \x1b[32m\x1b[1mLinking CXX shared library libmocap4r2_robot_gt_msgs__rosidl_typesupport_introspection_cpp.so\x1b[0m\n'}
[11.477429] (mocap4r2_msgs) StdoutLine: {'line': b'\x1b[35m\x1b[1mScanning dependencies of target mocap4r2_msgs__rosidl_typesupport_introspection_cpp\x1b[0m\n'}
[11.544482] (-) TimerEvent: {}
[11.578513] (mocap4r2_msgs) StdoutLine: {'line': b'[ 20%] \x1b[32mBuilding CXX object CMakeFiles/mocap4r2_msgs__rosidl_typesupport_cpp.dir/rosidl_typesupport_cpp/mocap4r2_msgs/msg/marker__type_support.cpp.o\x1b[0m\n'}
[11.604973] (mocap4r2_msgs) StdoutLine: {'line': b'[ 22%] \x1b[32mBuilding CXX object CMakeFiles/mocap4r2_msgs__rosidl_typesupport_introspection_cpp.dir/rosidl_typesupport_introspection_cpp/mocap4r2_msgs/msg/detail/marker__type_support.cpp.o\x1b[0m\n'}
[11.644671] (-) TimerEvent: {}
[11.682480] (mocap4r2_control_msgs) StdoutLine: {'line': b'[ 38%] Built target mocap4r2_control_msgs__rosidl_typesupport_introspection_c\n'}
[11.702136] (mocap4r2_robot_gt_msgs) StdoutLine: {'line': b'\x1b[35m\x1b[1mScanning dependencies of target mocap4r2_robot_gt_msgs__rosidl_typesupport_introspection_c\x1b[0m\n'}
[11.744882] (-) TimerEvent: {}
[11.806786] (mocap4r2_control_msgs) StdoutLine: {'line': b'[ 41%] \x1b[32mBuilding CXX object CMakeFiles/mocap4r2_control_msgs__rosidl_typesupport_fastrtps_cpp.dir/rosidl_typesupport_fastrtps_cpp/mocap4r2_control_msgs/msg/detail/dds_fastrtps/mocap_info__type_support.cpp.o\x1b[0m\n'}
[11.845059] (-) TimerEvent: {}
[11.884100] (mocap4r2_robot_gt_msgs) StdoutLine: {'line': b'[ 54%] \x1b[32mBuilding C object CMakeFiles/mocap4r2_robot_gt_msgs__rosidl_typesupport_introspection_c.dir/rosidl_typesupport_introspection_c/mocap4r2_robot_gt_msgs/srv/detail/set_gt_origin__type_support.c.o\x1b[0m\n'}
[11.912205] (mocap4r2_robot_gt_msgs) StdoutLine: {'line': b'[ 54%] Built target mocap4r2_robot_gt_msgs__rosidl_typesupport_introspection_cpp\n'}
[11.945265] (-) TimerEvent: {}
[12.046549] (-) TimerEvent: {}
[12.147761] (-) TimerEvent: {}
[12.158670] (mocap4r2_msgs) StdoutLine: {'line': b'\x1b[35m\x1b[1mScanning dependencies of target mocap4r2_msgs__rosidl_typesupport_fastrtps_cpp\x1b[0m\n'}
[12.226347] (mocap4r2_robot_gt_msgs) StdoutLine: {'line': b'[ 58%] \x1b[32m\x1b[1mLinking C shared library libmocap4r2_robot_gt_msgs__rosidl_typesupport_introspection_c.so\x1b[0m\n'}
[12.247943] (-) TimerEvent: {}
[12.305449] (mocap4r2_msgs) StdoutLine: {'line': b'[ 23%] \x1b[32mBuilding CXX object CMakeFiles/mocap4r2_msgs__rosidl_typesupport_fastrtps_cpp.dir/rosidl_typesupport_fastrtps_cpp/mocap4r2_msgs/msg/detail/dds_fastrtps/marker__type_support.cpp.o\x1b[0m\n'}
[12.348125] (-) TimerEvent: {}
[12.449307] (-) TimerEvent: {}
[12.523569] (mocap4r2_robot_gt_msgs) StdoutLine: {'line': b'[ 58%] Built target mocap4r2_robot_gt_msgs__rosidl_typesupport_introspection_c\n'}
[12.549481] (-) TimerEvent: {}
[12.574168] (mocap4r2_robot_gt_msgs) StdoutLine: {'line': b'[ 61%] \x1b[32m\x1b[1mLinking CXX shared library libmocap4r2_robot_gt_msgs__rosidl_typesupport_fastrtps_cpp.so\x1b[0m\n'}
[12.586036] (mocap4r2_control_msgs) StdoutLine: {'line': b'[ 43%] \x1b[32mBuilding CXX object CMakeFiles/mocap4r2_control_msgs__rosidl_typesupport_cpp.dir/rosidl_typesupport_cpp/mocap4r2_control_msgs/msg/mocap_info__type_support.cpp.o\x1b[0m\n'}
[12.649668] (-) TimerEvent: {}
[12.750381] (-) TimerEvent: {}
[12.824057] (mocap4r2_marker_viz_srvs) StdoutLine: {'line': b'[ 48%] \x1b[32mBuilding CXX object CMakeFiles/mocap4r2_marker_viz_srvs__rosidl_typesupport_fastrtps_cpp.dir/rosidl_typesupport_fastrtps_cpp/mocap4r2_marker_viz_srvs/srv/detail/dds_fastrtps/reset_marker_color__type_support.cpp.o\x1b[0m\n'}
[12.850595] (-) TimerEvent: {}
[12.937195] (mocap4r2_control_msgs) StdoutLine: {'line': b'[ 46%] \x1b[32mBuilding CXX object CMakeFiles/mocap4r2_control_msgs__rosidl_typesupport_introspection_cpp.dir/rosidl_typesupport_introspection_cpp/mocap4r2_control_msgs/msg/detail/mocap_info__type_support.cpp.o\x1b[0m\n'}
[12.950775] (-) TimerEvent: {}
[13.044021] (mocap4r2_marker_viz_srvs) StdoutLine: {'line': b'[ 51%] \x1b[32m\x1b[1mLinking CXX shared library libmocap4r2_marker_viz_srvs__rosidl_typesupport_cpp.so\x1b[0m\n'}
[13.050965] (-) TimerEvent: {}
[13.114765] (mocap4r2_marker_viz_srvs) StdoutLine: {'line': b'\x1b[35m\x1b[1mScanning dependencies of target mocap4r2_marker_viz_srvs__rosidl_typesupport_c\x1b[0m\n'}
[13.151168] (-) TimerEvent: {}
[13.247653] (mocap4r2_marker_viz_srvs) StdoutLine: {'line': b'[ 53%] \x1b[32mBuilding CXX object CMakeFiles/mocap4r2_marker_viz_srvs__rosidl_typesupport_c.dir/rosidl_typesupport_c/mocap4r2_marker_viz_srvs/srv/set_marker_color__type_support.cpp.o\x1b[0m\n'}
[13.251316] (-) TimerEvent: {}
[13.267402] (mocap4r2_marker_viz_srvs) StdoutLine: {'line': b'[ 56%] \x1b[32m\x1b[1mLinking CXX shared library libmocap4r2_marker_viz_srvs__rosidl_typesupport_introspection_cpp.so\x1b[0m\n'}
[13.351308] (mocap4r2_marker_viz_srvs) StdoutLine: {'line': b'[ 56%] Built target mocap4r2_marker_viz_srvs__rosidl_typesupport_cpp\n'}
[13.351804] (-) TimerEvent: {}
[13.436054] (mocap4r2_robot_gt_msgs) StdoutLine: {'line': b'[ 61%] Built target mocap4r2_robot_gt_msgs__rosidl_typesupport_fastrtps_cpp\n'}
[13.452038] (-) TimerEvent: {}
[13.462948] (mocap4r2_marker_viz_srvs) StdoutLine: {'line': b'[ 58%] \x1b[32mBuilding CXX object CMakeFiles/mocap4r2_marker_viz_srvs__rosidl_typesupport_c.dir/rosidl_typesupport_c/mocap4r2_marker_viz_srvs/srv/reset_marker_color__type_support.cpp.o\x1b[0m\n'}
[13.544939] (mocap4r2_robot_gt_msgs) StdoutLine: {'line': b'[ 64%] \x1b[34m\x1b[1mGenerating C type support for eProsima Fast-RTPS\x1b[0m\n'}
[13.552220] (-) TimerEvent: {}
[13.653010] (-) TimerEvent: {}
[13.738594] (mocap4r2_marker_viz_srvs) StdoutLine: {'line': b'[ 61%] \x1b[32m\x1b[1mLinking CXX shared library libmocap4r2_marker_viz_srvs__rosidl_typesupport_c.so\x1b[0m\n'}
[13.753180] (-) TimerEvent: {}
[13.810592] (mocap4r2_msgs) StdoutLine: {'line': b'[ 25%] \x1b[32mBuilding CXX object CMakeFiles/mocap4r2_msgs__rosidl_typesupport_cpp.dir/rosidl_typesupport_cpp/mocap4r2_msgs/msg/markers__type_support.cpp.o\x1b[0m\n'}
[13.842516] (mocap4r2_marker_viz_srvs) StdoutLine: {'line': b'[ 61%] Built target mocap4r2_marker_viz_srvs__rosidl_typesupport_introspection_cpp\n'}
[13.853383] (-) TimerEvent: {}
[13.897682] (mocap4r2_msgs) StdoutLine: {'line': b'[ 26%] \x1b[32mBuilding CXX object CMakeFiles/mocap4r2_msgs__rosidl_typesupport_introspection_cpp.dir/rosidl_typesupport_introspection_cpp/mocap4r2_msgs/msg/detail/markers__type_support.cpp.o\x1b[0m\n'}
[13.953609] (-) TimerEvent: {}
[14.022735] (mocap4r2_control_msgs) StdoutLine: {'line': b'[ 48%] \x1b[34m\x1b[1mGenerating C type support dispatch for ROS interfaces\x1b[0m\n'}
[14.053775] (-) TimerEvent: {}
[14.084020] (mocap4r2_marker_viz_srvs) StdoutLine: {'line': b'[ 61%] Built target mocap4r2_marker_viz_srvs__rosidl_typesupport_c\n'}
[14.153949] (-) TimerEvent: {}
[14.255436] (-) TimerEvent: {}
[14.300719] (mocap4r2_msgs) StdoutLine: {'line': b'\x1b[35m\x1b[1mScanning dependencies of target mocap4r2_msgs__rosidl_typesupport_introspection_c\x1b[0m\n'}
[14.355593] (-) TimerEvent: {}
[14.455894] (mocap4r2_msgs) StdoutLine: {'line': b'[ 28%] \x1b[32mBuilding C object CMakeFiles/mocap4r2_msgs__rosidl_typesupport_introspection_c.dir/rosidl_typesupport_introspection_c/mocap4r2_msgs/msg/detail/marker__type_support.c.o\x1b[0m\n'}
[14.456414] (-) TimerEvent: {}
[14.557429] (-) TimerEvent: {}
[14.622305] (mocap4r2_control_msgs) StdoutLine: {'line': b'[ 51%] \x1b[32m\x1b[1mLinking CXX shared library libmocap4r2_control_msgs__rosidl_typesupport_cpp.so\x1b[0m\n'}
[14.657598] (-) TimerEvent: {}
[14.699191] (mocap4r2_msgs) StdoutLine: {'line': b'[ 30%] \x1b[32mBuilding C object CMakeFiles/mocap4r2_msgs__rosidl_typesupport_introspection_c.dir/rosidl_typesupport_introspection_c/mocap4r2_msgs/msg/detail/markers__type_support.c.o\x1b[0m\n'}
[14.757789] (-) TimerEvent: {}
[14.858547] (-) TimerEvent: {}
[14.900952] (mocap4r2_control_msgs) StdoutLine: {'line': b'[ 51%] Built target mocap4r2_control_msgs__rosidl_typesupport_cpp\n'}
[14.904676] (mocap4r2_msgs) StdoutLine: {'line': b'[ 31%] \x1b[32mBuilding C object CMakeFiles/mocap4r2_msgs__rosidl_typesupport_introspection_c.dir/rosidl_typesupport_introspection_c/mocap4r2_msgs/msg/detail/imus_info__type_support.c.o\x1b[0m\n'}
[14.958734] (-) TimerEvent: {}
[15.003067] (mocap4r2_control_msgs) StdoutLine: {'line': b'[ 53%] \x1b[32m\x1b[1mLinking CXX shared library libmocap4r2_control_msgs__rosidl_typesupport_introspection_cpp.so\x1b[0m\n'}
[15.046171] (mocap4r2_robot_gt_msgs) StdoutLine: {'line': b'\x1b[35m\x1b[1mScanning dependencies of target mocap4r2_robot_gt_msgs__rosidl_typesupport_fastrtps_c\x1b[0m\n'}
[15.058942] (-) TimerEvent: {}
[15.082965] (mocap4r2_msgs) StdoutLine: {'line': b'[ 33%] \x1b[32mBuilding C object CMakeFiles/mocap4r2_msgs__rosidl_typesupport_introspection_c.dir/rosidl_typesupport_introspection_c/mocap4r2_msgs/msg/detail/rigid_body__type_support.c.o\x1b[0m\n'}
[15.083767] (mocap4r2_control_msgs) StdoutLine: {'line': b'[ 56%] \x1b[32m\x1b[1mLinking CXX shared library libmocap4r2_control_msgs__rosidl_typesupport_fastrtps_cpp.so\x1b[0m\n'}
[15.151048] (mocap4r2_robot_gt_msgs) StdoutLine: {'line': b'[ 67%] \x1b[32mBuilding CXX object CMakeFiles/mocap4r2_robot_gt_msgs__rosidl_typesupport_fastrtps_c.dir/rosidl_typesupport_fastrtps_c/mocap4r2_robot_gt_msgs/srv/detail/set_gt_origin__type_support_c.cpp.o\x1b[0m\n'}
[15.159441] (-) TimerEvent: {}
[15.165281] (mocap4r2_control_msgs) StdoutLine: {'line': b'\x1b[35m\x1b[1mScanning dependencies of target mocap4r2_control_msgs__rosidl_typesupport_c\x1b[0m\n'}
[15.259651] (-) TimerEvent: {}
[15.269030] (mocap4r2_control_msgs) StdoutLine: {'line': b'[ 58%] \x1b[32mBuilding CXX object CMakeFiles/mocap4r2_control_msgs__rosidl_typesupport_c.dir/rosidl_typesupport_c/mocap4r2_control_msgs/msg/control__type_support.cpp.o\x1b[0m\n'}
[15.280669] (mocap4r2_control_msgs) StdoutLine: {'line': b'[ 61%] \x1b[32mBuilding CXX object CMakeFiles/mocap4r2_control_msgs__rosidl_typesupport_c.dir/rosidl_typesupport_c/mocap4r2_control_msgs/msg/mocap_info__type_support.cpp.o\x1b[0m\n'}
[15.353795] (mocap4r2_msgs) StdoutLine: {'line': b'[ 34%] \x1b[32mBuilding C object CMakeFiles/mocap4r2_msgs__rosidl_typesupport_introspection_c.dir/rosidl_typesupport_introspection_c/mocap4r2_msgs/msg/detail/rigid_bodies__type_support.c.o\x1b[0m\n'}
[15.359835] (-) TimerEvent: {}
[15.406868] (mocap4r2_msgs) StdoutLine: {'line': b'[ 36%] \x1b[32mBuilding CXX object CMakeFiles/mocap4r2_msgs__rosidl_typesupport_cpp.dir/rosidl_typesupport_cpp/mocap4r2_msgs/msg/imus_info__type_support.cpp.o\x1b[0m\n'}
[15.436035] (mocap4r2_msgs) StdoutLine: {'line': b'[ 38%] \x1b[32mBuilding CXX object CMakeFiles/mocap4r2_msgs__rosidl_typesupport_fastrtps_cpp.dir/rosidl_typesupport_fastrtps_cpp/mocap4r2_msgs/msg/detail/dds_fastrtps/markers__type_support.cpp.o\x1b[0m\n'}
[15.454421] (mocap4r2_control_msgs) StdoutLine: {'line': b'[ 61%] Built target mocap4r2_control_msgs__rosidl_typesupport_introspection_cpp\n'}
[15.460000] (-) TimerEvent: {}
[15.491411] (mocap4r2_control_msgs) StdoutLine: {'line': b'[ 61%] Built target mocap4r2_control_msgs__rosidl_typesupport_fastrtps_cpp\n'}
[15.540351] (mocap4r2_control_msgs) StdoutLine: {'line': b'[ 64%] \x1b[32m\x1b[1mLinking CXX shared library libmocap4r2_control_msgs__rosidl_typesupport_c.so\x1b[0m\n'}
[15.560204] (-) TimerEvent: {}
[15.580375] (mocap4r2_msgs) StdoutLine: {'line': b'[ 39%] \x1b[32m\x1b[1mLinking C shared library libmocap4r2_msgs__rosidl_typesupport_introspection_c.so\x1b[0m\n'}
[15.602962] (mocap4r2_control_msgs) StdoutLine: {'line': b'[ 66%] \x1b[34m\x1b[1mGenerating C type support for eProsima Fast-RTPS\x1b[0m\n'}
[15.660378] (-) TimerEvent: {}
[15.749374] (mocap4r2_marker_viz_srvs) StdoutLine: {'line': b'[ 64%] \x1b[32m\x1b[1mLinking CXX shared library libmocap4r2_marker_viz_srvs__rosidl_typesupport_fastrtps_cpp.so\x1b[0m\n'}
[15.760547] (-) TimerEvent: {}
[15.772437] (mocap4r2_msgs) StdoutLine: {'line': b'[ 39%] Built target mocap4r2_msgs__rosidl_typesupport_introspection_c\n'}
[15.782503] (mocap4r2_control_msgs) StdoutLine: {'line': b'[ 66%] Built target mocap4r2_control_msgs__rosidl_typesupport_c\n'}
[15.818707] (mocap4r2_msgs) StdoutLine: {'line': b'[ 41%] \x1b[34m\x1b[1mGenerating C type support dispatch for ROS interfaces\x1b[0m\n'}
[15.860711] (-) TimerEvent: {}
[15.961420] (-) TimerEvent: {}
[16.062233] (-) TimerEvent: {}
[16.156027] (mocap4r2_msgs) StdoutLine: {'line': b'[ 42%] \x1b[32mBuilding CXX object CMakeFiles/mocap4r2_msgs__rosidl_typesupport_introspection_cpp.dir/rosidl_typesupport_introspection_cpp/mocap4r2_msgs/msg/detail/imus_info__type_support.cpp.o\x1b[0m\n'}
[16.162382] (-) TimerEvent: {}
[16.259875] (mocap4r2_marker_viz_srvs) StdoutLine: {'line': b'[ 64%] Built target mocap4r2_marker_viz_srvs__rosidl_typesupport_fastrtps_cpp\n'}
[16.262519] (-) TimerEvent: {}
[16.335652] (mocap4r2_marker_viz_srvs) StdoutLine: {'line': b'[ 66%] \x1b[34m\x1b[1mGenerating C type support for eProsima Fast-RTPS\x1b[0m\n'}
[16.362706] (-) TimerEvent: {}
[16.463945] (-) TimerEvent: {}
[16.565078] (-) TimerEvent: {}
[16.666254] (-) TimerEvent: {}
[16.676602] (mocap4r2_control_msgs) StdoutLine: {'line': b'\x1b[35m\x1b[1mScanning dependencies of target mocap4r2_control_msgs__rosidl_typesupport_fastrtps_c\x1b[0m\n'}
[16.737373] (mocap4r2_control_msgs) StdoutLine: {'line': b'[ 69%] \x1b[32mBuilding CXX object CMakeFiles/mocap4r2_control_msgs__rosidl_typesupport_fastrtps_c.dir/rosidl_typesupport_fastrtps_c/mocap4r2_control_msgs/msg/detail/mocap_info__type_support_c.cpp.o\x1b[0m\n'}
[16.762305] (mocap4r2_control_msgs) StdoutLine: {'line': b'[ 71%] \x1b[32mBuilding CXX object CMakeFiles/mocap4r2_control_msgs__rosidl_typesupport_fastrtps_c.dir/rosidl_typesupport_fastrtps_c/mocap4r2_control_msgs/msg/detail/control__type_support_c.cpp.o\x1b[0m\n'}
[16.766410] (-) TimerEvent: {}
[16.789102] (mocap4r2_msgs) StdoutLine: {'line': b'[ 44%] \x1b[32mBuilding CXX object CMakeFiles/mocap4r2_msgs__rosidl_typesupport_cpp.dir/rosidl_typesupport_cpp/mocap4r2_msgs/msg/rigid_body__type_support.cpp.o\x1b[0m\n'}
[16.830017] (mocap4r2_robot_gt_msgs) StdoutLine: {'line': b'[ 70%] \x1b[32m\x1b[1mLinking CXX shared library libmocap4r2_robot_gt_msgs__rosidl_typesupport_fastrtps_c.so\x1b[0m\n'}
[16.866598] (-) TimerEvent: {}
[16.967377] (-) TimerEvent: {}
[17.068124] (-) TimerEvent: {}
[17.168870] (-) TimerEvent: {}
[17.208258] (mocap4r2_msgs) StdoutLine: {'line': b'\x1b[35m\x1b[1mScanning dependencies of target mocap4r2_msgs__rosidl_typesupport_c\x1b[0m\n'}
[17.269028] (-) TimerEvent: {}
[17.283542] (mocap4r2_msgs) StdoutLine: {'line': b'[ 46%] \x1b[32mBuilding CXX object CMakeFiles/mocap4r2_msgs__rosidl_typesupport_fastrtps_cpp.dir/rosidl_typesupport_fastrtps_cpp/mocap4r2_msgs/msg/detail/dds_fastrtps/imus_info__type_support.cpp.o\x1b[0m\n'}
[17.313019] (mocap4r2_msgs) StdoutLine: {'line': b'[ 47%] \x1b[32mBuilding CXX object CMakeFiles/mocap4r2_msgs__rosidl_typesupport_c.dir/rosidl_typesupport_c/mocap4r2_msgs/msg/marker__type_support.cpp.o\x1b[0m\n'}
[17.339701] (mocap4r2_robot_gt_msgs) StdoutLine: {'line': b'[ 70%] Built target mocap4r2_robot_gt_msgs__rosidl_typesupport_fastrtps_c\n'}
[17.369215] (-) TimerEvent: {}
[17.411342] (mocap4r2_robot_gt_msgs) StdoutLine: {'line': b'\x1b[35m\x1b[1mScanning dependencies of target mocap4r2_robot_gt_msgs\x1b[0m\n'}
[17.469446] (-) TimerEvent: {}
[17.497022] (mocap4r2_msgs) StdoutLine: {'line': b'[ 49%] \x1b[32mBuilding CXX object CMakeFiles/mocap4r2_msgs__rosidl_typesupport_c.dir/rosidl_typesupport_c/mocap4r2_msgs/msg/markers__type_support.cpp.o\x1b[0m\n'}
[17.502570] (mocap4r2_robot_gt_msgs) StdoutLine: {'line': b'[ 70%] Built target mocap4r2_robot_gt_msgs\n'}
[17.569658] (-) TimerEvent: {}
[17.584963] (mocap4r2_robot_gt_msgs) StdoutLine: {'line': b'\x1b[35m\x1b[1mScanning dependencies of target mocap4r2_robot_gt_msgs__py\x1b[0m\n'}
[17.626345] (mocap4r2_marker_viz_srvs) StdoutLine: {'line': b'\x1b[35m\x1b[1mScanning dependencies of target mocap4r2_marker_viz_srvs__rosidl_typesupport_fastrtps_c\x1b[0m\n'}
[17.669863] (-) TimerEvent: {}
[17.677192] (mocap4r2_robot_gt_msgs) StdoutLine: {'line': b'[ 74%] \x1b[34m\x1b[1mGenerating Python code for ROS interfaces\x1b[0m\n'}
[17.694834] (mocap4r2_msgs) StdoutLine: {'line': b'[ 50%] \x1b[32mBuilding CXX object CMakeFiles/mocap4r2_msgs__rosidl_typesupport_c.dir/rosidl_typesupport_c/mocap4r2_msgs/msg/imus_info__type_support.cpp.o\x1b[0m\n'}
[17.723235] (mocap4r2_marker_viz_srvs) StdoutLine: {'line': b'[ 69%] \x1b[32mBuilding CXX object CMakeFiles/mocap4r2_marker_viz_srvs__rosidl_typesupport_fastrtps_c.dir/rosidl_typesupport_fastrtps_c/mocap4r2_marker_viz_srvs/srv/detail/set_marker_color__type_support_c.cpp.o\x1b[0m\n'}
[17.739475] (mocap4r2_marker_viz_srvs) StdoutLine: {'line': b'[ 71%] \x1b[32mBuilding CXX object CMakeFiles/mocap4r2_marker_viz_srvs__rosidl_typesupport_fastrtps_c.dir/rosidl_typesupport_fastrtps_c/mocap4r2_marker_viz_srvs/srv/detail/reset_marker_color__type_support_c.cpp.o\x1b[0m\n'}
[17.770030] (-) TimerEvent: {}
[17.812914] (mocap4r2_msgs) StdoutLine: {'line': b'[ 52%] \x1b[32mBuilding CXX object CMakeFiles/mocap4r2_msgs__rosidl_typesupport_introspection_cpp.dir/rosidl_typesupport_introspection_cpp/mocap4r2_msgs/msg/detail/rigid_body__type_support.cpp.o\x1b[0m\n'}
[17.870228] (-) TimerEvent: {}
[17.919550] (mocap4r2_msgs) StdoutLine: {'line': b'[ 53%] \x1b[32mBuilding CXX object CMakeFiles/mocap4r2_msgs__rosidl_typesupport_c.dir/rosidl_typesupport_c/mocap4r2_msgs/msg/rigid_body__type_support.cpp.o\x1b[0m\n'}
[17.970407] (-) TimerEvent: {}
[18.071492] (-) TimerEvent: {}
[18.114970] (mocap4r2_msgs) StdoutLine: {'line': b'[ 55%] \x1b[32mBuilding CXX object CMakeFiles/mocap4r2_msgs__rosidl_typesupport_c.dir/rosidl_typesupport_c/mocap4r2_msgs/msg/rigid_bodies__type_support.cpp.o\x1b[0m\n'}
[18.171658] (-) TimerEvent: {}
[18.272839] (-) TimerEvent: {}
[18.299806] (mocap4r2_msgs) StdoutLine: {'line': b'[ 57%] \x1b[32m\x1b[1mLinking CXX shared library libmocap4r2_msgs__rosidl_typesupport_c.so\x1b[0m\n'}
[18.373051] (-) TimerEvent: {}
[18.374125] (mocap4r2_msgs) StdoutLine: {'line': b'[ 58%] \x1b[32mBuilding CXX object CMakeFiles/mocap4r2_msgs__rosidl_typesupport_cpp.dir/rosidl_typesupport_cpp/mocap4r2_msgs/msg/rigid_bodies__type_support.cpp.o\x1b[0m\n'}
[18.463610] (mocap4r2_control_msgs) StdoutLine: {'line': b'[ 74%] \x1b[32m\x1b[1mLinking CXX shared library libmocap4r2_control_msgs__rosidl_typesupport_fastrtps_c.so\x1b[0m\n'}
[18.473236] (-) TimerEvent: {}
[18.540728] (mocap4r2_msgs) StdoutLine: {'line': b'[ 58%] Built target mocap4r2_msgs__rosidl_typesupport_c\n'}
[18.573398] (-) TimerEvent: {}
[18.657422] (mocap4r2_msgs) StdoutLine: {'line': b'[ 60%] \x1b[32mBuilding CXX object CMakeFiles/mocap4r2_msgs__rosidl_typesupport_introspection_cpp.dir/rosidl_typesupport_introspection_cpp/mocap4r2_msgs/msg/detail/rigid_bodies__type_support.cpp.o\x1b[0m\n'}
[18.673570] (-) TimerEvent: {}
[18.774712] (-) TimerEvent: {}
[18.876023] (-) TimerEvent: {}
[18.947709] (mocap4r2_control_msgs) StdoutLine: {'line': b'[ 74%] Built target mocap4r2_control_msgs__rosidl_typesupport_fastrtps_c\n'}
[18.976201] (-) TimerEvent: {}
[19.019179] (mocap4r2_control_msgs) StdoutLine: {'line': b'\x1b[35m\x1b[1mScanning dependencies of target mocap4r2_control_msgs\x1b[0m\n'}
[19.076377] (-) TimerEvent: {}
[19.095498] (mocap4r2_control_msgs) StdoutLine: {'line': b'[ 74%] Built target mocap4r2_control_msgs\n'}
[19.172637] (mocap4r2_control_msgs) StdoutLine: {'line': b'\x1b[35m\x1b[1mScanning dependencies of target mocap4r2_control_msgs__py\x1b[0m\n'}
[19.176531] (-) TimerEvent: {}
[19.271893] (mocap4r2_control_msgs) StdoutLine: {'line': b'[ 76%] \x1b[34m\x1b[1mGenerating Python code for ROS interfaces\x1b[0m\n'}
[19.276735] (-) TimerEvent: {}
[19.378031] (-) TimerEvent: {}
[19.479429] (-) TimerEvent: {}
[19.533459] (mocap4r2_msgs) StdoutLine: {'line': b'[ 61%] \x1b[32mBuilding CXX object CMakeFiles/mocap4r2_msgs__rosidl_typesupport_fastrtps_cpp.dir/rosidl_typesupport_fastrtps_cpp/mocap4r2_msgs/msg/detail/dds_fastrtps/rigid_body__type_support.cpp.o\x1b[0m\n'}
[19.579780] (-) TimerEvent: {}
[19.585918] (mocap4r2_marker_viz_srvs) StdoutLine: {'line': b'[ 74%] \x1b[32m\x1b[1mLinking CXX shared library libmocap4r2_marker_viz_srvs__rosidl_typesupport_fastrtps_c.so\x1b[0m\n'}
[19.679949] (-) TimerEvent: {}
[19.696315] (mocap4r2_msgs) StdoutLine: {'line': b'[ 63%] \x1b[32mBuilding CXX object CMakeFiles/mocap4r2_msgs__rosidl_typesupport_fastrtps_cpp.dir/rosidl_typesupport_fastrtps_cpp/mocap4r2_msgs/msg/detail/dds_fastrtps/rigid_bodies__type_support.cpp.o\x1b[0m\n'}
[19.780127] (-) TimerEvent: {}
[19.840223] (mocap4r2_robot_gt_msgs) StdoutLine: {'line': b'[ 74%] Built target mocap4r2_robot_gt_msgs__py\n'}
[19.880328] (-) TimerEvent: {}
[19.889260] (mocap4r2_msgs) StdoutLine: {'line': b'[ 65%] \x1b[32m\x1b[1mLinking CXX shared library libmocap4r2_msgs__rosidl_typesupport_cpp.so\x1b[0m\n'}
[19.912972] (mocap4r2_robot_gt_msgs) StdoutLine: {'line': b'\x1b[35m\x1b[1mScanning dependencies of target mocap4r2_robot_gt_msgs__python\x1b[0m\n'}
[19.980520] (-) TimerEvent: {}
[20.056051] (mocap4r2_robot_gt_msgs) StdoutLine: {'line': b'[ 77%] \x1b[32mBuilding C object CMakeFiles/mocap4r2_robot_gt_msgs__python.dir/rosidl_generator_py/mocap4r2_robot_gt_msgs/srv/_set_gt_origin_s.c.o\x1b[0m\n'}
[20.080676] (-) TimerEvent: {}
[20.116013] (mocap4r2_marker_viz_srvs) StdoutLine: {'line': b'[ 74%] Built target mocap4r2_marker_viz_srvs__rosidl_typesupport_fastrtps_c\n'}
[20.147676] (mocap4r2_msgs) StdoutLine: {'line': b'[ 65%] Built target mocap4r2_msgs__rosidl_typesupport_cpp\n'}
[20.180846] (-) TimerEvent: {}
[20.204179] (mocap4r2_marker_viz_srvs) StdoutLine: {'line': b'\x1b[35m\x1b[1mScanning dependencies of target mocap4r2_marker_viz_srvs\x1b[0m\n'}
[20.267683] (mocap4r2_marker_viz_srvs) StdoutLine: {'line': b'[ 74%] Built target mocap4r2_marker_viz_srvs\n'}
[20.281019] (-) TimerEvent: {}
[20.301453] (mocap4r2_msgs) StdoutLine: {'line': b'[ 66%] \x1b[32m\x1b[1mLinking CXX shared library libmocap4r2_msgs__rosidl_typesupport_introspection_cpp.so\x1b[0m\n'}
[20.346670] (mocap4r2_marker_viz_srvs) StdoutLine: {'line': b'\x1b[35m\x1b[1mScanning dependencies of target mocap4r2_marker_viz_srvs__py\x1b[0m\n'}
[20.381223] (-) TimerEvent: {}
[20.413459] (mocap4r2_marker_viz_srvs) StdoutLine: {'line': b'[ 76%] \x1b[34m\x1b[1mGenerating Python code for ROS interfaces\x1b[0m\n'}
[20.481399] (-) TimerEvent: {}
[20.554350] (mocap4r2_robot_gt_msgs) StdoutLine: {'line': b'[ 80%] \x1b[32m\x1b[1mLinking C shared library rosidl_generator_py/mocap4r2_robot_gt_msgs/libmocap4r2_robot_gt_msgs__python.so\x1b[0m\n'}
[20.580896] (mocap4r2_msgs) StdoutLine: {'line': b'[ 66%] Built target mocap4r2_msgs__rosidl_typesupport_introspection_cpp\n'}
[20.581388] (-) TimerEvent: {}
[20.681937] (-) TimerEvent: {}
[20.783240] (-) TimerEvent: {}
[20.784220] (mocap4r2_robot_gt_msgs) StdoutLine: {'line': b'[ 80%] Built target mocap4r2_robot_gt_msgs__python\n'}
[20.863039] (mocap4r2_robot_gt_msgs) StdoutLine: {'line': b'\x1b[35m\x1b[1mScanning dependencies of target mocap4r2_robot_gt_msgs__rosidl_typesupport_c__pyext\x1b[0m\n'}
[20.879874] (mocap4r2_robot_gt_msgs) StdoutLine: {'line': b'\x1b[35m\x1b[1mScanning dependencies of target mocap4r2_robot_gt_msgs__rosidl_typesupport_fastrtps_c__pyext\x1b[0m\n'}
[20.883352] (-) TimerEvent: {}
[20.884110] (mocap4r2_robot_gt_msgs) StdoutLine: {'line': b'\x1b[35m\x1b[1mScanning dependencies of target mocap4r2_robot_gt_msgs__rosidl_typesupport_introspection_c__pyext\x1b[0m\n'}
[20.950852] (mocap4r2_robot_gt_msgs) StdoutLine: {'line': b'[ 83%] \x1b[32mBuilding C object CMakeFiles/mocap4r2_robot_gt_msgs__rosidl_typesupport_introspection_c__pyext.dir/rosidl_generator_py/mocap4r2_robot_gt_msgs/_mocap4r2_robot_gt_msgs_s.ep.rosidl_typesupport_introspection_c.c.o\x1b[0m\n'}
[20.975659] (mocap4r2_robot_gt_msgs) StdoutLine: {'line': b'[ 87%] \x1b[32mBuilding C object CMakeFiles/mocap4r2_robot_gt_msgs__rosidl_typesupport_fastrtps_c__pyext.dir/rosidl_generator_py/mocap4r2_robot_gt_msgs/_mocap4r2_robot_gt_msgs_s.ep.rosidl_typesupport_fastrtps_c.c.o\x1b[0m\n'}
[20.978700] (mocap4r2_robot_gt_msgs) StdoutLine: {'line': b'[ 90%] \x1b[32mBuilding C object CMakeFiles/mocap4r2_robot_gt_msgs__rosidl_typesupport_c__pyext.dir/rosidl_generator_py/mocap4r2_robot_gt_msgs/_mocap4r2_robot_gt_msgs_s.ep.rosidl_typesupport_c.c.o\x1b[0m\n'}
[20.983519] (-) TimerEvent: {}
[21.084628] (-) TimerEvent: {}
[21.185779] (-) TimerEvent: {}
[21.201366] (mocap4r2_control_msgs) StdoutLine: {'line': b'[ 76%] Built target mocap4r2_control_msgs__py\n'}
[21.236594] (mocap4r2_robot_gt_msgs) StdoutLine: {'line': b'[ 93%] \x1b[32m\x1b[1mLinking C shared library rosidl_generator_py/mocap4r2_robot_gt_msgs/mocap4r2_robot_gt_msgs_s__rosidl_typesupport_introspection_c.cpython-38-aarch64-linux-gnu.so\x1b[0m\n'}
[21.251254] (mocap4r2_control_msgs) StdoutLine: {'line': b'\x1b[35m\x1b[1mScanning dependencies of target mocap4r2_control_msgs__python\x1b[0m\n'}
[21.271016] (mocap4r2_robot_gt_msgs) StdoutLine: {'line': b'[ 96%] \x1b[32m\x1b[1mLinking C shared library rosidl_generator_py/mocap4r2_robot_gt_msgs/mocap4r2_robot_gt_msgs_s__rosidl_typesupport_c.cpython-38-aarch64-linux-gnu.so\x1b[0m\n'}
[21.285931] (-) TimerEvent: {}
[21.328271] (mocap4r2_msgs) StdoutLine: {'line': b'[ 68%] \x1b[32m\x1b[1mLinking CXX shared library libmocap4r2_msgs__rosidl_typesupport_fastrtps_cpp.so\x1b[0m\n'}
[21.338128] (mocap4r2_robot_gt_msgs) StdoutLine: {'line': b'[100%] \x1b[32m\x1b[1mLinking CXX shared library rosidl_generator_py/mocap4r2_robot_gt_msgs/mocap4r2_robot_gt_msgs_s__rosidl_typesupport_fastrtps_c.cpython-38-aarch64-linux-gnu.so\x1b[0m\n'}
[21.360946] (mocap4r2_control_msgs) StdoutLine: {'line': b'[ 79%] \x1b[32mBuilding C object CMakeFiles/mocap4r2_control_msgs__python.dir/rosidl_generator_py/mocap4r2_control_msgs/msg/_control_s.c.o\x1b[0m\n'}
[21.374782] (mocap4r2_control_msgs) StdoutLine: {'line': b'[ 82%] \x1b[32mBuilding C object CMakeFiles/mocap4r2_control_msgs__python.dir/rosidl_generator_py/mocap4r2_control_msgs/msg/_mocap_info_s.c.o\x1b[0m\n'}
[21.386173] (mocap4r2_robot_gt_msgs) StdoutLine: {'line': b'[100%] Built target mocap4r2_robot_gt_msgs__rosidl_typesupport_introspection_c__pyext\n'}
[21.386675] (-) TimerEvent: {}
[21.464973] (mocap4r2_robot_gt_msgs) StdoutLine: {'line': b'[100%] Built target mocap4r2_robot_gt_msgs__rosidl_typesupport_c__pyext\n'}
[21.486899] (-) TimerEvent: {}
[21.551437] (mocap4r2_robot_gt_msgs) StdoutLine: {'line': b'[100%] Built target mocap4r2_robot_gt_msgs__rosidl_typesupport_fastrtps_c__pyext\n'}
[21.574496] (mocap4r2_msgs) StdoutLine: {'line': b'[ 68%] Built target mocap4r2_msgs__rosidl_typesupport_fastrtps_cpp\n'}
[21.587121] (-) TimerEvent: {}
[21.601216] (mocap4r2_msgs) StdoutLine: {'line': b'[ 69%] \x1b[34m\x1b[1mGenerating C type support for eProsima Fast-RTPS\x1b[0m\n'}
[21.607658] (mocap4r2_robot_gt_msgs) CommandEnded: {'returncode': 0}
[21.609576] (mocap4r2_robot_gt_msgs) JobProgress: {'identifier': 'mocap4r2_robot_gt_msgs', 'progress': 'install'}
[21.669752] (mocap4r2_robot_gt_msgs) Command: {'cmd': ['/usr/bin/cmake', '--install', '/home/airlab/seed25/build/mocap4r2_robot_gt_msgs'], 'cwd': '/home/airlab/seed25/build/mocap4r2_robot_gt_msgs', 'env': OrderedDict([('LESSOPEN', '| /usr/bin/lesspipe %s'), ('USER', 'airlab'), ('SSH_CLIENT', '192.168.0.60 49912 22'), ('XDG_SESSION_TYPE', 'tty'), ('SHLVL', '1'), ('LD_LIBRARY_PATH', '/usr/local/cuda-11.4/lib64:/usr/local/cuda-11.4/lib64:/usr/local/cuda-11.4/lib64:/home/airlab/seed25/ros_packages/mocap4r2_ws/install/mocap4r2_robot_gt_msgs/lib:/home/airlab/seed25/ros_packages/mocap4r2_ws/install/mocap4r2_msgs/lib:/home/airlab/seed25/ros_packages/mocap4r2_ws/install/mocap4r2_marker_viz_srvs/lib:/home/airlab/seed25/ros_packages/mocap4r2_ws/install/mocap4r2_control/lib:/home/airlab/seed25/ros_packages/mocap4r2_ws/install/mocap4r2_control_msgs/lib:/opt/ros/foxy/opt/yaml_cpp_vendor/lib:/opt/ros/foxy/opt/rviz_ogre_vendor/lib:/opt/ros/foxy/lib/aarch64-linux-gnu:/opt/ros/foxy/lib:/usr/local/cuda-11.4/lib64:'), ('MOTD_SHOWN', 'pam'), ('HOME', '/home/airlab'), ('OLDPWD', '/home/airlab/seed25/ros_packages'), ('SSH_TTY', '/dev/pts/0'), ('JETSON_L4T', '35.6.1'), ('ROS_PYTHON_VERSION', '3'), ('JETSON_MODEL', 'NVIDIA Orin NX Developer Kit'), ('DBUS_SESSION_BUS_ADDRESS', 'unix:path=/run/user/1000/bus'), ('COLCON_PREFIX_PATH', '/home/airlab/seed25/ros_packages/mocap4r2_ws/install:/home/airlab/seed25/ros_packages/seed_controller_ws/install'), ('ROS_DISTRO', 'foxy'), ('LOGNAME', 'airlab'), ('JETSON_MODULE', 'NVIDIA Jetson Orin NX (16GB ram)'), ('JETSON_SERIAL_NUMBER', '1425023203559'), ('_', '/usr/bin/colcon'), ('ROS_VERSION', '2'), ('JETSON_CODENAME', 'P3768'), ('XDG_SESSION_CLASS', 'user'), ('TERM', 'xterm'), ('XDG_SESSION_ID', '3'), ('ROS_LOCALHOST_ONLY', '0'), ('PATH', '/usr/local/cuda-11.4/bin:/usr/local/cuda-11.4/bin:/usr/local/cuda-11.4/bin:/home/airlab/.local/bin:/opt/ros/foxy/bin:/usr/local/cuda-11.4/bin:/usr/local/sbin:/usr/local/bin:/usr/sbin:/usr/bin:/sbin:/bin:/usr/games:/usr/local/games:/snap/bin'), ('XDG_RUNTIME_DIR', '/run/user/1000'), ('DISPLAY', 'localhost:10.0'), ('LANG', 'en_US.UTF-8'), ('LS_COLORS', 'rs=0:di=01;34:ln=01;36:mh=00:pi=40;33:so=01;35:do=01;35:bd=40;33;01:cd=40;33;01:or=40;31;01:mi=00:su=37;41:sg=30;43:ca=30;41:tw=30;42:ow=34;42:st=37;44:ex=01;32:*.tar=01;31:*.tgz=01;31:*.arc=01;31:*.arj=01;31:*.taz=01;31:*.lha=01;31:*.lz4=01;31:*.lzh=01;31:*.lzma=01;31:*.tlz=01;31:*.txz=01;31:*.tzo=01;31:*.t7z=01;31:*.zip=01;31:*.z=01;31:*.dz=01;31:*.gz=01;31:*.lrz=01;31:*.lz=01;31:*.lzo=01;31:*.xz=01;31:*.zst=01;31:*.tzst=01;31:*.bz2=01;31:*.bz=01;31:*.tbz=01;31:*.tbz2=01;31:*.tz=01;31:*.deb=01;31:*.rpm=01;31:*.jar=01;31:*.war=01;31:*.ear=01;31:*.sar=01;31:*.rar=01;31:*.alz=01;31:*.ace=01;31:*.zoo=01;31:*.cpio=01;31:*.7z=01;31:*.rz=01;31:*.cab=01;31:*.wim=01;31:*.swm=01;31:*.dwm=01;31:*.esd=01;31:*.jpg=01;35:*.jpeg=01;35:*.mjpg=01;35:*.mjpeg=01;35:*.gif=01;35:*.bmp=01;35:*.pbm=01;35:*.pgm=01;35:*.ppm=01;35:*.tga=01;35:*.xbm=01;35:*.xpm=01;35:*.tif=01;35:*.tiff=01;35:*.png=01;35:*.svg=01;35:*.svgz=01;35:*.mng=01;35:*.pcx=01;35:*.mov=01;35:*.mpg=01;35:*.mpeg=01;35:*.m2v=01;35:*.mkv=01;35:*.webm=01;35:*.ogm=01;35:*.mp4=01;35:*.m4v=01;35:*.mp4v=01;35:*.vob=01;35:*.qt=01;35:*.nuv=01;35:*.wmv=01;35:*.asf=01;35:*.rm=01;35:*.rmvb=01;35:*.flc=01;35:*.avi=01;35:*.fli=01;35:*.flv=01;35:*.gl=01;35:*.dl=01;35:*.xcf=01;35:*.xwd=01;35:*.yuv=01;35:*.cgm=01;35:*.emf=01;35:*.ogv=01;35:*.ogx=01;35:*.aac=00;36:*.au=00;36:*.flac=00;36:*.m4a=00;36:*.mid=00;36:*.midi=00;36:*.mka=00;36:*.mp3=00;36:*.mpc=00;36:*.ogg=00;36:*.ra=00;36:*.wav=00;36:*.oga=00;36:*.opus=00;36:*.spx=00;36:*.xspf=00;36:'), ('JETSON_SOC', 'tegra23x'), ('ROS_DOMAIN_ID', '3'), ('AMENT_PREFIX_PATH', '/home/airlab/seed25/ros_packages/seed_controller_ws/install/mocap_listener:/home/airlab/seed25/ros_packages/mocap4r2_ws/install/mocap4r2cli:/home/airlab/seed25/ros_packages/mocap4r2_ws/install/mocap4r2_robot_gt_msgs:/home/airlab/seed25/ros_packages/mocap4r2_ws/install/mocap4r2_marker_viz:/home/airlab/seed25/ros_packages/mocap4r2_ws/install/mocap4r2_marker_publisher:/home/airlab/seed25/ros_packages/mocap4r2_ws/install/mocap4r2_msgs:/home/airlab/seed25/ros_packages/mocap4r2_ws/install/mocap4r2_marker_viz_srvs:/home/airlab/seed25/ros_packages/mocap4r2_ws/install/mocap4r2_control:/home/airlab/seed25/ros_packages/mocap4r2_ws/install/mocap4r2_control_msgs:/opt/ros/foxy'), ('SHELL', '/bin/bash'), ('LESSCLOSE', '/usr/bin/lesspipe %s %s'), ('JETSON_CUDA_ARCH_BIN', '8.7'), ('PWD', '/home/airlab/seed25/build/mocap4r2_robot_gt_msgs'), ('LC_ALL', 'en_US.UTF-8'), ('SSH_CONNECTION', '192.168.0.60 49912 192.168.0.136 22'), ('XDG_DATA_DIRS', '/usr/local/share:/usr/share:/var/lib/snapd/desktop'), ('PYTHONPATH', '/home/airlab/seed25/ros_packages/seed_controller_ws/install/mocap_listener/lib/python3.8/site-packages:/home/airlab/seed25/ros_packages/mocap4r2_ws/install/mocap4r2cli/lib/python3.8/site-packages:/home/airlab/seed25/ros_packages/mocap4r2_ws/install/mocap4r2_robot_gt_msgs/lib/python3.8/site-packages:/home/airlab/seed25/ros_packages/mocap4r2_ws/install/mocap4r2_msgs/lib/python3.8/site-packages:/home/airlab/seed25/ros_packages/mocap4r2_ws/install/mocap4r2_marker_viz_srvs/lib/python3.8/site-packages:/home/airlab/seed25/ros_packages/mocap4r2_ws/install/mocap4r2_control_msgs/lib/python3.8/site-packages:/opt/ros/foxy/lib/python3.8/site-packages'), ('COLCON', '1'), ('JETSON_JETPACK', '5.1.5'), ('CMAKE_PREFIX_PATH', '/home/airlab/seed25/ros_packages/mocap4r2_ws/install/mocap4r2_robot_gt_msgs:/home/airlab/seed25/ros_packages/mocap4r2_ws/install/mocap4r2_marker_viz:/home/airlab/seed25/ros_packages/mocap4r2_ws/install/mocap4r2_marker_publisher:/home/airlab/seed25/ros_packages/mocap4r2_ws/install/mocap4r2_msgs:/home/airlab/seed25/ros_packages/mocap4r2_ws/install/mocap4r2_marker_viz_srvs:/home/airlab/seed25/ros_packages/mocap4r2_ws/install/mocap4r2_control:/home/airlab/seed25/ros_packages/mocap4r2_ws/install/mocap4r2_control_msgs:/home/airlab/seed25/ros_packages/seed_controller_ws/install/mocap_listener:/home/airlab/seed25/ros_packages/mocap4r2_ws/install/mocap4r2cli:/opt/ros/foxy'), ('JETSON_P_NUMBER', 'p3767-0000')]), 'shell': False}
[21.687481] (-) TimerEvent: {}
[21.692343] (mocap4r2_control_msgs) StdoutLine: {'line': b'[ 84%] \x1b[32m\x1b[1mLinking C shared library rosidl_generator_py/mocap4r2_control_msgs/libmocap4r2_control_msgs__python.so\x1b[0m\n'}
[21.699763] (mocap4r2_robot_gt_msgs) StdoutLine: {'line': b'-- Install configuration: ""\n'}
[21.700376] (mocap4r2_robot_gt_msgs) StdoutLine: {'line': b'-- Installing: /home/airlab/seed25/install/mocap4r2_robot_gt_msgs/share/ament_index/resource_index/rosidl_interfaces/mocap4r2_robot_gt_msgs\n'}
[21.700660] (mocap4r2_robot_gt_msgs) StdoutLine: {'line': b'-- Installing: /home/airlab/seed25/install/mocap4r2_robot_gt_msgs/include/mocap4r2_robot_gt_msgs\n'}
[21.700959] (mocap4r2_robot_gt_msgs) StdoutLine: {'line': b'-- Installing: /home/airlab/seed25/install/mocap4r2_robot_gt_msgs/include/mocap4r2_robot_gt_msgs/msg\n'}
[21.701204] (mocap4r2_robot_gt_msgs) StdoutLine: {'line': b'-- Installing: /home/airlab/seed25/install/mocap4r2_robot_gt_msgs/include/mocap4r2_robot_gt_msgs/msg/rosidl_generator_c__visibility_control.h\n'}
[21.701480] (mocap4r2_robot_gt_msgs) StdoutLine: {'line': b'-- Installing: /home/airlab/seed25/install/mocap4r2_robot_gt_msgs/include/mocap4r2_robot_gt_msgs/srv\n'}
[21.701651] (mocap4r2_robot_gt_msgs) StdoutLine: {'line': b'-- Installing: /home/airlab/seed25/install/mocap4r2_robot_gt_msgs/include/mocap4r2_robot_gt_msgs/srv/detail\n'}
[21.701878] (mocap4r2_robot_gt_msgs) StdoutLine: {'line': b'-- Installing: /home/airlab/seed25/install/mocap4r2_robot_gt_msgs/include/mocap4r2_robot_gt_msgs/srv/detail/set_gt_origin__type_support.h\n'}
[21.702040] (mocap4r2_robot_gt_msgs) StdoutLine: {'line': b'-- Installing: /home/airlab/seed25/install/mocap4r2_robot_gt_msgs/include/mocap4r2_robot_gt_msgs/srv/detail/set_gt_origin__functions.h\n'}
[21.702244] (mocap4r2_robot_gt_msgs) StdoutLine: {'line': b'-- Installing: /home/airlab/seed25/install/mocap4r2_robot_gt_msgs/include/mocap4r2_robot_gt_msgs/srv/detail/set_gt_origin__struct.h\n'}
[21.702453] (mocap4r2_robot_gt_msgs) StdoutLine: {'line': b'-- Installing: /home/airlab/seed25/install/mocap4r2_robot_gt_msgs/include/mocap4r2_robot_gt_msgs/srv/detail/set_gt_origin__functions.c\n'}
[21.702656] (mocap4r2_robot_gt_msgs) StdoutLine: {'line': b'-- Installing: /home/airlab/seed25/install/mocap4r2_robot_gt_msgs/include/mocap4r2_robot_gt_msgs/srv/set_gt_origin.h\n'}
[21.703162] (mocap4r2_robot_gt_msgs) StdoutLine: {'line': b'-- Installing: /home/airlab/seed25/install/mocap4r2_robot_gt_msgs/share/mocap4r2_robot_gt_msgs/environment/library_path.sh\n'}
[21.703503] (mocap4r2_robot_gt_msgs) StdoutLine: {'line': b'-- Installing: /home/airlab/seed25/install/mocap4r2_robot_gt_msgs/share/mocap4r2_robot_gt_msgs/environment/library_path.dsv\n'}
[21.704039] (mocap4r2_robot_gt_msgs) StdoutLine: {'line': b'-- Installing: /home/airlab/seed25/install/mocap4r2_robot_gt_msgs/lib/libmocap4r2_robot_gt_msgs__rosidl_generator_c.so\n'}
[21.704825] (mocap4r2_robot_gt_msgs) StdoutLine: {'line': b'-- Set runtime path of "/home/airlab/seed25/install/mocap4r2_robot_gt_msgs/lib/libmocap4r2_robot_gt_msgs__rosidl_generator_c.so" to ""\n'}
[21.705108] (mocap4r2_robot_gt_msgs) StdoutLine: {'line': b'-- Up-to-date: /home/airlab/seed25/install/mocap4r2_robot_gt_msgs/include/mocap4r2_robot_gt_msgs\n'}
[21.705283] (mocap4r2_robot_gt_msgs) StdoutLine: {'line': b'-- Up-to-date: /home/airlab/seed25/install/mocap4r2_robot_gt_msgs/include/mocap4r2_robot_gt_msgs/msg\n'}
[21.705515] (mocap4r2_robot_gt_msgs) StdoutLine: {'line': b'-- Installing: /home/airlab/seed25/install/mocap4r2_robot_gt_msgs/include/mocap4r2_robot_gt_msgs/msg/rosidl_typesupport_fastrtps_c__visibility_control.h\n'}
[21.705711] (mocap4r2_robot_gt_msgs) StdoutLine: {'line': b'-- Up-to-date: /home/airlab/seed25/install/mocap4r2_robot_gt_msgs/include/mocap4r2_robot_gt_msgs/srv\n'}
[21.705854] (mocap4r2_robot_gt_msgs) StdoutLine: {'line': b'-- Up-to-date: /home/airlab/seed25/install/mocap4r2_robot_gt_msgs/include/mocap4r2_robot_gt_msgs/srv/detail\n'}
[21.706065] (mocap4r2_robot_gt_msgs) StdoutLine: {'line': b'-- Installing: /home/airlab/seed25/install/mocap4r2_robot_gt_msgs/include/mocap4r2_robot_gt_msgs/srv/detail/set_gt_origin__rosidl_typesupport_fastrtps_c.h\n'}
[21.706218] (mocap4r2_robot_gt_msgs) StdoutLine: {'line': b'-- Installing: /home/airlab/seed25/install/mocap4r2_robot_gt_msgs/lib/libmocap4r2_robot_gt_msgs__rosidl_typesupport_fastrtps_c.so\n'}
[21.706884] (mocap4r2_robot_gt_msgs) StdoutLine: {'line': b'-- Set runtime path of "/home/airlab/seed25/install/mocap4r2_robot_gt_msgs/lib/libmocap4r2_robot_gt_msgs__rosidl_typesupport_fastrtps_c.so" to ""\n'}
[21.707245] (mocap4r2_robot_gt_msgs) StdoutLine: {'line': b'-- Up-to-date: /home/airlab/seed25/install/mocap4r2_robot_gt_msgs/include/mocap4r2_robot_gt_msgs\n'}
[21.707413] (mocap4r2_robot_gt_msgs) StdoutLine: {'line': b'-- Up-to-date: /home/airlab/seed25/install/mocap4r2_robot_gt_msgs/include/mocap4r2_robot_gt_msgs/msg\n'}
[21.707737] (mocap4r2_robot_gt_msgs) StdoutLine: {'line': b'-- Installing: /home/airlab/seed25/install/mocap4r2_robot_gt_msgs/include/mocap4r2_robot_gt_msgs/msg/rosidl_typesupport_fastrtps_cpp__visibility_control.h\n'}
[21.708005] (mocap4r2_robot_gt_msgs) StdoutLine: {'line': b'-- Up-to-date: /home/airlab/seed25/install/mocap4r2_robot_gt_msgs/include/mocap4r2_robot_gt_msgs/srv\n'}
[21.708280] (mocap4r2_robot_gt_msgs) StdoutLine: {'line': b'-- Up-to-date: /home/airlab/seed25/install/mocap4r2_robot_gt_msgs/include/mocap4r2_robot_gt_msgs/srv/detail\n'}
[21.708516] (mocap4r2_robot_gt_msgs) StdoutLine: {'line': b'-- Installing: /home/airlab/seed25/install/mocap4r2_robot_gt_msgs/include/mocap4r2_robot_gt_msgs/srv/detail/set_gt_origin__rosidl_typesupport_fastrtps_cpp.hpp\n'}
[21.708664] (mocap4r2_robot_gt_msgs) StdoutLine: {'line': b'-- Installing: /home/airlab/seed25/install/mocap4r2_robot_gt_msgs/include/mocap4r2_robot_gt_msgs/srv/detail/dds_fastrtps\n'}
[21.708910] (mocap4r2_robot_gt_msgs) StdoutLine: {'line': b'-- Installing: /home/airlab/seed25/install/mocap4r2_robot_gt_msgs/lib/libmocap4r2_robot_gt_msgs__rosidl_typesupport_fastrtps_cpp.so\n'}
[21.709723] (mocap4r2_robot_gt_msgs) StdoutLine: {'line': b'-- Set runtime path of "/home/airlab/seed25/install/mocap4r2_robot_gt_msgs/lib/libmocap4r2_robot_gt_msgs__rosidl_typesupport_fastrtps_cpp.so" to ""\n'}
[21.710114] (mocap4r2_robot_gt_msgs) StdoutLine: {'line': b'-- Up-to-date: /home/airlab/seed25/install/mocap4r2_robot_gt_msgs/include/mocap4r2_robot_gt_msgs\n'}
[21.710308] (mocap4r2_robot_gt_msgs) StdoutLine: {'line': b'-- Up-to-date: /home/airlab/seed25/install/mocap4r2_robot_gt_msgs/include/mocap4r2_robot_gt_msgs/msg\n'}
[21.710609] (mocap4r2_robot_gt_msgs) StdoutLine: {'line': b'-- Installing: /home/airlab/seed25/install/mocap4r2_robot_gt_msgs/include/mocap4r2_robot_gt_msgs/msg/rosidl_typesupport_introspection_c__visibility_control.h\n'}
[21.710831] (mocap4r2_robot_gt_msgs) StdoutLine: {'line': b'-- Up-to-date: /home/airlab/seed25/install/mocap4r2_robot_gt_msgs/include/mocap4r2_robot_gt_msgs/srv\n'}
[21.710984] (mocap4r2_robot_gt_msgs) StdoutLine: {'line': b'-- Up-to-date: /home/airlab/seed25/install/mocap4r2_robot_gt_msgs/include/mocap4r2_robot_gt_msgs/srv/detail\n'}
[21.711153] (mocap4r2_robot_gt_msgs) StdoutLine: {'line': b'-- Installing: /home/airlab/seed25/install/mocap4r2_robot_gt_msgs/include/mocap4r2_robot_gt_msgs/srv/detail/set_gt_origin__rosidl_typesupport_introspection_c.h\n'}
[21.711383] (mocap4r2_robot_gt_msgs) StdoutLine: {'line': b'-- Installing: /home/airlab/seed25/install/mocap4r2_robot_gt_msgs/include/mocap4r2_robot_gt_msgs/srv/detail/set_gt_origin__type_support.c\n'}
[21.711526] (mocap4r2_robot_gt_msgs) StdoutLine: {'line': b'-- Installing: /home/airlab/seed25/install/mocap4r2_robot_gt_msgs/lib/libmocap4r2_robot_gt_msgs__rosidl_typesupport_introspection_c.so\n'}
[21.712044] (mocap4r2_robot_gt_msgs) StdoutLine: {'line': b'-- Set runtime path of "/home/airlab/seed25/install/mocap4r2_robot_gt_msgs/lib/libmocap4r2_robot_gt_msgs__rosidl_typesupport_introspection_c.so" to ""\n'}
[21.712318] (mocap4r2_robot_gt_msgs) StdoutLine: {'line': b'-- Installing: /home/airlab/seed25/install/mocap4r2_robot_gt_msgs/lib/libmocap4r2_robot_gt_msgs__rosidl_typesupport_c.so\n'}
[21.712984] (mocap4r2_robot_gt_msgs) StdoutLine: {'line': b'-- Set runtime path of "/home/airlab/seed25/install/mocap4r2_robot_gt_msgs/lib/libmocap4r2_robot_gt_msgs__rosidl_typesupport_c.so" to ""\n'}
[21.713372] (mocap4r2_robot_gt_msgs) StdoutLine: {'line': b'-- Up-to-date: /home/airlab/seed25/install/mocap4r2_robot_gt_msgs/include/mocap4r2_robot_gt_msgs\n'}
[21.713552] (mocap4r2_robot_gt_msgs) StdoutLine: {'line': b'-- Up-to-date: /home/airlab/seed25/install/mocap4r2_robot_gt_msgs/include/mocap4r2_robot_gt_msgs/msg\n'}
[21.713821] (mocap4r2_robot_gt_msgs) StdoutLine: {'line': b'-- Installing: /home/airlab/seed25/install/mocap4r2_robot_gt_msgs/include/mocap4r2_robot_gt_msgs/msg/rosidl_generator_cpp__visibility_control.hpp\n'}
[21.714057] (mocap4r2_robot_gt_msgs) StdoutLine: {'line': b'-- Up-to-date: /home/airlab/seed25/install/mocap4r2_robot_gt_msgs/include/mocap4r2_robot_gt_msgs/srv\n'}
[21.714216] (mocap4r2_robot_gt_msgs) StdoutLine: {'line': b'-- Installing: /home/airlab/seed25/install/mocap4r2_robot_gt_msgs/include/mocap4r2_robot_gt_msgs/srv/set_gt_origin.hpp\n'}
[21.714411] (mocap4r2_robot_gt_msgs) StdoutLine: {'line': b'-- Up-to-date: /home/airlab/seed25/install/mocap4r2_robot_gt_msgs/include/mocap4r2_robot_gt_msgs/srv/detail\n'}
[21.714615] (mocap4r2_robot_gt_msgs) StdoutLine: {'line': b'-- Installing: /home/airlab/seed25/install/mocap4r2_robot_gt_msgs/include/mocap4r2_robot_gt_msgs/srv/detail/set_gt_origin__type_support.hpp\n'}
[21.714822] (mocap4r2_robot_gt_msgs) StdoutLine: {'line': b'-- Installing: /home/airlab/seed25/install/mocap4r2_robot_gt_msgs/include/mocap4r2_robot_gt_msgs/srv/detail/set_gt_origin__struct.hpp\n'}
[21.714959] (mocap4r2_robot_gt_msgs) StdoutLine: {'line': b'-- Installing: /home/airlab/seed25/install/mocap4r2_robot_gt_msgs/include/mocap4r2_robot_gt_msgs/srv/detail/set_gt_origin__traits.hpp\n'}
[21.715316] (mocap4r2_robot_gt_msgs) StdoutLine: {'line': b'-- Installing: /home/airlab/seed25/install/mocap4r2_robot_gt_msgs/include/mocap4r2_robot_gt_msgs/srv/detail/set_gt_origin__builder.hpp\n'}
[21.715508] (mocap4r2_robot_gt_msgs) StdoutLine: {'line': b'-- Up-to-date: /home/airlab/seed25/install/mocap4r2_robot_gt_msgs/include/mocap4r2_robot_gt_msgs\n'}
[21.715720] (mocap4r2_robot_gt_msgs) StdoutLine: {'line': b'-- Up-to-date: /home/airlab/seed25/install/mocap4r2_robot_gt_msgs/include/mocap4r2_robot_gt_msgs/srv\n'}
[21.715858] (mocap4r2_robot_gt_msgs) StdoutLine: {'line': b'-- Up-to-date: /home/airlab/seed25/install/mocap4r2_robot_gt_msgs/include/mocap4r2_robot_gt_msgs/srv/detail\n'}
[21.715989] (mocap4r2_robot_gt_msgs) StdoutLine: {'line': b'-- Installing: /home/airlab/seed25/install/mocap4r2_robot_gt_msgs/include/mocap4r2_robot_gt_msgs/srv/detail/set_gt_origin__rosidl_typesupport_introspection_cpp.hpp\n'}
[21.716161] (mocap4r2_robot_gt_msgs) StdoutLine: {'line': b'-- Installing: /home/airlab/seed25/install/mocap4r2_robot_gt_msgs/include/mocap4r2_robot_gt_msgs/srv/detail/set_gt_origin__type_support.cpp\n'}
[21.716301] (mocap4r2_robot_gt_msgs) StdoutLine: {'line': b'-- Installing: /home/airlab/seed25/install/mocap4r2_robot_gt_msgs/lib/libmocap4r2_robot_gt_msgs__rosidl_typesupport_introspection_cpp.so\n'}
[21.716977] (mocap4r2_robot_gt_msgs) StdoutLine: {'line': b'-- Set runtime path of "/home/airlab/seed25/install/mocap4r2_robot_gt_msgs/lib/libmocap4r2_robot_gt_msgs__rosidl_typesupport_introspection_cpp.so" to ""\n'}
[21.717252] (mocap4r2_robot_gt_msgs) StdoutLine: {'line': b'-- Installing: /home/airlab/seed25/install/mocap4r2_robot_gt_msgs/lib/libmocap4r2_robot_gt_msgs__rosidl_typesupport_cpp.so\n'}
[21.717939] (mocap4r2_robot_gt_msgs) StdoutLine: {'line': b'-- Set runtime path of "/home/airlab/seed25/install/mocap4r2_robot_gt_msgs/lib/libmocap4r2_robot_gt_msgs__rosidl_typesupport_cpp.so" to ""\n'}
[21.718193] (mocap4r2_robot_gt_msgs) StdoutLine: {'line': b'-- Installing: /home/airlab/seed25/install/mocap4r2_robot_gt_msgs/share/mocap4r2_robot_gt_msgs/environment/pythonpath.sh\n'}
[21.718485] (mocap4r2_robot_gt_msgs) StdoutLine: {'line': b'-- Installing: /home/airlab/seed25/install/mocap4r2_robot_gt_msgs/share/mocap4r2_robot_gt_msgs/environment/pythonpath.dsv\n'}
[21.719054] (mocap4r2_robot_gt_msgs) StdoutLine: {'line': b'-- Installing: /home/airlab/seed25/install/mocap4r2_robot_gt_msgs/lib/python3.8/site-packages/mocap4r2_robot_gt_msgs/__init__.py\n'}
[21.787586] (-) TimerEvent: {}
[21.791722] (mocap4r2_control_msgs) StdoutLine: {'line': b'[ 84%] Built target mocap4r2_control_msgs__python\n'}
[21.794936] (mocap4r2_robot_gt_msgs) StdoutLine: {'line': b"Compiling '/home/airlab/seed25/install/mocap4r2_robot_gt_msgs/lib/python3.8/site-packages/mocap4r2_robot_gt_msgs/__init__.py'...\n"}
[21.807395] (mocap4r2_robot_gt_msgs) StdoutLine: {'line': b'-- Installing: /home/airlab/seed25/install/mocap4r2_robot_gt_msgs/lib/python3.8/site-packages/mocap4r2_robot_gt_msgs/srv\n'}
[21.807985] (mocap4r2_robot_gt_msgs) StdoutLine: {'line': b'-- Installing: /home/airlab/seed25/install/mocap4r2_robot_gt_msgs/lib/python3.8/site-packages/mocap4r2_robot_gt_msgs/srv/_set_gt_origin_s.c\n'}
[21.808185] (mocap4r2_robot_gt_msgs) StdoutLine: {'line': b'-- Installing: /home/airlab/seed25/install/mocap4r2_robot_gt_msgs/lib/python3.8/site-packages/mocap4r2_robot_gt_msgs/srv/_set_gt_origin.py\n'}
[21.809101] (mocap4r2_robot_gt_msgs) StdoutLine: {'line': b'-- Installing: /home/airlab/seed25/install/mocap4r2_robot_gt_msgs/lib/python3.8/site-packages/mocap4r2_robot_gt_msgs/srv/__init__.py\n'}
[21.810365] (mocap4r2_robot_gt_msgs) StdoutLine: {'line': b'-- Installing: /home/airlab/seed25/install/mocap4r2_robot_gt_msgs/lib/python3.8/site-packages/mocap4r2_robot_gt_msgs/mocap4r2_robot_gt_msgs_s__rosidl_typesupport_fastrtps_c.cpython-38-aarch64-linux-gnu.so\n'}
[21.810667] (mocap4r2_robot_gt_msgs) StdoutLine: {'line': b'-- Set runtime path of "/home/airlab/seed25/install/mocap4r2_robot_gt_msgs/lib/python3.8/site-packages/mocap4r2_robot_gt_msgs/mocap4r2_robot_gt_msgs_s__rosidl_typesupport_fastrtps_c.cpython-38-aarch64-linux-gnu.so" to ""\n'}
[21.811167] (mocap4r2_robot_gt_msgs) StdoutLine: {'line': b'-- Installing: /home/airlab/seed25/install/mocap4r2_robot_gt_msgs/lib/python3.8/site-packages/mocap4r2_robot_gt_msgs/mocap4r2_robot_gt_msgs_s__rosidl_typesupport_introspection_c.cpython-38-aarch64-linux-gnu.so\n'}
[21.812462] (mocap4r2_robot_gt_msgs) StdoutLine: {'line': b'-- Set runtime path of "/home/airlab/seed25/install/mocap4r2_robot_gt_msgs/lib/python3.8/site-packages/mocap4r2_robot_gt_msgs/mocap4r2_robot_gt_msgs_s__rosidl_typesupport_introspection_c.cpython-38-aarch64-linux-gnu.so" to ""\n'}
[21.813082] (mocap4r2_robot_gt_msgs) StdoutLine: {'line': b'-- Installing: /home/airlab/seed25/install/mocap4r2_robot_gt_msgs/lib/python3.8/site-packages/mocap4r2_robot_gt_msgs/mocap4r2_robot_gt_msgs_s__rosidl_typesupport_c.cpython-38-aarch64-linux-gnu.so\n'}
[21.814295] (mocap4r2_robot_gt_msgs) StdoutLine: {'line': b'-- Set runtime path of "/home/airlab/seed25/install/mocap4r2_robot_gt_msgs/lib/python3.8/site-packages/mocap4r2_robot_gt_msgs/mocap4r2_robot_gt_msgs_s__rosidl_typesupport_c.cpython-38-aarch64-linux-gnu.so" to ""\n'}
[21.814647] (mocap4r2_robot_gt_msgs) StdoutLine: {'line': b'-- Installing: /home/airlab/seed25/install/mocap4r2_robot_gt_msgs/lib/libmocap4r2_robot_gt_msgs__python.so\n'}
[21.815568] (mocap4r2_robot_gt_msgs) StdoutLine: {'line': b'-- Set runtime path of "/home/airlab/seed25/install/mocap4r2_robot_gt_msgs/lib/libmocap4r2_robot_gt_msgs__python.so" to ""\n'}
[21.815859] (mocap4r2_robot_gt_msgs) StdoutLine: {'line': b'-- Installing: /home/airlab/seed25/install/mocap4r2_robot_gt_msgs/share/mocap4r2_robot_gt_msgs/srv/SetGTOrigin.idl\n'}
[21.816351] (mocap4r2_robot_gt_msgs) StdoutLine: {'line': b'-- Installing: /home/airlab/seed25/install/mocap4r2_robot_gt_msgs/share/mocap4r2_robot_gt_msgs/srv/SetGTOrigin.srv\n'}
[21.816819] (mocap4r2_robot_gt_msgs) StdoutLine: {'line': b'-- Installing: /home/airlab/seed25/install/mocap4r2_robot_gt_msgs/share/mocap4r2_robot_gt_msgs/srv/SetGTOrigin_Request.msg\n'}
[21.817300] (mocap4r2_robot_gt_msgs) StdoutLine: {'line': b'-- Installing: /home/airlab/seed25/install/mocap4r2_robot_gt_msgs/share/mocap4r2_robot_gt_msgs/srv/SetGTOrigin_Response.msg\n'}
[21.817903] (mocap4r2_robot_gt_msgs) StdoutLine: {'line': b'-- Installing: /home/airlab/seed25/install/mocap4r2_robot_gt_msgs/share/ament_index/resource_index/package_run_dependencies/mocap4r2_robot_gt_msgs\n'}
[21.818528] (mocap4r2_robot_gt_msgs) StdoutLine: {'line': b'-- Installing: /home/airlab/seed25/install/mocap4r2_robot_gt_msgs/share/ament_index/resource_index/parent_prefix_path/mocap4r2_robot_gt_msgs\n'}
[21.819069] (mocap4r2_robot_gt_msgs) StdoutLine: {'line': b'-- Installing: /home/airlab/seed25/install/mocap4r2_robot_gt_msgs/share/mocap4r2_robot_gt_msgs/environment/ament_prefix_path.sh\n'}
[21.819675] (mocap4r2_robot_gt_msgs) StdoutLine: {'line': b'-- Installing: /home/airlab/seed25/install/mocap4r2_robot_gt_msgs/share/mocap4r2_robot_gt_msgs/environment/ament_prefix_path.dsv\n'}
[21.821728] (mocap4r2_robot_gt_msgs) StdoutLine: {'line': b'-- Installing: /home/airlab/seed25/install/mocap4r2_robot_gt_msgs/share/mocap4r2_robot_gt_msgs/environment/path.sh\n'}
[21.822255] (mocap4r2_robot_gt_msgs) StdoutLine: {'line': b'-- Installing: /home/airlab/seed25/install/mocap4r2_robot_gt_msgs/share/mocap4r2_robot_gt_msgs/environment/path.dsv\n'}
[21.822744] (mocap4r2_robot_gt_msgs) StdoutLine: {'line': b'-- Installing: /home/airlab/seed25/install/mocap4r2_robot_gt_msgs/share/mocap4r2_robot_gt_msgs/local_setup.bash\n'}
[21.823246] (mocap4r2_robot_gt_msgs) StdoutLine: {'line': b'-- Installing: /home/airlab/seed25/install/mocap4r2_robot_gt_msgs/share/mocap4r2_robot_gt_msgs/local_setup.sh\n'}
[21.823706] (mocap4r2_robot_gt_msgs) StdoutLine: {'line': b'-- Installing: /home/airlab/seed25/install/mocap4r2_robot_gt_msgs/share/mocap4r2_robot_gt_msgs/local_setup.zsh\n'}
[21.824170] (mocap4r2_robot_gt_msgs) StdoutLine: {'line': b'-- Installing: /home/airlab/seed25/install/mocap4r2_robot_gt_msgs/share/mocap4r2_robot_gt_msgs/local_setup.dsv\n'}
[21.824636] (mocap4r2_robot_gt_msgs) StdoutLine: {'line': b'-- Installing: /home/airlab/seed25/install/mocap4r2_robot_gt_msgs/share/mocap4r2_robot_gt_msgs/package.dsv\n'}
[21.825048] (mocap4r2_control_msgs) StdoutLine: {'line': b'\x1b[35m\x1b[1mScanning dependencies of target mocap4r2_control_msgs__rosidl_typesupport_c__pyext\x1b[0m\n'}
[21.825339] (mocap4r2_robot_gt_msgs) StdoutLine: {'line': b'-- Installing: /home/airlab/seed25/install/mocap4r2_robot_gt_msgs/share/ament_index/resource_index/packages/mocap4r2_robot_gt_msgs\n'}
[21.825886] (mocap4r2_robot_gt_msgs) StdoutLine: {'line': b'-- Installing: /home/airlab/seed25/install/mocap4r2_robot_gt_msgs/share/mocap4r2_robot_gt_msgs/cmake/mocap4r2_robot_gt_msgs__rosidl_generator_cExport.cmake\n'}
[21.826252] (mocap4r2_robot_gt_msgs) StdoutLine: {'line': b'-- Installing: /home/airlab/seed25/install/mocap4r2_robot_gt_msgs/share/mocap4r2_robot_gt_msgs/cmake/mocap4r2_robot_gt_msgs__rosidl_generator_cExport-noconfig.cmake\n'}
[21.826737] (mocap4r2_robot_gt_msgs) StdoutLine: {'line': b'-- Installing: /home/airlab/seed25/install/mocap4r2_robot_gt_msgs/share/mocap4r2_robot_gt_msgs/cmake/mocap4r2_robot_gt_msgs__rosidl_typesupport_introspection_cExport.cmake\n'}
[21.835873] (mocap4r2_robot_gt_msgs) StdoutLine: {'line': b'-- Installing: /home/airlab/seed25/install/mocap4r2_robot_gt_msgs/share/mocap4r2_robot_gt_msgs/cmake/mocap4r2_robot_gt_msgs__rosidl_typesupport_introspection_cExport-noconfig.cmake\n'}
[21.836323] (mocap4r2_robot_gt_msgs) StdoutLine: {'line': b'-- Installing: /home/airlab/seed25/install/mocap4r2_robot_gt_msgs/share/mocap4r2_robot_gt_msgs/cmake/mocap4r2_robot_gt_msgs__rosidl_typesupport_cExport.cmake\n'}
[21.836665] (mocap4r2_robot_gt_msgs) StdoutLine: {'line': b'-- Installing: /home/airlab/seed25/install/mocap4r2_robot_gt_msgs/share/mocap4r2_robot_gt_msgs/cmake/mocap4r2_robot_gt_msgs__rosidl_typesupport_cExport-noconfig.cmake\n'}
[21.837116] (mocap4r2_robot_gt_msgs) StdoutLine: {'line': b'-- Installing: /home/airlab/seed25/install/mocap4r2_robot_gt_msgs/share/mocap4r2_robot_gt_msgs/cmake/mocap4r2_robot_gt_msgs__rosidl_generator_cppExport.cmake\n'}
[21.837593] (mocap4r2_robot_gt_msgs) StdoutLine: {'line': b'-- Installing: /home/airlab/seed25/install/mocap4r2_robot_gt_msgs/share/mocap4r2_robot_gt_msgs/cmake/mocap4r2_robot_gt_msgs__rosidl_typesupport_introspection_cppExport.cmake\n'}
[21.837940] (mocap4r2_robot_gt_msgs) StdoutLine: {'line': b'-- Installing: /home/airlab/seed25/install/mocap4r2_robot_gt_msgs/share/mocap4r2_robot_gt_msgs/cmake/mocap4r2_robot_gt_msgs__rosidl_typesupport_introspection_cppExport-noconfig.cmake\n'}
[21.838410] (mocap4r2_robot_gt_msgs) StdoutLine: {'line': b'-- Installing: /home/airlab/seed25/install/mocap4r2_robot_gt_msgs/share/mocap4r2_robot_gt_msgs/cmake/mocap4r2_robot_gt_msgs__rosidl_typesupport_cppExport.cmake\n'}
[21.838756] (mocap4r2_robot_gt_msgs) StdoutLine: {'line': b'-- Installing: /home/airlab/seed25/install/mocap4r2_robot_gt_msgs/share/mocap4r2_robot_gt_msgs/cmake/mocap4r2_robot_gt_msgs__rosidl_typesupport_cppExport-noconfig.cmake\n'}
[21.839075] (mocap4r2_robot_gt_msgs) StdoutLine: {'line': b'-- Installing: /home/airlab/seed25/install/mocap4r2_robot_gt_msgs/share/mocap4r2_robot_gt_msgs/cmake/rosidl_cmake-extras.cmake\n'}
[21.839731] (mocap4r2_robot_gt_msgs) StdoutLine: {'line': b'-- Installing: /home/airlab/seed25/install/mocap4r2_robot_gt_msgs/share/mocap4r2_robot_gt_msgs/cmake/ament_cmake_export_dependencies-extras.cmake\n'}
[21.839940] (mocap4r2_robot_gt_msgs) StdoutLine: {'line': b'-- Installing: /home/airlab/seed25/install/mocap4r2_robot_gt_msgs/share/mocap4r2_robot_gt_msgs/cmake/ament_cmake_export_libraries-extras.cmake\n'}
[21.840165] (mocap4r2_robot_gt_msgs) StdoutLine: {'line': b'-- Installing: /home/airlab/seed25/install/mocap4r2_robot_gt_msgs/share/mocap4r2_robot_gt_msgs/cmake/ament_cmake_export_targets-extras.cmake\n'}
[21.840383] (mocap4r2_robot_gt_msgs) StdoutLine: {'line': b'-- Installing: /home/airlab/seed25/install/mocap4r2_robot_gt_msgs/share/mocap4r2_robot_gt_msgs/cmake/ament_cmake_export_include_directories-extras.cmake\n'}
[21.840685] (mocap4r2_robot_gt_msgs) StdoutLine: {'line': b'-- Installing: /home/airlab/seed25/install/mocap4r2_robot_gt_msgs/share/mocap4r2_robot_gt_msgs/cmake/rosidl_cmake_export_typesupport_libraries-extras.cmake\n'}
[21.840986] (mocap4r2_robot_gt_msgs) StdoutLine: {'line': b'-- Installing: /home/airlab/seed25/install/mocap4r2_robot_gt_msgs/share/mocap4r2_robot_gt_msgs/cmake/rosidl_cmake_export_typesupport_targets-extras.cmake\n'}
[21.841282] (mocap4r2_robot_gt_msgs) StdoutLine: {'line': b'-- Installing: /home/airlab/seed25/install/mocap4r2_robot_gt_msgs/share/mocap4r2_robot_gt_msgs/cmake/mocap4r2_robot_gt_msgsConfig.cmake\n'}
[21.841521] (mocap4r2_robot_gt_msgs) StdoutLine: {'line': b'-- Installing: /home/airlab/seed25/install/mocap4r2_robot_gt_msgs/share/mocap4r2_robot_gt_msgs/cmake/mocap4r2_robot_gt_msgsConfig-version.cmake\n'}
[21.841811] (mocap4r2_robot_gt_msgs) StdoutLine: {'line': b'-- Installing: /home/airlab/seed25/install/mocap4r2_robot_gt_msgs/share/mocap4r2_robot_gt_msgs/package.xml\n'}
[21.855181] (mocap4r2_robot_gt_msgs) CommandEnded: {'returncode': 0}
[21.857793] (mocap4r2_control_msgs) StdoutLine: {'line': b'\x1b[35m\x1b[1mScanning dependencies of target mocap4r2_control_msgs__rosidl_typesupport_fastrtps_c__pyext\x1b[0m\n'}
[21.873021] (mocap4r2_control_msgs) StdoutLine: {'line': b'\x1b[35m\x1b[1mScanning dependencies of target mocap4r2_control_msgs__rosidl_typesupport_introspection_c__pyext\x1b[0m\n'}
[21.888146] (-) TimerEvent: {}
[21.903250] (mocap4r2_control_msgs) StdoutLine: {'line': b'[ 87%] \x1b[32mBuilding C object CMakeFiles/mocap4r2_control_msgs__rosidl_typesupport_c__pyext.dir/rosidl_generator_py/mocap4r2_control_msgs/_mocap4r2_control_msgs_s.ep.rosidl_typesupport_c.c.o\x1b[0m\n'}
[21.931875] (mocap4r2_control_msgs) StdoutLine: {'line': b'[ 89%] \x1b[32mBuilding C object CMakeFiles/mocap4r2_control_msgs__rosidl_typesupport_introspection_c__pyext.dir/rosidl_generator_py/mocap4r2_control_msgs/_mocap4r2_control_msgs_s.ep.rosidl_typesupport_introspection_c.c.o\x1b[0m\n'}
[21.944842] (mocap4r2_control_msgs) StdoutLine: {'line': b'[ 92%] \x1b[32mBuilding C object CMakeFiles/mocap4r2_control_msgs__rosidl_typesupport_fastrtps_c__pyext.dir/rosidl_generator_py/mocap4r2_control_msgs/_mocap4r2_control_msgs_s.ep.rosidl_typesupport_fastrtps_c.c.o\x1b[0m\n'}
[21.952889] (mocap4r2_robot_gt_msgs) JobEnded: {'identifier': 'mocap4r2_robot_gt_msgs', 'rc': 0}
[21.955578] (ros_tutorial_NK) JobStarted: {'identifier': 'ros_tutorial_NK'}
[21.988617] (-) TimerEvent: {}
[22.090267] (-) TimerEvent: {}
[22.191018] (mocap4r2_control_msgs) StdoutLine: {'line': b'[ 94%] \x1b[32m\x1b[1mLinking C shared library rosidl_generator_py/mocap4r2_control_msgs/mocap4r2_control_msgs_s__rosidl_typesupport_introspection_c.cpython-38-aarch64-linux-gnu.so\x1b[0m\n'}
[22.191752] (-) TimerEvent: {}
[22.226884] (mocap4r2_marker_viz_srvs) StdoutLine: {'line': b'[ 76%] Built target mocap4r2_marker_viz_srvs__py\n'}
[22.229446] (mocap4r2_control_msgs) StdoutLine: {'line': b'[ 97%] \x1b[32m\x1b[1mLinking C shared library rosidl_generator_py/mocap4r2_control_msgs/mocap4r2_control_msgs_s__rosidl_typesupport_c.cpython-38-aarch64-linux-gnu.so\x1b[0m\n'}
[22.261895] (mocap4r2_marker_viz_srvs) StdoutLine: {'line': b'\x1b[35m\x1b[1mScanning dependencies of target mocap4r2_marker_viz_srvs__python\x1b[0m\n'}
[22.291965] (-) TimerEvent: {}
[22.296710] (mocap4r2_control_msgs) StdoutLine: {'line': b'[100%] \x1b[32m\x1b[1mLinking CXX shared library rosidl_generator_py/mocap4r2_control_msgs/mocap4r2_control_msgs_s__rosidl_typesupport_fastrtps_c.cpython-38-aarch64-linux-gnu.so\x1b[0m\n'}
[22.332004] (mocap4r2_control_msgs) StdoutLine: {'line': b'[100%] Built target mocap4r2_control_msgs__rosidl_typesupport_c__pyext\n'}
[22.346626] (mocap4r2_marker_viz_srvs) StdoutLine: {'line': b'[ 79%] \x1b[32mBuilding C object CMakeFiles/mocap4r2_marker_viz_srvs__python.dir/rosidl_generator_py/mocap4r2_marker_viz_srvs/srv/_set_marker_color_s.c.o\x1b[0m\n'}
[22.354747] (mocap4r2_marker_viz_srvs) StdoutLine: {'line': b'[ 82%] \x1b[32mBuilding C object CMakeFiles/mocap4r2_marker_viz_srvs__python.dir/rosidl_generator_py/mocap4r2_marker_viz_srvs/srv/_reset_marker_color_s.c.o\x1b[0m\n'}
[22.392122] (-) TimerEvent: {}
[22.439723] (mocap4r2_control_msgs) StdoutLine: {'line': b'[100%] Built target mocap4r2_control_msgs__rosidl_typesupport_introspection_c__pyext\n'}
[22.495390] (-) TimerEvent: {}
[22.517500] (mocap4r2_control_msgs) StdoutLine: {'line': b'[100%] Built target mocap4r2_control_msgs__rosidl_typesupport_fastrtps_c__pyext\n'}
[22.595550] (-) TimerEvent: {}
[22.643500] (mocap4r2_msgs) StdoutLine: {'line': b'\x1b[35m\x1b[1mScanning dependencies of target mocap4r2_msgs__rosidl_typesupport_fastrtps_c\x1b[0m\n'}
[22.687896] (mocap4r2_marker_viz_srvs) StdoutLine: {'line': b'[ 84%] \x1b[32m\x1b[1mLinking C shared library rosidl_generator_py/mocap4r2_marker_viz_srvs/libmocap4r2_marker_viz_srvs__python.so\x1b[0m\n'}
[22.690710] (mocap4r2_msgs) StdoutLine: {'line': b'[ 73%] \x1b[32mBuilding CXX object CMakeFiles/mocap4r2_msgs__rosidl_typesupport_fastrtps_c.dir/rosidl_typesupport_fastrtps_c/mocap4r2_msgs/msg/detail/markers__type_support_c.cpp.o\x1b[0m\n'}
[22.691210] (mocap4r2_msgs) StdoutLine: {'line': b'[ 73%] \x1b[32mBuilding CXX object CMakeFiles/mocap4r2_msgs__rosidl_typesupport_fastrtps_c.dir/rosidl_typesupport_fastrtps_c/mocap4r2_msgs/msg/detail/marker__type_support_c.cpp.o\x1b[0m\n'}
[22.695706] (-) TimerEvent: {}
[22.709358] (mocap4r2_msgs) StdoutLine: {'line': b'[ 74%] \x1b[32mBuilding CXX object CMakeFiles/mocap4r2_msgs__rosidl_typesupport_fastrtps_c.dir/rosidl_typesupport_fastrtps_c/mocap4r2_msgs/msg/detail/rigid_body__type_support_c.cpp.o\x1b[0m\n'}
[22.710786] (mocap4r2_msgs) StdoutLine: {'line': b'[ 76%] \x1b[32mBuilding CXX object CMakeFiles/mocap4r2_msgs__rosidl_typesupport_fastrtps_c.dir/rosidl_typesupport_fastrtps_c/mocap4r2_msgs/msg/detail/imus_info__type_support_c.cpp.o\x1b[0m\n'}
[22.771597] (mocap4r2_control_msgs) CommandEnded: {'returncode': 0}
[22.772826] (mocap4r2_control_msgs) JobProgress: {'identifier': 'mocap4r2_control_msgs', 'progress': 'install'}
[22.777167] (mocap4r2_control_msgs) Command: {'cmd': ['/usr/bin/cmake', '--install', '/home/airlab/seed25/build/mocap4r2_control_msgs'], 'cwd': '/home/airlab/seed25/build/mocap4r2_control_msgs', 'env': OrderedDict([('LESSOPEN', '| /usr/bin/lesspipe %s'), ('USER', 'airlab'), ('SSH_CLIENT', '192.168.0.60 49912 22'), ('XDG_SESSION_TYPE', 'tty'), ('SHLVL', '1'), ('LD_LIBRARY_PATH', '/usr/local/cuda-11.4/lib64:/usr/local/cuda-11.4/lib64:/usr/local/cuda-11.4/lib64:/home/airlab/seed25/ros_packages/mocap4r2_ws/install/mocap4r2_robot_gt_msgs/lib:/home/airlab/seed25/ros_packages/mocap4r2_ws/install/mocap4r2_msgs/lib:/home/airlab/seed25/ros_packages/mocap4r2_ws/install/mocap4r2_marker_viz_srvs/lib:/home/airlab/seed25/ros_packages/mocap4r2_ws/install/mocap4r2_control/lib:/home/airlab/seed25/ros_packages/mocap4r2_ws/install/mocap4r2_control_msgs/lib:/opt/ros/foxy/opt/yaml_cpp_vendor/lib:/opt/ros/foxy/opt/rviz_ogre_vendor/lib:/opt/ros/foxy/lib/aarch64-linux-gnu:/opt/ros/foxy/lib:/usr/local/cuda-11.4/lib64:'), ('MOTD_SHOWN', 'pam'), ('HOME', '/home/airlab'), ('OLDPWD', '/home/airlab/seed25/ros_packages'), ('SSH_TTY', '/dev/pts/0'), ('JETSON_L4T', '35.6.1'), ('ROS_PYTHON_VERSION', '3'), ('JETSON_MODEL', 'NVIDIA Orin NX Developer Kit'), ('DBUS_SESSION_BUS_ADDRESS', 'unix:path=/run/user/1000/bus'), ('COLCON_PREFIX_PATH', '/home/airlab/seed25/ros_packages/mocap4r2_ws/install:/home/airlab/seed25/ros_packages/seed_controller_ws/install'), ('ROS_DISTRO', 'foxy'), ('LOGNAME', 'airlab'), ('JETSON_MODULE', 'NVIDIA Jetson Orin NX (16GB ram)'), ('JETSON_SERIAL_NUMBER', '1425023203559'), ('_', '/usr/bin/colcon'), ('ROS_VERSION', '2'), ('JETSON_CODENAME', 'P3768'), ('XDG_SESSION_CLASS', 'user'), ('TERM', 'xterm'), ('XDG_SESSION_ID', '3'), ('ROS_LOCALHOST_ONLY', '0'), ('PATH', '/usr/local/cuda-11.4/bin:/usr/local/cuda-11.4/bin:/usr/local/cuda-11.4/bin:/home/airlab/.local/bin:/opt/ros/foxy/bin:/usr/local/cuda-11.4/bin:/usr/local/sbin:/usr/local/bin:/usr/sbin:/usr/bin:/sbin:/bin:/usr/games:/usr/local/games:/snap/bin'), ('XDG_RUNTIME_DIR', '/run/user/1000'), ('DISPLAY', 'localhost:10.0'), ('LANG', 'en_US.UTF-8'), ('LS_COLORS', 'rs=0:di=01;34:ln=01;36:mh=00:pi=40;33:so=01;35:do=01;35:bd=40;33;01:cd=40;33;01:or=40;31;01:mi=00:su=37;41:sg=30;43:ca=30;41:tw=30;42:ow=34;42:st=37;44:ex=01;32:*.tar=01;31:*.tgz=01;31:*.arc=01;31:*.arj=01;31:*.taz=01;31:*.lha=01;31:*.lz4=01;31:*.lzh=01;31:*.lzma=01;31:*.tlz=01;31:*.txz=01;31:*.tzo=01;31:*.t7z=01;31:*.zip=01;31:*.z=01;31:*.dz=01;31:*.gz=01;31:*.lrz=01;31:*.lz=01;31:*.lzo=01;31:*.xz=01;31:*.zst=01;31:*.tzst=01;31:*.bz2=01;31:*.bz=01;31:*.tbz=01;31:*.tbz2=01;31:*.tz=01;31:*.deb=01;31:*.rpm=01;31:*.jar=01;31:*.war=01;31:*.ear=01;31:*.sar=01;31:*.rar=01;31:*.alz=01;31:*.ace=01;31:*.zoo=01;31:*.cpio=01;31:*.7z=01;31:*.rz=01;31:*.cab=01;31:*.wim=01;31:*.swm=01;31:*.dwm=01;31:*.esd=01;31:*.jpg=01;35:*.jpeg=01;35:*.mjpg=01;35:*.mjpeg=01;35:*.gif=01;35:*.bmp=01;35:*.pbm=01;35:*.pgm=01;35:*.ppm=01;35:*.tga=01;35:*.xbm=01;35:*.xpm=01;35:*.tif=01;35:*.tiff=01;35:*.png=01;35:*.svg=01;35:*.svgz=01;35:*.mng=01;35:*.pcx=01;35:*.mov=01;35:*.mpg=01;35:*.mpeg=01;35:*.m2v=01;35:*.mkv=01;35:*.webm=01;35:*.ogm=01;35:*.mp4=01;35:*.m4v=01;35:*.mp4v=01;35:*.vob=01;35:*.qt=01;35:*.nuv=01;35:*.wmv=01;35:*.asf=01;35:*.rm=01;35:*.rmvb=01;35:*.flc=01;35:*.avi=01;35:*.fli=01;35:*.flv=01;35:*.gl=01;35:*.dl=01;35:*.xcf=01;35:*.xwd=01;35:*.yuv=01;35:*.cgm=01;35:*.emf=01;35:*.ogv=01;35:*.ogx=01;35:*.aac=00;36:*.au=00;36:*.flac=00;36:*.m4a=00;36:*.mid=00;36:*.midi=00;36:*.mka=00;36:*.mp3=00;36:*.mpc=00;36:*.ogg=00;36:*.ra=00;36:*.wav=00;36:*.oga=00;36:*.opus=00;36:*.spx=00;36:*.xspf=00;36:'), ('JETSON_SOC', 'tegra23x'), ('ROS_DOMAIN_ID', '3'), ('AMENT_PREFIX_PATH', '/home/airlab/seed25/ros_packages/seed_controller_ws/install/mocap_listener:/home/airlab/seed25/ros_packages/mocap4r2_ws/install/mocap4r2cli:/home/airlab/seed25/ros_packages/mocap4r2_ws/install/mocap4r2_robot_gt_msgs:/home/airlab/seed25/ros_packages/mocap4r2_ws/install/mocap4r2_marker_viz:/home/airlab/seed25/ros_packages/mocap4r2_ws/install/mocap4r2_marker_publisher:/home/airlab/seed25/ros_packages/mocap4r2_ws/install/mocap4r2_msgs:/home/airlab/seed25/ros_packages/mocap4r2_ws/install/mocap4r2_marker_viz_srvs:/home/airlab/seed25/ros_packages/mocap4r2_ws/install/mocap4r2_control:/home/airlab/seed25/ros_packages/mocap4r2_ws/install/mocap4r2_control_msgs:/opt/ros/foxy'), ('SHELL', '/bin/bash'), ('LESSCLOSE', '/usr/bin/lesspipe %s %s'), ('JETSON_CUDA_ARCH_BIN', '8.7'), ('PWD', '/home/airlab/seed25/build/mocap4r2_control_msgs'), ('LC_ALL', 'en_US.UTF-8'), ('SSH_CONNECTION', '192.168.0.60 49912 192.168.0.136 22'), ('XDG_DATA_DIRS', '/usr/local/share:/usr/share:/var/lib/snapd/desktop'), ('PYTHONPATH', '/home/airlab/seed25/ros_packages/seed_controller_ws/install/mocap_listener/lib/python3.8/site-packages:/home/airlab/seed25/ros_packages/mocap4r2_ws/install/mocap4r2cli/lib/python3.8/site-packages:/home/airlab/seed25/ros_packages/mocap4r2_ws/install/mocap4r2_robot_gt_msgs/lib/python3.8/site-packages:/home/airlab/seed25/ros_packages/mocap4r2_ws/install/mocap4r2_msgs/lib/python3.8/site-packages:/home/airlab/seed25/ros_packages/mocap4r2_ws/install/mocap4r2_marker_viz_srvs/lib/python3.8/site-packages:/home/airlab/seed25/ros_packages/mocap4r2_ws/install/mocap4r2_control_msgs/lib/python3.8/site-packages:/opt/ros/foxy/lib/python3.8/site-packages'), ('COLCON', '1'), ('JETSON_JETPACK', '5.1.5'), ('CMAKE_PREFIX_PATH', '/home/airlab/seed25/ros_packages/mocap4r2_ws/install/mocap4r2_robot_gt_msgs:/home/airlab/seed25/ros_packages/mocap4r2_ws/install/mocap4r2_marker_viz:/home/airlab/seed25/ros_packages/mocap4r2_ws/install/mocap4r2_marker_publisher:/home/airlab/seed25/ros_packages/mocap4r2_ws/install/mocap4r2_msgs:/home/airlab/seed25/ros_packages/mocap4r2_ws/install/mocap4r2_marker_viz_srvs:/home/airlab/seed25/ros_packages/mocap4r2_ws/install/mocap4r2_control:/home/airlab/seed25/ros_packages/mocap4r2_ws/install/mocap4r2_control_msgs:/home/airlab/seed25/ros_packages/seed_controller_ws/install/mocap_listener:/home/airlab/seed25/ros_packages/mocap4r2_ws/install/mocap4r2cli:/opt/ros/foxy'), ('JETSON_P_NUMBER', 'p3767-0000')]), 'shell': False}
[22.795894] (-) TimerEvent: {}
[22.821873] (mocap4r2_control_msgs) StdoutLine: {'line': b'-- Install configuration: ""\n'}
[22.822697] (mocap4r2_control_msgs) StdoutLine: {'line': b'-- Installing: /home/airlab/seed25/install/mocap4r2_control_msgs/share/ament_index/resource_index/rosidl_interfaces/mocap4r2_control_msgs\n'}
[22.822988] (mocap4r2_control_msgs) StdoutLine: {'line': b'-- Installing: /home/airlab/seed25/install/mocap4r2_control_msgs/include/mocap4r2_control_msgs\n'}
[22.823363] (mocap4r2_control_msgs) StdoutLine: {'line': b'-- Installing: /home/airlab/seed25/install/mocap4r2_control_msgs/include/mocap4r2_control_msgs/msg\n'}
[22.823566] (mocap4r2_control_msgs) StdoutLine: {'line': b'-- Installing: /home/airlab/seed25/install/mocap4r2_control_msgs/include/mocap4r2_control_msgs/msg/control.h\n'}
[22.823757] (mocap4r2_control_msgs) StdoutLine: {'line': b'-- Installing: /home/airlab/seed25/install/mocap4r2_control_msgs/include/mocap4r2_control_msgs/msg/detail\n'}
[22.824028] (mocap4r2_control_msgs) StdoutLine: {'line': b'-- Installing: /home/airlab/seed25/install/mocap4r2_control_msgs/include/mocap4r2_control_msgs/msg/detail/mocap_info__functions.c\n'}
[22.824229] (mocap4r2_control_msgs) StdoutLine: {'line': b'-- Installing: /home/airlab/seed25/install/mocap4r2_control_msgs/include/mocap4r2_control_msgs/msg/detail/control__struct.h\n'}
[22.824456] (mocap4r2_control_msgs) StdoutLine: {'line': b'-- Installing: /home/airlab/seed25/install/mocap4r2_control_msgs/include/mocap4r2_control_msgs/msg/detail/mocap_info__functions.h\n'}
[22.824638] (mocap4r2_control_msgs) StdoutLine: {'line': b'-- Installing: /home/airlab/seed25/install/mocap4r2_control_msgs/include/mocap4r2_control_msgs/msg/detail/control__type_support.h\n'}
[22.824876] (mocap4r2_control_msgs) StdoutLine: {'line': b'-- Installing: /home/airlab/seed25/install/mocap4r2_control_msgs/include/mocap4r2_control_msgs/msg/detail/mocap_info__struct.h\n'}
[22.825063] (mocap4r2_control_msgs) StdoutLine: {'line': b'-- Installing: /home/airlab/seed25/install/mocap4r2_control_msgs/include/mocap4r2_control_msgs/msg/detail/control__functions.h\n'}
[22.825219] (mocap4r2_control_msgs) StdoutLine: {'line': b'-- Installing: /home/airlab/seed25/install/mocap4r2_control_msgs/include/mocap4r2_control_msgs/msg/detail/mocap_info__type_support.h\n'}
[22.825465] (mocap4r2_control_msgs) StdoutLine: {'line': b'-- Installing: /home/airlab/seed25/install/mocap4r2_control_msgs/include/mocap4r2_control_msgs/msg/detail/control__functions.c\n'}
[22.825621] (mocap4r2_control_msgs) StdoutLine: {'line': b'-- Installing: /home/airlab/seed25/install/mocap4r2_control_msgs/include/mocap4r2_control_msgs/msg/rosidl_generator_c__visibility_control.h\n'}
[22.825759] (mocap4r2_control_msgs) StdoutLine: {'line': b'-- Installing: /home/airlab/seed25/install/mocap4r2_control_msgs/include/mocap4r2_control_msgs/msg/mocap_info.h\n'}
[22.825978] (mocap4r2_control_msgs) StdoutLine: {'line': b'-- Installing: /home/airlab/seed25/install/mocap4r2_control_msgs/share/mocap4r2_control_msgs/environment/library_path.sh\n'}
[22.826325] (mocap4r2_control_msgs) StdoutLine: {'line': b'-- Installing: /home/airlab/seed25/install/mocap4r2_control_msgs/share/mocap4r2_control_msgs/environment/library_path.dsv\n'}
[22.826815] (mocap4r2_control_msgs) StdoutLine: {'line': b'-- Installing: /home/airlab/seed25/install/mocap4r2_control_msgs/lib/libmocap4r2_control_msgs__rosidl_generator_c.so\n'}
[22.827603] (mocap4r2_control_msgs) StdoutLine: {'line': b'-- Set runtime path of "/home/airlab/seed25/install/mocap4r2_control_msgs/lib/libmocap4r2_control_msgs__rosidl_generator_c.so" to ""\n'}
[22.828039] (mocap4r2_control_msgs) StdoutLine: {'line': b'-- Up-to-date: /home/airlab/seed25/install/mocap4r2_control_msgs/include/mocap4r2_control_msgs\n'}
[22.828253] (mocap4r2_control_msgs) StdoutLine: {'line': b'-- Up-to-date: /home/airlab/seed25/install/mocap4r2_control_msgs/include/mocap4r2_control_msgs/msg\n'}
[22.828467] (mocap4r2_control_msgs) StdoutLine: {'line': b'-- Up-to-date: /home/airlab/seed25/install/mocap4r2_control_msgs/include/mocap4r2_control_msgs/msg/detail\n'}
[22.828614] (mocap4r2_control_msgs) StdoutLine: {'line': b'-- Installing: /home/airlab/seed25/install/mocap4r2_control_msgs/include/mocap4r2_control_msgs/msg/detail/control__rosidl_typesupport_fastrtps_c.h\n'}
[22.828771] (mocap4r2_control_msgs) StdoutLine: {'line': b'-- Installing: /home/airlab/seed25/install/mocap4r2_control_msgs/include/mocap4r2_control_msgs/msg/detail/mocap_info__rosidl_typesupport_fastrtps_c.h\n'}
[22.828975] (mocap4r2_control_msgs) StdoutLine: {'line': b'-- Installing: /home/airlab/seed25/install/mocap4r2_control_msgs/include/mocap4r2_control_msgs/msg/rosidl_typesupport_fastrtps_c__visibility_control.h\n'}
[22.829118] (mocap4r2_control_msgs) StdoutLine: {'line': b'-- Installing: /home/airlab/seed25/install/mocap4r2_control_msgs/lib/libmocap4r2_control_msgs__rosidl_typesupport_fastrtps_c.so\n'}
[22.829565] (mocap4r2_control_msgs) StdoutLine: {'line': b'-- Set runtime path of "/home/airlab/seed25/install/mocap4r2_control_msgs/lib/libmocap4r2_control_msgs__rosidl_typesupport_fastrtps_c.so" to ""\n'}
[22.829895] (mocap4r2_control_msgs) StdoutLine: {'line': b'-- Up-to-date: /home/airlab/seed25/install/mocap4r2_control_msgs/include/mocap4r2_control_msgs\n'}
[22.830127] (mocap4r2_control_msgs) StdoutLine: {'line': b'-- Up-to-date: /home/airlab/seed25/install/mocap4r2_control_msgs/include/mocap4r2_control_msgs/msg\n'}
[22.830342] (mocap4r2_control_msgs) StdoutLine: {'line': b'-- Installing: /home/airlab/seed25/install/mocap4r2_control_msgs/include/mocap4r2_control_msgs/msg/rosidl_typesupport_fastrtps_cpp__visibility_control.h\n'}
[22.830615] (mocap4r2_control_msgs) StdoutLine: {'line': b'-- Up-to-date: /home/airlab/seed25/install/mocap4r2_control_msgs/include/mocap4r2_control_msgs/msg/detail\n'}
[22.830761] (mocap4r2_control_msgs) StdoutLine: {'line': b'-- Installing: /home/airlab/seed25/install/mocap4r2_control_msgs/include/mocap4r2_control_msgs/msg/detail/mocap_info__rosidl_typesupport_fastrtps_cpp.hpp\n'}
[22.830918] (mocap4r2_control_msgs) StdoutLine: {'line': b'-- Installing: /home/airlab/seed25/install/mocap4r2_control_msgs/include/mocap4r2_control_msgs/msg/detail/control__rosidl_typesupport_fastrtps_cpp.hpp\n'}
[22.831121] (mocap4r2_control_msgs) StdoutLine: {'line': b'-- Installing: /home/airlab/seed25/install/mocap4r2_control_msgs/include/mocap4r2_control_msgs/msg/detail/dds_fastrtps\n'}
[22.831267] (mocap4r2_control_msgs) StdoutLine: {'line': b'-- Installing: /home/airlab/seed25/install/mocap4r2_control_msgs/lib/libmocap4r2_control_msgs__rosidl_typesupport_fastrtps_cpp.so\n'}
[22.840534] (mocap4r2_control_msgs) StdoutLine: {'line': b'-- Set runtime path of "/home/airlab/seed25/install/mocap4r2_control_msgs/lib/libmocap4r2_control_msgs__rosidl_typesupport_fastrtps_cpp.so" to ""\n'}
[22.841030] (mocap4r2_control_msgs) StdoutLine: {'line': b'-- Up-to-date: /home/airlab/seed25/install/mocap4r2_control_msgs/include/mocap4r2_control_msgs\n'}
[22.841362] (mocap4r2_control_msgs) StdoutLine: {'line': b'-- Up-to-date: /home/airlab/seed25/install/mocap4r2_control_msgs/include/mocap4r2_control_msgs/msg\n'}
[22.841565] (mocap4r2_control_msgs) StdoutLine: {'line': b'-- Up-to-date: /home/airlab/seed25/install/mocap4r2_control_msgs/include/mocap4r2_control_msgs/msg/detail\n'}
[22.841753] (mocap4r2_control_msgs) StdoutLine: {'line': b'-- Installing: /home/airlab/seed25/install/mocap4r2_control_msgs/include/mocap4r2_control_msgs/msg/detail/mocap_info__rosidl_typesupport_introspection_c.h\n'}
[22.841899] (mocap4r2_control_msgs) StdoutLine: {'line': b'-- Installing: /home/airlab/seed25/install/mocap4r2_control_msgs/include/mocap4r2_control_msgs/msg/detail/control__rosidl_typesupport_introspection_c.h\n'}
[22.842037] (mocap4r2_control_msgs) StdoutLine: {'line': b'-- Installing: /home/airlab/seed25/install/mocap4r2_control_msgs/include/mocap4r2_control_msgs/msg/detail/mocap_info__type_support.c\n'}
[22.842306] (mocap4r2_control_msgs) StdoutLine: {'line': b'-- Installing: /home/airlab/seed25/install/mocap4r2_control_msgs/include/mocap4r2_control_msgs/msg/detail/control__type_support.c\n'}
[22.842464] (mocap4r2_control_msgs) StdoutLine: {'line': b'-- Installing: /home/airlab/seed25/install/mocap4r2_control_msgs/include/mocap4r2_control_msgs/msg/rosidl_typesupport_introspection_c__visibility_control.h\n'}
[22.842605] (mocap4r2_control_msgs) StdoutLine: {'line': b'-- Installing: /home/airlab/seed25/install/mocap4r2_control_msgs/lib/libmocap4r2_control_msgs__rosidl_typesupport_introspection_c.so\n'}
[22.842860] (mocap4r2_control_msgs) StdoutLine: {'line': b'-- Set runtime path of "/home/airlab/seed25/install/mocap4r2_control_msgs/lib/libmocap4r2_control_msgs__rosidl_typesupport_introspection_c.so" to ""\n'}
[22.843137] (mocap4r2_control_msgs) StdoutLine: {'line': b'-- Installing: /home/airlab/seed25/install/mocap4r2_control_msgs/lib/libmocap4r2_control_msgs__rosidl_typesupport_c.so\n'}
[22.843812] (mocap4r2_control_msgs) StdoutLine: {'line': b'-- Set runtime path of "/home/airlab/seed25/install/mocap4r2_control_msgs/lib/libmocap4r2_control_msgs__rosidl_typesupport_c.so" to ""\n'}
[22.844162] (mocap4r2_control_msgs) StdoutLine: {'line': b'-- Up-to-date: /home/airlab/seed25/install/mocap4r2_control_msgs/include/mocap4r2_control_msgs\n'}
[22.844394] (mocap4r2_control_msgs) StdoutLine: {'line': b'-- Up-to-date: /home/airlab/seed25/install/mocap4r2_control_msgs/include/mocap4r2_control_msgs/msg\n'}
[22.844595] (mocap4r2_control_msgs) StdoutLine: {'line': b'-- Installing: /home/airlab/seed25/install/mocap4r2_control_msgs/include/mocap4r2_control_msgs/msg/rosidl_generator_cpp__visibility_control.hpp\n'}
[22.844848] (mocap4r2_control_msgs) StdoutLine: {'line': b'-- Installing: /home/airlab/seed25/install/mocap4r2_control_msgs/include/mocap4r2_control_msgs/msg/control.hpp\n'}
[22.845054] (mocap4r2_control_msgs) StdoutLine: {'line': b'-- Up-to-date: /home/airlab/seed25/install/mocap4r2_control_msgs/include/mocap4r2_control_msgs/msg/detail\n'}
[22.845234] (mocap4r2_control_msgs) StdoutLine: {'line': b'-- Installing: /home/airlab/seed25/install/mocap4r2_control_msgs/include/mocap4r2_control_msgs/msg/detail/control__type_support.hpp\n'}
[22.845389] (mocap4r2_control_msgs) StdoutLine: {'line': b'-- Installing: /home/airlab/seed25/install/mocap4r2_control_msgs/include/mocap4r2_control_msgs/msg/detail/mocap_info__type_support.hpp\n'}
[22.845655] (mocap4r2_control_msgs) StdoutLine: {'line': b'-- Installing: /home/airlab/seed25/install/mocap4r2_control_msgs/include/mocap4r2_control_msgs/msg/detail/mocap_info__builder.hpp\n'}
[22.845849] (mocap4r2_control_msgs) StdoutLine: {'line': b'-- Installing: /home/airlab/seed25/install/mocap4r2_control_msgs/include/mocap4r2_control_msgs/msg/detail/control__builder.hpp\n'}
[22.846041] (mocap4r2_control_msgs) StdoutLine: {'line': b'-- Installing: /home/airlab/seed25/install/mocap4r2_control_msgs/include/mocap4r2_control_msgs/msg/detail/mocap_info__traits.hpp\n'}
[22.846258] (mocap4r2_control_msgs) StdoutLine: {'line': b'-- Installing: /home/airlab/seed25/install/mocap4r2_control_msgs/include/mocap4r2_control_msgs/msg/detail/control__struct.hpp\n'}
[22.846476] (mocap4r2_control_msgs) StdoutLine: {'line': b'-- Installing: /home/airlab/seed25/install/mocap4r2_control_msgs/include/mocap4r2_control_msgs/msg/detail/mocap_info__struct.hpp\n'}
[22.846636] (mocap4r2_control_msgs) StdoutLine: {'line': b'-- Installing: /home/airlab/seed25/install/mocap4r2_control_msgs/include/mocap4r2_control_msgs/msg/detail/control__traits.hpp\n'}
[22.846947] (mocap4r2_control_msgs) StdoutLine: {'line': b'-- Installing: /home/airlab/seed25/install/mocap4r2_control_msgs/include/mocap4r2_control_msgs/msg/mocap_info.hpp\n'}
[22.847166] (mocap4r2_control_msgs) StdoutLine: {'line': b'-- Up-to-date: /home/airlab/seed25/install/mocap4r2_control_msgs/include/mocap4r2_control_msgs\n'}
[22.847347] (mocap4r2_control_msgs) StdoutLine: {'line': b'-- Up-to-date: /home/airlab/seed25/install/mocap4r2_control_msgs/include/mocap4r2_control_msgs/msg\n'}
[22.847561] (mocap4r2_control_msgs) StdoutLine: {'line': b'-- Up-to-date: /home/airlab/seed25/install/mocap4r2_control_msgs/include/mocap4r2_control_msgs/msg/detail\n'}
[22.847747] (mocap4r2_control_msgs) StdoutLine: {'line': b'-- Installing: /home/airlab/seed25/install/mocap4r2_control_msgs/include/mocap4r2_control_msgs/msg/detail/control__rosidl_typesupport_introspection_cpp.hpp\n'}
[22.847883] (mocap4r2_control_msgs) StdoutLine: {'line': b'-- Installing: /home/airlab/seed25/install/mocap4r2_control_msgs/include/mocap4r2_control_msgs/msg/detail/mocap_info__rosidl_typesupport_introspection_cpp.hpp\n'}
[22.848045] (mocap4r2_control_msgs) StdoutLine: {'line': b'-- Installing: /home/airlab/seed25/install/mocap4r2_control_msgs/include/mocap4r2_control_msgs/msg/detail/control__type_support.cpp\n'}
[22.848234] (mocap4r2_control_msgs) StdoutLine: {'line': b'-- Installing: /home/airlab/seed25/install/mocap4r2_control_msgs/include/mocap4r2_control_msgs/msg/detail/mocap_info__type_support.cpp\n'}
[22.848369] (mocap4r2_control_msgs) StdoutLine: {'line': b'-- Installing: /home/airlab/seed25/install/mocap4r2_control_msgs/lib/libmocap4r2_control_msgs__rosidl_typesupport_introspection_cpp.so\n'}
[22.848939] (mocap4r2_control_msgs) StdoutLine: {'line': b'-- Set runtime path of "/home/airlab/seed25/install/mocap4r2_control_msgs/lib/libmocap4r2_control_msgs__rosidl_typesupport_introspection_cpp.so" to ""\n'}
[22.849216] (mocap4r2_control_msgs) StdoutLine: {'line': b'-- Installing: /home/airlab/seed25/install/mocap4r2_control_msgs/lib/libmocap4r2_control_msgs__rosidl_typesupport_cpp.so\n'}
[22.849840] (mocap4r2_control_msgs) StdoutLine: {'line': b'-- Set runtime path of "/home/airlab/seed25/install/mocap4r2_control_msgs/lib/libmocap4r2_control_msgs__rosidl_typesupport_cpp.so" to ""\n'}
[22.850142] (mocap4r2_control_msgs) StdoutLine: {'line': b'-- Installing: /home/airlab/seed25/install/mocap4r2_control_msgs/share/mocap4r2_control_msgs/environment/pythonpath.sh\n'}
[22.850360] (mocap4r2_control_msgs) StdoutLine: {'line': b'-- Installing: /home/airlab/seed25/install/mocap4r2_control_msgs/share/mocap4r2_control_msgs/environment/pythonpath.dsv\n'}
[22.850834] (mocap4r2_control_msgs) StdoutLine: {'line': b'-- Installing: /home/airlab/seed25/install/mocap4r2_control_msgs/lib/python3.8/site-packages/mocap4r2_control_msgs/__init__.py\n'}
[22.864836] (mocap4r2_marker_viz_srvs) StdoutLine: {'line': b'[ 84%] Built target mocap4r2_marker_viz_srvs__python\n'}
[22.896062] (-) TimerEvent: {}
[22.938879] (mocap4r2_marker_viz_srvs) StdoutLine: {'line': b'\x1b[35m\x1b[1mScanning dependencies of target mocap4r2_marker_viz_srvs__rosidl_typesupport_c__pyext\x1b[0m\n'}
[22.953506] (mocap4r2_control_msgs) StdoutLine: {'line': b"Compiling '/home/airlab/seed25/install/mocap4r2_control_msgs/lib/python3.8/site-packages/mocap4r2_control_msgs/__init__.py'...\n"}
[22.972567] (mocap4r2_control_msgs) StdoutLine: {'line': b'-- Installing: /home/airlab/seed25/install/mocap4r2_control_msgs/lib/python3.8/site-packages/mocap4r2_control_msgs/msg\n'}
[22.973200] (mocap4r2_control_msgs) StdoutLine: {'line': b'-- Installing: /home/airlab/seed25/install/mocap4r2_control_msgs/lib/python3.8/site-packages/mocap4r2_control_msgs/msg/_control.py\n'}
[22.973420] (mocap4r2_control_msgs) StdoutLine: {'line': b'-- Installing: /home/airlab/seed25/install/mocap4r2_control_msgs/lib/python3.8/site-packages/mocap4r2_control_msgs/msg/_control_s.c\n'}
[22.973690] (mocap4r2_control_msgs) StdoutLine: {'line': b'-- Installing: /home/airlab/seed25/install/mocap4r2_control_msgs/lib/python3.8/site-packages/mocap4r2_control_msgs/msg/_mocap_info_s.c\n'}
[22.973906] (mocap4r2_control_msgs) StdoutLine: {'line': b'-- Installing: /home/airlab/seed25/install/mocap4r2_control_msgs/lib/python3.8/site-packages/mocap4r2_control_msgs/msg/__init__.py\n'}
[22.974126] (mocap4r2_control_msgs) StdoutLine: {'line': b'-- Installing: /home/airlab/seed25/install/mocap4r2_control_msgs/lib/python3.8/site-packages/mocap4r2_control_msgs/msg/_mocap_info.py\n'}
[22.974690] (mocap4r2_control_msgs) StdoutLine: {'line': b'-- Installing: /home/airlab/seed25/install/mocap4r2_control_msgs/lib/python3.8/site-packages/mocap4r2_control_msgs/mocap4r2_control_msgs_s__rosidl_typesupport_fastrtps_c.cpython-38-aarch64-linux-gnu.so\n'}
[22.975919] (mocap4r2_control_msgs) StdoutLine: {'line': b'-- Set runtime path of "/home/airlab/seed25/install/mocap4r2_control_msgs/lib/python3.8/site-packages/mocap4r2_control_msgs/mocap4r2_control_msgs_s__rosidl_typesupport_fastrtps_c.cpython-38-aarch64-linux-gnu.so" to ""\n'}
[22.976465] (mocap4r2_control_msgs) StdoutLine: {'line': b'-- Installing: /home/airlab/seed25/install/mocap4r2_control_msgs/lib/python3.8/site-packages/mocap4r2_control_msgs/mocap4r2_control_msgs_s__rosidl_typesupport_introspection_c.cpython-38-aarch64-linux-gnu.so\n'}
[22.977658] (mocap4r2_control_msgs) StdoutLine: {'line': b'-- Set runtime path of "/home/airlab/seed25/install/mocap4r2_control_msgs/lib/python3.8/site-packages/mocap4r2_control_msgs/mocap4r2_control_msgs_s__rosidl_typesupport_introspection_c.cpython-38-aarch64-linux-gnu.so" to ""\n'}
[22.978243] (mocap4r2_control_msgs) StdoutLine: {'line': b'-- Installing: /home/airlab/seed25/install/mocap4r2_control_msgs/lib/python3.8/site-packages/mocap4r2_control_msgs/mocap4r2_control_msgs_s__rosidl_typesupport_c.cpython-38-aarch64-linux-gnu.so\n'}
[22.979203] (mocap4r2_marker_viz_srvs) StdoutLine: {'line': b'\x1b[35m\x1b[1mScanning dependencies of target mocap4r2_marker_viz_srvs__rosidl_typesupport_fastrtps_c__pyext\x1b[0m\n'}
[22.979960] (mocap4r2_control_msgs) StdoutLine: {'line': b'-- Set runtime path of "/home/airlab/seed25/install/mocap4r2_control_msgs/lib/python3.8/site-packages/mocap4r2_control_msgs/mocap4r2_control_msgs_s__rosidl_typesupport_c.cpython-38-aarch64-linux-gnu.so" to ""\n'}
[22.980273] (mocap4r2_control_msgs) StdoutLine: {'line': b'-- Installing: /home/airlab/seed25/install/mocap4r2_control_msgs/lib/libmocap4r2_control_msgs__python.so\n'}
[22.980970] (mocap4r2_control_msgs) StdoutLine: {'line': b'-- Set runtime path of "/home/airlab/seed25/install/mocap4r2_control_msgs/lib/libmocap4r2_control_msgs__python.so" to ""\n'}
[22.981293] (mocap4r2_control_msgs) StdoutLine: {'line': b'-- Installing: /home/airlab/seed25/install/mocap4r2_control_msgs/share/mocap4r2_control_msgs/msg/Control.idl\n'}
[22.981641] (mocap4r2_control_msgs) StdoutLine: {'line': b'-- Installing: /home/airlab/seed25/install/mocap4r2_control_msgs/share/mocap4r2_control_msgs/msg/MocapInfo.idl\n'}
[22.982002] (mocap4r2_control_msgs) StdoutLine: {'line': b'-- Installing: /home/airlab/seed25/install/mocap4r2_control_msgs/share/mocap4r2_control_msgs/msg/Control.msg\n'}
[22.982374] (mocap4r2_control_msgs) StdoutLine: {'line': b'-- Installing: /home/airlab/seed25/install/mocap4r2_control_msgs/share/mocap4r2_control_msgs/msg/MocapInfo.msg\n'}
[22.982707] (mocap4r2_control_msgs) StdoutLine: {'line': b'-- Installing: /home/airlab/seed25/install/mocap4r2_control_msgs/share/mocap4r2_control_msgs/mocap4r2_control_bridge_mapping_rule.yaml\n'}
[22.996059] (mocap4r2_control_msgs) StdoutLine: {'line': b'-- Installing: /home/airlab/seed25/install/mocap4r2_control_msgs/share/ament_index/resource_index/package_run_dependencies/mocap4r2_control_msgs\n'}
[22.996504] (-) TimerEvent: {}
[22.996923] (mocap4r2_control_msgs) StdoutLine: {'line': b'-- Installing: /home/airlab/seed25/install/mocap4r2_control_msgs/share/ament_index/resource_index/parent_prefix_path/mocap4r2_control_msgs\n'}
[22.997146] (mocap4r2_control_msgs) StdoutLine: {'line': b'-- Installing: /home/airlab/seed25/install/mocap4r2_control_msgs/share/mocap4r2_control_msgs/environment/ament_prefix_path.sh\n'}
[22.997603] (mocap4r2_control_msgs) StdoutLine: {'line': b'-- Installing: /home/airlab/seed25/install/mocap4r2_control_msgs/share/mocap4r2_control_msgs/environment/ament_prefix_path.dsv\n'}
[22.997950] (mocap4r2_control_msgs) StdoutLine: {'line': b'-- Installing: /home/airlab/seed25/install/mocap4r2_control_msgs/share/mocap4r2_control_msgs/environment/path.sh\n'}
[22.998299] (mocap4r2_control_msgs) StdoutLine: {'line': b'-- Installing: /home/airlab/seed25/install/mocap4r2_control_msgs/share/mocap4r2_control_msgs/environment/path.dsv\n'}
[22.998620] (mocap4r2_control_msgs) StdoutLine: {'line': b'-- Installing: /home/airlab/seed25/install/mocap4r2_control_msgs/share/mocap4r2_control_msgs/local_setup.bash\n'}
[22.998962] (mocap4r2_control_msgs) StdoutLine: {'line': b'-- Installing: /home/airlab/seed25/install/mocap4r2_control_msgs/share/mocap4r2_control_msgs/local_setup.sh\n'}
[22.999311] (mocap4r2_control_msgs) StdoutLine: {'line': b'-- Installing: /home/airlab/seed25/install/mocap4r2_control_msgs/share/mocap4r2_control_msgs/local_setup.zsh\n'}
[22.999605] (mocap4r2_control_msgs) StdoutLine: {'line': b'-- Installing: /home/airlab/seed25/install/mocap4r2_control_msgs/share/mocap4r2_control_msgs/local_setup.dsv\n'}
[22.999894] (mocap4r2_control_msgs) StdoutLine: {'line': b'-- Installing: /home/airlab/seed25/install/mocap4r2_control_msgs/share/mocap4r2_control_msgs/package.dsv\n'}
[23.000321] (mocap4r2_control_msgs) StdoutLine: {'line': b'-- Installing: /home/airlab/seed25/install/mocap4r2_control_msgs/share/ament_index/resource_index/packages/mocap4r2_control_msgs\n'}
[23.000883] (mocap4r2_control_msgs) StdoutLine: {'line': b'-- Installing: /home/airlab/seed25/install/mocap4r2_control_msgs/share/mocap4r2_control_msgs/cmake/mocap4r2_control_msgs__rosidl_generator_cExport.cmake\n'}
[23.001744] (mocap4r2_control_msgs) StdoutLine: {'line': b'-- Installing: /home/airlab/seed25/install/mocap4r2_control_msgs/share/mocap4r2_control_msgs/cmake/mocap4r2_control_msgs__rosidl_generator_cExport-noconfig.cmake\n'}
[23.002702] (mocap4r2_control_msgs) StdoutLine: {'line': b'-- Installing: /home/airlab/seed25/install/mocap4r2_control_msgs/share/mocap4r2_control_msgs/cmake/mocap4r2_control_msgs__rosidl_typesupport_introspection_cExport.cmake\n'}
[23.004022] (mocap4r2_control_msgs) StdoutLine: {'line': b'-- Installing: /home/airlab/seed25/install/mocap4r2_control_msgs/share/mocap4r2_control_msgs/cmake/mocap4r2_control_msgs__rosidl_typesupport_introspection_cExport-noconfig.cmake\n'}
[23.005019] (mocap4r2_control_msgs) StdoutLine: {'line': b'-- Installing: /home/airlab/seed25/install/mocap4r2_control_msgs/share/mocap4r2_control_msgs/cmake/mocap4r2_control_msgs__rosidl_typesupport_cExport.cmake\n'}
[23.005841] (mocap4r2_control_msgs) StdoutLine: {'line': b'-- Installing: /home/airlab/seed25/install/mocap4r2_control_msgs/share/mocap4r2_control_msgs/cmake/mocap4r2_control_msgs__rosidl_typesupport_cExport-noconfig.cmake\n'}
[23.006739] (mocap4r2_control_msgs) StdoutLine: {'line': b'-- Installing: /home/airlab/seed25/install/mocap4r2_control_msgs/share/mocap4r2_control_msgs/cmake/mocap4r2_control_msgs__rosidl_generator_cppExport.cmake\n'}
[23.007698] (mocap4r2_control_msgs) StdoutLine: {'line': b'-- Installing: /home/airlab/seed25/install/mocap4r2_control_msgs/share/mocap4r2_control_msgs/cmake/mocap4r2_control_msgs__rosidl_typesupport_introspection_cppExport.cmake\n'}
[23.008582] (mocap4r2_control_msgs) StdoutLine: {'line': b'-- Installing: /home/airlab/seed25/install/mocap4r2_control_msgs/share/mocap4r2_control_msgs/cmake/mocap4r2_control_msgs__rosidl_typesupport_introspection_cppExport-noconfig.cmake\n'}
[23.009538] (mocap4r2_control_msgs) StdoutLine: {'line': b'-- Installing: /home/airlab/seed25/install/mocap4r2_control_msgs/share/mocap4r2_control_msgs/cmake/mocap4r2_control_msgs__rosidl_typesupport_cppExport.cmake\n'}
[23.010357] (mocap4r2_control_msgs) StdoutLine: {'line': b'-- Installing: /home/airlab/seed25/install/mocap4r2_control_msgs/share/mocap4r2_control_msgs/cmake/mocap4r2_control_msgs__rosidl_typesupport_cppExport-noconfig.cmake\n'}
[23.010681] (mocap4r2_marker_viz_srvs) StdoutLine: {'line': b'\x1b[35m\x1b[1mScanning dependencies of target mocap4r2_marker_viz_srvs__rosidl_typesupport_introspection_c__pyext\x1b[0m\n'}
[23.011524] (mocap4r2_control_msgs) StdoutLine: {'line': b'-- Installing: /home/airlab/seed25/install/mocap4r2_control_msgs/share/mocap4r2_control_msgs/cmake/rosidl_cmake-extras.cmake\n'}
[23.012315] (mocap4r2_control_msgs) StdoutLine: {'line': b'-- Installing: /home/airlab/seed25/install/mocap4r2_control_msgs/share/mocap4r2_control_msgs/cmake/ament_cmake_export_dependencies-extras.cmake\n'}
[23.013100] (mocap4r2_control_msgs) StdoutLine: {'line': b'-- Installing: /home/airlab/seed25/install/mocap4r2_control_msgs/share/mocap4r2_control_msgs/cmake/ament_cmake_export_libraries-extras.cmake\n'}
[23.014620] (mocap4r2_control_msgs) StdoutLine: {'line': b'-- Installing: /home/airlab/seed25/install/mocap4r2_control_msgs/share/mocap4r2_control_msgs/cmake/ament_cmake_export_targets-extras.cmake\n'}
[23.015828] (mocap4r2_control_msgs) StdoutLine: {'line': b'-- Installing: /home/airlab/seed25/install/mocap4r2_control_msgs/share/mocap4r2_control_msgs/cmake/ament_cmake_export_include_directories-extras.cmake\n'}
[23.018715] (mocap4r2_control_msgs) StdoutLine: {'line': b'-- Installing: /home/airlab/seed25/install/mocap4r2_control_msgs/share/mocap4r2_control_msgs/cmake/rosidl_cmake_export_typesupport_libraries-extras.cmake\n'}
[23.019609] (mocap4r2_control_msgs) StdoutLine: {'line': b'-- Installing: /home/airlab/seed25/install/mocap4r2_control_msgs/share/mocap4r2_control_msgs/cmake/rosidl_cmake_export_typesupport_targets-extras.cmake\n'}
[23.020430] (mocap4r2_control_msgs) StdoutLine: {'line': b'-- Installing: /home/airlab/seed25/install/mocap4r2_control_msgs/share/mocap4r2_control_msgs/cmake/mocap4r2_control_msgsConfig.cmake\n'}
[23.021072] (mocap4r2_control_msgs) StdoutLine: {'line': b'-- Installing: /home/airlab/seed25/install/mocap4r2_control_msgs/share/mocap4r2_control_msgs/cmake/mocap4r2_control_msgsConfig-version.cmake\n'}
[23.026714] (mocap4r2_control_msgs) StdoutLine: {'line': b'-- Installing: /home/airlab/seed25/install/mocap4r2_control_msgs/share/mocap4r2_control_msgs/package.xml\n'}
[23.033564] (mocap4r2_control_msgs) CommandEnded: {'returncode': 0}
[23.086969] (mocap4r2_marker_viz_srvs) StdoutLine: {'line': b'[ 87%] \x1b[32mBuilding C object CMakeFiles/mocap4r2_marker_viz_srvs__rosidl_typesupport_c__pyext.dir/rosidl_generator_py/mocap4r2_marker_viz_srvs/_mocap4r2_marker_viz_srvs_s.ep.rosidl_typesupport_c.c.o\x1b[0m\n'}
[23.091308] (mocap4r2_marker_viz_srvs) StdoutLine: {'line': b'[ 89%] \x1b[32mBuilding C object CMakeFiles/mocap4r2_marker_viz_srvs__rosidl_typesupport_fastrtps_c__pyext.dir/rosidl_generator_py/mocap4r2_marker_viz_srvs/_mocap4r2_marker_viz_srvs_s.ep.rosidl_typesupport_fastrtps_c.c.o\x1b[0m\n'}
[23.101768] (-) TimerEvent: {}
[23.154188] (mocap4r2_control_msgs) JobEnded: {'identifier': 'mocap4r2_control_msgs', 'rc': 0}
[23.155992] (mocap4r2_marker_viz_srvs) StdoutLine: {'line': b'[ 92%] \x1b[32mBuilding C object CMakeFiles/mocap4r2_marker_viz_srvs__rosidl_typesupport_introspection_c__pyext.dir/rosidl_generator_py/mocap4r2_marker_viz_srvs/_mocap4r2_marker_viz_srvs_s.ep.rosidl_typesupport_introspection_c.c.o\x1b[0m\n'}
[23.159242] (mocap4r2_control) JobStarted: {'identifier': 'mocap4r2_control'}
[23.202067] (-) TimerEvent: {}
[23.288179] (mocap4r2_control) JobProgress: {'identifier': 'mocap4r2_control', 'progress': 'cmake'}
[23.288601] (mocap4r2_control) Command: {'cmd': ['/usr/bin/cmake', '/home/airlab/seed25/ros_packages/mocap4r2_ws/src/mocap4r2/mocap4r2_control/mocap4r2_control', '-DCMAKE_INSTALL_PREFIX=/home/airlab/seed25/install/mocap4r2_control'], 'cwd': '/home/airlab/seed25/build/mocap4r2_control', 'env': OrderedDict([('LESSOPEN', '| /usr/bin/lesspipe %s'), ('USER', 'airlab'), ('SSH_CLIENT', '192.168.0.60 49912 22'), ('XDG_SESSION_TYPE', 'tty'), ('SHLVL', '1'), ('LD_LIBRARY_PATH', '/home/airlab/seed25/install/mocap4r2_control_msgs/lib:/usr/local/cuda-11.4/lib64:/usr/local/cuda-11.4/lib64:/usr/local/cuda-11.4/lib64:/home/airlab/seed25/ros_packages/mocap4r2_ws/install/mocap4r2_robot_gt_msgs/lib:/home/airlab/seed25/ros_packages/mocap4r2_ws/install/mocap4r2_msgs/lib:/home/airlab/seed25/ros_packages/mocap4r2_ws/install/mocap4r2_marker_viz_srvs/lib:/home/airlab/seed25/ros_packages/mocap4r2_ws/install/mocap4r2_control/lib:/home/airlab/seed25/ros_packages/mocap4r2_ws/install/mocap4r2_control_msgs/lib:/opt/ros/foxy/opt/yaml_cpp_vendor/lib:/opt/ros/foxy/opt/rviz_ogre_vendor/lib:/opt/ros/foxy/lib/aarch64-linux-gnu:/opt/ros/foxy/lib:/usr/local/cuda-11.4/lib64'), ('MOTD_SHOWN', 'pam'), ('HOME', '/home/airlab'), ('OLDPWD', '/home/airlab/seed25/ros_packages'), ('SSH_TTY', '/dev/pts/0'), ('JETSON_L4T', '35.6.1'), ('ROS_PYTHON_VERSION', '3'), ('JETSON_MODEL', 'NVIDIA Orin NX Developer Kit'), ('DBUS_SESSION_BUS_ADDRESS', 'unix:path=/run/user/1000/bus'), ('COLCON_PREFIX_PATH', '/home/airlab/seed25/ros_packages/mocap4r2_ws/install:/home/airlab/seed25/ros_packages/seed_controller_ws/install'), ('ROS_DISTRO', 'foxy'), ('LOGNAME', 'airlab'), ('JETSON_MODULE', 'NVIDIA Jetson Orin NX (16GB ram)'), ('JETSON_SERIAL_NUMBER', '1425023203559'), ('_', '/usr/bin/colcon'), ('ROS_VERSION', '2'), ('JETSON_CODENAME', 'P3768'), ('XDG_SESSION_CLASS', 'user'), ('TERM', 'xterm'), ('XDG_SESSION_ID', '3'), ('ROS_LOCALHOST_ONLY', '0'), ('PATH', '/usr/local/cuda-11.4/bin:/usr/local/cuda-11.4/bin:/usr/local/cuda-11.4/bin:/home/airlab/.local/bin:/opt/ros/foxy/bin:/usr/local/cuda-11.4/bin:/usr/local/sbin:/usr/local/bin:/usr/sbin:/usr/bin:/sbin:/bin:/usr/games:/usr/local/games:/snap/bin'), ('XDG_RUNTIME_DIR', '/run/user/1000'), ('DISPLAY', 'localhost:10.0'), ('LANG', 'en_US.UTF-8'), ('LS_COLORS', 'rs=0:di=01;34:ln=01;36:mh=00:pi=40;33:so=01;35:do=01;35:bd=40;33;01:cd=40;33;01:or=40;31;01:mi=00:su=37;41:sg=30;43:ca=30;41:tw=30;42:ow=34;42:st=37;44:ex=01;32:*.tar=01;31:*.tgz=01;31:*.arc=01;31:*.arj=01;31:*.taz=01;31:*.lha=01;31:*.lz4=01;31:*.lzh=01;31:*.lzma=01;31:*.tlz=01;31:*.txz=01;31:*.tzo=01;31:*.t7z=01;31:*.zip=01;31:*.z=01;31:*.dz=01;31:*.gz=01;31:*.lrz=01;31:*.lz=01;31:*.lzo=01;31:*.xz=01;31:*.zst=01;31:*.tzst=01;31:*.bz2=01;31:*.bz=01;31:*.tbz=01;31:*.tbz2=01;31:*.tz=01;31:*.deb=01;31:*.rpm=01;31:*.jar=01;31:*.war=01;31:*.ear=01;31:*.sar=01;31:*.rar=01;31:*.alz=01;31:*.ace=01;31:*.zoo=01;31:*.cpio=01;31:*.7z=01;31:*.rz=01;31:*.cab=01;31:*.wim=01;31:*.swm=01;31:*.dwm=01;31:*.esd=01;31:*.jpg=01;35:*.jpeg=01;35:*.mjpg=01;35:*.mjpeg=01;35:*.gif=01;35:*.bmp=01;35:*.pbm=01;35:*.pgm=01;35:*.ppm=01;35:*.tga=01;35:*.xbm=01;35:*.xpm=01;35:*.tif=01;35:*.tiff=01;35:*.png=01;35:*.svg=01;35:*.svgz=01;35:*.mng=01;35:*.pcx=01;35:*.mov=01;35:*.mpg=01;35:*.mpeg=01;35:*.m2v=01;35:*.mkv=01;35:*.webm=01;35:*.ogm=01;35:*.mp4=01;35:*.m4v=01;35:*.mp4v=01;35:*.vob=01;35:*.qt=01;35:*.nuv=01;35:*.wmv=01;35:*.asf=01;35:*.rm=01;35:*.rmvb=01;35:*.flc=01;35:*.avi=01;35:*.fli=01;35:*.flv=01;35:*.gl=01;35:*.dl=01;35:*.xcf=01;35:*.xwd=01;35:*.yuv=01;35:*.cgm=01;35:*.emf=01;35:*.ogv=01;35:*.ogx=01;35:*.aac=00;36:*.au=00;36:*.flac=00;36:*.m4a=00;36:*.mid=00;36:*.midi=00;36:*.mka=00;36:*.mp3=00;36:*.mpc=00;36:*.ogg=00;36:*.ra=00;36:*.wav=00;36:*.oga=00;36:*.opus=00;36:*.spx=00;36:*.xspf=00;36:'), ('JETSON_SOC', 'tegra23x'), ('ROS_DOMAIN_ID', '3'), ('AMENT_PREFIX_PATH', '/home/airlab/seed25/install/mocap4r2_control_msgs:/home/airlab/seed25/ros_packages/seed_controller_ws/install/mocap_listener:/home/airlab/seed25/ros_packages/mocap4r2_ws/install/mocap4r2cli:/home/airlab/seed25/ros_packages/mocap4r2_ws/install/mocap4r2_robot_gt_msgs:/home/airlab/seed25/ros_packages/mocap4r2_ws/install/mocap4r2_marker_viz:/home/airlab/seed25/ros_packages/mocap4r2_ws/install/mocap4r2_marker_publisher:/home/airlab/seed25/ros_packages/mocap4r2_ws/install/mocap4r2_msgs:/home/airlab/seed25/ros_packages/mocap4r2_ws/install/mocap4r2_marker_viz_srvs:/home/airlab/seed25/ros_packages/mocap4r2_ws/install/mocap4r2_control:/home/airlab/seed25/ros_packages/mocap4r2_ws/install/mocap4r2_control_msgs:/opt/ros/foxy'), ('SHELL', '/bin/bash'), ('LESSCLOSE', '/usr/bin/lesspipe %s %s'), ('JETSON_CUDA_ARCH_BIN', '8.7'), ('PWD', '/home/airlab/seed25/build/mocap4r2_control'), ('LC_ALL', 'en_US.UTF-8'), ('SSH_CONNECTION', '192.168.0.60 49912 192.168.0.136 22'), ('XDG_DATA_DIRS', '/usr/local/share:/usr/share:/var/lib/snapd/desktop'), ('PYTHONPATH', '/home/airlab/seed25/install/mocap4r2_control_msgs/lib/python3.8/site-packages:/home/airlab/seed25/ros_packages/seed_controller_ws/install/mocap_listener/lib/python3.8/site-packages:/home/airlab/seed25/ros_packages/mocap4r2_ws/install/mocap4r2cli/lib/python3.8/site-packages:/home/airlab/seed25/ros_packages/mocap4r2_ws/install/mocap4r2_robot_gt_msgs/lib/python3.8/site-packages:/home/airlab/seed25/ros_packages/mocap4r2_ws/install/mocap4r2_msgs/lib/python3.8/site-packages:/home/airlab/seed25/ros_packages/mocap4r2_ws/install/mocap4r2_marker_viz_srvs/lib/python3.8/site-packages:/home/airlab/seed25/ros_packages/mocap4r2_ws/install/mocap4r2_control_msgs/lib/python3.8/site-packages:/opt/ros/foxy/lib/python3.8/site-packages'), ('COLCON', '1'), ('JETSON_JETPACK', '5.1.5'), ('CMAKE_PREFIX_PATH', '/home/airlab/seed25/install/mocap4r2_control_msgs:/home/airlab/seed25/ros_packages/mocap4r2_ws/install/mocap4r2_robot_gt_msgs:/home/airlab/seed25/ros_packages/mocap4r2_ws/install/mocap4r2_marker_viz:/home/airlab/seed25/ros_packages/mocap4r2_ws/install/mocap4r2_marker_publisher:/home/airlab/seed25/ros_packages/mocap4r2_ws/install/mocap4r2_msgs:/home/airlab/seed25/ros_packages/mocap4r2_ws/install/mocap4r2_marker_viz_srvs:/home/airlab/seed25/ros_packages/mocap4r2_ws/install/mocap4r2_control:/home/airlab/seed25/ros_packages/mocap4r2_ws/install/mocap4r2_control_msgs:/home/airlab/seed25/ros_packages/seed_controller_ws/install/mocap_listener:/home/airlab/seed25/ros_packages/mocap4r2_ws/install/mocap4r2cli:/opt/ros/foxy'), ('JETSON_P_NUMBER', 'p3767-0000')]), 'shell': False}
[23.302230] (-) TimerEvent: {}
[23.403675] (-) TimerEvent: {}
[23.504618] (-) TimerEvent: {}
[23.578208] (mocap4r2_marker_viz_srvs) StdoutLine: {'line': b'[ 94%] \x1b[32m\x1b[1mLinking CXX shared library rosidl_generator_py/mocap4r2_marker_viz_srvs/mocap4r2_marker_viz_srvs_s__rosidl_typesupport_fastrtps_c.cpython-38-aarch64-linux-gnu.so\x1b[0m\n'}
[23.586419] (mocap4r2_marker_viz_srvs) StdoutLine: {'line': b'[ 97%] \x1b[32m\x1b[1mLinking C shared library rosidl_generator_py/mocap4r2_marker_viz_srvs/mocap4r2_marker_viz_srvs_s__rosidl_typesupport_introspection_c.cpython-38-aarch64-linux-gnu.so\x1b[0m\n'}
[23.595502] (mocap4r2_marker_viz_srvs) StdoutLine: {'line': b'[100%] \x1b[32m\x1b[1mLinking C shared library rosidl_generator_py/mocap4r2_marker_viz_srvs/mocap4r2_marker_viz_srvs_s__rosidl_typesupport_c.cpython-38-aarch64-linux-gnu.so\x1b[0m\n'}
[23.608751] (-) TimerEvent: {}
[23.609884] (mocap4r2_control) StdoutLine: {'line': b'-- The C compiler identification is GNU 9.4.0\n'}
[23.708932] (-) TimerEvent: {}
[23.810187] (-) TimerEvent: {}
[23.839571] (mocap4r2_marker_viz_srvs) StdoutLine: {'line': b'[100%] Built target mocap4r2_marker_viz_srvs__rosidl_typesupport_c__pyext\n'}
[23.884500] (mocap4r2_control) StdoutLine: {'line': b'-- The CXX compiler identification is GNU 9.4.0\n'}
[23.885479] (mocap4r2_marker_viz_srvs) StdoutLine: {'line': b'[100%] Built target mocap4r2_marker_viz_srvs__rosidl_typesupport_introspection_c__pyext\n'}
[23.905225] (mocap4r2_control) StdoutLine: {'line': b'-- Check for working C compiler: /usr/bin/cc\n'}
[23.910361] (-) TimerEvent: {}
[23.968165] (mocap4r2_marker_viz_srvs) StdoutLine: {'line': b'[100%] Built target mocap4r2_marker_viz_srvs__rosidl_typesupport_fastrtps_c__pyext\n'}
[24.010556] (-) TimerEvent: {}
[24.027970] (mocap4r2_marker_viz_srvs) CommandEnded: {'returncode': 0}
[24.030132] (mocap4r2_marker_viz_srvs) JobProgress: {'identifier': 'mocap4r2_marker_viz_srvs', 'progress': 'install'}
[24.030259] (mocap4r2_marker_viz_srvs) Command: {'cmd': ['/usr/bin/cmake', '--install', '/home/airlab/seed25/build/mocap4r2_marker_viz_srvs'], 'cwd': '/home/airlab/seed25/build/mocap4r2_marker_viz_srvs', 'env': OrderedDict([('LESSOPEN', '| /usr/bin/lesspipe %s'), ('USER', 'airlab'), ('SSH_CLIENT', '192.168.0.60 49912 22'), ('XDG_SESSION_TYPE', 'tty'), ('SHLVL', '1'), ('LD_LIBRARY_PATH', '/usr/local/cuda-11.4/lib64:/usr/local/cuda-11.4/lib64:/usr/local/cuda-11.4/lib64:/home/airlab/seed25/ros_packages/mocap4r2_ws/install/mocap4r2_robot_gt_msgs/lib:/home/airlab/seed25/ros_packages/mocap4r2_ws/install/mocap4r2_msgs/lib:/home/airlab/seed25/ros_packages/mocap4r2_ws/install/mocap4r2_marker_viz_srvs/lib:/home/airlab/seed25/ros_packages/mocap4r2_ws/install/mocap4r2_control/lib:/home/airlab/seed25/ros_packages/mocap4r2_ws/install/mocap4r2_control_msgs/lib:/opt/ros/foxy/opt/yaml_cpp_vendor/lib:/opt/ros/foxy/opt/rviz_ogre_vendor/lib:/opt/ros/foxy/lib/aarch64-linux-gnu:/opt/ros/foxy/lib:/usr/local/cuda-11.4/lib64:'), ('MOTD_SHOWN', 'pam'), ('HOME', '/home/airlab'), ('OLDPWD', '/home/airlab/seed25/ros_packages'), ('SSH_TTY', '/dev/pts/0'), ('JETSON_L4T', '35.6.1'), ('ROS_PYTHON_VERSION', '3'), ('JETSON_MODEL', 'NVIDIA Orin NX Developer Kit'), ('DBUS_SESSION_BUS_ADDRESS', 'unix:path=/run/user/1000/bus'), ('COLCON_PREFIX_PATH', '/home/airlab/seed25/ros_packages/mocap4r2_ws/install:/home/airlab/seed25/ros_packages/seed_controller_ws/install'), ('ROS_DISTRO', 'foxy'), ('LOGNAME', 'airlab'), ('JETSON_MODULE', 'NVIDIA Jetson Orin NX (16GB ram)'), ('JETSON_SERIAL_NUMBER', '1425023203559'), ('_', '/usr/bin/colcon'), ('ROS_VERSION', '2'), ('JETSON_CODENAME', 'P3768'), ('XDG_SESSION_CLASS', 'user'), ('TERM', 'xterm'), ('XDG_SESSION_ID', '3'), ('ROS_LOCALHOST_ONLY', '0'), ('PATH', '/usr/local/cuda-11.4/bin:/usr/local/cuda-11.4/bin:/usr/local/cuda-11.4/bin:/home/airlab/.local/bin:/opt/ros/foxy/bin:/usr/local/cuda-11.4/bin:/usr/local/sbin:/usr/local/bin:/usr/sbin:/usr/bin:/sbin:/bin:/usr/games:/usr/local/games:/snap/bin'), ('XDG_RUNTIME_DIR', '/run/user/1000'), ('DISPLAY', 'localhost:10.0'), ('LANG', 'en_US.UTF-8'), ('LS_COLORS', 'rs=0:di=01;34:ln=01;36:mh=00:pi=40;33:so=01;35:do=01;35:bd=40;33;01:cd=40;33;01:or=40;31;01:mi=00:su=37;41:sg=30;43:ca=30;41:tw=30;42:ow=34;42:st=37;44:ex=01;32:*.tar=01;31:*.tgz=01;31:*.arc=01;31:*.arj=01;31:*.taz=01;31:*.lha=01;31:*.lz4=01;31:*.lzh=01;31:*.lzma=01;31:*.tlz=01;31:*.txz=01;31:*.tzo=01;31:*.t7z=01;31:*.zip=01;31:*.z=01;31:*.dz=01;31:*.gz=01;31:*.lrz=01;31:*.lz=01;31:*.lzo=01;31:*.xz=01;31:*.zst=01;31:*.tzst=01;31:*.bz2=01;31:*.bz=01;31:*.tbz=01;31:*.tbz2=01;31:*.tz=01;31:*.deb=01;31:*.rpm=01;31:*.jar=01;31:*.war=01;31:*.ear=01;31:*.sar=01;31:*.rar=01;31:*.alz=01;31:*.ace=01;31:*.zoo=01;31:*.cpio=01;31:*.7z=01;31:*.rz=01;31:*.cab=01;31:*.wim=01;31:*.swm=01;31:*.dwm=01;31:*.esd=01;31:*.jpg=01;35:*.jpeg=01;35:*.mjpg=01;35:*.mjpeg=01;35:*.gif=01;35:*.bmp=01;35:*.pbm=01;35:*.pgm=01;35:*.ppm=01;35:*.tga=01;35:*.xbm=01;35:*.xpm=01;35:*.tif=01;35:*.tiff=01;35:*.png=01;35:*.svg=01;35:*.svgz=01;35:*.mng=01;35:*.pcx=01;35:*.mov=01;35:*.mpg=01;35:*.mpeg=01;35:*.m2v=01;35:*.mkv=01;35:*.webm=01;35:*.ogm=01;35:*.mp4=01;35:*.m4v=01;35:*.mp4v=01;35:*.vob=01;35:*.qt=01;35:*.nuv=01;35:*.wmv=01;35:*.asf=01;35:*.rm=01;35:*.rmvb=01;35:*.flc=01;35:*.avi=01;35:*.fli=01;35:*.flv=01;35:*.gl=01;35:*.dl=01;35:*.xcf=01;35:*.xwd=01;35:*.yuv=01;35:*.cgm=01;35:*.emf=01;35:*.ogv=01;35:*.ogx=01;35:*.aac=00;36:*.au=00;36:*.flac=00;36:*.m4a=00;36:*.mid=00;36:*.midi=00;36:*.mka=00;36:*.mp3=00;36:*.mpc=00;36:*.ogg=00;36:*.ra=00;36:*.wav=00;36:*.oga=00;36:*.opus=00;36:*.spx=00;36:*.xspf=00;36:'), ('JETSON_SOC', 'tegra23x'), ('ROS_DOMAIN_ID', '3'), ('AMENT_PREFIX_PATH', '/home/airlab/seed25/ros_packages/seed_controller_ws/install/mocap_listener:/home/airlab/seed25/ros_packages/mocap4r2_ws/install/mocap4r2cli:/home/airlab/seed25/ros_packages/mocap4r2_ws/install/mocap4r2_robot_gt_msgs:/home/airlab/seed25/ros_packages/mocap4r2_ws/install/mocap4r2_marker_viz:/home/airlab/seed25/ros_packages/mocap4r2_ws/install/mocap4r2_marker_publisher:/home/airlab/seed25/ros_packages/mocap4r2_ws/install/mocap4r2_msgs:/home/airlab/seed25/ros_packages/mocap4r2_ws/install/mocap4r2_marker_viz_srvs:/home/airlab/seed25/ros_packages/mocap4r2_ws/install/mocap4r2_control:/home/airlab/seed25/ros_packages/mocap4r2_ws/install/mocap4r2_control_msgs:/opt/ros/foxy'), ('SHELL', '/bin/bash'), ('LESSCLOSE', '/usr/bin/lesspipe %s %s'), ('JETSON_CUDA_ARCH_BIN', '8.7'), ('PWD', '/home/airlab/seed25/build/mocap4r2_marker_viz_srvs'), ('LC_ALL', 'en_US.UTF-8'), ('SSH_CONNECTION', '192.168.0.60 49912 192.168.0.136 22'), ('XDG_DATA_DIRS', '/usr/local/share:/usr/share:/var/lib/snapd/desktop'), ('PYTHONPATH', '/home/airlab/seed25/ros_packages/seed_controller_ws/install/mocap_listener/lib/python3.8/site-packages:/home/airlab/seed25/ros_packages/mocap4r2_ws/install/mocap4r2cli/lib/python3.8/site-packages:/home/airlab/seed25/ros_packages/mocap4r2_ws/install/mocap4r2_robot_gt_msgs/lib/python3.8/site-packages:/home/airlab/seed25/ros_packages/mocap4r2_ws/install/mocap4r2_msgs/lib/python3.8/site-packages:/home/airlab/seed25/ros_packages/mocap4r2_ws/install/mocap4r2_marker_viz_srvs/lib/python3.8/site-packages:/home/airlab/seed25/ros_packages/mocap4r2_ws/install/mocap4r2_control_msgs/lib/python3.8/site-packages:/opt/ros/foxy/lib/python3.8/site-packages'), ('COLCON', '1'), ('JETSON_JETPACK', '5.1.5'), ('CMAKE_PREFIX_PATH', '/home/airlab/seed25/ros_packages/mocap4r2_ws/install/mocap4r2_robot_gt_msgs:/home/airlab/seed25/ros_packages/mocap4r2_ws/install/mocap4r2_marker_viz:/home/airlab/seed25/ros_packages/mocap4r2_ws/install/mocap4r2_marker_publisher:/home/airlab/seed25/ros_packages/mocap4r2_ws/install/mocap4r2_msgs:/home/airlab/seed25/ros_packages/mocap4r2_ws/install/mocap4r2_marker_viz_srvs:/home/airlab/seed25/ros_packages/mocap4r2_ws/install/mocap4r2_control:/home/airlab/seed25/ros_packages/mocap4r2_ws/install/mocap4r2_control_msgs:/home/airlab/seed25/ros_packages/seed_controller_ws/install/mocap_listener:/home/airlab/seed25/ros_packages/mocap4r2_ws/install/mocap4r2cli:/opt/ros/foxy'), ('JETSON_P_NUMBER', 'p3767-0000')]), 'shell': False}
[24.087126] (mocap4r2_marker_viz_srvs) StdoutLine: {'line': b'-- Install configuration: ""\n'}
[24.089626] (mocap4r2_marker_viz_srvs) StdoutLine: {'line': b'-- Installing: /home/airlab/seed25/install/mocap4r2_marker_viz_srvs/share/ament_index/resource_index/rosidl_interfaces/mocap4r2_marker_viz_srvs\n'}
[24.090706] (mocap4r2_marker_viz_srvs) StdoutLine: {'line': b'-- Installing: /home/airlab/seed25/install/mocap4r2_marker_viz_srvs/include/mocap4r2_marker_viz_srvs\n'}
[24.091635] (mocap4r2_marker_viz_srvs) StdoutLine: {'line': b'-- Installing: /home/airlab/seed25/install/mocap4r2_marker_viz_srvs/include/mocap4r2_marker_viz_srvs/msg\n'}
[24.092305] (mocap4r2_marker_viz_srvs) StdoutLine: {'line': b'-- Installing: /home/airlab/seed25/install/mocap4r2_marker_viz_srvs/include/mocap4r2_marker_viz_srvs/msg/rosidl_generator_c__visibility_control.h\n'}
[24.095892] (mocap4r2_marker_viz_srvs) StdoutLine: {'line': b'-- Installing: /home/airlab/seed25/install/mocap4r2_marker_viz_srvs/include/mocap4r2_marker_viz_srvs/srv\n'}
[24.096643] (mocap4r2_marker_viz_srvs) StdoutLine: {'line': b'-- Installing: /home/airlab/seed25/install/mocap4r2_marker_viz_srvs/include/mocap4r2_marker_viz_srvs/srv/reset_marker_color.h\n'}
[24.097320] (mocap4r2_marker_viz_srvs) StdoutLine: {'line': b'-- Installing: /home/airlab/seed25/install/mocap4r2_marker_viz_srvs/include/mocap4r2_marker_viz_srvs/srv/set_marker_color.h\n'}
[24.097938] (mocap4r2_marker_viz_srvs) StdoutLine: {'line': b'-- Installing: /home/airlab/seed25/install/mocap4r2_marker_viz_srvs/include/mocap4r2_marker_viz_srvs/srv/detail\n'}
[24.098517] (mocap4r2_marker_viz_srvs) StdoutLine: {'line': b'-- Installing: /home/airlab/seed25/install/mocap4r2_marker_viz_srvs/include/mocap4r2_marker_viz_srvs/srv/detail/set_marker_color__type_support.h\n'}
[24.099182] (mocap4r2_marker_viz_srvs) StdoutLine: {'line': b'-- Installing: /home/airlab/seed25/install/mocap4r2_marker_viz_srvs/include/mocap4r2_marker_viz_srvs/srv/detail/set_marker_color__struct.h\n'}
[24.099835] (mocap4r2_marker_viz_srvs) StdoutLine: {'line': b'-- Installing: /home/airlab/seed25/install/mocap4r2_marker_viz_srvs/include/mocap4r2_marker_viz_srvs/srv/detail/set_marker_color__functions.c\n'}
[24.100513] (mocap4r2_marker_viz_srvs) StdoutLine: {'line': b'-- Installing: /home/airlab/seed25/install/mocap4r2_marker_viz_srvs/include/mocap4r2_marker_viz_srvs/srv/detail/reset_marker_color__functions.c\n'}
[24.110738] (-) TimerEvent: {}
[24.112573] (mocap4r2_marker_viz_srvs) StdoutLine: {'line': b'-- Installing: /home/airlab/seed25/install/mocap4r2_marker_viz_srvs/include/mocap4r2_marker_viz_srvs/srv/detail/reset_marker_color__struct.h\n'}
[24.113492] (mocap4r2_marker_viz_srvs) StdoutLine: {'line': b'-- Installing: /home/airlab/seed25/install/mocap4r2_marker_viz_srvs/include/mocap4r2_marker_viz_srvs/srv/detail/reset_marker_color__functions.h\n'}
[24.114265] (mocap4r2_marker_viz_srvs) StdoutLine: {'line': b'-- Installing: /home/airlab/seed25/install/mocap4r2_marker_viz_srvs/include/mocap4r2_marker_viz_srvs/srv/detail/reset_marker_color__type_support.h\n'}
[24.114985] (mocap4r2_marker_viz_srvs) StdoutLine: {'line': b'-- Installing: /home/airlab/seed25/install/mocap4r2_marker_viz_srvs/include/mocap4r2_marker_viz_srvs/srv/detail/set_marker_color__functions.h\n'}
[24.116123] (mocap4r2_marker_viz_srvs) StdoutLine: {'line': b'-- Installing: /home/airlab/seed25/install/mocap4r2_marker_viz_srvs/share/mocap4r2_marker_viz_srvs/environment/library_path.sh\n'}
[24.116978] (mocap4r2_marker_viz_srvs) StdoutLine: {'line': b'-- Installing: /home/airlab/seed25/install/mocap4r2_marker_viz_srvs/share/mocap4r2_marker_viz_srvs/environment/library_path.dsv\n'}
[24.117974] (mocap4r2_marker_viz_srvs) StdoutLine: {'line': b'-- Installing: /home/airlab/seed25/install/mocap4r2_marker_viz_srvs/lib/libmocap4r2_marker_viz_srvs__rosidl_generator_c.so\n'}
[24.119279] (mocap4r2_marker_viz_srvs) StdoutLine: {'line': b'-- Set runtime path of "/home/airlab/seed25/install/mocap4r2_marker_viz_srvs/lib/libmocap4r2_marker_viz_srvs__rosidl_generator_c.so" to ""\n'}
[24.119880] (mocap4r2_marker_viz_srvs) StdoutLine: {'line': b'-- Up-to-date: /home/airlab/seed25/install/mocap4r2_marker_viz_srvs/include/mocap4r2_marker_viz_srvs\n'}
[24.120363] (mocap4r2_marker_viz_srvs) StdoutLine: {'line': b'-- Up-to-date: /home/airlab/seed25/install/mocap4r2_marker_viz_srvs/include/mocap4r2_marker_viz_srvs/msg\n'}
[24.120834] (mocap4r2_marker_viz_srvs) StdoutLine: {'line': b'-- Installing: /home/airlab/seed25/install/mocap4r2_marker_viz_srvs/include/mocap4r2_marker_viz_srvs/msg/rosidl_typesupport_fastrtps_c__visibility_control.h\n'}
[24.121462] (mocap4r2_marker_viz_srvs) StdoutLine: {'line': b'-- Up-to-date: /home/airlab/seed25/install/mocap4r2_marker_viz_srvs/include/mocap4r2_marker_viz_srvs/srv\n'}
[24.121909] (mocap4r2_marker_viz_srvs) StdoutLine: {'line': b'-- Up-to-date: /home/airlab/seed25/install/mocap4r2_marker_viz_srvs/include/mocap4r2_marker_viz_srvs/srv/detail\n'}
[24.122371] (mocap4r2_marker_viz_srvs) StdoutLine: {'line': b'-- Installing: /home/airlab/seed25/install/mocap4r2_marker_viz_srvs/include/mocap4r2_marker_viz_srvs/srv/detail/reset_marker_color__rosidl_typesupport_fastrtps_c.h\n'}
[24.123064] (mocap4r2_marker_viz_srvs) StdoutLine: {'line': b'-- Installing: /home/airlab/seed25/install/mocap4r2_marker_viz_srvs/include/mocap4r2_marker_viz_srvs/srv/detail/set_marker_color__rosidl_typesupport_fastrtps_c.h\n'}
[24.124088] (mocap4r2_marker_viz_srvs) StdoutLine: {'line': b'-- Installing: /home/airlab/seed25/install/mocap4r2_marker_viz_srvs/lib/libmocap4r2_marker_viz_srvs__rosidl_typesupport_fastrtps_c.so\n'}
[24.125311] (mocap4r2_marker_viz_srvs) StdoutLine: {'line': b'-- Set runtime path of "/home/airlab/seed25/install/mocap4r2_marker_viz_srvs/lib/libmocap4r2_marker_viz_srvs__rosidl_typesupport_fastrtps_c.so" to ""\n'}
[24.125892] (mocap4r2_marker_viz_srvs) StdoutLine: {'line': b'-- Up-to-date: /home/airlab/seed25/install/mocap4r2_marker_viz_srvs/include/mocap4r2_marker_viz_srvs\n'}
[24.126356] (mocap4r2_marker_viz_srvs) StdoutLine: {'line': b'-- Up-to-date: /home/airlab/seed25/install/mocap4r2_marker_viz_srvs/include/mocap4r2_marker_viz_srvs/msg\n'}
[24.126813] (mocap4r2_marker_viz_srvs) StdoutLine: {'line': b'-- Installing: /home/airlab/seed25/install/mocap4r2_marker_viz_srvs/include/mocap4r2_marker_viz_srvs/msg/rosidl_typesupport_fastrtps_cpp__visibility_control.h\n'}
[24.127468] (mocap4r2_marker_viz_srvs) StdoutLine: {'line': b'-- Up-to-date: /home/airlab/seed25/install/mocap4r2_marker_viz_srvs/include/mocap4r2_marker_viz_srvs/srv\n'}
[24.127927] (mocap4r2_marker_viz_srvs) StdoutLine: {'line': b'-- Up-to-date: /home/airlab/seed25/install/mocap4r2_marker_viz_srvs/include/mocap4r2_marker_viz_srvs/srv/detail\n'}
[24.128399] (mocap4r2_marker_viz_srvs) StdoutLine: {'line': b'-- Installing: /home/airlab/seed25/install/mocap4r2_marker_viz_srvs/include/mocap4r2_marker_viz_srvs/srv/detail/set_marker_color__rosidl_typesupport_fastrtps_cpp.hpp\n'}
[24.129047] (mocap4r2_marker_viz_srvs) StdoutLine: {'line': b'-- Installing: /home/airlab/seed25/install/mocap4r2_marker_viz_srvs/include/mocap4r2_marker_viz_srvs/srv/detail/dds_fastrtps\n'}
[24.129659] (mocap4r2_marker_viz_srvs) StdoutLine: {'line': b'-- Installing: /home/airlab/seed25/install/mocap4r2_marker_viz_srvs/include/mocap4r2_marker_viz_srvs/srv/detail/reset_marker_color__rosidl_typesupport_fastrtps_cpp.hpp\n'}
[24.130603] (mocap4r2_marker_viz_srvs) StdoutLine: {'line': b'-- Installing: /home/airlab/seed25/install/mocap4r2_marker_viz_srvs/lib/libmocap4r2_marker_viz_srvs__rosidl_typesupport_fastrtps_cpp.so\n'}
[24.144619] (mocap4r2_marker_viz_srvs) StdoutLine: {'line': b'-- Set runtime path of "/home/airlab/seed25/install/mocap4r2_marker_viz_srvs/lib/libmocap4r2_marker_viz_srvs__rosidl_typesupport_fastrtps_cpp.so" to ""\n'}
[24.145287] (mocap4r2_marker_viz_srvs) StdoutLine: {'line': b'-- Up-to-date: /home/airlab/seed25/install/mocap4r2_marker_viz_srvs/include/mocap4r2_marker_viz_srvs\n'}
[24.145786] (mocap4r2_marker_viz_srvs) StdoutLine: {'line': b'-- Up-to-date: /home/airlab/seed25/install/mocap4r2_marker_viz_srvs/include/mocap4r2_marker_viz_srvs/msg\n'}
[24.146261] (mocap4r2_marker_viz_srvs) StdoutLine: {'line': b'-- Installing: /home/airlab/seed25/install/mocap4r2_marker_viz_srvs/include/mocap4r2_marker_viz_srvs/msg/rosidl_typesupport_introspection_c__visibility_control.h\n'}
[24.146986] (mocap4r2_marker_viz_srvs) StdoutLine: {'line': b'-- Up-to-date: /home/airlab/seed25/install/mocap4r2_marker_viz_srvs/include/mocap4r2_marker_viz_srvs/srv\n'}
[24.147490] (mocap4r2_marker_viz_srvs) StdoutLine: {'line': b'-- Up-to-date: /home/airlab/seed25/install/mocap4r2_marker_viz_srvs/include/mocap4r2_marker_viz_srvs/srv/detail\n'}
[24.147990] (mocap4r2_marker_viz_srvs) StdoutLine: {'line': b'-- Installing: /home/airlab/seed25/install/mocap4r2_marker_viz_srvs/include/mocap4r2_marker_viz_srvs/srv/detail/set_marker_color__type_support.c\n'}
[24.148686] (mocap4r2_marker_viz_srvs) StdoutLine: {'line': b'-- Installing: /home/airlab/seed25/install/mocap4r2_marker_viz_srvs/include/mocap4r2_marker_viz_srvs/srv/detail/set_marker_color__rosidl_typesupport_introspection_c.h\n'}
[24.149378] (mocap4r2_marker_viz_srvs) StdoutLine: {'line': b'-- Installing: /home/airlab/seed25/install/mocap4r2_marker_viz_srvs/include/mocap4r2_marker_viz_srvs/srv/detail/reset_marker_color__rosidl_typesupport_introspection_c.h\n'}
[24.150067] (mocap4r2_marker_viz_srvs) StdoutLine: {'line': b'-- Installing: /home/airlab/seed25/install/mocap4r2_marker_viz_srvs/include/mocap4r2_marker_viz_srvs/srv/detail/reset_marker_color__type_support.c\n'}
[24.151068] (mocap4r2_marker_viz_srvs) StdoutLine: {'line': b'-- Installing: /home/airlab/seed25/install/mocap4r2_marker_viz_srvs/lib/libmocap4r2_marker_viz_srvs__rosidl_typesupport_introspection_c.so\n'}
[24.152478] (mocap4r2_marker_viz_srvs) StdoutLine: {'line': b'-- Set runtime path of "/home/airlab/seed25/install/mocap4r2_marker_viz_srvs/lib/libmocap4r2_marker_viz_srvs__rosidl_typesupport_introspection_c.so" to ""\n'}
[24.153211] (mocap4r2_marker_viz_srvs) StdoutLine: {'line': b'-- Installing: /home/airlab/seed25/install/mocap4r2_marker_viz_srvs/lib/libmocap4r2_marker_viz_srvs__rosidl_typesupport_c.so\n'}
[24.154411] (mocap4r2_marker_viz_srvs) StdoutLine: {'line': b'-- Set runtime path of "/home/airlab/seed25/install/mocap4r2_marker_viz_srvs/lib/libmocap4r2_marker_viz_srvs__rosidl_typesupport_c.so" to ""\n'}
[24.155049] (mocap4r2_marker_viz_srvs) StdoutLine: {'line': b'-- Up-to-date: /home/airlab/seed25/install/mocap4r2_marker_viz_srvs/include/mocap4r2_marker_viz_srvs\n'}
[24.155708] (mocap4r2_marker_viz_srvs) StdoutLine: {'line': b'-- Up-to-date: /home/airlab/seed25/install/mocap4r2_marker_viz_srvs/include/mocap4r2_marker_viz_srvs/msg\n'}
[24.156235] (mocap4r2_marker_viz_srvs) StdoutLine: {'line': b'-- Installing: /home/airlab/seed25/install/mocap4r2_marker_viz_srvs/include/mocap4r2_marker_viz_srvs/msg/rosidl_generator_cpp__visibility_control.hpp\n'}
[24.156960] (mocap4r2_marker_viz_srvs) StdoutLine: {'line': b'-- Up-to-date: /home/airlab/seed25/install/mocap4r2_marker_viz_srvs/include/mocap4r2_marker_viz_srvs/srv\n'}
[24.157484] (mocap4r2_marker_viz_srvs) StdoutLine: {'line': b'-- Up-to-date: /home/airlab/seed25/install/mocap4r2_marker_viz_srvs/include/mocap4r2_marker_viz_srvs/srv/detail\n'}
[24.158031] (mocap4r2_marker_viz_srvs) StdoutLine: {'line': b'-- Installing: /home/airlab/seed25/install/mocap4r2_marker_viz_srvs/include/mocap4r2_marker_viz_srvs/srv/detail/set_marker_color__struct.hpp\n'}
[24.158813] (mocap4r2_marker_viz_srvs) StdoutLine: {'line': b'-- Installing: /home/airlab/seed25/install/mocap4r2_marker_viz_srvs/include/mocap4r2_marker_viz_srvs/srv/detail/reset_marker_color__builder.hpp\n'}
[24.159673] (mocap4r2_marker_viz_srvs) StdoutLine: {'line': b'-- Installing: /home/airlab/seed25/install/mocap4r2_marker_viz_srvs/include/mocap4r2_marker_viz_srvs/srv/detail/reset_marker_color__traits.hpp\n'}
[24.160429] (mocap4r2_marker_viz_srvs) StdoutLine: {'line': b'-- Installing: /home/airlab/seed25/install/mocap4r2_marker_viz_srvs/include/mocap4r2_marker_viz_srvs/srv/detail/reset_marker_color__struct.hpp\n'}
[24.161180] (mocap4r2_marker_viz_srvs) StdoutLine: {'line': b'-- Installing: /home/airlab/seed25/install/mocap4r2_marker_viz_srvs/include/mocap4r2_marker_viz_srvs/srv/detail/set_marker_color__traits.hpp\n'}
[24.161871] (mocap4r2_marker_viz_srvs) StdoutLine: {'line': b'-- Installing: /home/airlab/seed25/install/mocap4r2_marker_viz_srvs/include/mocap4r2_marker_viz_srvs/srv/detail/reset_marker_color__type_support.hpp\n'}
[24.162538] (mocap4r2_marker_viz_srvs) StdoutLine: {'line': b'-- Installing: /home/airlab/seed25/install/mocap4r2_marker_viz_srvs/include/mocap4r2_marker_viz_srvs/srv/detail/set_marker_color__builder.hpp\n'}
[24.163244] (mocap4r2_marker_viz_srvs) StdoutLine: {'line': b'-- Installing: /home/airlab/seed25/install/mocap4r2_marker_viz_srvs/include/mocap4r2_marker_viz_srvs/srv/detail/set_marker_color__type_support.hpp\n'}
[24.163905] (mocap4r2_marker_viz_srvs) StdoutLine: {'line': b'-- Installing: /home/airlab/seed25/install/mocap4r2_marker_viz_srvs/include/mocap4r2_marker_viz_srvs/srv/set_marker_color.hpp\n'}
[24.164562] (mocap4r2_marker_viz_srvs) StdoutLine: {'line': b'-- Installing: /home/airlab/seed25/install/mocap4r2_marker_viz_srvs/include/mocap4r2_marker_viz_srvs/srv/reset_marker_color.hpp\n'}
[24.165409] (mocap4r2_marker_viz_srvs) StdoutLine: {'line': b'-- Up-to-date: /home/airlab/seed25/install/mocap4r2_marker_viz_srvs/include/mocap4r2_marker_viz_srvs\n'}
[24.165922] (mocap4r2_marker_viz_srvs) StdoutLine: {'line': b'-- Up-to-date: /home/airlab/seed25/install/mocap4r2_marker_viz_srvs/include/mocap4r2_marker_viz_srvs/srv\n'}
[24.166380] (mocap4r2_marker_viz_srvs) StdoutLine: {'line': b'-- Up-to-date: /home/airlab/seed25/install/mocap4r2_marker_viz_srvs/include/mocap4r2_marker_viz_srvs/srv/detail\n'}
[24.166847] (mocap4r2_marker_viz_srvs) StdoutLine: {'line': b'-- Installing: /home/airlab/seed25/install/mocap4r2_marker_viz_srvs/include/mocap4r2_marker_viz_srvs/srv/detail/set_marker_color__rosidl_typesupport_introspection_cpp.hpp\n'}
[24.167547] (mocap4r2_marker_viz_srvs) StdoutLine: {'line': b'-- Installing: /home/airlab/seed25/install/mocap4r2_marker_viz_srvs/include/mocap4r2_marker_viz_srvs/srv/detail/reset_marker_color__rosidl_typesupport_introspection_cpp.hpp\n'}
[24.175919] (mocap4r2_marker_viz_srvs) StdoutLine: {'line': b'-- Installing: /home/airlab/seed25/install/mocap4r2_marker_viz_srvs/include/mocap4r2_marker_viz_srvs/srv/detail/reset_marker_color__type_support.cpp\n'}
[24.176909] (mocap4r2_marker_viz_srvs) StdoutLine: {'line': b'-- Installing: /home/airlab/seed25/install/mocap4r2_marker_viz_srvs/include/mocap4r2_marker_viz_srvs/srv/detail/set_marker_color__type_support.cpp\n'}
[24.178110] (mocap4r2_marker_viz_srvs) StdoutLine: {'line': b'-- Installing: /home/airlab/seed25/install/mocap4r2_marker_viz_srvs/lib/libmocap4r2_marker_viz_srvs__rosidl_typesupport_introspection_cpp.so\n'}
[24.179570] (mocap4r2_marker_viz_srvs) StdoutLine: {'line': b'-- Set runtime path of "/home/airlab/seed25/install/mocap4r2_marker_viz_srvs/lib/libmocap4r2_marker_viz_srvs__rosidl_typesupport_introspection_cpp.so" to ""\n'}
[24.180352] (mocap4r2_marker_viz_srvs) StdoutLine: {'line': b'-- Installing: /home/airlab/seed25/install/mocap4r2_marker_viz_srvs/lib/libmocap4r2_marker_viz_srvs__rosidl_typesupport_cpp.so\n'}
[24.181587] (mocap4r2_marker_viz_srvs) StdoutLine: {'line': b'-- Set runtime path of "/home/airlab/seed25/install/mocap4r2_marker_viz_srvs/lib/libmocap4r2_marker_viz_srvs__rosidl_typesupport_cpp.so" to ""\n'}
[24.182246] (mocap4r2_marker_viz_srvs) StdoutLine: {'line': b'-- Installing: /home/airlab/seed25/install/mocap4r2_marker_viz_srvs/share/mocap4r2_marker_viz_srvs/environment/pythonpath.sh\n'}
[24.183070] (mocap4r2_marker_viz_srvs) StdoutLine: {'line': b'-- Installing: /home/airlab/seed25/install/mocap4r2_marker_viz_srvs/share/mocap4r2_marker_viz_srvs/environment/pythonpath.dsv\n'}
[24.184152] (mocap4r2_marker_viz_srvs) StdoutLine: {'line': b'-- Installing: /home/airlab/seed25/install/mocap4r2_marker_viz_srvs/lib/python3.8/site-packages/mocap4r2_marker_viz_srvs/__init__.py\n'}
[24.210919] (-) TimerEvent: {}
[24.244595] (mocap4r2_msgs) StdoutLine: {'line': b'[ 77%] \x1b[32mBuilding CXX object CMakeFiles/mocap4r2_msgs__rosidl_typesupport_fastrtps_c.dir/rosidl_typesupport_fastrtps_c/mocap4r2_msgs/msg/detail/rigid_bodies__type_support_c.cpp.o\x1b[0m\n'}
[24.289391] (mocap4r2_control) StdoutLine: {'line': b'-- Check for working C compiler: /usr/bin/cc -- works\n'}
[24.291134] (mocap4r2_control) StdoutLine: {'line': b'-- Detecting C compiler ABI info\n'}
[24.306702] (mocap4r2_marker_viz_srvs) StdoutLine: {'line': b"Compiling '/home/airlab/seed25/install/mocap4r2_marker_viz_srvs/lib/python3.8/site-packages/mocap4r2_marker_viz_srvs/__init__.py'...\n"}
[24.311057] (-) TimerEvent: {}
[24.326728] (mocap4r2_marker_viz_srvs) StdoutLine: {'line': b'-- Installing: /home/airlab/seed25/install/mocap4r2_marker_viz_srvs/lib/python3.8/site-packages/mocap4r2_marker_viz_srvs/srv\n'}
[24.327429] (mocap4r2_marker_viz_srvs) StdoutLine: {'line': b'-- Installing: /home/airlab/seed25/install/mocap4r2_marker_viz_srvs/lib/python3.8/site-packages/mocap4r2_marker_viz_srvs/srv/_set_marker_color.py\n'}
[24.327732] (mocap4r2_marker_viz_srvs) StdoutLine: {'line': b'-- Installing: /home/airlab/seed25/install/mocap4r2_marker_viz_srvs/lib/python3.8/site-packages/mocap4r2_marker_viz_srvs/srv/__init__.py\n'}
[24.328136] (mocap4r2_marker_viz_srvs) StdoutLine: {'line': b'-- Installing: /home/airlab/seed25/install/mocap4r2_marker_viz_srvs/lib/python3.8/site-packages/mocap4r2_marker_viz_srvs/srv/_reset_marker_color_s.c\n'}
[24.328581] (mocap4r2_marker_viz_srvs) StdoutLine: {'line': b'-- Installing: /home/airlab/seed25/install/mocap4r2_marker_viz_srvs/lib/python3.8/site-packages/mocap4r2_marker_viz_srvs/srv/_reset_marker_color.py\n'}
[24.328994] (mocap4r2_marker_viz_srvs) StdoutLine: {'line': b'-- Installing: /home/airlab/seed25/install/mocap4r2_marker_viz_srvs/lib/python3.8/site-packages/mocap4r2_marker_viz_srvs/srv/_set_marker_color_s.c\n'}
[24.330029] (mocap4r2_marker_viz_srvs) StdoutLine: {'line': b'-- Installing: /home/airlab/seed25/install/mocap4r2_marker_viz_srvs/lib/python3.8/site-packages/mocap4r2_marker_viz_srvs/mocap4r2_marker_viz_srvs_s__rosidl_typesupport_fastrtps_c.cpython-38-aarch64-linux-gnu.so\n'}
[24.331549] (mocap4r2_marker_viz_srvs) StdoutLine: {'line': b'-- Set runtime path of "/home/airlab/seed25/install/mocap4r2_marker_viz_srvs/lib/python3.8/site-packages/mocap4r2_marker_viz_srvs/mocap4r2_marker_viz_srvs_s__rosidl_typesupport_fastrtps_c.cpython-38-aarch64-linux-gnu.so" to ""\n'}
[24.332282] (mocap4r2_marker_viz_srvs) StdoutLine: {'line': b'-- Installing: /home/airlab/seed25/install/mocap4r2_marker_viz_srvs/lib/python3.8/site-packages/mocap4r2_marker_viz_srvs/mocap4r2_marker_viz_srvs_s__rosidl_typesupport_introspection_c.cpython-38-aarch64-linux-gnu.so\n'}
[24.333660] (mocap4r2_marker_viz_srvs) StdoutLine: {'line': b'-- Set runtime path of "/home/airlab/seed25/install/mocap4r2_marker_viz_srvs/lib/python3.8/site-packages/mocap4r2_marker_viz_srvs/mocap4r2_marker_viz_srvs_s__rosidl_typesupport_introspection_c.cpython-38-aarch64-linux-gnu.so" to ""\n'}
[24.335177] (mocap4r2_marker_viz_srvs) StdoutLine: {'line': b'-- Installing: /home/airlab/seed25/install/mocap4r2_marker_viz_srvs/lib/python3.8/site-packages/mocap4r2_marker_viz_srvs/mocap4r2_marker_viz_srvs_s__rosidl_typesupport_c.cpython-38-aarch64-linux-gnu.so\n'}
[24.336817] (mocap4r2_marker_viz_srvs) StdoutLine: {'line': b'-- Set runtime path of "/home/airlab/seed25/install/mocap4r2_marker_viz_srvs/lib/python3.8/site-packages/mocap4r2_marker_viz_srvs/mocap4r2_marker_viz_srvs_s__rosidl_typesupport_c.cpython-38-aarch64-linux-gnu.so" to ""\n'}
[24.337554] (mocap4r2_marker_viz_srvs) StdoutLine: {'line': b'-- Installing: /home/airlab/seed25/install/mocap4r2_marker_viz_srvs/lib/libmocap4r2_marker_viz_srvs__python.so\n'}
[24.338725] (mocap4r2_marker_viz_srvs) StdoutLine: {'line': b'-- Set runtime path of "/home/airlab/seed25/install/mocap4r2_marker_viz_srvs/lib/libmocap4r2_marker_viz_srvs__python.so" to ""\n'}
[24.339475] (mocap4r2_marker_viz_srvs) StdoutLine: {'line': b'-- Installing: /home/airlab/seed25/install/mocap4r2_marker_viz_srvs/share/mocap4r2_marker_viz_srvs/srv/SetMarkerColor.idl\n'}
[24.340305] (mocap4r2_marker_viz_srvs) StdoutLine: {'line': b'-- Installing: /home/airlab/seed25/install/mocap4r2_marker_viz_srvs/share/mocap4r2_marker_viz_srvs/srv/ResetMarkerColor.idl\n'}
[24.341139] (mocap4r2_marker_viz_srvs) StdoutLine: {'line': b'-- Installing: /home/airlab/seed25/install/mocap4r2_marker_viz_srvs/share/mocap4r2_marker_viz_srvs/srv/SetMarkerColor.srv\n'}
[24.341957] (mocap4r2_marker_viz_srvs) StdoutLine: {'line': b'-- Installing: /home/airlab/seed25/install/mocap4r2_marker_viz_srvs/share/mocap4r2_marker_viz_srvs/srv/SetMarkerColor_Request.msg\n'}
[24.342778] (mocap4r2_marker_viz_srvs) StdoutLine: {'line': b'-- Installing: /home/airlab/seed25/install/mocap4r2_marker_viz_srvs/share/mocap4r2_marker_viz_srvs/srv/SetMarkerColor_Response.msg\n'}
[24.343692] (mocap4r2_marker_viz_srvs) StdoutLine: {'line': b'-- Installing: /home/airlab/seed25/install/mocap4r2_marker_viz_srvs/share/mocap4r2_marker_viz_srvs/srv/ResetMarkerColor.srv\n'}
[24.344469] (mocap4r2_marker_viz_srvs) StdoutLine: {'line': b'-- Installing: /home/airlab/seed25/install/mocap4r2_marker_viz_srvs/share/mocap4r2_marker_viz_srvs/srv/ResetMarkerColor_Request.msg\n'}
[24.345244] (mocap4r2_marker_viz_srvs) StdoutLine: {'line': b'-- Installing: /home/airlab/seed25/install/mocap4r2_marker_viz_srvs/share/mocap4r2_marker_viz_srvs/srv/ResetMarkerColor_Response.msg\n'}
[24.346149] (mocap4r2_marker_viz_srvs) StdoutLine: {'line': b'-- Installing: /home/airlab/seed25/install/mocap4r2_marker_viz_srvs/share/ament_index/resource_index/package_run_dependencies/mocap4r2_marker_viz_srvs\n'}
[24.347025] (mocap4r2_marker_viz_srvs) StdoutLine: {'line': b'-- Installing: /home/airlab/seed25/install/mocap4r2_marker_viz_srvs/share/ament_index/resource_index/parent_prefix_path/mocap4r2_marker_viz_srvs\n'}
[24.347985] (mocap4r2_marker_viz_srvs) StdoutLine: {'line': b'-- Installing: /home/airlab/seed25/install/mocap4r2_marker_viz_srvs/share/mocap4r2_marker_viz_srvs/environment/ament_prefix_path.sh\n'}
[24.348777] (mocap4r2_marker_viz_srvs) StdoutLine: {'line': b'-- Installing: /home/airlab/seed25/install/mocap4r2_marker_viz_srvs/share/mocap4r2_marker_viz_srvs/environment/ament_prefix_path.dsv\n'}
[24.349540] (mocap4r2_marker_viz_srvs) StdoutLine: {'line': b'-- Installing: /home/airlab/seed25/install/mocap4r2_marker_viz_srvs/share/mocap4r2_marker_viz_srvs/environment/path.sh\n'}
[24.351865] (mocap4r2_marker_viz_srvs) StdoutLine: {'line': b'-- Installing: /home/airlab/seed25/install/mocap4r2_marker_viz_srvs/share/mocap4r2_marker_viz_srvs/environment/path.dsv\n'}
[24.352728] (mocap4r2_marker_viz_srvs) StdoutLine: {'line': b'-- Installing: /home/airlab/seed25/install/mocap4r2_marker_viz_srvs/share/mocap4r2_marker_viz_srvs/local_setup.bash\n'}
[24.353520] (mocap4r2_marker_viz_srvs) StdoutLine: {'line': b'-- Installing: /home/airlab/seed25/install/mocap4r2_marker_viz_srvs/share/mocap4r2_marker_viz_srvs/local_setup.sh\n'}
[24.354781] (mocap4r2_marker_viz_srvs) StdoutLine: {'line': b'-- Installing: /home/airlab/seed25/install/mocap4r2_marker_viz_srvs/share/mocap4r2_marker_viz_srvs/local_setup.zsh\n'}
[24.355595] (mocap4r2_marker_viz_srvs) StdoutLine: {'line': b'-- Installing: /home/airlab/seed25/install/mocap4r2_marker_viz_srvs/share/mocap4r2_marker_viz_srvs/local_setup.dsv\n'}
[24.356412] (mocap4r2_marker_viz_srvs) StdoutLine: {'line': b'-- Installing: /home/airlab/seed25/install/mocap4r2_marker_viz_srvs/share/mocap4r2_marker_viz_srvs/package.dsv\n'}
[24.357348] (mocap4r2_marker_viz_srvs) StdoutLine: {'line': b'-- Installing: /home/airlab/seed25/install/mocap4r2_marker_viz_srvs/share/ament_index/resource_index/packages/mocap4r2_marker_viz_srvs\n'}
[24.358325] (mocap4r2_marker_viz_srvs) StdoutLine: {'line': b'-- Installing: /home/airlab/seed25/install/mocap4r2_marker_viz_srvs/share/mocap4r2_marker_viz_srvs/cmake/mocap4r2_marker_viz_srvs__rosidl_generator_cExport.cmake\n'}
[24.359200] (mocap4r2_marker_viz_srvs) StdoutLine: {'line': b'-- Installing: /home/airlab/seed25/install/mocap4r2_marker_viz_srvs/share/mocap4r2_marker_viz_srvs/cmake/mocap4r2_marker_viz_srvs__rosidl_generator_cExport-noconfig.cmake\n'}
[24.360193] (mocap4r2_marker_viz_srvs) StdoutLine: {'line': b'-- Installing: /home/airlab/seed25/install/mocap4r2_marker_viz_srvs/share/mocap4r2_marker_viz_srvs/cmake/mocap4r2_marker_viz_srvs__rosidl_typesupport_introspection_cExport.cmake\n'}
[24.361036] (mocap4r2_marker_viz_srvs) StdoutLine: {'line': b'-- Installing: /home/airlab/seed25/install/mocap4r2_marker_viz_srvs/share/mocap4r2_marker_viz_srvs/cmake/mocap4r2_marker_viz_srvs__rosidl_typesupport_introspection_cExport-noconfig.cmake\n'}
[24.361965] (mocap4r2_marker_viz_srvs) StdoutLine: {'line': b'-- Installing: /home/airlab/seed25/install/mocap4r2_marker_viz_srvs/share/mocap4r2_marker_viz_srvs/cmake/mocap4r2_marker_viz_srvs__rosidl_typesupport_cExport.cmake\n'}
[24.362802] (mocap4r2_marker_viz_srvs) StdoutLine: {'line': b'-- Installing: /home/airlab/seed25/install/mocap4r2_marker_viz_srvs/share/mocap4r2_marker_viz_srvs/cmake/mocap4r2_marker_viz_srvs__rosidl_typesupport_cExport-noconfig.cmake\n'}
[24.363729] (mocap4r2_marker_viz_srvs) StdoutLine: {'line': b'-- Installing: /home/airlab/seed25/install/mocap4r2_marker_viz_srvs/share/mocap4r2_marker_viz_srvs/cmake/mocap4r2_marker_viz_srvs__rosidl_generator_cppExport.cmake\n'}
[24.364693] (mocap4r2_marker_viz_srvs) StdoutLine: {'line': b'-- Installing: /home/airlab/seed25/install/mocap4r2_marker_viz_srvs/share/mocap4r2_marker_viz_srvs/cmake/mocap4r2_marker_viz_srvs__rosidl_typesupport_introspection_cppExport.cmake\n'}
[24.365521] (mocap4r2_marker_viz_srvs) StdoutLine: {'line': b'-- Installing: /home/airlab/seed25/install/mocap4r2_marker_viz_srvs/share/mocap4r2_marker_viz_srvs/cmake/mocap4r2_marker_viz_srvs__rosidl_typesupport_introspection_cppExport-noconfig.cmake\n'}
[24.366454] (mocap4r2_marker_viz_srvs) StdoutLine: {'line': b'-- Installing: /home/airlab/seed25/install/mocap4r2_marker_viz_srvs/share/mocap4r2_marker_viz_srvs/cmake/mocap4r2_marker_viz_srvs__rosidl_typesupport_cppExport.cmake\n'}
[24.367399] (mocap4r2_marker_viz_srvs) StdoutLine: {'line': b'-- Installing: /home/airlab/seed25/install/mocap4r2_marker_viz_srvs/share/mocap4r2_marker_viz_srvs/cmake/mocap4r2_marker_viz_srvs__rosidl_typesupport_cppExport-noconfig.cmake\n'}
[24.368233] (mocap4r2_marker_viz_srvs) StdoutLine: {'line': b'-- Installing: /home/airlab/seed25/install/mocap4r2_marker_viz_srvs/share/mocap4r2_marker_viz_srvs/cmake/rosidl_cmake-extras.cmake\n'}
[24.369238] (mocap4r2_marker_viz_srvs) StdoutLine: {'line': b'-- Installing: /home/airlab/seed25/install/mocap4r2_marker_viz_srvs/share/mocap4r2_marker_viz_srvs/cmake/ament_cmake_export_dependencies-extras.cmake\n'}
[24.370064] (mocap4r2_marker_viz_srvs) StdoutLine: {'line': b'-- Installing: /home/airlab/seed25/install/mocap4r2_marker_viz_srvs/share/mocap4r2_marker_viz_srvs/cmake/ament_cmake_export_libraries-extras.cmake\n'}
[24.370878] (mocap4r2_marker_viz_srvs) StdoutLine: {'line': b'-- Installing: /home/airlab/seed25/install/mocap4r2_marker_viz_srvs/share/mocap4r2_marker_viz_srvs/cmake/ament_cmake_export_targets-extras.cmake\n'}
[24.371670] (mocap4r2_marker_viz_srvs) StdoutLine: {'line': b'-- Installing: /home/airlab/seed25/install/mocap4r2_marker_viz_srvs/share/mocap4r2_marker_viz_srvs/cmake/ament_cmake_export_include_directories-extras.cmake\n'}
[24.372494] (mocap4r2_marker_viz_srvs) StdoutLine: {'line': b'-- Installing: /home/airlab/seed25/install/mocap4r2_marker_viz_srvs/share/mocap4r2_marker_viz_srvs/cmake/rosidl_cmake_export_typesupport_libraries-extras.cmake\n'}
[24.373327] (mocap4r2_marker_viz_srvs) StdoutLine: {'line': b'-- Installing: /home/airlab/seed25/install/mocap4r2_marker_viz_srvs/share/mocap4r2_marker_viz_srvs/cmake/rosidl_cmake_export_typesupport_targets-extras.cmake\n'}
[24.374132] (mocap4r2_marker_viz_srvs) StdoutLine: {'line': b'-- Installing: /home/airlab/seed25/install/mocap4r2_marker_viz_srvs/share/mocap4r2_marker_viz_srvs/cmake/mocap4r2_marker_viz_srvsConfig.cmake\n'}
[24.374827] (mocap4r2_marker_viz_srvs) StdoutLine: {'line': b'-- Installing: /home/airlab/seed25/install/mocap4r2_marker_viz_srvs/share/mocap4r2_marker_viz_srvs/cmake/mocap4r2_marker_viz_srvsConfig-version.cmake\n'}
[24.375629] (mocap4r2_marker_viz_srvs) StdoutLine: {'line': b'-- Installing: /home/airlab/seed25/install/mocap4r2_marker_viz_srvs/share/mocap4r2_marker_viz_srvs/package.xml\n'}
[24.387528] (mocap4r2_marker_viz_srvs) CommandEnded: {'returncode': 0}
[24.415620] (-) TimerEvent: {}
[24.476202] (mocap4r2_marker_viz_srvs) JobEnded: {'identifier': 'mocap4r2_marker_viz_srvs', 'rc': 0}
[24.477697] (mocap4r2cli) JobStarted: {'identifier': 'mocap4r2cli'}
[24.515874] (-) TimerEvent: {}
[24.579854] (mocap4r2_control) StdoutLine: {'line': b'-- Detecting C compiler ABI info - done\n'}
[24.601214] (mocap4r2_control) StdoutLine: {'line': b'-- Detecting C compile features\n'}
[24.602681] (mocap4r2_control) StdoutLine: {'line': b'-- Detecting C compile features - done\n'}
[24.608923] (mocap4r2_control) StdoutLine: {'line': b'-- Check for working CXX compiler: /usr/bin/c++\n'}
[24.615998] (-) TimerEvent: {}
[24.717287] (-) TimerEvent: {}
[24.794319] (mocap4r2_control) StdoutLine: {'line': b'-- Check for working CXX compiler: /usr/bin/c++ -- works\n'}
[24.796396] (mocap4r2_control) StdoutLine: {'line': b'-- Detecting CXX compiler ABI info\n'}
[24.817421] (-) TimerEvent: {}
[24.918552] (-) TimerEvent: {}
[24.965667] (mocap4r2_control) StdoutLine: {'line': b'-- Detecting CXX compiler ABI info - done\n'}
[24.986735] (mocap4r2_control) StdoutLine: {'line': b'-- Detecting CXX compile features\n'}
[24.987718] (mocap4r2_control) StdoutLine: {'line': b'-- Detecting CXX compile features - done\n'}
[24.993886] (mocap4r2_control) StdoutLine: {'line': b'-- Found ament_cmake: 0.9.12 (/opt/ros/foxy/share/ament_cmake/cmake)\n'}
[25.018711] (-) TimerEvent: {}
[25.055801] (mocap4r2_control) StdoutLine: {'line': b'-- Found PythonInterp: /usr/bin/python3 (found suitable version "3.8.10", minimum required is "3") \n'}
[25.056410] (mocap4r2_control) StdoutLine: {'line': b'-- Using PYTHON_EXECUTABLE: /usr/bin/python3\n'}
[25.118921] (-) TimerEvent: {}
[25.130054] (ros_tutorial_NK) Command: {'cmd': ['/usr/bin/python3', '-W', 'ignore:setup.py install is deprecated', '-W', 'ignore:easy_install command is deprecated', 'setup.py', 'egg_info', '--egg-base', '../../../../build/ros_tutorial_NK', 'build', '--build-base', '/home/airlab/seed25/build/ros_tutorial_NK/build', 'install', '--record', '/home/airlab/seed25/build/ros_tutorial_NK/install.log', '--install-scripts', '$base/lib/ros_tutorial_NK', '--single-version-externally-managed', 'install_data'], 'cwd': '/home/airlab/seed25/ros2_testing/ros2_tutorial_ws/src/ros_tutorial_NK', 'env': {'LESSOPEN': '| /usr/bin/lesspipe %s', 'USER': 'airlab', 'SSH_CLIENT': '192.168.0.60 49912 22', 'XDG_SESSION_TYPE': 'tty', 'SHLVL': '1', 'LD_LIBRARY_PATH': '/usr/local/cuda-11.4/lib64:/usr/local/cuda-11.4/lib64:/usr/local/cuda-11.4/lib64:/home/airlab/seed25/ros_packages/mocap4r2_ws/install/mocap4r2_robot_gt_msgs/lib:/home/airlab/seed25/ros_packages/mocap4r2_ws/install/mocap4r2_msgs/lib:/home/airlab/seed25/ros_packages/mocap4r2_ws/install/mocap4r2_marker_viz_srvs/lib:/home/airlab/seed25/ros_packages/mocap4r2_ws/install/mocap4r2_control/lib:/home/airlab/seed25/ros_packages/mocap4r2_ws/install/mocap4r2_control_msgs/lib:/opt/ros/foxy/opt/yaml_cpp_vendor/lib:/opt/ros/foxy/opt/rviz_ogre_vendor/lib:/opt/ros/foxy/lib/aarch64-linux-gnu:/opt/ros/foxy/lib:/usr/local/cuda-11.4/lib64:', 'MOTD_SHOWN': 'pam', 'HOME': '/home/airlab', 'OLDPWD': '/home/airlab/seed25/ros_packages', 'SSH_TTY': '/dev/pts/0', 'JETSON_L4T': '35.6.1', 'ROS_PYTHON_VERSION': '3', 'JETSON_MODEL': 'NVIDIA Orin NX Developer Kit', 'DBUS_SESSION_BUS_ADDRESS': 'unix:path=/run/user/1000/bus', 'COLCON_PREFIX_PATH': '/home/airlab/seed25/ros_packages/mocap4r2_ws/install:/home/airlab/seed25/ros_packages/seed_controller_ws/install', 'ROS_DISTRO': 'foxy', 'LOGNAME': 'airlab', 'JETSON_MODULE': 'NVIDIA Jetson Orin NX (16GB ram)', 'JETSON_SERIAL_NUMBER': '1425023203559', '_': '/usr/bin/colcon', 'ROS_VERSION': '2', 'JETSON_CODENAME': 'P3768', 'XDG_SESSION_CLASS': 'user', 'TERM': 'xterm', 'XDG_SESSION_ID': '3', 'ROS_LOCALHOST_ONLY': '0', 'PATH': '/usr/local/cuda-11.4/bin:/usr/local/cuda-11.4/bin:/usr/local/cuda-11.4/bin:/home/airlab/.local/bin:/opt/ros/foxy/bin:/usr/local/cuda-11.4/bin:/usr/local/sbin:/usr/local/bin:/usr/sbin:/usr/bin:/sbin:/bin:/usr/games:/usr/local/games:/snap/bin', 'XDG_RUNTIME_DIR': '/run/user/1000', 'DISPLAY': 'localhost:10.0', 'LANG': 'en_US.UTF-8', 'LS_COLORS': 'rs=0:di=01;34:ln=01;36:mh=00:pi=40;33:so=01;35:do=01;35:bd=40;33;01:cd=40;33;01:or=40;31;01:mi=00:su=37;41:sg=30;43:ca=30;41:tw=30;42:ow=34;42:st=37;44:ex=01;32:*.tar=01;31:*.tgz=01;31:*.arc=01;31:*.arj=01;31:*.taz=01;31:*.lha=01;31:*.lz4=01;31:*.lzh=01;31:*.lzma=01;31:*.tlz=01;31:*.txz=01;31:*.tzo=01;31:*.t7z=01;31:*.zip=01;31:*.z=01;31:*.dz=01;31:*.gz=01;31:*.lrz=01;31:*.lz=01;31:*.lzo=01;31:*.xz=01;31:*.zst=01;31:*.tzst=01;31:*.bz2=01;31:*.bz=01;31:*.tbz=01;31:*.tbz2=01;31:*.tz=01;31:*.deb=01;31:*.rpm=01;31:*.jar=01;31:*.war=01;31:*.ear=01;31:*.sar=01;31:*.rar=01;31:*.alz=01;31:*.ace=01;31:*.zoo=01;31:*.cpio=01;31:*.7z=01;31:*.rz=01;31:*.cab=01;31:*.wim=01;31:*.swm=01;31:*.dwm=01;31:*.esd=01;31:*.jpg=01;35:*.jpeg=01;35:*.mjpg=01;35:*.mjpeg=01;35:*.gif=01;35:*.bmp=01;35:*.pbm=01;35:*.pgm=01;35:*.ppm=01;35:*.tga=01;35:*.xbm=01;35:*.xpm=01;35:*.tif=01;35:*.tiff=01;35:*.png=01;35:*.svg=01;35:*.svgz=01;35:*.mng=01;35:*.pcx=01;35:*.mov=01;35:*.mpg=01;35:*.mpeg=01;35:*.m2v=01;35:*.mkv=01;35:*.webm=01;35:*.ogm=01;35:*.mp4=01;35:*.m4v=01;35:*.mp4v=01;35:*.vob=01;35:*.qt=01;35:*.nuv=01;35:*.wmv=01;35:*.asf=01;35:*.rm=01;35:*.rmvb=01;35:*.flc=01;35:*.avi=01;35:*.fli=01;35:*.flv=01;35:*.gl=01;35:*.dl=01;35:*.xcf=01;35:*.xwd=01;35:*.yuv=01;35:*.cgm=01;35:*.emf=01;35:*.ogv=01;35:*.ogx=01;35:*.aac=00;36:*.au=00;36:*.flac=00;36:*.m4a=00;36:*.mid=00;36:*.midi=00;36:*.mka=00;36:*.mp3=00;36:*.mpc=00;36:*.ogg=00;36:*.ra=00;36:*.wav=00;36:*.oga=00;36:*.opus=00;36:*.spx=00;36:*.xspf=00;36:', 'JETSON_SOC': 'tegra23x', 'ROS_DOMAIN_ID': '3', 'AMENT_PREFIX_PATH': '/home/airlab/seed25/ros_packages/seed_controller_ws/install/mocap_listener:/home/airlab/seed25/ros_packages/mocap4r2_ws/install/mocap4r2cli:/home/airlab/seed25/ros_packages/mocap4r2_ws/install/mocap4r2_robot_gt_msgs:/home/airlab/seed25/ros_packages/mocap4r2_ws/install/mocap4r2_marker_viz:/home/airlab/seed25/ros_packages/mocap4r2_ws/install/mocap4r2_marker_publisher:/home/airlab/seed25/ros_packages/mocap4r2_ws/install/mocap4r2_msgs:/home/airlab/seed25/ros_packages/mocap4r2_ws/install/mocap4r2_marker_viz_srvs:/home/airlab/seed25/ros_packages/mocap4r2_ws/install/mocap4r2_control:/home/airlab/seed25/ros_packages/mocap4r2_ws/install/mocap4r2_control_msgs:/opt/ros/foxy', 'SHELL': '/bin/bash', 'LESSCLOSE': '/usr/bin/lesspipe %s %s', 'JETSON_CUDA_ARCH_BIN': '8.7', 'PWD': '/home/airlab/seed25/build/ros_tutorial_NK', 'LC_ALL': 'en_US.UTF-8', 'SSH_CONNECTION': '192.168.0.60 49912 192.168.0.136 22', 'XDG_DATA_DIRS': '/usr/local/share:/usr/share:/var/lib/snapd/desktop', 'PYTHONPATH': '/home/airlab/seed25/build/ros_tutorial_NK/prefix_override:/usr/lib/python3/dist-packages/colcon_core/task/python/colcon_distutils_commands:/home/airlab/seed25/install/ros_tutorial_NK/lib/python3.8/site-packages:/home/airlab/seed25/ros_packages/seed_controller_ws/install/mocap_listener/lib/python3.8/site-packages:/home/airlab/seed25/ros_packages/mocap4r2_ws/install/mocap4r2cli/lib/python3.8/site-packages:/home/airlab/seed25/ros_packages/mocap4r2_ws/install/mocap4r2_robot_gt_msgs/lib/python3.8/site-packages:/home/airlab/seed25/ros_packages/mocap4r2_ws/install/mocap4r2_msgs/lib/python3.8/site-packages:/home/airlab/seed25/ros_packages/mocap4r2_ws/install/mocap4r2_marker_viz_srvs/lib/python3.8/site-packages:/home/airlab/seed25/ros_packages/mocap4r2_ws/install/mocap4r2_control_msgs/lib/python3.8/site-packages:/opt/ros/foxy/lib/python3.8/site-packages', 'COLCON': '1', 'JETSON_JETPACK': '5.1.5', 'CMAKE_PREFIX_PATH': '/home/airlab/seed25/ros_packages/mocap4r2_ws/install/mocap4r2_robot_gt_msgs:/home/airlab/seed25/ros_packages/mocap4r2_ws/install/mocap4r2_marker_viz:/home/airlab/seed25/ros_packages/mocap4r2_ws/install/mocap4r2_marker_publisher:/home/airlab/seed25/ros_packages/mocap4r2_ws/install/mocap4r2_msgs:/home/airlab/seed25/ros_packages/mocap4r2_ws/install/mocap4r2_marker_viz_srvs:/home/airlab/seed25/ros_packages/mocap4r2_ws/install/mocap4r2_control:/home/airlab/seed25/ros_packages/mocap4r2_ws/install/mocap4r2_control_msgs', 'JETSON_P_NUMBER': 'p3767-0000'}, 'shell': False}
[25.170015] (mocap4r2_msgs) StdoutLine: {'line': b'[ 79%] \x1b[32m\x1b[1mLinking CXX shared library libmocap4r2_msgs__rosidl_typesupport_fastrtps_c.so\x1b[0m\n'}
[25.219139] (-) TimerEvent: {}
[25.319898] (-) TimerEvent: {}
[25.363556] (mocap4r2_msgs) StdoutLine: {'line': b'[ 79%] Built target mocap4r2_msgs__rosidl_typesupport_fastrtps_c\n'}
[25.389221] (mocap4r2_msgs) StdoutLine: {'line': b'\x1b[35m\x1b[1mScanning dependencies of target mocap4r2_msgs\x1b[0m\n'}
[25.415874] (mocap4r2_msgs) StdoutLine: {'line': b'[ 79%] Built target mocap4r2_msgs\n'}
[25.420017] (-) TimerEvent: {}
[25.442049] (mocap4r2_msgs) StdoutLine: {'line': b'\x1b[35m\x1b[1mScanning dependencies of target mocap4r2_msgs__py\x1b[0m\n'}
[25.469418] (mocap4r2_msgs) StdoutLine: {'line': b'[ 80%] \x1b[34m\x1b[1mGenerating Python code for ROS interfaces\x1b[0m\n'}
[25.520187] (-) TimerEvent: {}
[25.600897] (mocap4r2_control) StdoutLine: {'line': b'-- Found rclcpp: 2.4.3 (/opt/ros/foxy/share/rclcpp/cmake)\n'}
[25.620347] (-) TimerEvent: {}
[25.688834] (ros_tutorial_NK) StdoutLine: {'line': b'running egg_info\n'}
[25.690121] (ros_tutorial_NK) StdoutLine: {'line': b'creating ../../../../build/ros_tutorial_NK/ros_tutorial_NK.egg-info\n'}
[25.690549] (ros_tutorial_NK) StdoutLine: {'line': b'writing ../../../../build/ros_tutorial_NK/ros_tutorial_NK.egg-info/PKG-INFO\n'}
[25.691403] (ros_tutorial_NK) StdoutLine: {'line': b'writing dependency_links to ../../../../build/ros_tutorial_NK/ros_tutorial_NK.egg-info/dependency_links.txt\n'}
[25.691849] (ros_tutorial_NK) StdoutLine: {'line': b'writing entry points to ../../../../build/ros_tutorial_NK/ros_tutorial_NK.egg-info/entry_points.txt\n'}
[25.692194] (ros_tutorial_NK) StdoutLine: {'line': b'writing requirements to ../../../../build/ros_tutorial_NK/ros_tutorial_NK.egg-info/requires.txt\n'}
[25.692479] (ros_tutorial_NK) StdoutLine: {'line': b'writing top-level names to ../../../../build/ros_tutorial_NK/ros_tutorial_NK.egg-info/top_level.txt\n'}
[25.697490] (ros_tutorial_NK) StdoutLine: {'line': b"writing manifest file '../../../../build/ros_tutorial_NK/ros_tutorial_NK.egg-info/SOURCES.txt'\n"}
[25.720505] (-) TimerEvent: {}
[25.724311] (mocap4r2_control) StdoutLine: {'line': b'-- Using all available rosidl_typesupport_c: rosidl_typesupport_fastrtps_c;rosidl_typesupport_introspection_c\n'}
[25.741674] (mocap4r2_control) StdoutLine: {'line': b'-- Found rosidl_adapter: 1.3.1 (/opt/ros/foxy/share/rosidl_adapter/cmake)\n'}
[25.765968] (ros_tutorial_NK) StdoutLine: {'line': b"reading manifest file '../../../../build/ros_tutorial_NK/ros_tutorial_NK.egg-info/SOURCES.txt'\n"}
[25.767800] (ros_tutorial_NK) StdoutLine: {'line': b"writing manifest file '../../../../build/ros_tutorial_NK/ros_tutorial_NK.egg-info/SOURCES.txt'\n"}
[25.768333] (ros_tutorial_NK) StdoutLine: {'line': b'running build\n'}
[25.768704] (ros_tutorial_NK) StdoutLine: {'line': b'running build_py\n'}
[25.769033] (ros_tutorial_NK) StdoutLine: {'line': b'creating /home/airlab/seed25/build/ros_tutorial_NK/build\n'}
[25.769337] (ros_tutorial_NK) StdoutLine: {'line': b'creating /home/airlab/seed25/build/ros_tutorial_NK/build/lib\n'}
[25.769610] (ros_tutorial_NK) StdoutLine: {'line': b'creating /home/airlab/seed25/build/ros_tutorial_NK/build/lib/ros_tutorial_NK\n'}
[25.769884] (ros_tutorial_NK) StdoutLine: {'line': b'copying ros_tutorial_NK/__init__.py -> /home/airlab/seed25/build/ros_tutorial_NK/build/lib/ros_tutorial_NK\n'}
[25.770314] (ros_tutorial_NK) StdoutLine: {'line': b'copying ros_tutorial_NK/first_node.py -> /home/airlab/seed25/build/ros_tutorial_NK/build/lib/ros_tutorial_NK\n'}
[25.771428] (ros_tutorial_NK) StdoutLine: {'line': b'running install\n'}
[25.773959] (ros_tutorial_NK) StdoutLine: {'line': b'running install_lib\n'}
[25.776730] (ros_tutorial_NK) StdoutLine: {'line': b'creating /home/airlab/seed25/install/ros_tutorial_NK/lib/python3.8/site-packages/ros_tutorial_NK\n'}
[25.777435] (ros_tutorial_NK) StdoutLine: {'line': b'copying /home/airlab/seed25/build/ros_tutorial_NK/build/lib/ros_tutorial_NK/__init__.py -> /home/airlab/seed25/install/ros_tutorial_NK/lib/python3.8/site-packages/ros_tutorial_NK\n'}
[25.778129] (ros_tutorial_NK) StdoutLine: {'line': b'copying /home/airlab/seed25/build/ros_tutorial_NK/build/lib/ros_tutorial_NK/first_node.py -> /home/airlab/seed25/install/ros_tutorial_NK/lib/python3.8/site-packages/ros_tutorial_NK\n'}
[25.779922] (ros_tutorial_NK) StdoutLine: {'line': b'byte-compiling /home/airlab/seed25/install/ros_tutorial_NK/lib/python3.8/site-packages/ros_tutorial_NK/__init__.py to __init__.cpython-38.pyc\n'}
[25.782763] (ros_tutorial_NK) StdoutLine: {'line': b'byte-compiling /home/airlab/seed25/install/ros_tutorial_NK/lib/python3.8/site-packages/ros_tutorial_NK/first_node.py to first_node.cpython-38.pyc\n'}
[25.784111] (ros_tutorial_NK) StdoutLine: {'line': b'running install_data\n'}
[25.784779] (ros_tutorial_NK) StdoutLine: {'line': b'creating /home/airlab/seed25/install/ros_tutorial_NK/share/ament_index\n'}
[25.785283] (ros_tutorial_NK) StdoutLine: {'line': b'creating /home/airlab/seed25/install/ros_tutorial_NK/share/ament_index/resource_index\n'}
[25.785743] (ros_tutorial_NK) StdoutLine: {'line': b'creating /home/airlab/seed25/install/ros_tutorial_NK/share/ament_index/resource_index/packages\n'}
[25.786277] (ros_tutorial_NK) StdoutLine: {'line': b'copying resource/ros_tutorial_NK -> /home/airlab/seed25/install/ros_tutorial_NK/share/ament_index/resource_index/packages\n'}
[25.786920] (ros_tutorial_NK) StdoutLine: {'line': b'copying package.xml -> /home/airlab/seed25/install/ros_tutorial_NK/share/ros_tutorial_NK\n'}
[25.787479] (ros_tutorial_NK) StdoutLine: {'line': b'running install_egg_info\n'}
[25.793239] (ros_tutorial_NK) StdoutLine: {'line': b'Copying ../../../../build/ros_tutorial_NK/ros_tutorial_NK.egg-info to /home/airlab/seed25/install/ros_tutorial_NK/lib/python3.8/site-packages/ros_tutorial_NK-0.0.0-py3.8.egg-info\n'}
[25.795923] (ros_tutorial_NK) StdoutLine: {'line': b'running install_scripts\n'}
[25.820661] (-) TimerEvent: {}
[25.836346] (ros_tutorial_NK) StdoutLine: {'line': b'Installing first_node_test script to /home/airlab/seed25/install/ros_tutorial_NK/lib/ros_tutorial_NK\n'}
[25.837919] (ros_tutorial_NK) StdoutLine: {'line': b"writing list of installed files to '/home/airlab/seed25/build/ros_tutorial_NK/install.log'\n"}
[25.915165] (ros_tutorial_NK) CommandEnded: {'returncode': 0}
[25.920824] (-) TimerEvent: {}
[25.932114] (ros_tutorial_NK) JobEnded: {'identifier': 'ros_tutorial_NK', 'rc': 0}
[25.995672] (mocap4r2_control) StdoutLine: {'line': b'-- Found OpenSSL: /usr/lib/aarch64-linux-gnu/libcrypto.so (found version "1.1.1f")  \n'}
[26.020957] (-) TimerEvent: {}
[26.060301] (mocap4r2_control) StdoutLine: {'line': b'-- Found FastRTPS: /opt/ros/foxy/include  \n'}
[26.113837] (mocap4r2cli) Command: {'cmd': ['/usr/bin/python3', '-W', 'ignore:setup.py install is deprecated', '-W', 'ignore:easy_install command is deprecated', 'setup.py', 'egg_info', '--egg-base', '../../../../../build/mocap4r2cli', 'build', '--build-base', '/home/airlab/seed25/build/mocap4r2cli/build', 'install', '--record', '/home/airlab/seed25/build/mocap4r2cli/install.log', '--single-version-externally-managed', 'install_data'], 'cwd': '/home/airlab/seed25/ros_packages/mocap4r2_ws/src/mocap4r2/mocap4r2cli', 'env': {'LESSOPEN': '| /usr/bin/lesspipe %s', 'USER': 'airlab', 'SSH_CLIENT': '192.168.0.60 49912 22', 'XDG_SESSION_TYPE': 'tty', 'SHLVL': '1', 'LD_LIBRARY_PATH': '/home/airlab/seed25/install/mocap4r2_control_msgs/lib:/usr/local/cuda-11.4/lib64:/usr/local/cuda-11.4/lib64:/usr/local/cuda-11.4/lib64:/home/airlab/seed25/ros_packages/mocap4r2_ws/install/mocap4r2_robot_gt_msgs/lib:/home/airlab/seed25/ros_packages/mocap4r2_ws/install/mocap4r2_msgs/lib:/home/airlab/seed25/ros_packages/mocap4r2_ws/install/mocap4r2_marker_viz_srvs/lib:/home/airlab/seed25/ros_packages/mocap4r2_ws/install/mocap4r2_control/lib:/home/airlab/seed25/ros_packages/mocap4r2_ws/install/mocap4r2_control_msgs/lib:/opt/ros/foxy/opt/yaml_cpp_vendor/lib:/opt/ros/foxy/opt/rviz_ogre_vendor/lib:/opt/ros/foxy/lib/aarch64-linux-gnu:/opt/ros/foxy/lib:/usr/local/cuda-11.4/lib64', 'MOTD_SHOWN': 'pam', 'HOME': '/home/airlab', 'OLDPWD': '/home/airlab/seed25/ros_packages', 'SSH_TTY': '/dev/pts/0', 'JETSON_L4T': '35.6.1', 'ROS_PYTHON_VERSION': '3', 'JETSON_MODEL': 'NVIDIA Orin NX Developer Kit', 'DBUS_SESSION_BUS_ADDRESS': 'unix:path=/run/user/1000/bus', 'COLCON_PREFIX_PATH': '/home/airlab/seed25/ros_packages/mocap4r2_ws/install:/home/airlab/seed25/ros_packages/seed_controller_ws/install', 'ROS_DISTRO': 'foxy', 'LOGNAME': 'airlab', 'JETSON_MODULE': 'NVIDIA Jetson Orin NX (16GB ram)', 'JETSON_SERIAL_NUMBER': '1425023203559', '_': '/usr/bin/colcon', 'ROS_VERSION': '2', 'JETSON_CODENAME': 'P3768', 'XDG_SESSION_CLASS': 'user', 'TERM': 'xterm', 'XDG_SESSION_ID': '3', 'ROS_LOCALHOST_ONLY': '0', 'PATH': '/usr/local/cuda-11.4/bin:/usr/local/cuda-11.4/bin:/usr/local/cuda-11.4/bin:/home/airlab/.local/bin:/opt/ros/foxy/bin:/usr/local/cuda-11.4/bin:/usr/local/sbin:/usr/local/bin:/usr/sbin:/usr/bin:/sbin:/bin:/usr/games:/usr/local/games:/snap/bin', 'XDG_RUNTIME_DIR': '/run/user/1000', 'DISPLAY': 'localhost:10.0', 'LANG': 'en_US.UTF-8', 'LS_COLORS': 'rs=0:di=01;34:ln=01;36:mh=00:pi=40;33:so=01;35:do=01;35:bd=40;33;01:cd=40;33;01:or=40;31;01:mi=00:su=37;41:sg=30;43:ca=30;41:tw=30;42:ow=34;42:st=37;44:ex=01;32:*.tar=01;31:*.tgz=01;31:*.arc=01;31:*.arj=01;31:*.taz=01;31:*.lha=01;31:*.lz4=01;31:*.lzh=01;31:*.lzma=01;31:*.tlz=01;31:*.txz=01;31:*.tzo=01;31:*.t7z=01;31:*.zip=01;31:*.z=01;31:*.dz=01;31:*.gz=01;31:*.lrz=01;31:*.lz=01;31:*.lzo=01;31:*.xz=01;31:*.zst=01;31:*.tzst=01;31:*.bz2=01;31:*.bz=01;31:*.tbz=01;31:*.tbz2=01;31:*.tz=01;31:*.deb=01;31:*.rpm=01;31:*.jar=01;31:*.war=01;31:*.ear=01;31:*.sar=01;31:*.rar=01;31:*.alz=01;31:*.ace=01;31:*.zoo=01;31:*.cpio=01;31:*.7z=01;31:*.rz=01;31:*.cab=01;31:*.wim=01;31:*.swm=01;31:*.dwm=01;31:*.esd=01;31:*.jpg=01;35:*.jpeg=01;35:*.mjpg=01;35:*.mjpeg=01;35:*.gif=01;35:*.bmp=01;35:*.pbm=01;35:*.pgm=01;35:*.ppm=01;35:*.tga=01;35:*.xbm=01;35:*.xpm=01;35:*.tif=01;35:*.tiff=01;35:*.png=01;35:*.svg=01;35:*.svgz=01;35:*.mng=01;35:*.pcx=01;35:*.mov=01;35:*.mpg=01;35:*.mpeg=01;35:*.m2v=01;35:*.mkv=01;35:*.webm=01;35:*.ogm=01;35:*.mp4=01;35:*.m4v=01;35:*.mp4v=01;35:*.vob=01;35:*.qt=01;35:*.nuv=01;35:*.wmv=01;35:*.asf=01;35:*.rm=01;35:*.rmvb=01;35:*.flc=01;35:*.avi=01;35:*.fli=01;35:*.flv=01;35:*.gl=01;35:*.dl=01;35:*.xcf=01;35:*.xwd=01;35:*.yuv=01;35:*.cgm=01;35:*.emf=01;35:*.ogv=01;35:*.ogx=01;35:*.aac=00;36:*.au=00;36:*.flac=00;36:*.m4a=00;36:*.mid=00;36:*.midi=00;36:*.mka=00;36:*.mp3=00;36:*.mpc=00;36:*.ogg=00;36:*.ra=00;36:*.wav=00;36:*.oga=00;36:*.opus=00;36:*.spx=00;36:*.xspf=00;36:', 'JETSON_SOC': 'tegra23x', 'ROS_DOMAIN_ID': '3', 'AMENT_PREFIX_PATH': '/home/airlab/seed25/install/mocap4r2_control_msgs:/home/airlab/seed25/ros_packages/seed_controller_ws/install/mocap_listener:/home/airlab/seed25/ros_packages/mocap4r2_ws/install/mocap4r2cli:/home/airlab/seed25/ros_packages/mocap4r2_ws/install/mocap4r2_robot_gt_msgs:/home/airlab/seed25/ros_packages/mocap4r2_ws/install/mocap4r2_marker_viz:/home/airlab/seed25/ros_packages/mocap4r2_ws/install/mocap4r2_marker_publisher:/home/airlab/seed25/ros_packages/mocap4r2_ws/install/mocap4r2_msgs:/home/airlab/seed25/ros_packages/mocap4r2_ws/install/mocap4r2_marker_viz_srvs:/home/airlab/seed25/ros_packages/mocap4r2_ws/install/mocap4r2_control:/home/airlab/seed25/ros_packages/mocap4r2_ws/install/mocap4r2_control_msgs:/opt/ros/foxy', 'SHELL': '/bin/bash', 'LESSCLOSE': '/usr/bin/lesspipe %s %s', 'JETSON_CUDA_ARCH_BIN': '8.7', 'PWD': '/home/airlab/seed25/build/mocap4r2cli', 'LC_ALL': 'en_US.UTF-8', 'SSH_CONNECTION': '192.168.0.60 49912 192.168.0.136 22', 'XDG_DATA_DIRS': '/usr/local/share:/usr/share:/var/lib/snapd/desktop', 'PYTHONPATH': '/home/airlab/seed25/build/mocap4r2cli/prefix_override:/usr/lib/python3/dist-packages/colcon_core/task/python/colcon_distutils_commands:/home/airlab/seed25/install/mocap4r2cli/lib/python3.8/site-packages:/home/airlab/seed25/install/mocap4r2_control_msgs/lib/python3.8/site-packages:/home/airlab/seed25/ros_packages/seed_controller_ws/install/mocap_listener/lib/python3.8/site-packages:/home/airlab/seed25/ros_packages/mocap4r2_ws/install/mocap4r2cli/lib/python3.8/site-packages:/home/airlab/seed25/ros_packages/mocap4r2_ws/install/mocap4r2_robot_gt_msgs/lib/python3.8/site-packages:/home/airlab/seed25/ros_packages/mocap4r2_ws/install/mocap4r2_msgs/lib/python3.8/site-packages:/home/airlab/seed25/ros_packages/mocap4r2_ws/install/mocap4r2_marker_viz_srvs/lib/python3.8/site-packages:/home/airlab/seed25/ros_packages/mocap4r2_ws/install/mocap4r2_control_msgs/lib/python3.8/site-packages:/opt/ros/foxy/lib/python3.8/site-packages', 'COLCON': '1', 'JETSON_JETPACK': '5.1.5', 'CMAKE_PREFIX_PATH': '/home/airlab/seed25/install/mocap4r2_control_msgs:/home/airlab/seed25/ros_packages/mocap4r2_ws/install/mocap4r2_robot_gt_msgs:/home/airlab/seed25/ros_packages/mocap4r2_ws/install/mocap4r2_marker_viz:/home/airlab/seed25/ros_packages/mocap4r2_ws/install/mocap4r2_marker_publisher:/home/airlab/seed25/ros_packages/mocap4r2_ws/install/mocap4r2_msgs:/home/airlab/seed25/ros_packages/mocap4r2_ws/install/mocap4r2_marker_viz_srvs:/home/airlab/seed25/ros_packages/mocap4r2_ws/install/mocap4r2_control:/home/airlab/seed25/ros_packages/mocap4r2_ws/install/mocap4r2_control_msgs', 'JETSON_P_NUMBER': 'p3767-0000'}, 'shell': False}
[26.121236] (-) TimerEvent: {}
[26.221795] (-) TimerEvent: {}
[26.232990] (mocap4r2_control) StdoutLine: {'line': b'-- Using all available rosidl_typesupport_cpp: rosidl_typesupport_fastrtps_cpp;rosidl_typesupport_introspection_cpp\n'}
[26.321890] (-) TimerEvent: {}
[26.362798] (mocap4r2_control) StdoutLine: {'line': b'-- Found rmw_implementation_cmake: 1.0.4 (/opt/ros/foxy/share/rmw_implementation_cmake/cmake)\n'}
[26.368217] (mocap4r2_control) StdoutLine: {'line': b"-- Using RMW implementation 'rmw_fastrtps_cpp' as default\n"}
[26.371133] (mocap4r2_control) StdoutLine: {'line': b'-- Looking for pthread.h\n'}
[26.422035] (-) TimerEvent: {}
[26.527581] (mocap4r2_control) StdoutLine: {'line': b'-- Looking for pthread.h - found\n'}
[26.528044] (-) TimerEvent: {}
[26.528350] (mocap4r2_control) StdoutLine: {'line': b'-- Performing Test CMAKE_HAVE_LIBC_PTHREAD\n'}
[26.624702] (mocap4r2cli) StdoutLine: {'line': b'running egg_info\n'}
[26.625821] (mocap4r2cli) StdoutLine: {'line': b'creating ../../../../../build/mocap4r2cli/mocap4r2cli.egg-info\n'}
[26.626223] (mocap4r2cli) StdoutLine: {'line': b'writing ../../../../../build/mocap4r2cli/mocap4r2cli.egg-info/PKG-INFO\n'}
[26.626842] (mocap4r2cli) StdoutLine: {'line': b'writing dependency_links to ../../../../../build/mocap4r2cli/mocap4r2cli.egg-info/dependency_links.txt\n'}
[26.627240] (mocap4r2cli) StdoutLine: {'line': b'writing entry points to ../../../../../build/mocap4r2cli/mocap4r2cli.egg-info/entry_points.txt\n'}
[26.627490] (mocap4r2cli) StdoutLine: {'line': b'writing requirements to ../../../../../build/mocap4r2cli/mocap4r2cli.egg-info/requires.txt\n'}
[26.627717] (mocap4r2cli) StdoutLine: {'line': b'writing top-level names to ../../../../../build/mocap4r2cli/mocap4r2cli.egg-info/top_level.txt\n'}
[26.628120] (-) TimerEvent: {}
[26.630716] (mocap4r2cli) StdoutLine: {'line': b"writing manifest file '../../../../../build/mocap4r2cli/mocap4r2cli.egg-info/SOURCES.txt'\n"}
[26.683259] (mocap4r2_control) StdoutLine: {'line': b'-- Performing Test CMAKE_HAVE_LIBC_PTHREAD - Failed\n'}
[26.683915] (mocap4r2_control) StdoutLine: {'line': b'-- Looking for pthread_create in pthreads\n'}
[26.700524] (mocap4r2cli) StdoutLine: {'line': b"reading manifest file '../../../../../build/mocap4r2cli/mocap4r2cli.egg-info/SOURCES.txt'\n"}
[26.702130] (mocap4r2cli) StdoutLine: {'line': b"writing manifest file '../../../../../build/mocap4r2cli/mocap4r2cli.egg-info/SOURCES.txt'\n"}
[26.702550] (mocap4r2cli) StdoutLine: {'line': b'running build\n'}
[26.702737] (mocap4r2cli) StdoutLine: {'line': b'running build_py\n'}
[26.702957] (mocap4r2cli) StdoutLine: {'line': b'creating /home/airlab/seed25/build/mocap4r2cli/build\n'}
[26.703366] (mocap4r2cli) StdoutLine: {'line': b'creating /home/airlab/seed25/build/mocap4r2cli/build/lib\n'}
[26.703536] (mocap4r2cli) StdoutLine: {'line': b'creating /home/airlab/seed25/build/mocap4r2cli/build/lib/mocap4r2cli\n'}
[26.703678] (mocap4r2cli) StdoutLine: {'line': b'copying mocap4r2cli/__init__.py -> /home/airlab/seed25/build/mocap4r2cli/build/lib/mocap4r2cli\n'}
[26.703873] (mocap4r2cli) StdoutLine: {'line': b'creating /home/airlab/seed25/build/mocap4r2cli/build/lib/mocap4r2cli/verb\n'}
[26.704098] (mocap4r2cli) StdoutLine: {'line': b'copying mocap4r2cli/verb/stop.py -> /home/airlab/seed25/build/mocap4r2cli/build/lib/mocap4r2cli/verb\n'}
[26.705112] (mocap4r2cli) StdoutLine: {'line': b'copying mocap4r2cli/verb/__init__.py -> /home/airlab/seed25/build/mocap4r2cli/build/lib/mocap4r2cli/verb\n'}
[26.705523] (mocap4r2cli) StdoutLine: {'line': b'copying mocap4r2cli/verb/start.py -> /home/airlab/seed25/build/mocap4r2cli/build/lib/mocap4r2cli/verb\n'}
[26.705965] (mocap4r2cli) StdoutLine: {'line': b'copying mocap4r2cli/verb/status.py -> /home/airlab/seed25/build/mocap4r2cli/build/lib/mocap4r2cli/verb\n'}
[26.706497] (mocap4r2cli) StdoutLine: {'line': b'creating /home/airlab/seed25/build/mocap4r2cli/build/lib/mocap4r2cli/command\n'}
[26.706724] (mocap4r2cli) StdoutLine: {'line': b'copying mocap4r2cli/command/mocap4r2.py -> /home/airlab/seed25/build/mocap4r2cli/build/lib/mocap4r2cli/command\n'}
[26.707140] (mocap4r2cli) StdoutLine: {'line': b'copying mocap4r2cli/command/__init__.py -> /home/airlab/seed25/build/mocap4r2cli/build/lib/mocap4r2cli/command\n'}
[26.707513] (mocap4r2cli) StdoutLine: {'line': b'creating /home/airlab/seed25/build/mocap4r2cli/build/lib/mocap4r2cli/api\n'}
[26.707712] (mocap4r2cli) StdoutLine: {'line': b'copying mocap4r2cli/api/__init__.py -> /home/airlab/seed25/build/mocap4r2cli/build/lib/mocap4r2cli/api\n'}
[26.708624] (mocap4r2cli) StdoutLine: {'line': b'running install\n'}
[26.710670] (mocap4r2cli) StdoutLine: {'line': b'running install_lib\n'}
[26.712914] (mocap4r2cli) StdoutLine: {'line': b'creating /home/airlab/seed25/install/mocap4r2cli/lib/python3.8/site-packages/mocap4r2cli\n'}
[26.713176] (mocap4r2cli) StdoutLine: {'line': b'creating /home/airlab/seed25/install/mocap4r2cli/lib/python3.8/site-packages/mocap4r2cli/verb\n'}
[26.713420] (mocap4r2cli) StdoutLine: {'line': b'copying /home/airlab/seed25/build/mocap4r2cli/build/lib/mocap4r2cli/verb/stop.py -> /home/airlab/seed25/install/mocap4r2cli/lib/python3.8/site-packages/mocap4r2cli/verb\n'}
[26.713696] (mocap4r2cli) StdoutLine: {'line': b'copying /home/airlab/seed25/build/mocap4r2cli/build/lib/mocap4r2cli/verb/__init__.py -> /home/airlab/seed25/install/mocap4r2cli/lib/python3.8/site-packages/mocap4r2cli/verb\n'}
[26.713962] (mocap4r2cli) StdoutLine: {'line': b'copying /home/airlab/seed25/build/mocap4r2cli/build/lib/mocap4r2cli/verb/start.py -> /home/airlab/seed25/install/mocap4r2cli/lib/python3.8/site-packages/mocap4r2cli/verb\n'}
[26.714199] (mocap4r2cli) StdoutLine: {'line': b'copying /home/airlab/seed25/build/mocap4r2cli/build/lib/mocap4r2cli/verb/status.py -> /home/airlab/seed25/install/mocap4r2cli/lib/python3.8/site-packages/mocap4r2cli/verb\n'}
[26.714447] (mocap4r2cli) StdoutLine: {'line': b'copying /home/airlab/seed25/build/mocap4r2cli/build/lib/mocap4r2cli/__init__.py -> /home/airlab/seed25/install/mocap4r2cli/lib/python3.8/site-packages/mocap4r2cli\n'}
[26.714730] (mocap4r2cli) StdoutLine: {'line': b'creating /home/airlab/seed25/install/mocap4r2cli/lib/python3.8/site-packages/mocap4r2cli/command\n'}
[26.714909] (mocap4r2cli) StdoutLine: {'line': b'copying /home/airlab/seed25/build/mocap4r2cli/build/lib/mocap4r2cli/command/mocap4r2.py -> /home/airlab/seed25/install/mocap4r2cli/lib/python3.8/site-packages/mocap4r2cli/command\n'}
[26.715228] (mocap4r2cli) StdoutLine: {'line': b'copying /home/airlab/seed25/build/mocap4r2cli/build/lib/mocap4r2cli/command/__init__.py -> /home/airlab/seed25/install/mocap4r2cli/lib/python3.8/site-packages/mocap4r2cli/command\n'}
[26.715553] (mocap4r2cli) StdoutLine: {'line': b'creating /home/airlab/seed25/install/mocap4r2cli/lib/python3.8/site-packages/mocap4r2cli/api\n'}
[26.715734] (mocap4r2cli) StdoutLine: {'line': b'copying /home/airlab/seed25/build/mocap4r2cli/build/lib/mocap4r2cli/api/__init__.py -> /home/airlab/seed25/install/mocap4r2cli/lib/python3.8/site-packages/mocap4r2cli/api\n'}
[26.717131] (mocap4r2cli) StdoutLine: {'line': b'byte-compiling /home/airlab/seed25/install/mocap4r2cli/lib/python3.8/site-packages/mocap4r2cli/verb/stop.py to stop.cpython-38.pyc\n'}
[26.720192] (mocap4r2cli) StdoutLine: {'line': b'byte-compiling /home/airlab/seed25/install/mocap4r2cli/lib/python3.8/site-packages/mocap4r2cli/verb/__init__.py to __init__.cpython-38.pyc\n'}
[26.721752] (mocap4r2cli) StdoutLine: {'line': b'byte-compiling /home/airlab/seed25/install/mocap4r2cli/lib/python3.8/site-packages/mocap4r2cli/verb/start.py to start.cpython-38.pyc\n'}
[26.722661] (mocap4r2cli) StdoutLine: {'line': b'byte-compiling /home/airlab/seed25/install/mocap4r2cli/lib/python3.8/site-packages/mocap4r2cli/verb/status.py to status.cpython-38.pyc\n'}
[26.723490] (mocap4r2cli) StdoutLine: {'line': b'byte-compiling /home/airlab/seed25/install/mocap4r2cli/lib/python3.8/site-packages/mocap4r2cli/__init__.py to __init__.cpython-38.pyc\n'}
[26.723952] (mocap4r2cli) StdoutLine: {'line': b'byte-compiling /home/airlab/seed25/install/mocap4r2cli/lib/python3.8/site-packages/mocap4r2cli/command/mocap4r2.py to mocap4r2.cpython-38.pyc\n'}
[26.724633] (mocap4r2cli) StdoutLine: {'line': b'byte-compiling /home/airlab/seed25/install/mocap4r2cli/lib/python3.8/site-packages/mocap4r2cli/command/__init__.py to __init__.cpython-38.pyc\n'}
[26.725029] (mocap4r2cli) StdoutLine: {'line': b'byte-compiling /home/airlab/seed25/install/mocap4r2cli/lib/python3.8/site-packages/mocap4r2cli/api/__init__.py to __init__.cpython-38.pyc\n'}
[26.725580] (mocap4r2cli) StdoutLine: {'line': b'running install_data\n'}
[26.725817] (mocap4r2cli) StdoutLine: {'line': b'copying package.xml -> /home/airlab/seed25/install/mocap4r2cli/share/mocap4r2cli\n'}
[26.726124] (mocap4r2cli) StdoutLine: {'line': b'creating /home/airlab/seed25/install/mocap4r2cli/share/ament_index\n'}
[26.726302] (mocap4r2cli) StdoutLine: {'line': b'creating /home/airlab/seed25/install/mocap4r2cli/share/ament_index/resource_index\n'}
[26.726583] (mocap4r2cli) StdoutLine: {'line': b'creating /home/airlab/seed25/install/mocap4r2cli/share/ament_index/resource_index/packages\n'}
[26.726783] (mocap4r2cli) StdoutLine: {'line': b'copying resource/mocap4r2cli -> /home/airlab/seed25/install/mocap4r2cli/share/ament_index/resource_index/packages\n'}
[26.726925] (mocap4r2cli) StdoutLine: {'line': b'running install_egg_info\n'}
[26.728216] (-) TimerEvent: {}
[26.732322] (mocap4r2cli) StdoutLine: {'line': b'Copying ../../../../../build/mocap4r2cli/mocap4r2cli.egg-info to /home/airlab/seed25/install/mocap4r2cli/lib/python3.8/site-packages/mocap4r2cli-0.0.1-py3.8.egg-info\n'}
[26.734457] (mocap4r2cli) StdoutLine: {'line': b'running install_scripts\n'}
[26.774886] (mocap4r2cli) StdoutLine: {'line': b"writing list of installed files to '/home/airlab/seed25/build/mocap4r2cli/install.log'\n"}
[26.821001] (mocap4r2_control) StdoutLine: {'line': b'-- Looking for pthread_create in pthreads - not found\n'}
[26.821642] (mocap4r2_control) StdoutLine: {'line': b'-- Looking for pthread_create in pthread\n'}
[26.828321] (-) TimerEvent: {}
[26.841152] (mocap4r2cli) CommandEnded: {'returncode': 0}
[26.854833] (mocap4r2cli) JobEnded: {'identifier': 'mocap4r2cli', 'rc': 0}
[26.928542] (-) TimerEvent: {}
[26.972414] (mocap4r2_control) StdoutLine: {'line': b'-- Looking for pthread_create in pthread - found\n'}
[26.975768] (mocap4r2_control) StdoutLine: {'line': b'-- Found Threads: TRUE  \n'}
[27.028731] (-) TimerEvent: {}
[27.059871] (mocap4r2_msgs) StdoutLine: {'line': b'[ 80%] Built target mocap4r2_msgs__py\n'}
[27.083528] (mocap4r2_msgs) StdoutLine: {'line': b'\x1b[35m\x1b[1mScanning dependencies of target mocap4r2_msgs__python\x1b[0m\n'}
[27.128918] (-) TimerEvent: {}
[27.137700] (mocap4r2_msgs) StdoutLine: {'line': b'[ 82%] \x1b[32mBuilding C object CMakeFiles/mocap4r2_msgs__python.dir/rosidl_generator_py/mocap4r2_msgs/msg/_marker_s.c.o\x1b[0m\n'}
[27.138379] (mocap4r2_msgs) StdoutLine: {'line': b'[ 84%] \x1b[32mBuilding C object CMakeFiles/mocap4r2_msgs__python.dir/rosidl_generator_py/mocap4r2_msgs/msg/_rigid_body_s.c.o\x1b[0m\n'}
[27.142701] (mocap4r2_msgs) StdoutLine: {'line': b'[ 85%] \x1b[32mBuilding C object CMakeFiles/mocap4r2_msgs__python.dir/rosidl_generator_py/mocap4r2_msgs/msg/_markers_s.c.o\x1b[0m\n'}
[27.149218] (mocap4r2_msgs) StdoutLine: {'line': b'[ 87%] \x1b[32mBuilding C object CMakeFiles/mocap4r2_msgs__python.dir/rosidl_generator_py/mocap4r2_msgs/msg/_imus_info_s.c.o\x1b[0m\n'}
[27.229115] (-) TimerEvent: {}
[27.329829] (-) TimerEvent: {}
[27.362227] (mocap4r2_msgs) StdoutLine: {'line': b'[ 88%] \x1b[32mBuilding C object CMakeFiles/mocap4r2_msgs__python.dir/rosidl_generator_py/mocap4r2_msgs/msg/_rigid_bodies_s.c.o\x1b[0m\n'}
[27.395839] (mocap4r2_control) StdoutLine: {'line': b'-- Found rclcpp_lifecycle: 2.4.3 (/opt/ros/foxy/share/rclcpp_lifecycle/cmake)\n'}
[27.430017] (-) TimerEvent: {}
[27.465580] (mocap4r2_control) StdoutLine: {'line': b'-- Found mocap4r2_control_msgs: 0.0.7 (/home/airlab/seed25/install/mocap4r2_control_msgs/share/mocap4r2_control_msgs/cmake)\n'}
[27.530203] (-) TimerEvent: {}
[27.558607] (mocap4r2_msgs) StdoutLine: {'line': b'[ 90%] \x1b[32m\x1b[1mLinking C shared library rosidl_generator_py/mocap4r2_msgs/libmocap4r2_msgs__python.so\x1b[0m\n'}
[27.630388] (-) TimerEvent: {}
[27.651716] (mocap4r2_msgs) StdoutLine: {'line': b'[ 90%] Built target mocap4r2_msgs__python\n'}
[27.674974] (mocap4r2_msgs) StdoutLine: {'line': b'\x1b[35m\x1b[1mScanning dependencies of target mocap4r2_msgs__rosidl_typesupport_introspection_c__pyext\x1b[0m\n'}
[27.675502] (mocap4r2_msgs) StdoutLine: {'line': b'\x1b[35m\x1b[1mScanning dependencies of target mocap4r2_msgs__rosidl_typesupport_c__pyext\x1b[0m\n'}
[27.675838] (mocap4r2_msgs) StdoutLine: {'line': b'\x1b[35m\x1b[1mScanning dependencies of target mocap4r2_msgs__rosidl_typesupport_fastrtps_c__pyext\x1b[0m\n'}
[27.722313] (mocap4r2_msgs) StdoutLine: {'line': b'[ 93%] \x1b[32mBuilding C object CMakeFiles/mocap4r2_msgs__rosidl_typesupport_introspection_c__pyext.dir/rosidl_generator_py/mocap4r2_msgs/_mocap4r2_msgs_s.ep.rosidl_typesupport_introspection_c.c.o\x1b[0m\n'}
[27.722904] (mocap4r2_msgs) StdoutLine: {'line': b'[ 93%] \x1b[32mBuilding C object CMakeFiles/mocap4r2_msgs__rosidl_typesupport_c__pyext.dir/rosidl_generator_py/mocap4r2_msgs/_mocap4r2_msgs_s.ep.rosidl_typesupport_c.c.o\x1b[0m\n'}
[27.724339] (mocap4r2_control) StdoutLine: {'line': b'-- Found ament_lint_auto: 0.9.8 (/opt/ros/foxy/share/ament_lint_auto/cmake)\n'}
[27.726163] (mocap4r2_msgs) StdoutLine: {'line': b'[ 95%] \x1b[32mBuilding C object CMakeFiles/mocap4r2_msgs__rosidl_typesupport_fastrtps_c__pyext.dir/rosidl_generator_py/mocap4r2_msgs/_mocap4r2_msgs_s.ep.rosidl_typesupport_fastrtps_c.c.o\x1b[0m\n'}
[27.730506] (-) TimerEvent: {}
[27.831376] (-) TimerEvent: {}
[27.926490] (mocap4r2_msgs) StdoutLine: {'line': b'[ 96%] \x1b[32m\x1b[1mLinking C shared library rosidl_generator_py/mocap4r2_msgs/mocap4r2_msgs_s__rosidl_typesupport_introspection_c.cpython-38-aarch64-linux-gnu.so\x1b[0m\n'}
[27.931545] (-) TimerEvent: {}
[27.932650] (mocap4r2_msgs) StdoutLine: {'line': b'[ 98%] \x1b[32m\x1b[1mLinking C shared library rosidl_generator_py/mocap4r2_msgs/mocap4r2_msgs_s__rosidl_typesupport_c.cpython-38-aarch64-linux-gnu.so\x1b[0m\n'}
[27.935495] (mocap4r2_msgs) StdoutLine: {'line': b'[100%] \x1b[32m\x1b[1mLinking CXX shared library rosidl_generator_py/mocap4r2_msgs/mocap4r2_msgs_s__rosidl_typesupport_fastrtps_c.cpython-38-aarch64-linux-gnu.so\x1b[0m\n'}
[27.944899] (mocap4r2_control) StdoutLine: {'line': b"-- Found gtest sources under '/opt/ros/foxy/src/gtest_vendor': C++ tests using 'Google Test' will be built\n"}
[27.950983] (mocap4r2_control) StdoutLine: {'line': b'-- Check if compiler accepts -pthread\n'}
[28.014712] (mocap4r2_msgs) StdoutLine: {'line': b'[100%] Built target mocap4r2_msgs__rosidl_typesupport_introspection_c__pyext\n'}
[28.019320] (mocap4r2_msgs) StdoutLine: {'line': b'[100%] Built target mocap4r2_msgs__rosidl_typesupport_c__pyext\n'}
[28.031725] (-) TimerEvent: {}
[28.079537] (mocap4r2_msgs) StdoutLine: {'line': b'[100%] Built target mocap4r2_msgs__rosidl_typesupport_fastrtps_c__pyext\n'}
[28.105197] (mocap4r2_msgs) CommandEnded: {'returncode': 0}
[28.106966] (mocap4r2_msgs) JobProgress: {'identifier': 'mocap4r2_msgs', 'progress': 'install'}
[28.107492] (mocap4r2_msgs) Command: {'cmd': ['/usr/bin/cmake', '--install', '/home/airlab/seed25/build/mocap4r2_msgs'], 'cwd': '/home/airlab/seed25/build/mocap4r2_msgs', 'env': OrderedDict([('LESSOPEN', '| /usr/bin/lesspipe %s'), ('USER', 'airlab'), ('SSH_CLIENT', '192.168.0.60 49912 22'), ('XDG_SESSION_TYPE', 'tty'), ('SHLVL', '1'), ('LD_LIBRARY_PATH', '/usr/local/cuda-11.4/lib64:/usr/local/cuda-11.4/lib64:/usr/local/cuda-11.4/lib64:/home/airlab/seed25/ros_packages/mocap4r2_ws/install/mocap4r2_robot_gt_msgs/lib:/home/airlab/seed25/ros_packages/mocap4r2_ws/install/mocap4r2_msgs/lib:/home/airlab/seed25/ros_packages/mocap4r2_ws/install/mocap4r2_marker_viz_srvs/lib:/home/airlab/seed25/ros_packages/mocap4r2_ws/install/mocap4r2_control/lib:/home/airlab/seed25/ros_packages/mocap4r2_ws/install/mocap4r2_control_msgs/lib:/opt/ros/foxy/opt/yaml_cpp_vendor/lib:/opt/ros/foxy/opt/rviz_ogre_vendor/lib:/opt/ros/foxy/lib/aarch64-linux-gnu:/opt/ros/foxy/lib:/usr/local/cuda-11.4/lib64:'), ('MOTD_SHOWN', 'pam'), ('HOME', '/home/airlab'), ('OLDPWD', '/home/airlab/seed25/ros_packages'), ('SSH_TTY', '/dev/pts/0'), ('JETSON_L4T', '35.6.1'), ('ROS_PYTHON_VERSION', '3'), ('JETSON_MODEL', 'NVIDIA Orin NX Developer Kit'), ('DBUS_SESSION_BUS_ADDRESS', 'unix:path=/run/user/1000/bus'), ('COLCON_PREFIX_PATH', '/home/airlab/seed25/ros_packages/mocap4r2_ws/install:/home/airlab/seed25/ros_packages/seed_controller_ws/install'), ('ROS_DISTRO', 'foxy'), ('LOGNAME', 'airlab'), ('JETSON_MODULE', 'NVIDIA Jetson Orin NX (16GB ram)'), ('JETSON_SERIAL_NUMBER', '1425023203559'), ('_', '/usr/bin/colcon'), ('ROS_VERSION', '2'), ('JETSON_CODENAME', 'P3768'), ('XDG_SESSION_CLASS', 'user'), ('TERM', 'xterm'), ('XDG_SESSION_ID', '3'), ('ROS_LOCALHOST_ONLY', '0'), ('PATH', '/usr/local/cuda-11.4/bin:/usr/local/cuda-11.4/bin:/usr/local/cuda-11.4/bin:/home/airlab/.local/bin:/opt/ros/foxy/bin:/usr/local/cuda-11.4/bin:/usr/local/sbin:/usr/local/bin:/usr/sbin:/usr/bin:/sbin:/bin:/usr/games:/usr/local/games:/snap/bin'), ('XDG_RUNTIME_DIR', '/run/user/1000'), ('DISPLAY', 'localhost:10.0'), ('LANG', 'en_US.UTF-8'), ('LS_COLORS', 'rs=0:di=01;34:ln=01;36:mh=00:pi=40;33:so=01;35:do=01;35:bd=40;33;01:cd=40;33;01:or=40;31;01:mi=00:su=37;41:sg=30;43:ca=30;41:tw=30;42:ow=34;42:st=37;44:ex=01;32:*.tar=01;31:*.tgz=01;31:*.arc=01;31:*.arj=01;31:*.taz=01;31:*.lha=01;31:*.lz4=01;31:*.lzh=01;31:*.lzma=01;31:*.tlz=01;31:*.txz=01;31:*.tzo=01;31:*.t7z=01;31:*.zip=01;31:*.z=01;31:*.dz=01;31:*.gz=01;31:*.lrz=01;31:*.lz=01;31:*.lzo=01;31:*.xz=01;31:*.zst=01;31:*.tzst=01;31:*.bz2=01;31:*.bz=01;31:*.tbz=01;31:*.tbz2=01;31:*.tz=01;31:*.deb=01;31:*.rpm=01;31:*.jar=01;31:*.war=01;31:*.ear=01;31:*.sar=01;31:*.rar=01;31:*.alz=01;31:*.ace=01;31:*.zoo=01;31:*.cpio=01;31:*.7z=01;31:*.rz=01;31:*.cab=01;31:*.wim=01;31:*.swm=01;31:*.dwm=01;31:*.esd=01;31:*.jpg=01;35:*.jpeg=01;35:*.mjpg=01;35:*.mjpeg=01;35:*.gif=01;35:*.bmp=01;35:*.pbm=01;35:*.pgm=01;35:*.ppm=01;35:*.tga=01;35:*.xbm=01;35:*.xpm=01;35:*.tif=01;35:*.tiff=01;35:*.png=01;35:*.svg=01;35:*.svgz=01;35:*.mng=01;35:*.pcx=01;35:*.mov=01;35:*.mpg=01;35:*.mpeg=01;35:*.m2v=01;35:*.mkv=01;35:*.webm=01;35:*.ogm=01;35:*.mp4=01;35:*.m4v=01;35:*.mp4v=01;35:*.vob=01;35:*.qt=01;35:*.nuv=01;35:*.wmv=01;35:*.asf=01;35:*.rm=01;35:*.rmvb=01;35:*.flc=01;35:*.avi=01;35:*.fli=01;35:*.flv=01;35:*.gl=01;35:*.dl=01;35:*.xcf=01;35:*.xwd=01;35:*.yuv=01;35:*.cgm=01;35:*.emf=01;35:*.ogv=01;35:*.ogx=01;35:*.aac=00;36:*.au=00;36:*.flac=00;36:*.m4a=00;36:*.mid=00;36:*.midi=00;36:*.mka=00;36:*.mp3=00;36:*.mpc=00;36:*.ogg=00;36:*.ra=00;36:*.wav=00;36:*.oga=00;36:*.opus=00;36:*.spx=00;36:*.xspf=00;36:'), ('JETSON_SOC', 'tegra23x'), ('ROS_DOMAIN_ID', '3'), ('AMENT_PREFIX_PATH', '/home/airlab/seed25/ros_packages/seed_controller_ws/install/mocap_listener:/home/airlab/seed25/ros_packages/mocap4r2_ws/install/mocap4r2cli:/home/airlab/seed25/ros_packages/mocap4r2_ws/install/mocap4r2_robot_gt_msgs:/home/airlab/seed25/ros_packages/mocap4r2_ws/install/mocap4r2_marker_viz:/home/airlab/seed25/ros_packages/mocap4r2_ws/install/mocap4r2_marker_publisher:/home/airlab/seed25/ros_packages/mocap4r2_ws/install/mocap4r2_msgs:/home/airlab/seed25/ros_packages/mocap4r2_ws/install/mocap4r2_marker_viz_srvs:/home/airlab/seed25/ros_packages/mocap4r2_ws/install/mocap4r2_control:/home/airlab/seed25/ros_packages/mocap4r2_ws/install/mocap4r2_control_msgs:/opt/ros/foxy'), ('SHELL', '/bin/bash'), ('LESSCLOSE', '/usr/bin/lesspipe %s %s'), ('JETSON_CUDA_ARCH_BIN', '8.7'), ('PWD', '/home/airlab/seed25/build/mocap4r2_msgs'), ('LC_ALL', 'en_US.UTF-8'), ('SSH_CONNECTION', '192.168.0.60 49912 192.168.0.136 22'), ('XDG_DATA_DIRS', '/usr/local/share:/usr/share:/var/lib/snapd/desktop'), ('PYTHONPATH', '/home/airlab/seed25/ros_packages/seed_controller_ws/install/mocap_listener/lib/python3.8/site-packages:/home/airlab/seed25/ros_packages/mocap4r2_ws/install/mocap4r2cli/lib/python3.8/site-packages:/home/airlab/seed25/ros_packages/mocap4r2_ws/install/mocap4r2_robot_gt_msgs/lib/python3.8/site-packages:/home/airlab/seed25/ros_packages/mocap4r2_ws/install/mocap4r2_msgs/lib/python3.8/site-packages:/home/airlab/seed25/ros_packages/mocap4r2_ws/install/mocap4r2_marker_viz_srvs/lib/python3.8/site-packages:/home/airlab/seed25/ros_packages/mocap4r2_ws/install/mocap4r2_control_msgs/lib/python3.8/site-packages:/opt/ros/foxy/lib/python3.8/site-packages'), ('COLCON', '1'), ('JETSON_JETPACK', '5.1.5'), ('CMAKE_PREFIX_PATH', '/home/airlab/seed25/ros_packages/mocap4r2_ws/install/mocap4r2_robot_gt_msgs:/home/airlab/seed25/ros_packages/mocap4r2_ws/install/mocap4r2_marker_viz:/home/airlab/seed25/ros_packages/mocap4r2_ws/install/mocap4r2_marker_publisher:/home/airlab/seed25/ros_packages/mocap4r2_ws/install/mocap4r2_msgs:/home/airlab/seed25/ros_packages/mocap4r2_ws/install/mocap4r2_marker_viz_srvs:/home/airlab/seed25/ros_packages/mocap4r2_ws/install/mocap4r2_control:/home/airlab/seed25/ros_packages/mocap4r2_ws/install/mocap4r2_control_msgs:/home/airlab/seed25/ros_packages/seed_controller_ws/install/mocap_listener:/home/airlab/seed25/ros_packages/mocap4r2_ws/install/mocap4r2cli:/opt/ros/foxy'), ('JETSON_P_NUMBER', 'p3767-0000')]), 'shell': False}
[28.132094] (mocap4r2_control) StdoutLine: {'line': b'-- Check if compiler accepts -pthread - yes\n'}
[28.132633] (-) TimerEvent: {}
[28.134795] (mocap4r2_msgs) StdoutLine: {'line': b'-- Install configuration: ""\n'}
[28.135296] (mocap4r2_msgs) StdoutLine: {'line': b'-- Installing: /home/airlab/seed25/install/mocap4r2_msgs/share/ament_index/resource_index/rosidl_interfaces/mocap4r2_msgs\n'}
[28.135700] (mocap4r2_msgs) StdoutLine: {'line': b'-- Installing: /home/airlab/seed25/install/mocap4r2_msgs/include/mocap4r2_msgs\n'}
[28.135960] (mocap4r2_msgs) StdoutLine: {'line': b'-- Installing: /home/airlab/seed25/install/mocap4r2_msgs/include/mocap4r2_msgs/msg\n'}
[28.136223] (mocap4r2_msgs) StdoutLine: {'line': b'-- Installing: /home/airlab/seed25/install/mocap4r2_msgs/include/mocap4r2_msgs/msg/markers.h\n'}
[28.136429] (mocap4r2_msgs) StdoutLine: {'line': b'-- Installing: /home/airlab/seed25/install/mocap4r2_msgs/include/mocap4r2_msgs/msg/detail\n'}
[28.136622] (mocap4r2_msgs) StdoutLine: {'line': b'-- Installing: /home/airlab/seed25/install/mocap4r2_msgs/include/mocap4r2_msgs/msg/detail/rigid_bodies__struct.h\n'}
[28.136806] (mocap4r2_msgs) StdoutLine: {'line': b'-- Installing: /home/airlab/seed25/install/mocap4r2_msgs/include/mocap4r2_msgs/msg/detail/rigid_body__functions.c\n'}
[28.136976] (mocap4r2_msgs) StdoutLine: {'line': b'-- Installing: /home/airlab/seed25/install/mocap4r2_msgs/include/mocap4r2_msgs/msg/detail/rigid_body__struct.h\n'}
[28.137159] (mocap4r2_msgs) StdoutLine: {'line': b'-- Installing: /home/airlab/seed25/install/mocap4r2_msgs/include/mocap4r2_msgs/msg/detail/rigid_bodies__functions.h\n'}
[28.137424] (mocap4r2_msgs) StdoutLine: {'line': b'-- Installing: /home/airlab/seed25/install/mocap4r2_msgs/include/mocap4r2_msgs/msg/detail/rigid_body__type_support.h\n'}
[28.137648] (mocap4r2_msgs) StdoutLine: {'line': b'-- Installing: /home/airlab/seed25/install/mocap4r2_msgs/include/mocap4r2_msgs/msg/detail/imus_info__functions.c\n'}
[28.137852] (mocap4r2_msgs) StdoutLine: {'line': b'-- Installing: /home/airlab/seed25/install/mocap4r2_msgs/include/mocap4r2_msgs/msg/detail/marker__functions.h\n'}
[28.138063] (mocap4r2_msgs) StdoutLine: {'line': b'-- Installing: /home/airlab/seed25/install/mocap4r2_msgs/include/mocap4r2_msgs/msg/detail/markers__struct.h\n'}
[28.138304] (mocap4r2_msgs) StdoutLine: {'line': b'-- Installing: /home/airlab/seed25/install/mocap4r2_msgs/include/mocap4r2_msgs/msg/detail/markers__functions.h\n'}
[28.138509] (mocap4r2_msgs) StdoutLine: {'line': b'-- Installing: /home/airlab/seed25/install/mocap4r2_msgs/include/mocap4r2_msgs/msg/detail/rigid_body__functions.h\n'}
[28.138758] (mocap4r2_msgs) StdoutLine: {'line': b'-- Installing: /home/airlab/seed25/install/mocap4r2_msgs/include/mocap4r2_msgs/msg/detail/marker__struct.h\n'}
[28.138968] (mocap4r2_msgs) StdoutLine: {'line': b'-- Installing: /home/airlab/seed25/install/mocap4r2_msgs/include/mocap4r2_msgs/msg/detail/marker__functions.c\n'}
[28.139225] (mocap4r2_msgs) StdoutLine: {'line': b'-- Installing: /home/airlab/seed25/install/mocap4r2_msgs/include/mocap4r2_msgs/msg/detail/rigid_bodies__type_support.h\n'}
[28.139441] (mocap4r2_msgs) StdoutLine: {'line': b'-- Installing: /home/airlab/seed25/install/mocap4r2_msgs/include/mocap4r2_msgs/msg/detail/markers__functions.c\n'}
[28.139678] (mocap4r2_msgs) StdoutLine: {'line': b'-- Installing: /home/airlab/seed25/install/mocap4r2_msgs/include/mocap4r2_msgs/msg/detail/imus_info__struct.h\n'}
[28.139883] (mocap4r2_msgs) StdoutLine: {'line': b'-- Installing: /home/airlab/seed25/install/mocap4r2_msgs/include/mocap4r2_msgs/msg/detail/markers__type_support.h\n'}
[28.140114] (mocap4r2_msgs) StdoutLine: {'line': b'-- Installing: /home/airlab/seed25/install/mocap4r2_msgs/include/mocap4r2_msgs/msg/detail/rigid_bodies__functions.c\n'}
[28.140338] (mocap4r2_msgs) StdoutLine: {'line': b'-- Installing: /home/airlab/seed25/install/mocap4r2_msgs/include/mocap4r2_msgs/msg/detail/marker__type_support.h\n'}
[28.140534] (mocap4r2_msgs) StdoutLine: {'line': b'-- Installing: /home/airlab/seed25/install/mocap4r2_msgs/include/mocap4r2_msgs/msg/detail/imus_info__functions.h\n'}
[28.140776] (mocap4r2_msgs) StdoutLine: {'line': b'-- Installing: /home/airlab/seed25/install/mocap4r2_msgs/include/mocap4r2_msgs/msg/detail/imus_info__type_support.h\n'}
[28.141009] (mocap4r2_msgs) StdoutLine: {'line': b'-- Installing: /home/airlab/seed25/install/mocap4r2_msgs/include/mocap4r2_msgs/msg/rosidl_generator_c__visibility_control.h\n'}
[28.141229] (mocap4r2_msgs) StdoutLine: {'line': b'-- Installing: /home/airlab/seed25/install/mocap4r2_msgs/include/mocap4r2_msgs/msg/marker.h\n'}
[28.141402] (mocap4r2_msgs) StdoutLine: {'line': b'-- Installing: /home/airlab/seed25/install/mocap4r2_msgs/include/mocap4r2_msgs/msg/rigid_body.h\n'}
[28.141576] (mocap4r2_msgs) StdoutLine: {'line': b'-- Installing: /home/airlab/seed25/install/mocap4r2_msgs/include/mocap4r2_msgs/msg/rigid_bodies.h\n'}
[28.141809] (mocap4r2_msgs) StdoutLine: {'line': b'-- Installing: /home/airlab/seed25/install/mocap4r2_msgs/include/mocap4r2_msgs/msg/imus_info.h\n'}
[28.142264] (mocap4r2_msgs) StdoutLine: {'line': b'-- Installing: /home/airlab/seed25/install/mocap4r2_msgs/share/mocap4r2_msgs/environment/library_path.sh\n'}
[28.142580] (mocap4r2_msgs) StdoutLine: {'line': b'-- Installing: /home/airlab/seed25/install/mocap4r2_msgs/share/mocap4r2_msgs/environment/library_path.dsv\n'}
[28.143036] (mocap4r2_msgs) StdoutLine: {'line': b'-- Installing: /home/airlab/seed25/install/mocap4r2_msgs/lib/libmocap4r2_msgs__rosidl_generator_c.so\n'}
[28.143819] (mocap4r2_msgs) StdoutLine: {'line': b'-- Set runtime path of "/home/airlab/seed25/install/mocap4r2_msgs/lib/libmocap4r2_msgs__rosidl_generator_c.so" to ""\n'}
[28.144002] (mocap4r2_msgs) StdoutLine: {'line': b'-- Up-to-date: /home/airlab/seed25/install/mocap4r2_msgs/include/mocap4r2_msgs\n'}
[28.144202] (mocap4r2_msgs) StdoutLine: {'line': b'-- Up-to-date: /home/airlab/seed25/install/mocap4r2_msgs/include/mocap4r2_msgs/msg\n'}
[28.144369] (mocap4r2_msgs) StdoutLine: {'line': b'-- Up-to-date: /home/airlab/seed25/install/mocap4r2_msgs/include/mocap4r2_msgs/msg/detail\n'}
[28.144535] (mocap4r2_msgs) StdoutLine: {'line': b'-- Installing: /home/airlab/seed25/install/mocap4r2_msgs/include/mocap4r2_msgs/msg/detail/imus_info__rosidl_typesupport_fastrtps_c.h\n'}
[28.144723] (mocap4r2_msgs) StdoutLine: {'line': b'-- Installing: /home/airlab/seed25/install/mocap4r2_msgs/include/mocap4r2_msgs/msg/detail/rigid_bodies__rosidl_typesupport_fastrtps_c.h\n'}
[28.144855] (mocap4r2_msgs) StdoutLine: {'line': b'-- Installing: /home/airlab/seed25/install/mocap4r2_msgs/include/mocap4r2_msgs/msg/detail/rigid_body__rosidl_typesupport_fastrtps_c.h\n'}
[28.145016] (mocap4r2_msgs) StdoutLine: {'line': b'-- Installing: /home/airlab/seed25/install/mocap4r2_msgs/include/mocap4r2_msgs/msg/detail/marker__rosidl_typesupport_fastrtps_c.h\n'}
[28.145181] (mocap4r2_msgs) StdoutLine: {'line': b'-- Installing: /home/airlab/seed25/install/mocap4r2_msgs/include/mocap4r2_msgs/msg/detail/markers__rosidl_typesupport_fastrtps_c.h\n'}
[28.145329] (mocap4r2_msgs) StdoutLine: {'line': b'-- Installing: /home/airlab/seed25/install/mocap4r2_msgs/include/mocap4r2_msgs/msg/rosidl_typesupport_fastrtps_c__visibility_control.h\n'}
[28.145748] (mocap4r2_msgs) StdoutLine: {'line': b'-- Installing: /home/airlab/seed25/install/mocap4r2_msgs/lib/libmocap4r2_msgs__rosidl_typesupport_fastrtps_c.so\n'}
[28.146533] (mocap4r2_msgs) StdoutLine: {'line': b'-- Set runtime path of "/home/airlab/seed25/install/mocap4r2_msgs/lib/libmocap4r2_msgs__rosidl_typesupport_fastrtps_c.so" to ""\n'}
[28.146717] (mocap4r2_msgs) StdoutLine: {'line': b'-- Up-to-date: /home/airlab/seed25/install/mocap4r2_msgs/include/mocap4r2_msgs\n'}
[28.146932] (mocap4r2_msgs) StdoutLine: {'line': b'-- Up-to-date: /home/airlab/seed25/install/mocap4r2_msgs/include/mocap4r2_msgs/msg\n'}
[28.147167] (mocap4r2_msgs) StdoutLine: {'line': b'-- Installing: /home/airlab/seed25/install/mocap4r2_msgs/include/mocap4r2_msgs/msg/rosidl_typesupport_fastrtps_cpp__visibility_control.h\n'}
[28.147319] (mocap4r2_msgs) StdoutLine: {'line': b'-- Up-to-date: /home/airlab/seed25/install/mocap4r2_msgs/include/mocap4r2_msgs/msg/detail\n'}
[28.147575] (mocap4r2_msgs) StdoutLine: {'line': b'-- Installing: /home/airlab/seed25/install/mocap4r2_msgs/include/mocap4r2_msgs/msg/detail/rigid_body__rosidl_typesupport_fastrtps_cpp.hpp\n'}
[28.147794] (mocap4r2_msgs) StdoutLine: {'line': b'-- Installing: /home/airlab/seed25/install/mocap4r2_msgs/include/mocap4r2_msgs/msg/detail/dds_fastrtps\n'}
[28.147987] (mocap4r2_msgs) StdoutLine: {'line': b'-- Installing: /home/airlab/seed25/install/mocap4r2_msgs/include/mocap4r2_msgs/msg/detail/rigid_bodies__rosidl_typesupport_fastrtps_cpp.hpp\n'}
[28.148212] (mocap4r2_msgs) StdoutLine: {'line': b'-- Installing: /home/airlab/seed25/install/mocap4r2_msgs/include/mocap4r2_msgs/msg/detail/imus_info__rosidl_typesupport_fastrtps_cpp.hpp\n'}
[28.148413] (mocap4r2_msgs) StdoutLine: {'line': b'-- Installing: /home/airlab/seed25/install/mocap4r2_msgs/include/mocap4r2_msgs/msg/detail/marker__rosidl_typesupport_fastrtps_cpp.hpp\n'}
[28.148644] (mocap4r2_msgs) StdoutLine: {'line': b'-- Installing: /home/airlab/seed25/install/mocap4r2_msgs/include/mocap4r2_msgs/msg/detail/markers__rosidl_typesupport_fastrtps_cpp.hpp\n'}
[28.149046] (mocap4r2_msgs) StdoutLine: {'line': b'-- Installing: /home/airlab/seed25/install/mocap4r2_msgs/lib/libmocap4r2_msgs__rosidl_typesupport_fastrtps_cpp.so\n'}
[28.149996] (mocap4r2_msgs) StdoutLine: {'line': b'-- Set runtime path of "/home/airlab/seed25/install/mocap4r2_msgs/lib/libmocap4r2_msgs__rosidl_typesupport_fastrtps_cpp.so" to ""\n'}
[28.150183] (mocap4r2_msgs) StdoutLine: {'line': b'-- Up-to-date: /home/airlab/seed25/install/mocap4r2_msgs/include/mocap4r2_msgs\n'}
[28.150411] (mocap4r2_msgs) StdoutLine: {'line': b'-- Up-to-date: /home/airlab/seed25/install/mocap4r2_msgs/include/mocap4r2_msgs/msg\n'}
[28.150549] (mocap4r2_msgs) StdoutLine: {'line': b'-- Up-to-date: /home/airlab/seed25/install/mocap4r2_msgs/include/mocap4r2_msgs/msg/detail\n'}
[28.150714] (mocap4r2_msgs) StdoutLine: {'line': b'-- Installing: /home/airlab/seed25/install/mocap4r2_msgs/include/mocap4r2_msgs/msg/detail/rigid_bodies__type_support.c\n'}
[28.150893] (mocap4r2_msgs) StdoutLine: {'line': b'-- Installing: /home/airlab/seed25/install/mocap4r2_msgs/include/mocap4r2_msgs/msg/detail/markers__rosidl_typesupport_introspection_c.h\n'}
[28.151055] (mocap4r2_msgs) StdoutLine: {'line': b'-- Installing: /home/airlab/seed25/install/mocap4r2_msgs/include/mocap4r2_msgs/msg/detail/rigid_bodies__rosidl_typesupport_introspection_c.h\n'}
[28.151259] (mocap4r2_msgs) StdoutLine: {'line': b'-- Installing: /home/airlab/seed25/install/mocap4r2_msgs/include/mocap4r2_msgs/msg/detail/rigid_body__type_support.c\n'}
[28.151450] (mocap4r2_msgs) StdoutLine: {'line': b'-- Installing: /home/airlab/seed25/install/mocap4r2_msgs/include/mocap4r2_msgs/msg/detail/marker__type_support.c\n'}
[28.151621] (mocap4r2_msgs) StdoutLine: {'line': b'-- Installing: /home/airlab/seed25/install/mocap4r2_msgs/include/mocap4r2_msgs/msg/detail/markers__type_support.c\n'}
[28.151788] (mocap4r2_msgs) StdoutLine: {'line': b'-- Installing: /home/airlab/seed25/install/mocap4r2_msgs/include/mocap4r2_msgs/msg/detail/imus_info__type_support.c\n'}
[28.152074] (mocap4r2_msgs) StdoutLine: {'line': b'-- Installing: /home/airlab/seed25/install/mocap4r2_msgs/include/mocap4r2_msgs/msg/detail/rigid_body__rosidl_typesupport_introspection_c.h\n'}
[28.152290] (mocap4r2_msgs) StdoutLine: {'line': b'-- Installing: /home/airlab/seed25/install/mocap4r2_msgs/include/mocap4r2_msgs/msg/detail/imus_info__rosidl_typesupport_introspection_c.h\n'}
[28.152481] (mocap4r2_msgs) StdoutLine: {'line': b'-- Installing: /home/airlab/seed25/install/mocap4r2_msgs/include/mocap4r2_msgs/msg/detail/marker__rosidl_typesupport_introspection_c.h\n'}
[28.152717] (mocap4r2_msgs) StdoutLine: {'line': b'-- Installing: /home/airlab/seed25/install/mocap4r2_msgs/include/mocap4r2_msgs/msg/rosidl_typesupport_introspection_c__visibility_control.h\n'}
[28.153109] (mocap4r2_msgs) StdoutLine: {'line': b'-- Installing: /home/airlab/seed25/install/mocap4r2_msgs/lib/libmocap4r2_msgs__rosidl_typesupport_introspection_c.so\n'}
[28.153805] (mocap4r2_msgs) StdoutLine: {'line': b'-- Set runtime path of "/home/airlab/seed25/install/mocap4r2_msgs/lib/libmocap4r2_msgs__rosidl_typesupport_introspection_c.so" to ""\n'}
[28.154037] (mocap4r2_msgs) StdoutLine: {'line': b'-- Installing: /home/airlab/seed25/install/mocap4r2_msgs/lib/libmocap4r2_msgs__rosidl_typesupport_c.so\n'}
[28.154283] (mocap4r2_control) StdoutLine: {'line': b"-- Added test 'copyright' to check source files copyright and LICENSE\n"}
[28.154667] (mocap4r2_msgs) StdoutLine: {'line': b'-- Set runtime path of "/home/airlab/seed25/install/mocap4r2_msgs/lib/libmocap4r2_msgs__rosidl_typesupport_c.so" to ""\n'}
[28.154840] (mocap4r2_msgs) StdoutLine: {'line': b'-- Up-to-date: /home/airlab/seed25/install/mocap4r2_msgs/include/mocap4r2_msgs\n'}
[28.155020] (mocap4r2_msgs) StdoutLine: {'line': b'-- Up-to-date: /home/airlab/seed25/install/mocap4r2_msgs/include/mocap4r2_msgs/msg\n'}
[28.155174] (mocap4r2_msgs) StdoutLine: {'line': b'-- Installing: /home/airlab/seed25/install/mocap4r2_msgs/include/mocap4r2_msgs/msg/rigid_bodies.hpp\n'}
[28.155541] (mocap4r2_msgs) StdoutLine: {'line': b'-- Installing: /home/airlab/seed25/install/mocap4r2_msgs/include/mocap4r2_msgs/msg/rosidl_generator_cpp__visibility_control.hpp\n'}
[28.155753] (mocap4r2_msgs) StdoutLine: {'line': b'-- Installing: /home/airlab/seed25/install/mocap4r2_msgs/include/mocap4r2_msgs/msg/markers.hpp\n'}
[28.155935] (mocap4r2_msgs) StdoutLine: {'line': b'-- Up-to-date: /home/airlab/seed25/install/mocap4r2_msgs/include/mocap4r2_msgs/msg/detail\n'}
[28.156113] (mocap4r2_msgs) StdoutLine: {'line': b'-- Installing: /home/airlab/seed25/install/mocap4r2_msgs/include/mocap4r2_msgs/msg/detail/imus_info__type_support.hpp\n'}
[28.156288] (mocap4r2_msgs) StdoutLine: {'line': b'-- Installing: /home/airlab/seed25/install/mocap4r2_msgs/include/mocap4r2_msgs/msg/detail/rigid_body__builder.hpp\n'}
[28.156509] (mocap4r2_msgs) StdoutLine: {'line': b'-- Installing: /home/airlab/seed25/install/mocap4r2_msgs/include/mocap4r2_msgs/msg/detail/rigid_body__traits.hpp\n'}
[28.156706] (mocap4r2_msgs) StdoutLine: {'line': b'-- Installing: /home/airlab/seed25/install/mocap4r2_msgs/include/mocap4r2_msgs/msg/detail/rigid_body__struct.hpp\n'}
[28.156956] (mocap4r2_msgs) StdoutLine: {'line': b'-- Installing: /home/airlab/seed25/install/mocap4r2_msgs/include/mocap4r2_msgs/msg/detail/marker__traits.hpp\n'}
[28.157156] (mocap4r2_msgs) StdoutLine: {'line': b'-- Installing: /home/airlab/seed25/install/mocap4r2_msgs/include/mocap4r2_msgs/msg/detail/rigid_bodies__builder.hpp\n'}
[28.157392] (mocap4r2_msgs) StdoutLine: {'line': b'-- Installing: /home/airlab/seed25/install/mocap4r2_msgs/include/mocap4r2_msgs/msg/detail/markers__builder.hpp\n'}
[28.157610] (mocap4r2_msgs) StdoutLine: {'line': b'-- Installing: /home/airlab/seed25/install/mocap4r2_msgs/include/mocap4r2_msgs/msg/detail/markers__struct.hpp\n'}
[28.157827] (mocap4r2_msgs) StdoutLine: {'line': b'-- Installing: /home/airlab/seed25/install/mocap4r2_msgs/include/mocap4r2_msgs/msg/detail/markers__type_support.hpp\n'}
[28.158038] (mocap4r2_msgs) StdoutLine: {'line': b'-- Installing: /home/airlab/seed25/install/mocap4r2_msgs/include/mocap4r2_msgs/msg/detail/markers__traits.hpp\n'}
[28.158263] (mocap4r2_msgs) StdoutLine: {'line': b'-- Installing: /home/airlab/seed25/install/mocap4r2_msgs/include/mocap4r2_msgs/msg/detail/rigid_bodies__struct.hpp\n'}
[28.158494] (mocap4r2_msgs) StdoutLine: {'line': b'-- Installing: /home/airlab/seed25/install/mocap4r2_msgs/include/mocap4r2_msgs/msg/detail/rigid_bodies__type_support.hpp\n'}
[28.158703] (mocap4r2_msgs) StdoutLine: {'line': b'-- Installing: /home/airlab/seed25/install/mocap4r2_msgs/include/mocap4r2_msgs/msg/detail/rigid_body__type_support.hpp\n'}
[28.158914] (mocap4r2_msgs) StdoutLine: {'line': b'-- Installing: /home/airlab/seed25/install/mocap4r2_msgs/include/mocap4r2_msgs/msg/detail/imus_info__traits.hpp\n'}
[28.159182] (mocap4r2_msgs) StdoutLine: {'line': b'-- Installing: /home/airlab/seed25/install/mocap4r2_msgs/include/mocap4r2_msgs/msg/detail/rigid_bodies__traits.hpp\n'}
[28.159434] (mocap4r2_msgs) StdoutLine: {'line': b'-- Installing: /home/airlab/seed25/install/mocap4r2_msgs/include/mocap4r2_msgs/msg/detail/imus_info__builder.hpp\n'}
[28.159644] (mocap4r2_control) StdoutLine: {'line': b"-- Added test 'cppcheck' to perform static code analysis on C / C++ code\n"}
[28.159798] (mocap4r2_msgs) StdoutLine: {'line': b'-- Installing: /home/airlab/seed25/install/mocap4r2_msgs/include/mocap4r2_msgs/msg/detail/marker__struct.hpp\n'}
[28.159968] (mocap4r2_msgs) StdoutLine: {'line': b'-- Installing: /home/airlab/seed25/install/mocap4r2_msgs/include/mocap4r2_msgs/msg/detail/marker__builder.hpp\n'}
[28.160218] (mocap4r2_msgs) StdoutLine: {'line': b'-- Installing: /home/airlab/seed25/install/mocap4r2_msgs/include/mocap4r2_msgs/msg/detail/marker__type_support.hpp\n'}
[28.160397] (mocap4r2_control) StdoutLine: {'line': b'-- Configured cppcheck include dirs: /home/airlab/seed25/ros_packages/mocap4r2_ws/src/mocap4r2/mocap4r2_control/mocap4r2_control/include\n'}
[28.160577] (mocap4r2_control) StdoutLine: {'line': b'-- Configured cppcheck exclude dirs and/or files: \n'}
[28.160744] (mocap4r2_msgs) StdoutLine: {'line': b'-- Installing: /home/airlab/seed25/install/mocap4r2_msgs/include/mocap4r2_msgs/msg/detail/imus_info__struct.hpp\n'}
[28.160877] (mocap4r2_msgs) StdoutLine: {'line': b'-- Installing: /home/airlab/seed25/install/mocap4r2_msgs/include/mocap4r2_msgs/msg/rigid_body.hpp\n'}
[28.161041] (mocap4r2_msgs) StdoutLine: {'line': b'-- Installing: /home/airlab/seed25/install/mocap4r2_msgs/include/mocap4r2_msgs/msg/marker.hpp\n'}
[28.161171] (mocap4r2_msgs) StdoutLine: {'line': b'-- Installing: /home/airlab/seed25/install/mocap4r2_msgs/include/mocap4r2_msgs/msg/imus_info.hpp\n'}
[28.161437] (mocap4r2_msgs) StdoutLine: {'line': b'-- Up-to-date: /home/airlab/seed25/install/mocap4r2_msgs/include/mocap4r2_msgs\n'}
[28.161601] (mocap4r2_msgs) StdoutLine: {'line': b'-- Up-to-date: /home/airlab/seed25/install/mocap4r2_msgs/include/mocap4r2_msgs/msg\n'}
[28.161764] (mocap4r2_msgs) StdoutLine: {'line': b'-- Up-to-date: /home/airlab/seed25/install/mocap4r2_msgs/include/mocap4r2_msgs/msg/detail\n'}
[28.161911] (mocap4r2_msgs) StdoutLine: {'line': b'-- Installing: /home/airlab/seed25/install/mocap4r2_msgs/include/mocap4r2_msgs/msg/detail/rigid_bodies__rosidl_typesupport_introspection_cpp.hpp\n'}
[28.162082] (mocap4r2_msgs) StdoutLine: {'line': b'-- Installing: /home/airlab/seed25/install/mocap4r2_msgs/include/mocap4r2_msgs/msg/detail/marker__type_support.cpp\n'}
[28.162246] (mocap4r2_msgs) StdoutLine: {'line': b'-- Installing: /home/airlab/seed25/install/mocap4r2_msgs/include/mocap4r2_msgs/msg/detail/imus_info__type_support.cpp\n'}
[28.162398] (mocap4r2_msgs) StdoutLine: {'line': b'-- Installing: /home/airlab/seed25/install/mocap4r2_msgs/include/mocap4r2_msgs/msg/detail/rigid_bodies__type_support.cpp\n'}
[28.162529] (mocap4r2_msgs) StdoutLine: {'line': b'-- Installing: /home/airlab/seed25/install/mocap4r2_msgs/include/mocap4r2_msgs/msg/detail/markers__rosidl_typesupport_introspection_cpp.hpp\n'}
[28.162690] (mocap4r2_msgs) StdoutLine: {'line': b'-- Installing: /home/airlab/seed25/install/mocap4r2_msgs/include/mocap4r2_msgs/msg/detail/imus_info__rosidl_typesupport_introspection_cpp.hpp\n'}
[28.162883] (mocap4r2_msgs) StdoutLine: {'line': b'-- Installing: /home/airlab/seed25/install/mocap4r2_msgs/include/mocap4r2_msgs/msg/detail/markers__type_support.cpp\n'}
[28.163137] (mocap4r2_msgs) StdoutLine: {'line': b'-- Installing: /home/airlab/seed25/install/mocap4r2_msgs/include/mocap4r2_msgs/msg/detail/rigid_body__type_support.cpp\n'}
[28.163370] (mocap4r2_msgs) StdoutLine: {'line': b'-- Installing: /home/airlab/seed25/install/mocap4r2_msgs/include/mocap4r2_msgs/msg/detail/marker__rosidl_typesupport_introspection_cpp.hpp\n'}
[28.163689] (mocap4r2_msgs) StdoutLine: {'line': b'-- Installing: /home/airlab/seed25/install/mocap4r2_msgs/include/mocap4r2_msgs/msg/detail/rigid_body__rosidl_typesupport_introspection_cpp.hpp\n'}
[28.163856] (mocap4r2_control) StdoutLine: {'line': b"-- Added test 'cpplint' to check C / C++ code against the Google style\n"}
[28.164088] (mocap4r2_control) StdoutLine: {'line': b'-- Configured cpplint exclude dirs and/or files: \n'}
[28.164224] (mocap4r2_msgs) StdoutLine: {'line': b'-- Installing: /home/airlab/seed25/install/mocap4r2_msgs/lib/libmocap4r2_msgs__rosidl_typesupport_introspection_cpp.so\n'}
[28.164989] (mocap4r2_msgs) StdoutLine: {'line': b'-- Set runtime path of "/home/airlab/seed25/install/mocap4r2_msgs/lib/libmocap4r2_msgs__rosidl_typesupport_introspection_cpp.so" to ""\n'}
[28.165210] (mocap4r2_msgs) StdoutLine: {'line': b'-- Installing: /home/airlab/seed25/install/mocap4r2_msgs/lib/libmocap4r2_msgs__rosidl_typesupport_cpp.so\n'}
[28.165381] (mocap4r2_control) StdoutLine: {'line': b"-- Added test 'flake8' to check Python code syntax and style conventions\n"}
[28.165864] (mocap4r2_msgs) StdoutLine: {'line': b'-- Set runtime path of "/home/airlab/seed25/install/mocap4r2_msgs/lib/libmocap4r2_msgs__rosidl_typesupport_cpp.so" to ""\n'}
[28.166096] (mocap4r2_msgs) StdoutLine: {'line': b'-- Installing: /home/airlab/seed25/install/mocap4r2_msgs/share/mocap4r2_msgs/environment/pythonpath.sh\n'}
[28.166346] (mocap4r2_msgs) StdoutLine: {'line': b'-- Installing: /home/airlab/seed25/install/mocap4r2_msgs/share/mocap4r2_msgs/environment/pythonpath.dsv\n'}
[28.166806] (mocap4r2_msgs) StdoutLine: {'line': b'-- Installing: /home/airlab/seed25/install/mocap4r2_msgs/lib/python3.8/site-packages/mocap4r2_msgs/__init__.py\n'}
[28.167272] (mocap4r2_control) StdoutLine: {'line': b"-- Added test 'lint_cmake' to check CMake code style\n"}
[28.168939] (mocap4r2_control) StdoutLine: {'line': b"-- Added test 'pep257' to check Python code against some of the style conventions in PEP 257\n"}
[28.172154] (mocap4r2_control) StdoutLine: {'line': b"-- Added test 'uncrustify' to check C / C++ code style\n"}
[28.172365] (mocap4r2_control) StdoutLine: {'line': b'-- Configured uncrustify additional arguments: \n'}
[28.173769] (mocap4r2_control) StdoutLine: {'line': b"-- Added test 'xmllint' to check XML markup files\n"}
[28.187257] (mocap4r2_control) StdoutLine: {'line': b'-- Configuring done\n'}
[28.232766] (-) TimerEvent: {}
[28.235989] (mocap4r2_msgs) StdoutLine: {'line': b"Compiling '/home/airlab/seed25/install/mocap4r2_msgs/lib/python3.8/site-packages/mocap4r2_msgs/__init__.py'...\n"}
[28.241585] (mocap4r2_control) StdoutLine: {'line': b'-- Generating done\n'}
[28.247300] (mocap4r2_msgs) StdoutLine: {'line': b'-- Installing: /home/airlab/seed25/install/mocap4r2_msgs/lib/python3.8/site-packages/mocap4r2_msgs/msg\n'}
[28.247632] (mocap4r2_msgs) StdoutLine: {'line': b'-- Installing: /home/airlab/seed25/install/mocap4r2_msgs/lib/python3.8/site-packages/mocap4r2_msgs/msg/_rigid_bodies.py\n'}
[28.247821] (mocap4r2_msgs) StdoutLine: {'line': b'-- Installing: /home/airlab/seed25/install/mocap4r2_msgs/lib/python3.8/site-packages/mocap4r2_msgs/msg/_markers_s.c\n'}
[28.247996] (mocap4r2_msgs) StdoutLine: {'line': b'-- Installing: /home/airlab/seed25/install/mocap4r2_msgs/lib/python3.8/site-packages/mocap4r2_msgs/msg/_marker_s.c\n'}
[28.248161] (mocap4r2_msgs) StdoutLine: {'line': b'-- Installing: /home/airlab/seed25/install/mocap4r2_msgs/lib/python3.8/site-packages/mocap4r2_msgs/msg/_imus_info.py\n'}
[28.248354] (mocap4r2_msgs) StdoutLine: {'line': b'-- Installing: /home/airlab/seed25/install/mocap4r2_msgs/lib/python3.8/site-packages/mocap4r2_msgs/msg/__init__.py\n'}
[28.248606] (mocap4r2_msgs) StdoutLine: {'line': b'-- Installing: /home/airlab/seed25/install/mocap4r2_msgs/lib/python3.8/site-packages/mocap4r2_msgs/msg/_rigid_bodies_s.c\n'}
[28.248866] (mocap4r2_msgs) StdoutLine: {'line': b'-- Installing: /home/airlab/seed25/install/mocap4r2_msgs/lib/python3.8/site-packages/mocap4r2_msgs/msg/_imus_info_s.c\n'}
[28.249075] (mocap4r2_msgs) StdoutLine: {'line': b'-- Installing: /home/airlab/seed25/install/mocap4r2_msgs/lib/python3.8/site-packages/mocap4r2_msgs/msg/_rigid_body_s.c\n'}
[28.249272] (mocap4r2_msgs) StdoutLine: {'line': b'-- Installing: /home/airlab/seed25/install/mocap4r2_msgs/lib/python3.8/site-packages/mocap4r2_msgs/msg/_rigid_body.py\n'}
[28.249465] (mocap4r2_msgs) StdoutLine: {'line': b'-- Installing: /home/airlab/seed25/install/mocap4r2_msgs/lib/python3.8/site-packages/mocap4r2_msgs/msg/_markers.py\n'}
[28.249715] (mocap4r2_msgs) StdoutLine: {'line': b'-- Installing: /home/airlab/seed25/install/mocap4r2_msgs/lib/python3.8/site-packages/mocap4r2_msgs/msg/_marker.py\n'}
[28.250398] (mocap4r2_msgs) StdoutLine: {'line': b'-- Installing: /home/airlab/seed25/install/mocap4r2_msgs/lib/python3.8/site-packages/mocap4r2_msgs/mocap4r2_msgs_s__rosidl_typesupport_fastrtps_c.cpython-38-aarch64-linux-gnu.so\n'}
[28.251427] (mocap4r2_msgs) StdoutLine: {'line': b'-- Set runtime path of "/home/airlab/seed25/install/mocap4r2_msgs/lib/python3.8/site-packages/mocap4r2_msgs/mocap4r2_msgs_s__rosidl_typesupport_fastrtps_c.cpython-38-aarch64-linux-gnu.so" to ""\n'}
[28.251897] (mocap4r2_msgs) StdoutLine: {'line': b'-- Installing: /home/airlab/seed25/install/mocap4r2_msgs/lib/python3.8/site-packages/mocap4r2_msgs/mocap4r2_msgs_s__rosidl_typesupport_introspection_c.cpython-38-aarch64-linux-gnu.so\n'}
[28.252875] (mocap4r2_msgs) StdoutLine: {'line': b'-- Set runtime path of "/home/airlab/seed25/install/mocap4r2_msgs/lib/python3.8/site-packages/mocap4r2_msgs/mocap4r2_msgs_s__rosidl_typesupport_introspection_c.cpython-38-aarch64-linux-gnu.so" to ""\n'}
[28.253292] (mocap4r2_msgs) StdoutLine: {'line': b'-- Installing: /home/airlab/seed25/install/mocap4r2_msgs/lib/python3.8/site-packages/mocap4r2_msgs/mocap4r2_msgs_s__rosidl_typesupport_c.cpython-38-aarch64-linux-gnu.so\n'}
[28.254212] (mocap4r2_msgs) StdoutLine: {'line': b'-- Set runtime path of "/home/airlab/seed25/install/mocap4r2_msgs/lib/python3.8/site-packages/mocap4r2_msgs/mocap4r2_msgs_s__rosidl_typesupport_c.cpython-38-aarch64-linux-gnu.so" to ""\n'}
[28.254434] (mocap4r2_msgs) StdoutLine: {'line': b'-- Installing: /home/airlab/seed25/install/mocap4r2_msgs/lib/libmocap4r2_msgs__python.so\n'}
[28.255176] (mocap4r2_msgs) StdoutLine: {'line': b'-- Set runtime path of "/home/airlab/seed25/install/mocap4r2_msgs/lib/libmocap4r2_msgs__python.so" to ""\n'}
[28.255429] (mocap4r2_msgs) StdoutLine: {'line': b'-- Installing: /home/airlab/seed25/install/mocap4r2_msgs/share/mocap4r2_msgs/msg/Marker.idl\n'}
[28.255748] (mocap4r2_msgs) StdoutLine: {'line': b'-- Installing: /home/airlab/seed25/install/mocap4r2_msgs/share/mocap4r2_msgs/msg/Markers.idl\n'}
[28.256036] (mocap4r2_msgs) StdoutLine: {'line': b'-- Installing: /home/airlab/seed25/install/mocap4r2_msgs/share/mocap4r2_msgs/msg/ImusInfo.idl\n'}
[28.256322] (mocap4r2_msgs) StdoutLine: {'line': b'-- Installing: /home/airlab/seed25/install/mocap4r2_msgs/share/mocap4r2_msgs/msg/RigidBody.idl\n'}
[28.256622] (mocap4r2_msgs) StdoutLine: {'line': b'-- Installing: /home/airlab/seed25/install/mocap4r2_msgs/share/mocap4r2_msgs/msg/RigidBodies.idl\n'}
[28.256911] (mocap4r2_msgs) StdoutLine: {'line': b'-- Installing: /home/airlab/seed25/install/mocap4r2_msgs/share/mocap4r2_msgs/msg/Marker.msg\n'}
[28.257202] (mocap4r2_msgs) StdoutLine: {'line': b'-- Installing: /home/airlab/seed25/install/mocap4r2_msgs/share/mocap4r2_msgs/msg/Markers.msg\n'}
[28.257489] (mocap4r2_msgs) StdoutLine: {'line': b'-- Installing: /home/airlab/seed25/install/mocap4r2_msgs/share/mocap4r2_msgs/msg/ImusInfo.msg\n'}
[28.257772] (mocap4r2_msgs) StdoutLine: {'line': b'-- Installing: /home/airlab/seed25/install/mocap4r2_msgs/share/mocap4r2_msgs/msg/RigidBody.msg\n'}
[28.258056] (mocap4r2_msgs) StdoutLine: {'line': b'-- Installing: /home/airlab/seed25/install/mocap4r2_msgs/share/mocap4r2_msgs/msg/RigidBodies.msg\n'}
[28.258335] (mocap4r2_msgs) StdoutLine: {'line': b'-- Installing: /home/airlab/seed25/install/mocap4r2_msgs/share/mocap4r2_msgs/mocap4r2_bridge_mapping_rule.yaml\n'}
[28.259272] (mocap4r2_msgs) StdoutLine: {'line': b'-- Installing: /home/airlab/seed25/install/mocap4r2_msgs/share/ament_index/resource_index/package_run_dependencies/mocap4r2_msgs\n'}
[28.259683] (mocap4r2_msgs) StdoutLine: {'line': b'-- Installing: /home/airlab/seed25/install/mocap4r2_msgs/share/ament_index/resource_index/parent_prefix_path/mocap4r2_msgs\n'}
[28.260002] (mocap4r2_msgs) StdoutLine: {'line': b'-- Installing: /home/airlab/seed25/install/mocap4r2_msgs/share/mocap4r2_msgs/environment/ament_prefix_path.sh\n'}
[28.260331] (mocap4r2_msgs) StdoutLine: {'line': b'-- Installing: /home/airlab/seed25/install/mocap4r2_msgs/share/mocap4r2_msgs/environment/ament_prefix_path.dsv\n'}
[28.260629] (mocap4r2_msgs) StdoutLine: {'line': b'-- Installing: /home/airlab/seed25/install/mocap4r2_msgs/share/mocap4r2_msgs/environment/path.sh\n'}
[28.260917] (mocap4r2_msgs) StdoutLine: {'line': b'-- Installing: /home/airlab/seed25/install/mocap4r2_msgs/share/mocap4r2_msgs/environment/path.dsv\n'}
[28.261210] (mocap4r2_msgs) StdoutLine: {'line': b'-- Installing: /home/airlab/seed25/install/mocap4r2_msgs/share/mocap4r2_msgs/local_setup.bash\n'}
[28.261494] (mocap4r2_msgs) StdoutLine: {'line': b'-- Installing: /home/airlab/seed25/install/mocap4r2_msgs/share/mocap4r2_msgs/local_setup.sh\n'}
[28.261784] (mocap4r2_msgs) StdoutLine: {'line': b'-- Installing: /home/airlab/seed25/install/mocap4r2_msgs/share/mocap4r2_msgs/local_setup.zsh\n'}
[28.262064] (mocap4r2_msgs) StdoutLine: {'line': b'-- Installing: /home/airlab/seed25/install/mocap4r2_msgs/share/mocap4r2_msgs/local_setup.dsv\n'}
[28.262348] (mocap4r2_msgs) StdoutLine: {'line': b'-- Installing: /home/airlab/seed25/install/mocap4r2_msgs/share/mocap4r2_msgs/package.dsv\n'}
[28.262739] (mocap4r2_msgs) StdoutLine: {'line': b'-- Installing: /home/airlab/seed25/install/mocap4r2_msgs/share/ament_index/resource_index/packages/mocap4r2_msgs\n'}
[28.263279] (mocap4r2_msgs) StdoutLine: {'line': b'-- Installing: /home/airlab/seed25/install/mocap4r2_msgs/share/mocap4r2_msgs/cmake/mocap4r2_msgs__rosidl_generator_cExport.cmake\n'}
[28.263605] (mocap4r2_msgs) StdoutLine: {'line': b'-- Installing: /home/airlab/seed25/install/mocap4r2_msgs/share/mocap4r2_msgs/cmake/mocap4r2_msgs__rosidl_generator_cExport-noconfig.cmake\n'}
[28.264018] (mocap4r2_msgs) StdoutLine: {'line': b'-- Installing: /home/airlab/seed25/install/mocap4r2_msgs/share/mocap4r2_msgs/cmake/mocap4r2_msgs__rosidl_typesupport_introspection_cExport.cmake\n'}
[28.264357] (mocap4r2_msgs) StdoutLine: {'line': b'-- Installing: /home/airlab/seed25/install/mocap4r2_msgs/share/mocap4r2_msgs/cmake/mocap4r2_msgs__rosidl_typesupport_introspection_cExport-noconfig.cmake\n'}
[28.264750] (mocap4r2_msgs) StdoutLine: {'line': b'-- Installing: /home/airlab/seed25/install/mocap4r2_msgs/share/mocap4r2_msgs/cmake/mocap4r2_msgs__rosidl_typesupport_cExport.cmake\n'}
[28.265081] (mocap4r2_msgs) StdoutLine: {'line': b'-- Installing: /home/airlab/seed25/install/mocap4r2_msgs/share/mocap4r2_msgs/cmake/mocap4r2_msgs__rosidl_typesupport_cExport-noconfig.cmake\n'}
[28.265346] (mocap4r2_control) StdoutLine: {'line': b'-- Build files have been written to: /home/airlab/seed25/build/mocap4r2_control\n'}
[28.265537] (mocap4r2_msgs) StdoutLine: {'line': b'-- Installing: /home/airlab/seed25/install/mocap4r2_msgs/share/mocap4r2_msgs/cmake/mocap4r2_msgs__rosidl_generator_cppExport.cmake\n'}
[28.265942] (mocap4r2_msgs) StdoutLine: {'line': b'-- Installing: /home/airlab/seed25/install/mocap4r2_msgs/share/mocap4r2_msgs/cmake/mocap4r2_msgs__rosidl_typesupport_introspection_cppExport.cmake\n'}
[28.266264] (mocap4r2_msgs) StdoutLine: {'line': b'-- Installing: /home/airlab/seed25/install/mocap4r2_msgs/share/mocap4r2_msgs/cmake/mocap4r2_msgs__rosidl_typesupport_introspection_cppExport-noconfig.cmake\n'}
[28.266642] (mocap4r2_msgs) StdoutLine: {'line': b'-- Installing: /home/airlab/seed25/install/mocap4r2_msgs/share/mocap4r2_msgs/cmake/mocap4r2_msgs__rosidl_typesupport_cppExport.cmake\n'}
[28.267053] (mocap4r2_msgs) StdoutLine: {'line': b'-- Installing: /home/airlab/seed25/install/mocap4r2_msgs/share/mocap4r2_msgs/cmake/mocap4r2_msgs__rosidl_typesupport_cppExport-noconfig.cmake\n'}
[28.267328] (mocap4r2_msgs) StdoutLine: {'line': b'-- Installing: /home/airlab/seed25/install/mocap4r2_msgs/share/mocap4r2_msgs/cmake/rosidl_cmake-extras.cmake\n'}
[28.267610] (mocap4r2_msgs) StdoutLine: {'line': b'-- Installing: /home/airlab/seed25/install/mocap4r2_msgs/share/mocap4r2_msgs/cmake/ament_cmake_export_dependencies-extras.cmake\n'}
[28.267927] (mocap4r2_msgs) StdoutLine: {'line': b'-- Installing: /home/airlab/seed25/install/mocap4r2_msgs/share/mocap4r2_msgs/cmake/ament_cmake_export_libraries-extras.cmake\n'}
[28.268238] (mocap4r2_msgs) StdoutLine: {'line': b'-- Installing: /home/airlab/seed25/install/mocap4r2_msgs/share/mocap4r2_msgs/cmake/ament_cmake_export_targets-extras.cmake\n'}
[28.268530] (mocap4r2_msgs) StdoutLine: {'line': b'-- Installing: /home/airlab/seed25/install/mocap4r2_msgs/share/mocap4r2_msgs/cmake/ament_cmake_export_include_directories-extras.cmake\n'}
[28.268818] (mocap4r2_msgs) StdoutLine: {'line': b'-- Installing: /home/airlab/seed25/install/mocap4r2_msgs/share/mocap4r2_msgs/cmake/rosidl_cmake_export_typesupport_libraries-extras.cmake\n'}
[28.269119] (mocap4r2_msgs) StdoutLine: {'line': b'-- Installing: /home/airlab/seed25/install/mocap4r2_msgs/share/mocap4r2_msgs/cmake/rosidl_cmake_export_typesupport_targets-extras.cmake\n'}
[28.269418] (mocap4r2_msgs) StdoutLine: {'line': b'-- Installing: /home/airlab/seed25/install/mocap4r2_msgs/share/mocap4r2_msgs/cmake/mocap4r2_msgsConfig.cmake\n'}
[28.269642] (mocap4r2_msgs) StdoutLine: {'line': b'-- Installing: /home/airlab/seed25/install/mocap4r2_msgs/share/mocap4r2_msgs/cmake/mocap4r2_msgsConfig-version.cmake\n'}
[28.269934] (mocap4r2_msgs) StdoutLine: {'line': b'-- Installing: /home/airlab/seed25/install/mocap4r2_msgs/share/mocap4r2_msgs/package.xml\n'}
[28.275006] (mocap4r2_msgs) CommandEnded: {'returncode': 0}
[28.318263] (mocap4r2_msgs) JobEnded: {'identifier': 'mocap4r2_msgs', 'rc': 0}
[28.321546] (mocap4r2_marker_publisher) JobStarted: {'identifier': 'mocap4r2_marker_publisher'}
[28.333300] (mocap4r2_marker_viz) JobStarted: {'identifier': 'mocap4r2_marker_viz'}
[28.334680] (-) TimerEvent: {}
[28.347132] (mocap4r2_robot_gt) JobStarted: {'identifier': 'mocap4r2_robot_gt'}
[28.362433] (mocap4r2_control) CommandEnded: {'returncode': 0}
[28.364037] (mocap4r2_control) JobProgress: {'identifier': 'mocap4r2_control', 'progress': 'build'}
[28.364651] (mocap4r2_control) Command: {'cmd': ['/usr/bin/cmake', '--build', '/home/airlab/seed25/build/mocap4r2_control', '--', '-j4', '-l4'], 'cwd': '/home/airlab/seed25/build/mocap4r2_control', 'env': OrderedDict([('LESSOPEN', '| /usr/bin/lesspipe %s'), ('USER', 'airlab'), ('SSH_CLIENT', '192.168.0.60 49912 22'), ('XDG_SESSION_TYPE', 'tty'), ('SHLVL', '1'), ('LD_LIBRARY_PATH', '/home/airlab/seed25/install/mocap4r2_control_msgs/lib:/usr/local/cuda-11.4/lib64:/usr/local/cuda-11.4/lib64:/usr/local/cuda-11.4/lib64:/home/airlab/seed25/ros_packages/mocap4r2_ws/install/mocap4r2_robot_gt_msgs/lib:/home/airlab/seed25/ros_packages/mocap4r2_ws/install/mocap4r2_msgs/lib:/home/airlab/seed25/ros_packages/mocap4r2_ws/install/mocap4r2_marker_viz_srvs/lib:/home/airlab/seed25/ros_packages/mocap4r2_ws/install/mocap4r2_control/lib:/home/airlab/seed25/ros_packages/mocap4r2_ws/install/mocap4r2_control_msgs/lib:/opt/ros/foxy/opt/yaml_cpp_vendor/lib:/opt/ros/foxy/opt/rviz_ogre_vendor/lib:/opt/ros/foxy/lib/aarch64-linux-gnu:/opt/ros/foxy/lib:/usr/local/cuda-11.4/lib64'), ('MOTD_SHOWN', 'pam'), ('HOME', '/home/airlab'), ('OLDPWD', '/home/airlab/seed25/ros_packages'), ('SSH_TTY', '/dev/pts/0'), ('JETSON_L4T', '35.6.1'), ('ROS_PYTHON_VERSION', '3'), ('JETSON_MODEL', 'NVIDIA Orin NX Developer Kit'), ('DBUS_SESSION_BUS_ADDRESS', 'unix:path=/run/user/1000/bus'), ('COLCON_PREFIX_PATH', '/home/airlab/seed25/ros_packages/mocap4r2_ws/install:/home/airlab/seed25/ros_packages/seed_controller_ws/install'), ('ROS_DISTRO', 'foxy'), ('LOGNAME', 'airlab'), ('JETSON_MODULE', 'NVIDIA Jetson Orin NX (16GB ram)'), ('JETSON_SERIAL_NUMBER', '1425023203559'), ('_', '/usr/bin/colcon'), ('ROS_VERSION', '2'), ('JETSON_CODENAME', 'P3768'), ('XDG_SESSION_CLASS', 'user'), ('TERM', 'xterm'), ('XDG_SESSION_ID', '3'), ('ROS_LOCALHOST_ONLY', '0'), ('PATH', '/usr/local/cuda-11.4/bin:/usr/local/cuda-11.4/bin:/usr/local/cuda-11.4/bin:/home/airlab/.local/bin:/opt/ros/foxy/bin:/usr/local/cuda-11.4/bin:/usr/local/sbin:/usr/local/bin:/usr/sbin:/usr/bin:/sbin:/bin:/usr/games:/usr/local/games:/snap/bin'), ('XDG_RUNTIME_DIR', '/run/user/1000'), ('DISPLAY', 'localhost:10.0'), ('LANG', 'en_US.UTF-8'), ('LS_COLORS', 'rs=0:di=01;34:ln=01;36:mh=00:pi=40;33:so=01;35:do=01;35:bd=40;33;01:cd=40;33;01:or=40;31;01:mi=00:su=37;41:sg=30;43:ca=30;41:tw=30;42:ow=34;42:st=37;44:ex=01;32:*.tar=01;31:*.tgz=01;31:*.arc=01;31:*.arj=01;31:*.taz=01;31:*.lha=01;31:*.lz4=01;31:*.lzh=01;31:*.lzma=01;31:*.tlz=01;31:*.txz=01;31:*.tzo=01;31:*.t7z=01;31:*.zip=01;31:*.z=01;31:*.dz=01;31:*.gz=01;31:*.lrz=01;31:*.lz=01;31:*.lzo=01;31:*.xz=01;31:*.zst=01;31:*.tzst=01;31:*.bz2=01;31:*.bz=01;31:*.tbz=01;31:*.tbz2=01;31:*.tz=01;31:*.deb=01;31:*.rpm=01;31:*.jar=01;31:*.war=01;31:*.ear=01;31:*.sar=01;31:*.rar=01;31:*.alz=01;31:*.ace=01;31:*.zoo=01;31:*.cpio=01;31:*.7z=01;31:*.rz=01;31:*.cab=01;31:*.wim=01;31:*.swm=01;31:*.dwm=01;31:*.esd=01;31:*.jpg=01;35:*.jpeg=01;35:*.mjpg=01;35:*.mjpeg=01;35:*.gif=01;35:*.bmp=01;35:*.pbm=01;35:*.pgm=01;35:*.ppm=01;35:*.tga=01;35:*.xbm=01;35:*.xpm=01;35:*.tif=01;35:*.tiff=01;35:*.png=01;35:*.svg=01;35:*.svgz=01;35:*.mng=01;35:*.pcx=01;35:*.mov=01;35:*.mpg=01;35:*.mpeg=01;35:*.m2v=01;35:*.mkv=01;35:*.webm=01;35:*.ogm=01;35:*.mp4=01;35:*.m4v=01;35:*.mp4v=01;35:*.vob=01;35:*.qt=01;35:*.nuv=01;35:*.wmv=01;35:*.asf=01;35:*.rm=01;35:*.rmvb=01;35:*.flc=01;35:*.avi=01;35:*.fli=01;35:*.flv=01;35:*.gl=01;35:*.dl=01;35:*.xcf=01;35:*.xwd=01;35:*.yuv=01;35:*.cgm=01;35:*.emf=01;35:*.ogv=01;35:*.ogx=01;35:*.aac=00;36:*.au=00;36:*.flac=00;36:*.m4a=00;36:*.mid=00;36:*.midi=00;36:*.mka=00;36:*.mp3=00;36:*.mpc=00;36:*.ogg=00;36:*.ra=00;36:*.wav=00;36:*.oga=00;36:*.opus=00;36:*.spx=00;36:*.xspf=00;36:'), ('JETSON_SOC', 'tegra23x'), ('ROS_DOMAIN_ID', '3'), ('AMENT_PREFIX_PATH', '/home/airlab/seed25/install/mocap4r2_control_msgs:/home/airlab/seed25/ros_packages/seed_controller_ws/install/mocap_listener:/home/airlab/seed25/ros_packages/mocap4r2_ws/install/mocap4r2cli:/home/airlab/seed25/ros_packages/mocap4r2_ws/install/mocap4r2_robot_gt_msgs:/home/airlab/seed25/ros_packages/mocap4r2_ws/install/mocap4r2_marker_viz:/home/airlab/seed25/ros_packages/mocap4r2_ws/install/mocap4r2_marker_publisher:/home/airlab/seed25/ros_packages/mocap4r2_ws/install/mocap4r2_msgs:/home/airlab/seed25/ros_packages/mocap4r2_ws/install/mocap4r2_marker_viz_srvs:/home/airlab/seed25/ros_packages/mocap4r2_ws/install/mocap4r2_control:/home/airlab/seed25/ros_packages/mocap4r2_ws/install/mocap4r2_control_msgs:/opt/ros/foxy'), ('SHELL', '/bin/bash'), ('LESSCLOSE', '/usr/bin/lesspipe %s %s'), ('JETSON_CUDA_ARCH_BIN', '8.7'), ('PWD', '/home/airlab/seed25/build/mocap4r2_control'), ('LC_ALL', 'en_US.UTF-8'), ('SSH_CONNECTION', '192.168.0.60 49912 192.168.0.136 22'), ('XDG_DATA_DIRS', '/usr/local/share:/usr/share:/var/lib/snapd/desktop'), ('PYTHONPATH', '/home/airlab/seed25/install/mocap4r2_control_msgs/lib/python3.8/site-packages:/home/airlab/seed25/ros_packages/seed_controller_ws/install/mocap_listener/lib/python3.8/site-packages:/home/airlab/seed25/ros_packages/mocap4r2_ws/install/mocap4r2cli/lib/python3.8/site-packages:/home/airlab/seed25/ros_packages/mocap4r2_ws/install/mocap4r2_robot_gt_msgs/lib/python3.8/site-packages:/home/airlab/seed25/ros_packages/mocap4r2_ws/install/mocap4r2_msgs/lib/python3.8/site-packages:/home/airlab/seed25/ros_packages/mocap4r2_ws/install/mocap4r2_marker_viz_srvs/lib/python3.8/site-packages:/home/airlab/seed25/ros_packages/mocap4r2_ws/install/mocap4r2_control_msgs/lib/python3.8/site-packages:/opt/ros/foxy/lib/python3.8/site-packages'), ('COLCON', '1'), ('JETSON_JETPACK', '5.1.5'), ('CMAKE_PREFIX_PATH', '/home/airlab/seed25/install/mocap4r2_control_msgs:/home/airlab/seed25/ros_packages/mocap4r2_ws/install/mocap4r2_robot_gt_msgs:/home/airlab/seed25/ros_packages/mocap4r2_ws/install/mocap4r2_marker_viz:/home/airlab/seed25/ros_packages/mocap4r2_ws/install/mocap4r2_marker_publisher:/home/airlab/seed25/ros_packages/mocap4r2_ws/install/mocap4r2_msgs:/home/airlab/seed25/ros_packages/mocap4r2_ws/install/mocap4r2_marker_viz_srvs:/home/airlab/seed25/ros_packages/mocap4r2_ws/install/mocap4r2_control:/home/airlab/seed25/ros_packages/mocap4r2_ws/install/mocap4r2_control_msgs:/home/airlab/seed25/ros_packages/seed_controller_ws/install/mocap_listener:/home/airlab/seed25/ros_packages/mocap4r2_ws/install/mocap4r2cli:/opt/ros/foxy'), ('JETSON_P_NUMBER', 'p3767-0000')]), 'shell': False}
[28.372734] (mocap4r2_marker_publisher) JobProgress: {'identifier': 'mocap4r2_marker_publisher', 'progress': 'cmake'}
[28.373857] (mocap4r2_marker_publisher) Command: {'cmd': ['/usr/bin/cmake', '/home/airlab/seed25/ros_packages/mocap4r2_ws/src/mocap4r2/mocap4r2_marker_viz/mocap4r2_marker_publisher', '-DCMAKE_INSTALL_PREFIX=/home/airlab/seed25/install/mocap4r2_marker_publisher'], 'cwd': '/home/airlab/seed25/build/mocap4r2_marker_publisher', 'env': OrderedDict([('LESSOPEN', '| /usr/bin/lesspipe %s'), ('USER', 'airlab'), ('SSH_CLIENT', '192.168.0.60 49912 22'), ('XDG_SESSION_TYPE', 'tty'), ('SHLVL', '1'), ('LD_LIBRARY_PATH', '/home/airlab/seed25/install/mocap4r2_msgs/lib:/usr/local/cuda-11.4/lib64:/usr/local/cuda-11.4/lib64:/usr/local/cuda-11.4/lib64:/home/airlab/seed25/ros_packages/mocap4r2_ws/install/mocap4r2_robot_gt_msgs/lib:/home/airlab/seed25/ros_packages/mocap4r2_ws/install/mocap4r2_msgs/lib:/home/airlab/seed25/ros_packages/mocap4r2_ws/install/mocap4r2_marker_viz_srvs/lib:/home/airlab/seed25/ros_packages/mocap4r2_ws/install/mocap4r2_control/lib:/home/airlab/seed25/ros_packages/mocap4r2_ws/install/mocap4r2_control_msgs/lib:/opt/ros/foxy/opt/yaml_cpp_vendor/lib:/opt/ros/foxy/opt/rviz_ogre_vendor/lib:/opt/ros/foxy/lib/aarch64-linux-gnu:/opt/ros/foxy/lib:/usr/local/cuda-11.4/lib64'), ('MOTD_SHOWN', 'pam'), ('HOME', '/home/airlab'), ('OLDPWD', '/home/airlab/seed25/ros_packages'), ('SSH_TTY', '/dev/pts/0'), ('JETSON_L4T', '35.6.1'), ('ROS_PYTHON_VERSION', '3'), ('JETSON_MODEL', 'NVIDIA Orin NX Developer Kit'), ('DBUS_SESSION_BUS_ADDRESS', 'unix:path=/run/user/1000/bus'), ('COLCON_PREFIX_PATH', '/home/airlab/seed25/ros_packages/mocap4r2_ws/install:/home/airlab/seed25/ros_packages/seed_controller_ws/install'), ('ROS_DISTRO', 'foxy'), ('LOGNAME', 'airlab'), ('JETSON_MODULE', 'NVIDIA Jetson Orin NX (16GB ram)'), ('JETSON_SERIAL_NUMBER', '1425023203559'), ('_', '/usr/bin/colcon'), ('ROS_VERSION', '2'), ('JETSON_CODENAME', 'P3768'), ('XDG_SESSION_CLASS', 'user'), ('TERM', 'xterm'), ('XDG_SESSION_ID', '3'), ('ROS_LOCALHOST_ONLY', '0'), ('PATH', '/usr/local/cuda-11.4/bin:/usr/local/cuda-11.4/bin:/usr/local/cuda-11.4/bin:/home/airlab/.local/bin:/opt/ros/foxy/bin:/usr/local/cuda-11.4/bin:/usr/local/sbin:/usr/local/bin:/usr/sbin:/usr/bin:/sbin:/bin:/usr/games:/usr/local/games:/snap/bin'), ('XDG_RUNTIME_DIR', '/run/user/1000'), ('DISPLAY', 'localhost:10.0'), ('LANG', 'en_US.UTF-8'), ('LS_COLORS', 'rs=0:di=01;34:ln=01;36:mh=00:pi=40;33:so=01;35:do=01;35:bd=40;33;01:cd=40;33;01:or=40;31;01:mi=00:su=37;41:sg=30;43:ca=30;41:tw=30;42:ow=34;42:st=37;44:ex=01;32:*.tar=01;31:*.tgz=01;31:*.arc=01;31:*.arj=01;31:*.taz=01;31:*.lha=01;31:*.lz4=01;31:*.lzh=01;31:*.lzma=01;31:*.tlz=01;31:*.txz=01;31:*.tzo=01;31:*.t7z=01;31:*.zip=01;31:*.z=01;31:*.dz=01;31:*.gz=01;31:*.lrz=01;31:*.lz=01;31:*.lzo=01;31:*.xz=01;31:*.zst=01;31:*.tzst=01;31:*.bz2=01;31:*.bz=01;31:*.tbz=01;31:*.tbz2=01;31:*.tz=01;31:*.deb=01;31:*.rpm=01;31:*.jar=01;31:*.war=01;31:*.ear=01;31:*.sar=01;31:*.rar=01;31:*.alz=01;31:*.ace=01;31:*.zoo=01;31:*.cpio=01;31:*.7z=01;31:*.rz=01;31:*.cab=01;31:*.wim=01;31:*.swm=01;31:*.dwm=01;31:*.esd=01;31:*.jpg=01;35:*.jpeg=01;35:*.mjpg=01;35:*.mjpeg=01;35:*.gif=01;35:*.bmp=01;35:*.pbm=01;35:*.pgm=01;35:*.ppm=01;35:*.tga=01;35:*.xbm=01;35:*.xpm=01;35:*.tif=01;35:*.tiff=01;35:*.png=01;35:*.svg=01;35:*.svgz=01;35:*.mng=01;35:*.pcx=01;35:*.mov=01;35:*.mpg=01;35:*.mpeg=01;35:*.m2v=01;35:*.mkv=01;35:*.webm=01;35:*.ogm=01;35:*.mp4=01;35:*.m4v=01;35:*.mp4v=01;35:*.vob=01;35:*.qt=01;35:*.nuv=01;35:*.wmv=01;35:*.asf=01;35:*.rm=01;35:*.rmvb=01;35:*.flc=01;35:*.avi=01;35:*.fli=01;35:*.flv=01;35:*.gl=01;35:*.dl=01;35:*.xcf=01;35:*.xwd=01;35:*.yuv=01;35:*.cgm=01;35:*.emf=01;35:*.ogv=01;35:*.ogx=01;35:*.aac=00;36:*.au=00;36:*.flac=00;36:*.m4a=00;36:*.mid=00;36:*.midi=00;36:*.mka=00;36:*.mp3=00;36:*.mpc=00;36:*.ogg=00;36:*.ra=00;36:*.wav=00;36:*.oga=00;36:*.opus=00;36:*.spx=00;36:*.xspf=00;36:'), ('JETSON_SOC', 'tegra23x'), ('ROS_DOMAIN_ID', '3'), ('AMENT_PREFIX_PATH', '/home/airlab/seed25/install/mocap4r2_msgs:/home/airlab/seed25/ros_packages/seed_controller_ws/install/mocap_listener:/home/airlab/seed25/ros_packages/mocap4r2_ws/install/mocap4r2cli:/home/airlab/seed25/ros_packages/mocap4r2_ws/install/mocap4r2_robot_gt_msgs:/home/airlab/seed25/ros_packages/mocap4r2_ws/install/mocap4r2_marker_viz:/home/airlab/seed25/ros_packages/mocap4r2_ws/install/mocap4r2_marker_publisher:/home/airlab/seed25/ros_packages/mocap4r2_ws/install/mocap4r2_msgs:/home/airlab/seed25/ros_packages/mocap4r2_ws/install/mocap4r2_marker_viz_srvs:/home/airlab/seed25/ros_packages/mocap4r2_ws/install/mocap4r2_control:/home/airlab/seed25/ros_packages/mocap4r2_ws/install/mocap4r2_control_msgs:/opt/ros/foxy'), ('SHELL', '/bin/bash'), ('LESSCLOSE', '/usr/bin/lesspipe %s %s'), ('JETSON_CUDA_ARCH_BIN', '8.7'), ('PWD', '/home/airlab/seed25/build/mocap4r2_marker_publisher'), ('LC_ALL', 'en_US.UTF-8'), ('SSH_CONNECTION', '192.168.0.60 49912 192.168.0.136 22'), ('XDG_DATA_DIRS', '/usr/local/share:/usr/share:/var/lib/snapd/desktop'), ('PYTHONPATH', '/home/airlab/seed25/install/mocap4r2_msgs/lib/python3.8/site-packages:/home/airlab/seed25/ros_packages/seed_controller_ws/install/mocap_listener/lib/python3.8/site-packages:/home/airlab/seed25/ros_packages/mocap4r2_ws/install/mocap4r2cli/lib/python3.8/site-packages:/home/airlab/seed25/ros_packages/mocap4r2_ws/install/mocap4r2_robot_gt_msgs/lib/python3.8/site-packages:/home/airlab/seed25/ros_packages/mocap4r2_ws/install/mocap4r2_msgs/lib/python3.8/site-packages:/home/airlab/seed25/ros_packages/mocap4r2_ws/install/mocap4r2_marker_viz_srvs/lib/python3.8/site-packages:/home/airlab/seed25/ros_packages/mocap4r2_ws/install/mocap4r2_control_msgs/lib/python3.8/site-packages:/opt/ros/foxy/lib/python3.8/site-packages'), ('COLCON', '1'), ('JETSON_JETPACK', '5.1.5'), ('CMAKE_PREFIX_PATH', '/home/airlab/seed25/install/mocap4r2_msgs:/home/airlab/seed25/ros_packages/mocap4r2_ws/install/mocap4r2_robot_gt_msgs:/home/airlab/seed25/ros_packages/mocap4r2_ws/install/mocap4r2_marker_viz:/home/airlab/seed25/ros_packages/mocap4r2_ws/install/mocap4r2_marker_publisher:/home/airlab/seed25/ros_packages/mocap4r2_ws/install/mocap4r2_msgs:/home/airlab/seed25/ros_packages/mocap4r2_ws/install/mocap4r2_marker_viz_srvs:/home/airlab/seed25/ros_packages/mocap4r2_ws/install/mocap4r2_control:/home/airlab/seed25/ros_packages/mocap4r2_ws/install/mocap4r2_control_msgs:/home/airlab/seed25/ros_packages/seed_controller_ws/install/mocap_listener:/home/airlab/seed25/ros_packages/mocap4r2_ws/install/mocap4r2cli:/opt/ros/foxy'), ('JETSON_P_NUMBER', 'p3767-0000')]), 'shell': False}
[28.380184] (mocap4r2_marker_viz) JobProgress: {'identifier': 'mocap4r2_marker_viz', 'progress': 'cmake'}
[28.381187] (mocap4r2_marker_viz) Command: {'cmd': ['/usr/bin/cmake', '/home/airlab/seed25/ros_packages/mocap4r2_ws/src/mocap4r2/mocap4r2_marker_viz/mocap4r2_marker_viz', '-DCMAKE_INSTALL_PREFIX=/home/airlab/seed25/install/mocap4r2_marker_viz'], 'cwd': '/home/airlab/seed25/build/mocap4r2_marker_viz', 'env': OrderedDict([('LESSOPEN', '| /usr/bin/lesspipe %s'), ('USER', 'airlab'), ('SSH_CLIENT', '192.168.0.60 49912 22'), ('XDG_SESSION_TYPE', 'tty'), ('SHLVL', '1'), ('LD_LIBRARY_PATH', '/home/airlab/seed25/install/mocap4r2_msgs/lib:/home/airlab/seed25/install/mocap4r2_marker_viz_srvs/lib:/usr/local/cuda-11.4/lib64:/usr/local/cuda-11.4/lib64:/usr/local/cuda-11.4/lib64:/home/airlab/seed25/ros_packages/mocap4r2_ws/install/mocap4r2_robot_gt_msgs/lib:/home/airlab/seed25/ros_packages/mocap4r2_ws/install/mocap4r2_msgs/lib:/home/airlab/seed25/ros_packages/mocap4r2_ws/install/mocap4r2_marker_viz_srvs/lib:/home/airlab/seed25/ros_packages/mocap4r2_ws/install/mocap4r2_control/lib:/home/airlab/seed25/ros_packages/mocap4r2_ws/install/mocap4r2_control_msgs/lib:/opt/ros/foxy/opt/yaml_cpp_vendor/lib:/opt/ros/foxy/opt/rviz_ogre_vendor/lib:/opt/ros/foxy/lib/aarch64-linux-gnu:/opt/ros/foxy/lib:/usr/local/cuda-11.4/lib64'), ('MOTD_SHOWN', 'pam'), ('HOME', '/home/airlab'), ('OLDPWD', '/home/airlab/seed25/ros_packages'), ('SSH_TTY', '/dev/pts/0'), ('JETSON_L4T', '35.6.1'), ('ROS_PYTHON_VERSION', '3'), ('JETSON_MODEL', 'NVIDIA Orin NX Developer Kit'), ('DBUS_SESSION_BUS_ADDRESS', 'unix:path=/run/user/1000/bus'), ('COLCON_PREFIX_PATH', '/home/airlab/seed25/ros_packages/mocap4r2_ws/install:/home/airlab/seed25/ros_packages/seed_controller_ws/install'), ('ROS_DISTRO', 'foxy'), ('LOGNAME', 'airlab'), ('JETSON_MODULE', 'NVIDIA Jetson Orin NX (16GB ram)'), ('JETSON_SERIAL_NUMBER', '1425023203559'), ('_', '/usr/bin/colcon'), ('ROS_VERSION', '2'), ('JETSON_CODENAME', 'P3768'), ('XDG_SESSION_CLASS', 'user'), ('TERM', 'xterm'), ('XDG_SESSION_ID', '3'), ('ROS_LOCALHOST_ONLY', '0'), ('PATH', '/usr/local/cuda-11.4/bin:/usr/local/cuda-11.4/bin:/usr/local/cuda-11.4/bin:/home/airlab/.local/bin:/opt/ros/foxy/bin:/usr/local/cuda-11.4/bin:/usr/local/sbin:/usr/local/bin:/usr/sbin:/usr/bin:/sbin:/bin:/usr/games:/usr/local/games:/snap/bin'), ('XDG_RUNTIME_DIR', '/run/user/1000'), ('DISPLAY', 'localhost:10.0'), ('LANG', 'en_US.UTF-8'), ('LS_COLORS', 'rs=0:di=01;34:ln=01;36:mh=00:pi=40;33:so=01;35:do=01;35:bd=40;33;01:cd=40;33;01:or=40;31;01:mi=00:su=37;41:sg=30;43:ca=30;41:tw=30;42:ow=34;42:st=37;44:ex=01;32:*.tar=01;31:*.tgz=01;31:*.arc=01;31:*.arj=01;31:*.taz=01;31:*.lha=01;31:*.lz4=01;31:*.lzh=01;31:*.lzma=01;31:*.tlz=01;31:*.txz=01;31:*.tzo=01;31:*.t7z=01;31:*.zip=01;31:*.z=01;31:*.dz=01;31:*.gz=01;31:*.lrz=01;31:*.lz=01;31:*.lzo=01;31:*.xz=01;31:*.zst=01;31:*.tzst=01;31:*.bz2=01;31:*.bz=01;31:*.tbz=01;31:*.tbz2=01;31:*.tz=01;31:*.deb=01;31:*.rpm=01;31:*.jar=01;31:*.war=01;31:*.ear=01;31:*.sar=01;31:*.rar=01;31:*.alz=01;31:*.ace=01;31:*.zoo=01;31:*.cpio=01;31:*.7z=01;31:*.rz=01;31:*.cab=01;31:*.wim=01;31:*.swm=01;31:*.dwm=01;31:*.esd=01;31:*.jpg=01;35:*.jpeg=01;35:*.mjpg=01;35:*.mjpeg=01;35:*.gif=01;35:*.bmp=01;35:*.pbm=01;35:*.pgm=01;35:*.ppm=01;35:*.tga=01;35:*.xbm=01;35:*.xpm=01;35:*.tif=01;35:*.tiff=01;35:*.png=01;35:*.svg=01;35:*.svgz=01;35:*.mng=01;35:*.pcx=01;35:*.mov=01;35:*.mpg=01;35:*.mpeg=01;35:*.m2v=01;35:*.mkv=01;35:*.webm=01;35:*.ogm=01;35:*.mp4=01;35:*.m4v=01;35:*.mp4v=01;35:*.vob=01;35:*.qt=01;35:*.nuv=01;35:*.wmv=01;35:*.asf=01;35:*.rm=01;35:*.rmvb=01;35:*.flc=01;35:*.avi=01;35:*.fli=01;35:*.flv=01;35:*.gl=01;35:*.dl=01;35:*.xcf=01;35:*.xwd=01;35:*.yuv=01;35:*.cgm=01;35:*.emf=01;35:*.ogv=01;35:*.ogx=01;35:*.aac=00;36:*.au=00;36:*.flac=00;36:*.m4a=00;36:*.mid=00;36:*.midi=00;36:*.mka=00;36:*.mp3=00;36:*.mpc=00;36:*.ogg=00;36:*.ra=00;36:*.wav=00;36:*.oga=00;36:*.opus=00;36:*.spx=00;36:*.xspf=00;36:'), ('JETSON_SOC', 'tegra23x'), ('ROS_DOMAIN_ID', '3'), ('AMENT_PREFIX_PATH', '/home/airlab/seed25/install/mocap4r2_msgs:/home/airlab/seed25/install/mocap4r2_marker_viz_srvs:/home/airlab/seed25/ros_packages/seed_controller_ws/install/mocap_listener:/home/airlab/seed25/ros_packages/mocap4r2_ws/install/mocap4r2cli:/home/airlab/seed25/ros_packages/mocap4r2_ws/install/mocap4r2_robot_gt_msgs:/home/airlab/seed25/ros_packages/mocap4r2_ws/install/mocap4r2_marker_viz:/home/airlab/seed25/ros_packages/mocap4r2_ws/install/mocap4r2_marker_publisher:/home/airlab/seed25/ros_packages/mocap4r2_ws/install/mocap4r2_msgs:/home/airlab/seed25/ros_packages/mocap4r2_ws/install/mocap4r2_marker_viz_srvs:/home/airlab/seed25/ros_packages/mocap4r2_ws/install/mocap4r2_control:/home/airlab/seed25/ros_packages/mocap4r2_ws/install/mocap4r2_control_msgs:/opt/ros/foxy'), ('SHELL', '/bin/bash'), ('LESSCLOSE', '/usr/bin/lesspipe %s %s'), ('JETSON_CUDA_ARCH_BIN', '8.7'), ('PWD', '/home/airlab/seed25/build/mocap4r2_marker_viz'), ('LC_ALL', 'en_US.UTF-8'), ('SSH_CONNECTION', '192.168.0.60 49912 192.168.0.136 22'), ('XDG_DATA_DIRS', '/usr/local/share:/usr/share:/var/lib/snapd/desktop'), ('PYTHONPATH', '/home/airlab/seed25/install/mocap4r2_msgs/lib/python3.8/site-packages:/home/airlab/seed25/install/mocap4r2_marker_viz_srvs/lib/python3.8/site-packages:/home/airlab/seed25/ros_packages/seed_controller_ws/install/mocap_listener/lib/python3.8/site-packages:/home/airlab/seed25/ros_packages/mocap4r2_ws/install/mocap4r2cli/lib/python3.8/site-packages:/home/airlab/seed25/ros_packages/mocap4r2_ws/install/mocap4r2_robot_gt_msgs/lib/python3.8/site-packages:/home/airlab/seed25/ros_packages/mocap4r2_ws/install/mocap4r2_msgs/lib/python3.8/site-packages:/home/airlab/seed25/ros_packages/mocap4r2_ws/install/mocap4r2_marker_viz_srvs/lib/python3.8/site-packages:/home/airlab/seed25/ros_packages/mocap4r2_ws/install/mocap4r2_control_msgs/lib/python3.8/site-packages:/opt/ros/foxy/lib/python3.8/site-packages'), ('COLCON', '1'), ('JETSON_JETPACK', '5.1.5'), ('CMAKE_PREFIX_PATH', '/home/airlab/seed25/install/mocap4r2_msgs:/home/airlab/seed25/install/mocap4r2_marker_viz_srvs:/home/airlab/seed25/ros_packages/mocap4r2_ws/install/mocap4r2_robot_gt_msgs:/home/airlab/seed25/ros_packages/mocap4r2_ws/install/mocap4r2_marker_viz:/home/airlab/seed25/ros_packages/mocap4r2_ws/install/mocap4r2_marker_publisher:/home/airlab/seed25/ros_packages/mocap4r2_ws/install/mocap4r2_msgs:/home/airlab/seed25/ros_packages/mocap4r2_ws/install/mocap4r2_marker_viz_srvs:/home/airlab/seed25/ros_packages/mocap4r2_ws/install/mocap4r2_control:/home/airlab/seed25/ros_packages/mocap4r2_ws/install/mocap4r2_control_msgs:/home/airlab/seed25/ros_packages/seed_controller_ws/install/mocap_listener:/home/airlab/seed25/ros_packages/mocap4r2_ws/install/mocap4r2cli:/opt/ros/foxy'), ('JETSON_P_NUMBER', 'p3767-0000')]), 'shell': False}
[28.394023] (mocap4r2_robot_gt) JobProgress: {'identifier': 'mocap4r2_robot_gt', 'progress': 'cmake'}
[28.394436] (mocap4r2_robot_gt) Command: {'cmd': ['/usr/bin/cmake', '/home/airlab/seed25/ros_packages/mocap4r2_ws/src/mocap4r2/mocap4r2_robot_gt/mocap4r2_robot_gt', '-DCMAKE_INSTALL_PREFIX=/home/airlab/seed25/install/mocap4r2_robot_gt'], 'cwd': '/home/airlab/seed25/build/mocap4r2_robot_gt', 'env': OrderedDict([('LESSOPEN', '| /usr/bin/lesspipe %s'), ('USER', 'airlab'), ('SSH_CLIENT', '192.168.0.60 49912 22'), ('XDG_SESSION_TYPE', 'tty'), ('SHLVL', '1'), ('LD_LIBRARY_PATH', '/home/airlab/seed25/install/mocap4r2_robot_gt_msgs/lib:/home/airlab/seed25/install/mocap4r2_msgs/lib:/usr/local/cuda-11.4/lib64:/usr/local/cuda-11.4/lib64:/usr/local/cuda-11.4/lib64:/home/airlab/seed25/ros_packages/mocap4r2_ws/install/mocap4r2_robot_gt_msgs/lib:/home/airlab/seed25/ros_packages/mocap4r2_ws/install/mocap4r2_msgs/lib:/home/airlab/seed25/ros_packages/mocap4r2_ws/install/mocap4r2_marker_viz_srvs/lib:/home/airlab/seed25/ros_packages/mocap4r2_ws/install/mocap4r2_control/lib:/home/airlab/seed25/ros_packages/mocap4r2_ws/install/mocap4r2_control_msgs/lib:/opt/ros/foxy/opt/yaml_cpp_vendor/lib:/opt/ros/foxy/opt/rviz_ogre_vendor/lib:/opt/ros/foxy/lib/aarch64-linux-gnu:/opt/ros/foxy/lib:/usr/local/cuda-11.4/lib64'), ('MOTD_SHOWN', 'pam'), ('HOME', '/home/airlab'), ('OLDPWD', '/home/airlab/seed25/ros_packages'), ('SSH_TTY', '/dev/pts/0'), ('JETSON_L4T', '35.6.1'), ('ROS_PYTHON_VERSION', '3'), ('JETSON_MODEL', 'NVIDIA Orin NX Developer Kit'), ('DBUS_SESSION_BUS_ADDRESS', 'unix:path=/run/user/1000/bus'), ('COLCON_PREFIX_PATH', '/home/airlab/seed25/ros_packages/mocap4r2_ws/install:/home/airlab/seed25/ros_packages/seed_controller_ws/install'), ('ROS_DISTRO', 'foxy'), ('LOGNAME', 'airlab'), ('JETSON_MODULE', 'NVIDIA Jetson Orin NX (16GB ram)'), ('JETSON_SERIAL_NUMBER', '1425023203559'), ('_', '/usr/bin/colcon'), ('ROS_VERSION', '2'), ('JETSON_CODENAME', 'P3768'), ('XDG_SESSION_CLASS', 'user'), ('TERM', 'xterm'), ('XDG_SESSION_ID', '3'), ('ROS_LOCALHOST_ONLY', '0'), ('PATH', '/usr/local/cuda-11.4/bin:/usr/local/cuda-11.4/bin:/usr/local/cuda-11.4/bin:/home/airlab/.local/bin:/opt/ros/foxy/bin:/usr/local/cuda-11.4/bin:/usr/local/sbin:/usr/local/bin:/usr/sbin:/usr/bin:/sbin:/bin:/usr/games:/usr/local/games:/snap/bin'), ('XDG_RUNTIME_DIR', '/run/user/1000'), ('DISPLAY', 'localhost:10.0'), ('LANG', 'en_US.UTF-8'), ('LS_COLORS', 'rs=0:di=01;34:ln=01;36:mh=00:pi=40;33:so=01;35:do=01;35:bd=40;33;01:cd=40;33;01:or=40;31;01:mi=00:su=37;41:sg=30;43:ca=30;41:tw=30;42:ow=34;42:st=37;44:ex=01;32:*.tar=01;31:*.tgz=01;31:*.arc=01;31:*.arj=01;31:*.taz=01;31:*.lha=01;31:*.lz4=01;31:*.lzh=01;31:*.lzma=01;31:*.tlz=01;31:*.txz=01;31:*.tzo=01;31:*.t7z=01;31:*.zip=01;31:*.z=01;31:*.dz=01;31:*.gz=01;31:*.lrz=01;31:*.lz=01;31:*.lzo=01;31:*.xz=01;31:*.zst=01;31:*.tzst=01;31:*.bz2=01;31:*.bz=01;31:*.tbz=01;31:*.tbz2=01;31:*.tz=01;31:*.deb=01;31:*.rpm=01;31:*.jar=01;31:*.war=01;31:*.ear=01;31:*.sar=01;31:*.rar=01;31:*.alz=01;31:*.ace=01;31:*.zoo=01;31:*.cpio=01;31:*.7z=01;31:*.rz=01;31:*.cab=01;31:*.wim=01;31:*.swm=01;31:*.dwm=01;31:*.esd=01;31:*.jpg=01;35:*.jpeg=01;35:*.mjpg=01;35:*.mjpeg=01;35:*.gif=01;35:*.bmp=01;35:*.pbm=01;35:*.pgm=01;35:*.ppm=01;35:*.tga=01;35:*.xbm=01;35:*.xpm=01;35:*.tif=01;35:*.tiff=01;35:*.png=01;35:*.svg=01;35:*.svgz=01;35:*.mng=01;35:*.pcx=01;35:*.mov=01;35:*.mpg=01;35:*.mpeg=01;35:*.m2v=01;35:*.mkv=01;35:*.webm=01;35:*.ogm=01;35:*.mp4=01;35:*.m4v=01;35:*.mp4v=01;35:*.vob=01;35:*.qt=01;35:*.nuv=01;35:*.wmv=01;35:*.asf=01;35:*.rm=01;35:*.rmvb=01;35:*.flc=01;35:*.avi=01;35:*.fli=01;35:*.flv=01;35:*.gl=01;35:*.dl=01;35:*.xcf=01;35:*.xwd=01;35:*.yuv=01;35:*.cgm=01;35:*.emf=01;35:*.ogv=01;35:*.ogx=01;35:*.aac=00;36:*.au=00;36:*.flac=00;36:*.m4a=00;36:*.mid=00;36:*.midi=00;36:*.mka=00;36:*.mp3=00;36:*.mpc=00;36:*.ogg=00;36:*.ra=00;36:*.wav=00;36:*.oga=00;36:*.opus=00;36:*.spx=00;36:*.xspf=00;36:'), ('JETSON_SOC', 'tegra23x'), ('ROS_DOMAIN_ID', '3'), ('AMENT_PREFIX_PATH', '/home/airlab/seed25/install/mocap4r2_robot_gt_msgs:/home/airlab/seed25/install/mocap4r2_msgs:/home/airlab/seed25/ros_packages/seed_controller_ws/install/mocap_listener:/home/airlab/seed25/ros_packages/mocap4r2_ws/install/mocap4r2cli:/home/airlab/seed25/ros_packages/mocap4r2_ws/install/mocap4r2_robot_gt_msgs:/home/airlab/seed25/ros_packages/mocap4r2_ws/install/mocap4r2_marker_viz:/home/airlab/seed25/ros_packages/mocap4r2_ws/install/mocap4r2_marker_publisher:/home/airlab/seed25/ros_packages/mocap4r2_ws/install/mocap4r2_msgs:/home/airlab/seed25/ros_packages/mocap4r2_ws/install/mocap4r2_marker_viz_srvs:/home/airlab/seed25/ros_packages/mocap4r2_ws/install/mocap4r2_control:/home/airlab/seed25/ros_packages/mocap4r2_ws/install/mocap4r2_control_msgs:/opt/ros/foxy'), ('SHELL', '/bin/bash'), ('LESSCLOSE', '/usr/bin/lesspipe %s %s'), ('JETSON_CUDA_ARCH_BIN', '8.7'), ('PWD', '/home/airlab/seed25/build/mocap4r2_robot_gt'), ('LC_ALL', 'en_US.UTF-8'), ('SSH_CONNECTION', '192.168.0.60 49912 192.168.0.136 22'), ('XDG_DATA_DIRS', '/usr/local/share:/usr/share:/var/lib/snapd/desktop'), ('PYTHONPATH', '/home/airlab/seed25/install/mocap4r2_robot_gt_msgs/lib/python3.8/site-packages:/home/airlab/seed25/install/mocap4r2_msgs/lib/python3.8/site-packages:/home/airlab/seed25/ros_packages/seed_controller_ws/install/mocap_listener/lib/python3.8/site-packages:/home/airlab/seed25/ros_packages/mocap4r2_ws/install/mocap4r2cli/lib/python3.8/site-packages:/home/airlab/seed25/ros_packages/mocap4r2_ws/install/mocap4r2_robot_gt_msgs/lib/python3.8/site-packages:/home/airlab/seed25/ros_packages/mocap4r2_ws/install/mocap4r2_msgs/lib/python3.8/site-packages:/home/airlab/seed25/ros_packages/mocap4r2_ws/install/mocap4r2_marker_viz_srvs/lib/python3.8/site-packages:/home/airlab/seed25/ros_packages/mocap4r2_ws/install/mocap4r2_control_msgs/lib/python3.8/site-packages:/opt/ros/foxy/lib/python3.8/site-packages'), ('COLCON', '1'), ('JETSON_JETPACK', '5.1.5'), ('CMAKE_PREFIX_PATH', '/home/airlab/seed25/install/mocap4r2_robot_gt_msgs:/home/airlab/seed25/install/mocap4r2_msgs:/home/airlab/seed25/ros_packages/mocap4r2_ws/install/mocap4r2_robot_gt_msgs:/home/airlab/seed25/ros_packages/mocap4r2_ws/install/mocap4r2_marker_viz:/home/airlab/seed25/ros_packages/mocap4r2_ws/install/mocap4r2_marker_publisher:/home/airlab/seed25/ros_packages/mocap4r2_ws/install/mocap4r2_msgs:/home/airlab/seed25/ros_packages/mocap4r2_ws/install/mocap4r2_marker_viz_srvs:/home/airlab/seed25/ros_packages/mocap4r2_ws/install/mocap4r2_control:/home/airlab/seed25/ros_packages/mocap4r2_ws/install/mocap4r2_control_msgs:/home/airlab/seed25/ros_packages/seed_controller_ws/install/mocap_listener:/home/airlab/seed25/ros_packages/mocap4r2_ws/install/mocap4r2cli:/opt/ros/foxy'), ('JETSON_P_NUMBER', 'p3767-0000')]), 'shell': False}
[28.439395] (-) TimerEvent: {}
[28.480671] (mocap4r2_control) StdoutLine: {'line': b'\x1b[35m\x1b[1mScanning dependencies of target gtest_main\x1b[0m\n'}
[28.489183] (mocap4r2_control) StdoutLine: {'line': b'\x1b[35m\x1b[1mScanning dependencies of target mocap4r2_control\x1b[0m\n'}
[28.490990] (mocap4r2_control) StdoutLine: {'line': b'\x1b[35m\x1b[1mScanning dependencies of target gtest\x1b[0m\n'}
[28.505511] (mocap4r2_marker_publisher) StdoutLine: {'line': b'-- The C compiler identification is GNU 9.4.0\n'}
[28.526675] (mocap4r2_robot_gt) StdoutLine: {'line': b'-- The C compiler identification is GNU 9.4.0\n'}
[28.532394] (mocap4r2_control) StdoutLine: {'line': b'[  7%] \x1b[32mBuilding CXX object gtest/CMakeFiles/gtest_main.dir/src/gtest_main.cc.o\x1b[0m\n'}
[28.539572] (-) TimerEvent: {}
[28.554273] (mocap4r2_marker_viz) StdoutLine: {'line': b'-- The C compiler identification is GNU 9.4.0\n'}
[28.610689] (mocap4r2_control) StdoutLine: {'line': b'[ 14%] \x1b[32mBuilding CXX object gtest/CMakeFiles/gtest.dir/src/gtest-all.cc.o\x1b[0m\n'}
[28.639776] (-) TimerEvent: {}
[28.642648] (mocap4r2_marker_publisher) StdoutLine: {'line': b'-- The CXX compiler identification is GNU 9.4.0\n'}
[28.653485] (mocap4r2_marker_publisher) StdoutLine: {'line': b'-- Check for working C compiler: /usr/bin/cc\n'}
[28.676293] (mocap4r2_robot_gt) StdoutLine: {'line': b'-- The CXX compiler identification is GNU 9.4.0\n'}
[28.691432] (mocap4r2_robot_gt) StdoutLine: {'line': b'-- Check for working C compiler: /usr/bin/cc\n'}
[28.722262] (mocap4r2_marker_viz) StdoutLine: {'line': b'-- The CXX compiler identification is GNU 9.4.0\n'}
[28.732465] (mocap4r2_marker_viz) StdoutLine: {'line': b'-- Check for working C compiler: /usr/bin/cc\n'}
[28.739985] (-) TimerEvent: {}
[28.768877] (mocap4r2_control) StdoutLine: {'line': b'[ 21%] \x1b[32mBuilding CXX object CMakeFiles/mocap4r2_control.dir/src/mocap4r2_control/ControlledLifecycleNode.cpp.o\x1b[0m\n'}
[28.783511] (mocap4r2_control) StdoutLine: {'line': b'[ 28%] \x1b[32mBuilding CXX object CMakeFiles/mocap4r2_control.dir/src/mocap4r2_control/ControllerNode.cpp.o\x1b[0m\n'}
[28.840176] (-) TimerEvent: {}
[28.941515] (-) TimerEvent: {}
[29.004346] (mocap4r2_marker_publisher) StdoutLine: {'line': b'-- Check for working C compiler: /usr/bin/cc -- works\n'}
[29.006218] (mocap4r2_marker_publisher) StdoutLine: {'line': b'-- Detecting C compiler ABI info\n'}
[29.014847] (mocap4r2_marker_viz) StdoutLine: {'line': b'-- Check for working C compiler: /usr/bin/cc -- works\n'}
[29.017580] (mocap4r2_marker_viz) StdoutLine: {'line': b'-- Detecting C compiler ABI info\n'}
[29.041706] (-) TimerEvent: {}
[29.068394] (mocap4r2_robot_gt) StdoutLine: {'line': b'-- Check for working C compiler: /usr/bin/cc -- works\n'}
[29.070454] (mocap4r2_robot_gt) StdoutLine: {'line': b'-- Detecting C compiler ABI info\n'}
[29.141898] (-) TimerEvent: {}
[29.243216] (-) TimerEvent: {}
[29.343989] (-) TimerEvent: {}
[29.376730] (mocap4r2_marker_publisher) StdoutLine: {'line': b'-- Detecting C compiler ABI info - done\n'}
[29.393863] (mocap4r2_marker_viz) StdoutLine: {'line': b'-- Detecting C compiler ABI info - done\n'}
[29.414766] (mocap4r2_marker_publisher) StdoutLine: {'line': b'-- Detecting C compile features\n'}
[29.415670] (mocap4r2_marker_publisher) StdoutLine: {'line': b'-- Detecting C compile features - done\n'}
[29.420575] (mocap4r2_marker_viz) StdoutLine: {'line': b'-- Detecting C compile features\n'}
[29.421117] (mocap4r2_marker_viz) StdoutLine: {'line': b'-- Detecting C compile features - done\n'}
[29.426282] (mocap4r2_marker_viz) StdoutLine: {'line': b'-- Check for working CXX compiler: /usr/bin/c++\n'}
[29.428858] (mocap4r2_marker_publisher) StdoutLine: {'line': b'-- Check for working CXX compiler: /usr/bin/c++\n'}
[29.444172] (-) TimerEvent: {}
[29.470250] (mocap4r2_robot_gt) StdoutLine: {'line': b'-- Detecting C compiler ABI info - done\n'}
[29.498999] (mocap4r2_robot_gt) StdoutLine: {'line': b'-- Detecting C compile features\n'}
[29.499723] (mocap4r2_robot_gt) StdoutLine: {'line': b'-- Detecting C compile features - done\n'}
[29.504925] (mocap4r2_robot_gt) StdoutLine: {'line': b'-- Check for working CXX compiler: /usr/bin/c++\n'}
[29.544362] (-) TimerEvent: {}
[29.645809] (-) TimerEvent: {}
[29.746643] (-) TimerEvent: {}
[29.839357] (mocap4r2_marker_publisher) StdoutLine: {'line': b'-- Check for working CXX compiler: /usr/bin/c++ -- works\n'}
[29.844357] (mocap4r2_marker_publisher) StdoutLine: {'line': b'-- Detecting CXX compiler ABI info\n'}
[29.845000] (mocap4r2_marker_viz) StdoutLine: {'line': b'-- Check for working CXX compiler: /usr/bin/c++ -- works\n'}
[29.847849] (mocap4r2_marker_viz) StdoutLine: {'line': b'-- Detecting CXX compiler ABI info\n'}
[29.848208] (-) TimerEvent: {}
[29.949244] (-) TimerEvent: {}
[29.962427] (mocap4r2_robot_gt) StdoutLine: {'line': b'-- Check for working CXX compiler: /usr/bin/c++ -- works\n'}
[29.965051] (mocap4r2_robot_gt) StdoutLine: {'line': b'-- Detecting CXX compiler ABI info\n'}
[30.049454] (-) TimerEvent: {}
[30.150844] (-) TimerEvent: {}
[30.202567] (mocap4r2_marker_viz) StdoutLine: {'line': b'-- Detecting CXX compiler ABI info - done\n'}
[30.235347] (mocap4r2_marker_publisher) StdoutLine: {'line': b'-- Detecting CXX compiler ABI info - done\n'}
[30.236443] (mocap4r2_marker_viz) StdoutLine: {'line': b'-- Detecting CXX compile features\n'}
[30.237467] (mocap4r2_marker_viz) StdoutLine: {'line': b'-- Detecting CXX compile features - done\n'}
[30.251031] (-) TimerEvent: {}
[30.256134] (mocap4r2_marker_viz) StdoutLine: {'line': b'-- Found ament_cmake: 0.9.12 (/opt/ros/foxy/share/ament_cmake/cmake)\n'}
[30.280595] (mocap4r2_marker_publisher) StdoutLine: {'line': b'-- Detecting CXX compile features\n'}
[30.282598] (mocap4r2_marker_publisher) StdoutLine: {'line': b'-- Detecting CXX compile features - done\n'}
[30.297835] (mocap4r2_robot_gt) StdoutLine: {'line': b'-- Detecting CXX compiler ABI info - done\n'}
[30.298534] (mocap4r2_marker_publisher) StdoutLine: {'line': b'-- Found ament_cmake: 0.9.12 (/opt/ros/foxy/share/ament_cmake/cmake)\n'}
[30.348105] (mocap4r2_robot_gt) StdoutLine: {'line': b'-- Detecting CXX compile features\n'}
[30.349419] (mocap4r2_robot_gt) StdoutLine: {'line': b'-- Detecting CXX compile features - done\n'}
[30.351154] (-) TimerEvent: {}
[30.366315] (mocap4r2_robot_gt) StdoutLine: {'line': b'-- Found ament_cmake: 0.9.12 (/opt/ros/foxy/share/ament_cmake/cmake)\n'}
[30.441630] (mocap4r2_marker_publisher) StdoutLine: {'line': b'-- Found PythonInterp: /usr/bin/python3 (found suitable version "3.8.10", minimum required is "3") \n'}
[30.442234] (mocap4r2_marker_publisher) StdoutLine: {'line': b'-- Using PYTHON_EXECUTABLE: /usr/bin/python3\n'}
[30.442935] (mocap4r2_marker_viz) StdoutLine: {'line': b'-- Found PythonInterp: /usr/bin/python3 (found suitable version "3.8.10", minimum required is "3") \n'}
[30.443325] (mocap4r2_marker_viz) StdoutLine: {'line': b'-- Using PYTHON_EXECUTABLE: /usr/bin/python3\n'}
[30.451347] (-) TimerEvent: {}
[30.525571] (mocap4r2_robot_gt) StdoutLine: {'line': b'-- Found PythonInterp: /usr/bin/python3 (found suitable version "3.8.10", minimum required is "3") \n'}
[30.526514] (mocap4r2_robot_gt) StdoutLine: {'line': b'-- Using PYTHON_EXECUTABLE: /usr/bin/python3\n'}
[30.551486] (-) TimerEvent: {}
[30.652628] (-) TimerEvent: {}
[30.753330] (-) TimerEvent: {}
[30.854062] (-) TimerEvent: {}
[30.954782] (-) TimerEvent: {}
[31.055996] (-) TimerEvent: {}
[31.157164] (-) TimerEvent: {}
[31.258165] (mocap4r2_marker_viz) StdoutLine: {'line': b'-- Found rclcpp: 2.4.3 (/opt/ros/foxy/share/rclcpp/cmake)\n'}
[31.258712] (-) TimerEvent: {}
[31.359820] (-) TimerEvent: {}
[31.460521] (-) TimerEvent: {}
[31.489632] (mocap4r2_marker_viz) StdoutLine: {'line': b'-- Using all available rosidl_typesupport_c: rosidl_typesupport_fastrtps_c;rosidl_typesupport_introspection_c\n'}
[31.497110] (mocap4r2_control) StdoutLine: {'line': b'[ 35%] \x1b[32m\x1b[1mLinking CXX static library libgtest_main.a\x1b[0m\n'}
[31.532511] (mocap4r2_marker_viz) StdoutLine: {'line': b'-- Found rosidl_adapter: 1.3.1 (/opt/ros/foxy/share/rosidl_adapter/cmake)\n'}
[31.542909] (mocap4r2_robot_gt) StdoutLine: {'line': b'-- Found rclcpp: 2.4.3 (/opt/ros/foxy/share/rclcpp/cmake)\n'}
[31.560704] (-) TimerEvent: {}
[31.568275] (mocap4r2_marker_publisher) StdoutLine: {'line': b'-- Found rclcpp: 2.4.3 (/opt/ros/foxy/share/rclcpp/cmake)\n'}
[31.649728] (mocap4r2_control) StdoutLine: {'line': b'[ 35%] Built target gtest_main\n'}
[31.660975] (-) TimerEvent: {}
[31.682624] (mocap4r2_marker_publisher) StdoutLine: {'line': b'-- Using all available rosidl_typesupport_c: rosidl_typesupport_fastrtps_c;rosidl_typesupport_introspection_c\n'}
[31.701323] (mocap4r2_marker_publisher) StdoutLine: {'line': b'-- Found rosidl_adapter: 1.3.1 (/opt/ros/foxy/share/rosidl_adapter/cmake)\n'}
[31.701927] (mocap4r2_control) StdoutLine: {'line': b'[ 42%] \x1b[32mBuilding CXX object CMakeFiles/mocap4r2_control.dir/src/mocap4r2_control/AuxiliarNode.cpp.o\x1b[0m\n'}
[31.756101] (mocap4r2_robot_gt) StdoutLine: {'line': b'-- Using all available rosidl_typesupport_c: rosidl_typesupport_fastrtps_c;rosidl_typesupport_introspection_c\n'}
[31.766657] (-) TimerEvent: {}
[31.783870] (mocap4r2_robot_gt) StdoutLine: {'line': b'-- Found rosidl_adapter: 1.3.1 (/opt/ros/foxy/share/rosidl_adapter/cmake)\n'}
[31.866855] (-) TimerEvent: {}
[31.968086] (-) TimerEvent: {}
[32.011899] (mocap4r2_marker_viz) StdoutLine: {'line': b'-- Found OpenSSL: /usr/lib/aarch64-linux-gnu/libcrypto.so (found version "1.1.1f")  \n'}
[32.068278] (-) TimerEvent: {}
[32.156085] (mocap4r2_marker_viz) StdoutLine: {'line': b'-- Found FastRTPS: /opt/ros/foxy/include  \n'}
[32.168481] (-) TimerEvent: {}
[32.198518] (mocap4r2_marker_publisher) StdoutLine: {'line': b'-- Found OpenSSL: /usr/lib/aarch64-linux-gnu/libcrypto.so (found version "1.1.1f")  \n'}
[32.251791] (mocap4r2_robot_gt) StdoutLine: {'line': b'-- Found OpenSSL: /usr/lib/aarch64-linux-gnu/libcrypto.so (found version "1.1.1f")  \n'}
[32.268693] (-) TimerEvent: {}
[32.340768] (mocap4r2_marker_publisher) StdoutLine: {'line': b'-- Found FastRTPS: /opt/ros/foxy/include  \n'}
[32.368958] (-) TimerEvent: {}
[32.395577] (mocap4r2_robot_gt) StdoutLine: {'line': b'-- Found FastRTPS: /opt/ros/foxy/include  \n'}
[32.469168] (-) TimerEvent: {}
[32.540544] (mocap4r2_marker_viz) StdoutLine: {'line': b'-- Using all available rosidl_typesupport_cpp: rosidl_typesupport_fastrtps_cpp;rosidl_typesupport_introspection_cpp\n'}
[32.569365] (-) TimerEvent: {}
[32.670132] (-) TimerEvent: {}
[32.702265] (mocap4r2_marker_publisher) StdoutLine: {'line': b'-- Using all available rosidl_typesupport_cpp: rosidl_typesupport_fastrtps_cpp;rosidl_typesupport_introspection_cpp\n'}
[32.753987] (mocap4r2_robot_gt) StdoutLine: {'line': b'-- Using all available rosidl_typesupport_cpp: rosidl_typesupport_fastrtps_cpp;rosidl_typesupport_introspection_cpp\n'}
[32.770339] (-) TimerEvent: {}
[32.808318] (mocap4r2_marker_viz) StdoutLine: {'line': b'-- Found rmw_implementation_cmake: 1.0.4 (/opt/ros/foxy/share/rmw_implementation_cmake/cmake)\n'}
[32.828480] (mocap4r2_marker_viz) StdoutLine: {'line': b"-- Using RMW implementation 'rmw_fastrtps_cpp' as default\n"}
[32.830738] (mocap4r2_marker_viz) StdoutLine: {'line': b'-- Looking for pthread.h\n'}
[32.870546] (-) TimerEvent: {}
[32.971350] (-) TimerEvent: {}
[32.976128] (mocap4r2_marker_publisher) StdoutLine: {'line': b'-- Found rmw_implementation_cmake: 1.0.4 (/opt/ros/foxy/share/rmw_implementation_cmake/cmake)\n'}
[32.991962] (mocap4r2_marker_publisher) StdoutLine: {'line': b"-- Using RMW implementation 'rmw_fastrtps_cpp' as default\n"}
[32.994167] (mocap4r2_marker_publisher) StdoutLine: {'line': b'-- Looking for pthread.h\n'}
[33.019649] (mocap4r2_robot_gt) StdoutLine: {'line': b'-- Found rmw_implementation_cmake: 1.0.4 (/opt/ros/foxy/share/rmw_implementation_cmake/cmake)\n'}
[33.037930] (mocap4r2_robot_gt) StdoutLine: {'line': b"-- Using RMW implementation 'rmw_fastrtps_cpp' as default\n"}
[33.040454] (mocap4r2_robot_gt) StdoutLine: {'line': b'-- Looking for pthread.h\n'}
[33.071544] (-) TimerEvent: {}
[33.172327] (-) TimerEvent: {}
[33.253037] (mocap4r2_marker_viz) StdoutLine: {'line': b'-- Looking for pthread.h - found\n'}
[33.254512] (mocap4r2_marker_viz) StdoutLine: {'line': b'-- Performing Test CMAKE_HAVE_LIBC_PTHREAD\n'}
[33.272520] (-) TimerEvent: {}
[33.373310] (-) TimerEvent: {}
[33.441176] (mocap4r2_marker_publisher) StdoutLine: {'line': b'-- Looking for pthread.h - found\n'}
[33.441974] (mocap4r2_marker_publisher) StdoutLine: {'line': b'-- Performing Test CMAKE_HAVE_LIBC_PTHREAD\n'}
[33.464938] (mocap4r2_robot_gt) StdoutLine: {'line': b'-- Looking for pthread.h - found\n'}
[33.465576] (mocap4r2_robot_gt) StdoutLine: {'line': b'-- Performing Test CMAKE_HAVE_LIBC_PTHREAD\n'}
[33.473480] (-) TimerEvent: {}
[33.574672] (-) TimerEvent: {}
[33.669554] (mocap4r2_marker_viz) StdoutLine: {'line': b'-- Performing Test CMAKE_HAVE_LIBC_PTHREAD - Failed\n'}
[33.671131] (mocap4r2_marker_viz) StdoutLine: {'line': b'-- Looking for pthread_create in pthreads\n'}
[33.674799] (-) TimerEvent: {}
[33.775980] (-) TimerEvent: {}
[33.877236] (-) TimerEvent: {}
[33.880493] (mocap4r2_robot_gt) StdoutLine: {'line': b'-- Performing Test CMAKE_HAVE_LIBC_PTHREAD - Failed\n'}
[33.882347] (mocap4r2_robot_gt) StdoutLine: {'line': b'-- Looking for pthread_create in pthreads\n'}
[33.903788] (mocap4r2_marker_publisher) StdoutLine: {'line': b'-- Performing Test CMAKE_HAVE_LIBC_PTHREAD - Failed\n'}
[33.911419] (mocap4r2_marker_publisher) StdoutLine: {'line': b'-- Looking for pthread_create in pthreads\n'}
[33.977437] (-) TimerEvent: {}
[34.053542] (mocap4r2_marker_viz) StdoutLine: {'line': b'-- Looking for pthread_create in pthreads - not found\n'}
[34.054787] (mocap4r2_marker_viz) StdoutLine: {'line': b'-- Looking for pthread_create in pthread\n'}
[34.077648] (-) TimerEvent: {}
[34.178729] (-) TimerEvent: {}
[34.264398] (mocap4r2_marker_publisher) StdoutLine: {'line': b'-- Looking for pthread_create in pthreads - not found\n'}
[34.265017] (mocap4r2_marker_publisher) StdoutLine: {'line': b'-- Looking for pthread_create in pthread\n'}
[34.271636] (mocap4r2_robot_gt) StdoutLine: {'line': b'-- Looking for pthread_create in pthreads - not found\n'}
[34.272805] (mocap4r2_robot_gt) StdoutLine: {'line': b'-- Looking for pthread_create in pthread\n'}
[34.278897] (-) TimerEvent: {}
[34.380067] (-) TimerEvent: {}
[34.425665] (mocap4r2_marker_viz) StdoutLine: {'line': b'-- Looking for pthread_create in pthread - found\n'}
[34.429303] (mocap4r2_marker_viz) StdoutLine: {'line': b'-- Found Threads: TRUE  \n'}
[34.480277] (-) TimerEvent: {}
[34.563409] (mocap4r2_robot_gt) StdoutLine: {'line': b'-- Looking for pthread_create in pthread - found\n'}
[34.565645] (mocap4r2_robot_gt) StdoutLine: {'line': b'-- Found Threads: TRUE  \n'}
[34.580477] (-) TimerEvent: {}
[34.634648] (mocap4r2_marker_publisher) StdoutLine: {'line': b'-- Looking for pthread_create in pthread - found\n'}
[34.638074] (mocap4r2_marker_publisher) StdoutLine: {'line': b'-- Found Threads: TRUE  \n'}
[34.680679] (-) TimerEvent: {}
[34.781912] (-) TimerEvent: {}
[34.883241] (-) TimerEvent: {}
[34.984429] (-) TimerEvent: {}
[35.085665] (-) TimerEvent: {}
[35.090580] (mocap4r2_marker_viz) StdoutLine: {'line': b'-- Found mocap4r2_marker_viz_srvs: 0.0.7 (/home/airlab/seed25/install/mocap4r2_marker_viz_srvs/share/mocap4r2_marker_viz_srvs/cmake)\n'}
[35.185891] (-) TimerEvent: {}
[35.242602] (mocap4r2_marker_viz) StdoutLine: {'line': b'-- Found mocap4r2_msgs: 0.0.3 (/home/airlab/seed25/install/mocap4r2_msgs/share/mocap4r2_msgs/cmake)\n'}
[35.260380] (mocap4r2_robot_gt) StdoutLine: {'line': b'-- Found rclcpp_components: 2.4.3 (/opt/ros/foxy/share/rclcpp_components/cmake)\n'}
[35.286088] (-) TimerEvent: {}
[35.294475] (mocap4r2_marker_publisher) StdoutLine: {'line': b'-- Found mocap4r2_msgs: 0.0.3 (/home/airlab/seed25/install/mocap4r2_msgs/share/mocap4r2_msgs/cmake)\n'}
[35.386279] (-) TimerEvent: {}
[35.423796] (mocap4r2_robot_gt) StdoutLine: {'line': b'-- Found mocap4r2_msgs: 0.0.3 (/home/airlab/seed25/install/mocap4r2_msgs/share/mocap4r2_msgs/cmake)\n'}
[35.486489] (-) TimerEvent: {}
[35.587703] (-) TimerEvent: {}
[35.688931] (-) TimerEvent: {}
[35.724165] (mocap4r2_robot_gt) StdoutLine: {'line': b'-- Found mocap4r2_robot_gt_msgs: 0.0.7 (/home/airlab/seed25/install/mocap4r2_robot_gt_msgs/share/mocap4r2_robot_gt_msgs/cmake)\n'}
[35.789127] (-) TimerEvent: {}
[35.818440] (mocap4r2_marker_viz) StdoutLine: {'line': b'-- Found visualization_msgs: 2.0.5 (/opt/ros/foxy/share/visualization_msgs/cmake)\n'}
[35.827777] (mocap4r2_marker_publisher) StdoutLine: {'line': b'-- Found ament_lint_auto: 0.9.8 (/opt/ros/foxy/share/ament_lint_auto/cmake)\n'}
[35.889295] (-) TimerEvent: {}
[35.963615] (mocap4r2_robot_gt) StdoutLine: {'line': b'-- Found tf2_ros: 0.13.14 (/opt/ros/foxy/share/tf2_ros/cmake)\n'}
[35.989474] (-) TimerEvent: {}
[36.090676] (-) TimerEvent: {}
[36.122796] (mocap4r2_marker_viz) StdoutLine: {'line': b'-- Found ament_lint_auto: 0.9.8 (/opt/ros/foxy/share/ament_lint_auto/cmake)\n'}
[36.190849] (-) TimerEvent: {}
[36.291613] (-) TimerEvent: {}
[36.293947] (mocap4r2_marker_publisher) StdoutLine: {'line': b"-- Added test 'copyright' to check source files copyright and LICENSE\n"}
[36.308178] (mocap4r2_marker_publisher) StdoutLine: {'line': b"-- Added test 'cppcheck' to perform static code analysis on C / C++ code\n"}
[36.308790] (mocap4r2_marker_publisher) StdoutLine: {'line': b'-- Configured cppcheck include dirs: \n'}
[36.308988] (mocap4r2_marker_publisher) StdoutLine: {'line': b'-- Configured cppcheck exclude dirs and/or files: \n'}
[36.310679] (mocap4r2_marker_publisher) StdoutLine: {'line': b"-- Added test 'cpplint' to check C / C++ code against the Google style\n"}
[36.310980] (mocap4r2_marker_publisher) StdoutLine: {'line': b'-- Configured cpplint exclude dirs and/or files: \n'}
[36.312553] (mocap4r2_marker_publisher) StdoutLine: {'line': b"-- Added test 'lint_cmake' to check CMake code style\n"}
[36.314592] (mocap4r2_marker_publisher) StdoutLine: {'line': b"-- Added test 'uncrustify' to check C / C++ code style\n"}
[36.314898] (mocap4r2_marker_publisher) StdoutLine: {'line': b'-- Configured uncrustify additional arguments: \n'}
[36.315940] (mocap4r2_marker_publisher) StdoutLine: {'line': b"-- Added test 'xmllint' to check XML markup files\n"}
[36.324519] (mocap4r2_marker_publisher) StdoutLine: {'line': b'-- Configuring done\n'}
[36.369946] (mocap4r2_marker_publisher) StdoutLine: {'line': b'-- Generating done\n'}
[36.383504] (mocap4r2_marker_publisher) StdoutLine: {'line': b'-- Build files have been written to: /home/airlab/seed25/build/mocap4r2_marker_publisher\n'}
[36.391782] (-) TimerEvent: {}
[36.437051] (mocap4r2_marker_publisher) CommandEnded: {'returncode': 0}
[36.438602] (mocap4r2_marker_publisher) JobProgress: {'identifier': 'mocap4r2_marker_publisher', 'progress': 'build'}
[36.439950] (mocap4r2_marker_publisher) Command: {'cmd': ['/usr/bin/cmake', '--build', '/home/airlab/seed25/build/mocap4r2_marker_publisher', '--', '-j4', '-l4'], 'cwd': '/home/airlab/seed25/build/mocap4r2_marker_publisher', 'env': OrderedDict([('LESSOPEN', '| /usr/bin/lesspipe %s'), ('USER', 'airlab'), ('SSH_CLIENT', '192.168.0.60 49912 22'), ('XDG_SESSION_TYPE', 'tty'), ('SHLVL', '1'), ('LD_LIBRARY_PATH', '/home/airlab/seed25/install/mocap4r2_msgs/lib:/usr/local/cuda-11.4/lib64:/usr/local/cuda-11.4/lib64:/usr/local/cuda-11.4/lib64:/home/airlab/seed25/ros_packages/mocap4r2_ws/install/mocap4r2_robot_gt_msgs/lib:/home/airlab/seed25/ros_packages/mocap4r2_ws/install/mocap4r2_msgs/lib:/home/airlab/seed25/ros_packages/mocap4r2_ws/install/mocap4r2_marker_viz_srvs/lib:/home/airlab/seed25/ros_packages/mocap4r2_ws/install/mocap4r2_control/lib:/home/airlab/seed25/ros_packages/mocap4r2_ws/install/mocap4r2_control_msgs/lib:/opt/ros/foxy/opt/yaml_cpp_vendor/lib:/opt/ros/foxy/opt/rviz_ogre_vendor/lib:/opt/ros/foxy/lib/aarch64-linux-gnu:/opt/ros/foxy/lib:/usr/local/cuda-11.4/lib64'), ('MOTD_SHOWN', 'pam'), ('HOME', '/home/airlab'), ('OLDPWD', '/home/airlab/seed25/ros_packages'), ('SSH_TTY', '/dev/pts/0'), ('JETSON_L4T', '35.6.1'), ('ROS_PYTHON_VERSION', '3'), ('JETSON_MODEL', 'NVIDIA Orin NX Developer Kit'), ('DBUS_SESSION_BUS_ADDRESS', 'unix:path=/run/user/1000/bus'), ('COLCON_PREFIX_PATH', '/home/airlab/seed25/ros_packages/mocap4r2_ws/install:/home/airlab/seed25/ros_packages/seed_controller_ws/install'), ('ROS_DISTRO', 'foxy'), ('LOGNAME', 'airlab'), ('JETSON_MODULE', 'NVIDIA Jetson Orin NX (16GB ram)'), ('JETSON_SERIAL_NUMBER', '1425023203559'), ('_', '/usr/bin/colcon'), ('ROS_VERSION', '2'), ('JETSON_CODENAME', 'P3768'), ('XDG_SESSION_CLASS', 'user'), ('TERM', 'xterm'), ('XDG_SESSION_ID', '3'), ('ROS_LOCALHOST_ONLY', '0'), ('PATH', '/usr/local/cuda-11.4/bin:/usr/local/cuda-11.4/bin:/usr/local/cuda-11.4/bin:/home/airlab/.local/bin:/opt/ros/foxy/bin:/usr/local/cuda-11.4/bin:/usr/local/sbin:/usr/local/bin:/usr/sbin:/usr/bin:/sbin:/bin:/usr/games:/usr/local/games:/snap/bin'), ('XDG_RUNTIME_DIR', '/run/user/1000'), ('DISPLAY', 'localhost:10.0'), ('LANG', 'en_US.UTF-8'), ('LS_COLORS', 'rs=0:di=01;34:ln=01;36:mh=00:pi=40;33:so=01;35:do=01;35:bd=40;33;01:cd=40;33;01:or=40;31;01:mi=00:su=37;41:sg=30;43:ca=30;41:tw=30;42:ow=34;42:st=37;44:ex=01;32:*.tar=01;31:*.tgz=01;31:*.arc=01;31:*.arj=01;31:*.taz=01;31:*.lha=01;31:*.lz4=01;31:*.lzh=01;31:*.lzma=01;31:*.tlz=01;31:*.txz=01;31:*.tzo=01;31:*.t7z=01;31:*.zip=01;31:*.z=01;31:*.dz=01;31:*.gz=01;31:*.lrz=01;31:*.lz=01;31:*.lzo=01;31:*.xz=01;31:*.zst=01;31:*.tzst=01;31:*.bz2=01;31:*.bz=01;31:*.tbz=01;31:*.tbz2=01;31:*.tz=01;31:*.deb=01;31:*.rpm=01;31:*.jar=01;31:*.war=01;31:*.ear=01;31:*.sar=01;31:*.rar=01;31:*.alz=01;31:*.ace=01;31:*.zoo=01;31:*.cpio=01;31:*.7z=01;31:*.rz=01;31:*.cab=01;31:*.wim=01;31:*.swm=01;31:*.dwm=01;31:*.esd=01;31:*.jpg=01;35:*.jpeg=01;35:*.mjpg=01;35:*.mjpeg=01;35:*.gif=01;35:*.bmp=01;35:*.pbm=01;35:*.pgm=01;35:*.ppm=01;35:*.tga=01;35:*.xbm=01;35:*.xpm=01;35:*.tif=01;35:*.tiff=01;35:*.png=01;35:*.svg=01;35:*.svgz=01;35:*.mng=01;35:*.pcx=01;35:*.mov=01;35:*.mpg=01;35:*.mpeg=01;35:*.m2v=01;35:*.mkv=01;35:*.webm=01;35:*.ogm=01;35:*.mp4=01;35:*.m4v=01;35:*.mp4v=01;35:*.vob=01;35:*.qt=01;35:*.nuv=01;35:*.wmv=01;35:*.asf=01;35:*.rm=01;35:*.rmvb=01;35:*.flc=01;35:*.avi=01;35:*.fli=01;35:*.flv=01;35:*.gl=01;35:*.dl=01;35:*.xcf=01;35:*.xwd=01;35:*.yuv=01;35:*.cgm=01;35:*.emf=01;35:*.ogv=01;35:*.ogx=01;35:*.aac=00;36:*.au=00;36:*.flac=00;36:*.m4a=00;36:*.mid=00;36:*.midi=00;36:*.mka=00;36:*.mp3=00;36:*.mpc=00;36:*.ogg=00;36:*.ra=00;36:*.wav=00;36:*.oga=00;36:*.opus=00;36:*.spx=00;36:*.xspf=00;36:'), ('JETSON_SOC', 'tegra23x'), ('ROS_DOMAIN_ID', '3'), ('AMENT_PREFIX_PATH', '/home/airlab/seed25/install/mocap4r2_msgs:/home/airlab/seed25/ros_packages/seed_controller_ws/install/mocap_listener:/home/airlab/seed25/ros_packages/mocap4r2_ws/install/mocap4r2cli:/home/airlab/seed25/ros_packages/mocap4r2_ws/install/mocap4r2_robot_gt_msgs:/home/airlab/seed25/ros_packages/mocap4r2_ws/install/mocap4r2_marker_viz:/home/airlab/seed25/ros_packages/mocap4r2_ws/install/mocap4r2_marker_publisher:/home/airlab/seed25/ros_packages/mocap4r2_ws/install/mocap4r2_msgs:/home/airlab/seed25/ros_packages/mocap4r2_ws/install/mocap4r2_marker_viz_srvs:/home/airlab/seed25/ros_packages/mocap4r2_ws/install/mocap4r2_control:/home/airlab/seed25/ros_packages/mocap4r2_ws/install/mocap4r2_control_msgs:/opt/ros/foxy'), ('SHELL', '/bin/bash'), ('LESSCLOSE', '/usr/bin/lesspipe %s %s'), ('JETSON_CUDA_ARCH_BIN', '8.7'), ('PWD', '/home/airlab/seed25/build/mocap4r2_marker_publisher'), ('LC_ALL', 'en_US.UTF-8'), ('SSH_CONNECTION', '192.168.0.60 49912 192.168.0.136 22'), ('XDG_DATA_DIRS', '/usr/local/share:/usr/share:/var/lib/snapd/desktop'), ('PYTHONPATH', '/home/airlab/seed25/install/mocap4r2_msgs/lib/python3.8/site-packages:/home/airlab/seed25/ros_packages/seed_controller_ws/install/mocap_listener/lib/python3.8/site-packages:/home/airlab/seed25/ros_packages/mocap4r2_ws/install/mocap4r2cli/lib/python3.8/site-packages:/home/airlab/seed25/ros_packages/mocap4r2_ws/install/mocap4r2_robot_gt_msgs/lib/python3.8/site-packages:/home/airlab/seed25/ros_packages/mocap4r2_ws/install/mocap4r2_msgs/lib/python3.8/site-packages:/home/airlab/seed25/ros_packages/mocap4r2_ws/install/mocap4r2_marker_viz_srvs/lib/python3.8/site-packages:/home/airlab/seed25/ros_packages/mocap4r2_ws/install/mocap4r2_control_msgs/lib/python3.8/site-packages:/opt/ros/foxy/lib/python3.8/site-packages'), ('COLCON', '1'), ('JETSON_JETPACK', '5.1.5'), ('CMAKE_PREFIX_PATH', '/home/airlab/seed25/install/mocap4r2_msgs:/home/airlab/seed25/ros_packages/mocap4r2_ws/install/mocap4r2_robot_gt_msgs:/home/airlab/seed25/ros_packages/mocap4r2_ws/install/mocap4r2_marker_viz:/home/airlab/seed25/ros_packages/mocap4r2_ws/install/mocap4r2_marker_publisher:/home/airlab/seed25/ros_packages/mocap4r2_ws/install/mocap4r2_msgs:/home/airlab/seed25/ros_packages/mocap4r2_ws/install/mocap4r2_marker_viz_srvs:/home/airlab/seed25/ros_packages/mocap4r2_ws/install/mocap4r2_control:/home/airlab/seed25/ros_packages/mocap4r2_ws/install/mocap4r2_control_msgs:/home/airlab/seed25/ros_packages/seed_controller_ws/install/mocap_listener:/home/airlab/seed25/ros_packages/mocap4r2_ws/install/mocap4r2cli:/opt/ros/foxy'), ('JETSON_P_NUMBER', 'p3767-0000')]), 'shell': False}
[36.492052] (-) TimerEvent: {}
[36.593436] (-) TimerEvent: {}
[36.609736] (mocap4r2_marker_viz) StdoutLine: {'line': b"-- Added test 'cppcheck' to perform static code analysis on C / C++ code\n"}
[36.610400] (mocap4r2_marker_viz) StdoutLine: {'line': b'-- Configured cppcheck include dirs: $<BUILD_INTERFACE:/home/airlab/seed25/ros_packages/mocap4r2_ws/src/mocap4r2/mocap4r2_marker_viz/mocap4r2_marker_viz/include>\n'}
[36.610618] (mocap4r2_marker_viz) StdoutLine: {'line': b'-- Configured cppcheck exclude dirs and/or files: \n'}
[36.613231] (mocap4r2_marker_viz) StdoutLine: {'line': b"-- Added test 'cpplint' to check C / C++ code against the Google style\n"}
[36.613564] (mocap4r2_marker_viz) StdoutLine: {'line': b'-- Configured cpplint exclude dirs and/or files: \n'}
[36.614786] (mocap4r2_marker_viz) StdoutLine: {'line': b"-- Added test 'flake8' to check Python code syntax and style conventions\n"}
[36.621415] (mocap4r2_marker_viz) StdoutLine: {'line': b"-- Added test 'lint_cmake' to check CMake code style\n"}
[36.622700] (mocap4r2_marker_viz) StdoutLine: {'line': b"-- Added test 'pep257' to check Python code against some of the style conventions in PEP 257\n"}
[36.625199] (mocap4r2_marker_viz) StdoutLine: {'line': b"-- Added test 'uncrustify' to check C / C++ code style\n"}
[36.625509] (mocap4r2_marker_viz) StdoutLine: {'line': b'-- Configured uncrustify additional arguments: \n'}
[36.637500] (mocap4r2_marker_viz) StdoutLine: {'line': b"-- Added test 'xmllint' to check XML markup files\n"}
[36.650791] (mocap4r2_marker_viz) StdoutLine: {'line': b'-- Configuring done\n'}
[36.693633] (-) TimerEvent: {}
[36.705903] (mocap4r2_marker_viz) StdoutLine: {'line': b'-- Generating done\n'}
[36.717444] (mocap4r2_marker_publisher) StdoutLine: {'line': b'\x1b[35m\x1b[1mScanning dependencies of target mocap4r2_marker_publisher\x1b[0m\n'}
[36.742354] (mocap4r2_marker_viz) StdoutLine: {'line': b'-- Build files have been written to: /home/airlab/seed25/build/mocap4r2_marker_viz\n'}
[36.793827] (-) TimerEvent: {}
[36.804228] (mocap4r2_marker_viz) CommandEnded: {'returncode': 0}
[36.805921] (mocap4r2_marker_viz) JobProgress: {'identifier': 'mocap4r2_marker_viz', 'progress': 'build'}
[36.807211] (mocap4r2_marker_viz) Command: {'cmd': ['/usr/bin/cmake', '--build', '/home/airlab/seed25/build/mocap4r2_marker_viz', '--', '-j4', '-l4'], 'cwd': '/home/airlab/seed25/build/mocap4r2_marker_viz', 'env': OrderedDict([('LESSOPEN', '| /usr/bin/lesspipe %s'), ('USER', 'airlab'), ('SSH_CLIENT', '192.168.0.60 49912 22'), ('XDG_SESSION_TYPE', 'tty'), ('SHLVL', '1'), ('LD_LIBRARY_PATH', '/home/airlab/seed25/install/mocap4r2_msgs/lib:/home/airlab/seed25/install/mocap4r2_marker_viz_srvs/lib:/usr/local/cuda-11.4/lib64:/usr/local/cuda-11.4/lib64:/usr/local/cuda-11.4/lib64:/home/airlab/seed25/ros_packages/mocap4r2_ws/install/mocap4r2_robot_gt_msgs/lib:/home/airlab/seed25/ros_packages/mocap4r2_ws/install/mocap4r2_msgs/lib:/home/airlab/seed25/ros_packages/mocap4r2_ws/install/mocap4r2_marker_viz_srvs/lib:/home/airlab/seed25/ros_packages/mocap4r2_ws/install/mocap4r2_control/lib:/home/airlab/seed25/ros_packages/mocap4r2_ws/install/mocap4r2_control_msgs/lib:/opt/ros/foxy/opt/yaml_cpp_vendor/lib:/opt/ros/foxy/opt/rviz_ogre_vendor/lib:/opt/ros/foxy/lib/aarch64-linux-gnu:/opt/ros/foxy/lib:/usr/local/cuda-11.4/lib64'), ('MOTD_SHOWN', 'pam'), ('HOME', '/home/airlab'), ('OLDPWD', '/home/airlab/seed25/ros_packages'), ('SSH_TTY', '/dev/pts/0'), ('JETSON_L4T', '35.6.1'), ('ROS_PYTHON_VERSION', '3'), ('JETSON_MODEL', 'NVIDIA Orin NX Developer Kit'), ('DBUS_SESSION_BUS_ADDRESS', 'unix:path=/run/user/1000/bus'), ('COLCON_PREFIX_PATH', '/home/airlab/seed25/ros_packages/mocap4r2_ws/install:/home/airlab/seed25/ros_packages/seed_controller_ws/install'), ('ROS_DISTRO', 'foxy'), ('LOGNAME', 'airlab'), ('JETSON_MODULE', 'NVIDIA Jetson Orin NX (16GB ram)'), ('JETSON_SERIAL_NUMBER', '1425023203559'), ('_', '/usr/bin/colcon'), ('ROS_VERSION', '2'), ('JETSON_CODENAME', 'P3768'), ('XDG_SESSION_CLASS', 'user'), ('TERM', 'xterm'), ('XDG_SESSION_ID', '3'), ('ROS_LOCALHOST_ONLY', '0'), ('PATH', '/usr/local/cuda-11.4/bin:/usr/local/cuda-11.4/bin:/usr/local/cuda-11.4/bin:/home/airlab/.local/bin:/opt/ros/foxy/bin:/usr/local/cuda-11.4/bin:/usr/local/sbin:/usr/local/bin:/usr/sbin:/usr/bin:/sbin:/bin:/usr/games:/usr/local/games:/snap/bin'), ('XDG_RUNTIME_DIR', '/run/user/1000'), ('DISPLAY', 'localhost:10.0'), ('LANG', 'en_US.UTF-8'), ('LS_COLORS', 'rs=0:di=01;34:ln=01;36:mh=00:pi=40;33:so=01;35:do=01;35:bd=40;33;01:cd=40;33;01:or=40;31;01:mi=00:su=37;41:sg=30;43:ca=30;41:tw=30;42:ow=34;42:st=37;44:ex=01;32:*.tar=01;31:*.tgz=01;31:*.arc=01;31:*.arj=01;31:*.taz=01;31:*.lha=01;31:*.lz4=01;31:*.lzh=01;31:*.lzma=01;31:*.tlz=01;31:*.txz=01;31:*.tzo=01;31:*.t7z=01;31:*.zip=01;31:*.z=01;31:*.dz=01;31:*.gz=01;31:*.lrz=01;31:*.lz=01;31:*.lzo=01;31:*.xz=01;31:*.zst=01;31:*.tzst=01;31:*.bz2=01;31:*.bz=01;31:*.tbz=01;31:*.tbz2=01;31:*.tz=01;31:*.deb=01;31:*.rpm=01;31:*.jar=01;31:*.war=01;31:*.ear=01;31:*.sar=01;31:*.rar=01;31:*.alz=01;31:*.ace=01;31:*.zoo=01;31:*.cpio=01;31:*.7z=01;31:*.rz=01;31:*.cab=01;31:*.wim=01;31:*.swm=01;31:*.dwm=01;31:*.esd=01;31:*.jpg=01;35:*.jpeg=01;35:*.mjpg=01;35:*.mjpeg=01;35:*.gif=01;35:*.bmp=01;35:*.pbm=01;35:*.pgm=01;35:*.ppm=01;35:*.tga=01;35:*.xbm=01;35:*.xpm=01;35:*.tif=01;35:*.tiff=01;35:*.png=01;35:*.svg=01;35:*.svgz=01;35:*.mng=01;35:*.pcx=01;35:*.mov=01;35:*.mpg=01;35:*.mpeg=01;35:*.m2v=01;35:*.mkv=01;35:*.webm=01;35:*.ogm=01;35:*.mp4=01;35:*.m4v=01;35:*.mp4v=01;35:*.vob=01;35:*.qt=01;35:*.nuv=01;35:*.wmv=01;35:*.asf=01;35:*.rm=01;35:*.rmvb=01;35:*.flc=01;35:*.avi=01;35:*.fli=01;35:*.flv=01;35:*.gl=01;35:*.dl=01;35:*.xcf=01;35:*.xwd=01;35:*.yuv=01;35:*.cgm=01;35:*.emf=01;35:*.ogv=01;35:*.ogx=01;35:*.aac=00;36:*.au=00;36:*.flac=00;36:*.m4a=00;36:*.mid=00;36:*.midi=00;36:*.mka=00;36:*.mp3=00;36:*.mpc=00;36:*.ogg=00;36:*.ra=00;36:*.wav=00;36:*.oga=00;36:*.opus=00;36:*.spx=00;36:*.xspf=00;36:'), ('JETSON_SOC', 'tegra23x'), ('ROS_DOMAIN_ID', '3'), ('AMENT_PREFIX_PATH', '/home/airlab/seed25/install/mocap4r2_msgs:/home/airlab/seed25/install/mocap4r2_marker_viz_srvs:/home/airlab/seed25/ros_packages/seed_controller_ws/install/mocap_listener:/home/airlab/seed25/ros_packages/mocap4r2_ws/install/mocap4r2cli:/home/airlab/seed25/ros_packages/mocap4r2_ws/install/mocap4r2_robot_gt_msgs:/home/airlab/seed25/ros_packages/mocap4r2_ws/install/mocap4r2_marker_viz:/home/airlab/seed25/ros_packages/mocap4r2_ws/install/mocap4r2_marker_publisher:/home/airlab/seed25/ros_packages/mocap4r2_ws/install/mocap4r2_msgs:/home/airlab/seed25/ros_packages/mocap4r2_ws/install/mocap4r2_marker_viz_srvs:/home/airlab/seed25/ros_packages/mocap4r2_ws/install/mocap4r2_control:/home/airlab/seed25/ros_packages/mocap4r2_ws/install/mocap4r2_control_msgs:/opt/ros/foxy'), ('SHELL', '/bin/bash'), ('LESSCLOSE', '/usr/bin/lesspipe %s %s'), ('JETSON_CUDA_ARCH_BIN', '8.7'), ('PWD', '/home/airlab/seed25/build/mocap4r2_marker_viz'), ('LC_ALL', 'en_US.UTF-8'), ('SSH_CONNECTION', '192.168.0.60 49912 192.168.0.136 22'), ('XDG_DATA_DIRS', '/usr/local/share:/usr/share:/var/lib/snapd/desktop'), ('PYTHONPATH', '/home/airlab/seed25/install/mocap4r2_msgs/lib/python3.8/site-packages:/home/airlab/seed25/install/mocap4r2_marker_viz_srvs/lib/python3.8/site-packages:/home/airlab/seed25/ros_packages/seed_controller_ws/install/mocap_listener/lib/python3.8/site-packages:/home/airlab/seed25/ros_packages/mocap4r2_ws/install/mocap4r2cli/lib/python3.8/site-packages:/home/airlab/seed25/ros_packages/mocap4r2_ws/install/mocap4r2_robot_gt_msgs/lib/python3.8/site-packages:/home/airlab/seed25/ros_packages/mocap4r2_ws/install/mocap4r2_msgs/lib/python3.8/site-packages:/home/airlab/seed25/ros_packages/mocap4r2_ws/install/mocap4r2_marker_viz_srvs/lib/python3.8/site-packages:/home/airlab/seed25/ros_packages/mocap4r2_ws/install/mocap4r2_control_msgs/lib/python3.8/site-packages:/opt/ros/foxy/lib/python3.8/site-packages'), ('COLCON', '1'), ('JETSON_JETPACK', '5.1.5'), ('CMAKE_PREFIX_PATH', '/home/airlab/seed25/install/mocap4r2_msgs:/home/airlab/seed25/install/mocap4r2_marker_viz_srvs:/home/airlab/seed25/ros_packages/mocap4r2_ws/install/mocap4r2_robot_gt_msgs:/home/airlab/seed25/ros_packages/mocap4r2_ws/install/mocap4r2_marker_viz:/home/airlab/seed25/ros_packages/mocap4r2_ws/install/mocap4r2_marker_publisher:/home/airlab/seed25/ros_packages/mocap4r2_ws/install/mocap4r2_msgs:/home/airlab/seed25/ros_packages/mocap4r2_ws/install/mocap4r2_marker_viz_srvs:/home/airlab/seed25/ros_packages/mocap4r2_ws/install/mocap4r2_control:/home/airlab/seed25/ros_packages/mocap4r2_ws/install/mocap4r2_control_msgs:/home/airlab/seed25/ros_packages/seed_controller_ws/install/mocap_listener:/home/airlab/seed25/ros_packages/mocap4r2_ws/install/mocap4r2cli:/opt/ros/foxy'), ('JETSON_P_NUMBER', 'p3767-0000')]), 'shell': False}
[36.890577] (mocap4r2_marker_publisher) StdoutLine: {'line': b'[ 50%] \x1b[32mBuilding CXX object CMakeFiles/mocap4r2_marker_publisher.dir/src/mocap4r2_marker_publisher.cpp.o\x1b[0m\n'}
[36.893987] (-) TimerEvent: {}
[36.895069] (mocap4r2_robot_gt) StdoutLine: {'line': b'-- Found tf2_geometry_msgs: 0.13.14 (/opt/ros/foxy/share/tf2_geometry_msgs/cmake)\n'}
[36.940893] (mocap4r2_robot_gt) StdoutLine: {'line': b'-- Found eigen3_cmake_module: 0.1.1 (/opt/ros/foxy/share/eigen3_cmake_module/cmake)\n'}
[36.955399] (mocap4r2_robot_gt) StdoutLine: {'line': b'-- Found Eigen3: TRUE (found version "3.3.7") \n'}
[36.994198] (-) TimerEvent: {}
[37.069106] (mocap4r2_robot_gt) StdoutLine: {'line': b'-- Found ament_lint_auto: 0.9.8 (/opt/ros/foxy/share/ament_lint_auto/cmake)\n'}
[37.074220] (mocap4r2_marker_viz) StdoutLine: {'line': b'\x1b[35m\x1b[1mScanning dependencies of target mocap4r2_marker_viz_NODE\x1b[0m\n'}
[37.094410] (-) TimerEvent: {}
[37.195190] (-) TimerEvent: {}
[37.274451] (mocap4r2_marker_viz) StdoutLine: {'line': b'[ 25%] \x1b[32mBuilding CXX object CMakeFiles/mocap4r2_marker_viz_NODE.dir/src/mocap4r2_marker_viz_node.cpp.o\x1b[0m\n'}
[37.295350] (-) TimerEvent: {}
[37.396084] (-) TimerEvent: {}
[37.441928] (mocap4r2_robot_gt) StdoutLine: {'line': b"-- Added test 'cppcheck' to perform static code analysis on C / C++ code\n"}
[37.442802] (mocap4r2_robot_gt) StdoutLine: {'line': b'-- Configured cppcheck include dirs: /home/airlab/seed25/ros_packages/mocap4r2_ws/src/mocap4r2/mocap4r2_robot_gt/mocap4r2_robot_gt/include\n'}
[37.443072] (mocap4r2_robot_gt) StdoutLine: {'line': b'-- Configured cppcheck exclude dirs and/or files: \n'}
[37.445275] (mocap4r2_robot_gt) StdoutLine: {'line': b"-- Added test 'lint_cmake' to check CMake code style\n"}
[37.448285] (mocap4r2_robot_gt) StdoutLine: {'line': b"-- Added test 'uncrustify' to check C / C++ code style\n"}
[37.448598] (mocap4r2_robot_gt) StdoutLine: {'line': b'-- Configured uncrustify additional arguments: \n'}
[37.449776] (mocap4r2_robot_gt) StdoutLine: {'line': b"-- Added test 'xmllint' to check XML markup files\n"}
[37.477820] (mocap4r2_robot_gt) StdoutLine: {'line': b'-- Configuring done\n'}
[37.496281] (-) TimerEvent: {}
[37.597525] (-) TimerEvent: {}
[37.638883] (mocap4r2_robot_gt) StdoutLine: {'line': b'-- Generating done\n'}
[37.697731] (-) TimerEvent: {}
[37.698744] (mocap4r2_robot_gt) StdoutLine: {'line': b'-- Build files have been written to: /home/airlab/seed25/build/mocap4r2_robot_gt\n'}
[37.771544] (mocap4r2_robot_gt) CommandEnded: {'returncode': 0}
[37.774034] (mocap4r2_robot_gt) JobProgress: {'identifier': 'mocap4r2_robot_gt', 'progress': 'build'}
[37.774145] (mocap4r2_robot_gt) Command: {'cmd': ['/usr/bin/cmake', '--build', '/home/airlab/seed25/build/mocap4r2_robot_gt', '--', '-j4', '-l4'], 'cwd': '/home/airlab/seed25/build/mocap4r2_robot_gt', 'env': OrderedDict([('LESSOPEN', '| /usr/bin/lesspipe %s'), ('USER', 'airlab'), ('SSH_CLIENT', '192.168.0.60 49912 22'), ('XDG_SESSION_TYPE', 'tty'), ('SHLVL', '1'), ('LD_LIBRARY_PATH', '/home/airlab/seed25/install/mocap4r2_robot_gt_msgs/lib:/home/airlab/seed25/install/mocap4r2_msgs/lib:/usr/local/cuda-11.4/lib64:/usr/local/cuda-11.4/lib64:/usr/local/cuda-11.4/lib64:/home/airlab/seed25/ros_packages/mocap4r2_ws/install/mocap4r2_robot_gt_msgs/lib:/home/airlab/seed25/ros_packages/mocap4r2_ws/install/mocap4r2_msgs/lib:/home/airlab/seed25/ros_packages/mocap4r2_ws/install/mocap4r2_marker_viz_srvs/lib:/home/airlab/seed25/ros_packages/mocap4r2_ws/install/mocap4r2_control/lib:/home/airlab/seed25/ros_packages/mocap4r2_ws/install/mocap4r2_control_msgs/lib:/opt/ros/foxy/opt/yaml_cpp_vendor/lib:/opt/ros/foxy/opt/rviz_ogre_vendor/lib:/opt/ros/foxy/lib/aarch64-linux-gnu:/opt/ros/foxy/lib:/usr/local/cuda-11.4/lib64'), ('MOTD_SHOWN', 'pam'), ('HOME', '/home/airlab'), ('OLDPWD', '/home/airlab/seed25/ros_packages'), ('SSH_TTY', '/dev/pts/0'), ('JETSON_L4T', '35.6.1'), ('ROS_PYTHON_VERSION', '3'), ('JETSON_MODEL', 'NVIDIA Orin NX Developer Kit'), ('DBUS_SESSION_BUS_ADDRESS', 'unix:path=/run/user/1000/bus'), ('COLCON_PREFIX_PATH', '/home/airlab/seed25/ros_packages/mocap4r2_ws/install:/home/airlab/seed25/ros_packages/seed_controller_ws/install'), ('ROS_DISTRO', 'foxy'), ('LOGNAME', 'airlab'), ('JETSON_MODULE', 'NVIDIA Jetson Orin NX (16GB ram)'), ('JETSON_SERIAL_NUMBER', '1425023203559'), ('_', '/usr/bin/colcon'), ('ROS_VERSION', '2'), ('JETSON_CODENAME', 'P3768'), ('XDG_SESSION_CLASS', 'user'), ('TERM', 'xterm'), ('XDG_SESSION_ID', '3'), ('ROS_LOCALHOST_ONLY', '0'), ('PATH', '/usr/local/cuda-11.4/bin:/usr/local/cuda-11.4/bin:/usr/local/cuda-11.4/bin:/home/airlab/.local/bin:/opt/ros/foxy/bin:/usr/local/cuda-11.4/bin:/usr/local/sbin:/usr/local/bin:/usr/sbin:/usr/bin:/sbin:/bin:/usr/games:/usr/local/games:/snap/bin'), ('XDG_RUNTIME_DIR', '/run/user/1000'), ('DISPLAY', 'localhost:10.0'), ('LANG', 'en_US.UTF-8'), ('LS_COLORS', 'rs=0:di=01;34:ln=01;36:mh=00:pi=40;33:so=01;35:do=01;35:bd=40;33;01:cd=40;33;01:or=40;31;01:mi=00:su=37;41:sg=30;43:ca=30;41:tw=30;42:ow=34;42:st=37;44:ex=01;32:*.tar=01;31:*.tgz=01;31:*.arc=01;31:*.arj=01;31:*.taz=01;31:*.lha=01;31:*.lz4=01;31:*.lzh=01;31:*.lzma=01;31:*.tlz=01;31:*.txz=01;31:*.tzo=01;31:*.t7z=01;31:*.zip=01;31:*.z=01;31:*.dz=01;31:*.gz=01;31:*.lrz=01;31:*.lz=01;31:*.lzo=01;31:*.xz=01;31:*.zst=01;31:*.tzst=01;31:*.bz2=01;31:*.bz=01;31:*.tbz=01;31:*.tbz2=01;31:*.tz=01;31:*.deb=01;31:*.rpm=01;31:*.jar=01;31:*.war=01;31:*.ear=01;31:*.sar=01;31:*.rar=01;31:*.alz=01;31:*.ace=01;31:*.zoo=01;31:*.cpio=01;31:*.7z=01;31:*.rz=01;31:*.cab=01;31:*.wim=01;31:*.swm=01;31:*.dwm=01;31:*.esd=01;31:*.jpg=01;35:*.jpeg=01;35:*.mjpg=01;35:*.mjpeg=01;35:*.gif=01;35:*.bmp=01;35:*.pbm=01;35:*.pgm=01;35:*.ppm=01;35:*.tga=01;35:*.xbm=01;35:*.xpm=01;35:*.tif=01;35:*.tiff=01;35:*.png=01;35:*.svg=01;35:*.svgz=01;35:*.mng=01;35:*.pcx=01;35:*.mov=01;35:*.mpg=01;35:*.mpeg=01;35:*.m2v=01;35:*.mkv=01;35:*.webm=01;35:*.ogm=01;35:*.mp4=01;35:*.m4v=01;35:*.mp4v=01;35:*.vob=01;35:*.qt=01;35:*.nuv=01;35:*.wmv=01;35:*.asf=01;35:*.rm=01;35:*.rmvb=01;35:*.flc=01;35:*.avi=01;35:*.fli=01;35:*.flv=01;35:*.gl=01;35:*.dl=01;35:*.xcf=01;35:*.xwd=01;35:*.yuv=01;35:*.cgm=01;35:*.emf=01;35:*.ogv=01;35:*.ogx=01;35:*.aac=00;36:*.au=00;36:*.flac=00;36:*.m4a=00;36:*.mid=00;36:*.midi=00;36:*.mka=00;36:*.mp3=00;36:*.mpc=00;36:*.ogg=00;36:*.ra=00;36:*.wav=00;36:*.oga=00;36:*.opus=00;36:*.spx=00;36:*.xspf=00;36:'), ('JETSON_SOC', 'tegra23x'), ('ROS_DOMAIN_ID', '3'), ('AMENT_PREFIX_PATH', '/home/airlab/seed25/install/mocap4r2_robot_gt_msgs:/home/airlab/seed25/install/mocap4r2_msgs:/home/airlab/seed25/ros_packages/seed_controller_ws/install/mocap_listener:/home/airlab/seed25/ros_packages/mocap4r2_ws/install/mocap4r2cli:/home/airlab/seed25/ros_packages/mocap4r2_ws/install/mocap4r2_robot_gt_msgs:/home/airlab/seed25/ros_packages/mocap4r2_ws/install/mocap4r2_marker_viz:/home/airlab/seed25/ros_packages/mocap4r2_ws/install/mocap4r2_marker_publisher:/home/airlab/seed25/ros_packages/mocap4r2_ws/install/mocap4r2_msgs:/home/airlab/seed25/ros_packages/mocap4r2_ws/install/mocap4r2_marker_viz_srvs:/home/airlab/seed25/ros_packages/mocap4r2_ws/install/mocap4r2_control:/home/airlab/seed25/ros_packages/mocap4r2_ws/install/mocap4r2_control_msgs:/opt/ros/foxy'), ('SHELL', '/bin/bash'), ('LESSCLOSE', '/usr/bin/lesspipe %s %s'), ('JETSON_CUDA_ARCH_BIN', '8.7'), ('PWD', '/home/airlab/seed25/build/mocap4r2_robot_gt'), ('LC_ALL', 'en_US.UTF-8'), ('SSH_CONNECTION', '192.168.0.60 49912 192.168.0.136 22'), ('XDG_DATA_DIRS', '/usr/local/share:/usr/share:/var/lib/snapd/desktop'), ('PYTHONPATH', '/home/airlab/seed25/install/mocap4r2_robot_gt_msgs/lib/python3.8/site-packages:/home/airlab/seed25/install/mocap4r2_msgs/lib/python3.8/site-packages:/home/airlab/seed25/ros_packages/seed_controller_ws/install/mocap_listener/lib/python3.8/site-packages:/home/airlab/seed25/ros_packages/mocap4r2_ws/install/mocap4r2cli/lib/python3.8/site-packages:/home/airlab/seed25/ros_packages/mocap4r2_ws/install/mocap4r2_robot_gt_msgs/lib/python3.8/site-packages:/home/airlab/seed25/ros_packages/mocap4r2_ws/install/mocap4r2_msgs/lib/python3.8/site-packages:/home/airlab/seed25/ros_packages/mocap4r2_ws/install/mocap4r2_marker_viz_srvs/lib/python3.8/site-packages:/home/airlab/seed25/ros_packages/mocap4r2_ws/install/mocap4r2_control_msgs/lib/python3.8/site-packages:/opt/ros/foxy/lib/python3.8/site-packages'), ('COLCON', '1'), ('JETSON_JETPACK', '5.1.5'), ('CMAKE_PREFIX_PATH', '/home/airlab/seed25/install/mocap4r2_robot_gt_msgs:/home/airlab/seed25/install/mocap4r2_msgs:/home/airlab/seed25/ros_packages/mocap4r2_ws/install/mocap4r2_robot_gt_msgs:/home/airlab/seed25/ros_packages/mocap4r2_ws/install/mocap4r2_marker_viz:/home/airlab/seed25/ros_packages/mocap4r2_ws/install/mocap4r2_marker_publisher:/home/airlab/seed25/ros_packages/mocap4r2_ws/install/mocap4r2_msgs:/home/airlab/seed25/ros_packages/mocap4r2_ws/install/mocap4r2_marker_viz_srvs:/home/airlab/seed25/ros_packages/mocap4r2_ws/install/mocap4r2_control:/home/airlab/seed25/ros_packages/mocap4r2_ws/install/mocap4r2_control_msgs:/home/airlab/seed25/ros_packages/seed_controller_ws/install/mocap_listener:/home/airlab/seed25/ros_packages/mocap4r2_ws/install/mocap4r2cli:/opt/ros/foxy'), ('JETSON_P_NUMBER', 'p3767-0000')]), 'shell': False}
[37.797933] (-) TimerEvent: {}
[37.899242] (-) TimerEvent: {}
[38.000502] (-) TimerEvent: {}
[38.059241] (mocap4r2_robot_gt) StdoutLine: {'line': b'\x1b[35m\x1b[1mScanning dependencies of target set_gt_component\x1b[0m\n'}
[38.092146] (mocap4r2_robot_gt) StdoutLine: {'line': b'\x1b[35m\x1b[1mScanning dependencies of target gt_component\x1b[0m\n'}
[38.100696] (-) TimerEvent: {}
[38.201902] (-) TimerEvent: {}
[38.303150] (-) TimerEvent: {}
[38.311645] (mocap4r2_robot_gt) StdoutLine: {'line': b'[ 12%] \x1b[32mBuilding CXX object CMakeFiles/set_gt_component.dir/src/mocap4r2_robot_gt/set_gt_component.cpp.o\x1b[0m\n'}
[38.330570] (mocap4r2_robot_gt) StdoutLine: {'line': b'[ 25%] \x1b[32mBuilding CXX object CMakeFiles/gt_component.dir/src/mocap4r2_robot_gt/gt_component.cpp.o\x1b[0m\n'}
[38.403346] (-) TimerEvent: {}
[38.504154] (-) TimerEvent: {}
[38.604968] (-) TimerEvent: {}
[38.705779] (-) TimerEvent: {}
[38.806603] (-) TimerEvent: {}
[38.872335] (mocap4r2_robot_gt) StderrLine: {'line': b'\x1b[01m\x1b[K/home/airlab/seed25/ros_packages/mocap4r2_ws/src/mocap4r2/mocap4r2_robot_gt/mocap4r2_robot_gt/src/mocap4r2_robot_gt/gt_component.cpp:20:10:\x1b[m\x1b[K \x1b[01;31m\x1b[Kfatal error: \x1b[m\x1b[Ktf2_geometry_msgs/tf2_geometry_msgs.hpp: No such file or directory\n'}
[38.873031] (mocap4r2_robot_gt) StderrLine: {'line': b'   20 | #include \x1b[01;31m\x1b[K<tf2_geometry_msgs/tf2_geometry_msgs.hpp>\x1b[m\x1b[K\n'}
[38.873219] (mocap4r2_robot_gt) StderrLine: {'line': b'      |          \x1b[01;31m\x1b[K^~~~~~~~~~~~~~~~~~~~~~~~~~~~~~~~~~~~~~~~~\x1b[m\x1b[K\n'}
[38.873364] (mocap4r2_robot_gt) StderrLine: {'line': b'compilation terminated.\n'}
[38.876574] (mocap4r2_robot_gt) StderrLine: {'line': b'make[2]: *** [CMakeFiles/gt_component.dir/build.make:63: CMakeFiles/gt_component.dir/src/mocap4r2_robot_gt/gt_component.cpp.o] Error 1\n'}
[38.877271] (mocap4r2_robot_gt) StderrLine: {'line': b'make[1]: *** [CMakeFiles/Makefile2:165: CMakeFiles/gt_component.dir/all] Error 2\n'}
[38.877650] (mocap4r2_robot_gt) StderrLine: {'line': b'make[1]: *** Waiting for unfinished jobs....\n'}
[38.906791] (-) TimerEvent: {}
[39.008053] (-) TimerEvent: {}
[39.109378] (-) TimerEvent: {}
[39.210756] (-) TimerEvent: {}
[39.312101] (-) TimerEvent: {}
[39.413907] (-) TimerEvent: {}
[39.515214] (-) TimerEvent: {}
[39.616043] (-) TimerEvent: {}
[39.716869] (-) TimerEvent: {}
[39.818152] (-) TimerEvent: {}
[39.919434] (-) TimerEvent: {}
[40.020704] (-) TimerEvent: {}
[40.121978] (-) TimerEvent: {}
[40.223267] (-) TimerEvent: {}
[40.324596] (-) TimerEvent: {}
[40.425928] (-) TimerEvent: {}
[40.527249] (-) TimerEvent: {}
[40.628459] (-) TimerEvent: {}
[40.729283] (-) TimerEvent: {}
[40.830635] (-) TimerEvent: {}
[40.931894] (-) TimerEvent: {}
[41.033154] (-) TimerEvent: {}
[41.134406] (-) TimerEvent: {}
[41.235678] (-) TimerEvent: {}
[41.336936] (-) TimerEvent: {}
[41.438190] (-) TimerEvent: {}
[41.539466] (-) TimerEvent: {}
[41.640685] (-) TimerEvent: {}
[41.741493] (-) TimerEvent: {}
[41.842303] (-) TimerEvent: {}
[41.943162] (-) TimerEvent: {}
[42.043966] (-) TimerEvent: {}
[42.145247] (-) TimerEvent: {}
[42.246504] (-) TimerEvent: {}
[42.268057] (mocap4r2_control) StdoutLine: {'line': b'[ 50%] \x1b[32m\x1b[1mLinking CXX static library libgtest.a\x1b[0m\n'}
[42.346709] (-) TimerEvent: {}
[42.447491] (-) TimerEvent: {}
[42.548239] (-) TimerEvent: {}
[42.589422] (mocap4r2_control) StdoutLine: {'line': b'[ 50%] Built target gtest\n'}
[42.648427] (-) TimerEvent: {}
[42.749815] (-) TimerEvent: {}
[42.850716] (-) TimerEvent: {}
[42.952082] (-) TimerEvent: {}
[43.053336] (-) TimerEvent: {}
[43.154608] (-) TimerEvent: {}
[43.256003] (-) TimerEvent: {}
[43.357387] (-) TimerEvent: {}
[43.458680] (-) TimerEvent: {}
[43.560031] (-) TimerEvent: {}
[43.661391] (-) TimerEvent: {}
[43.762932] (-) TimerEvent: {}
[43.864079] (-) TimerEvent: {}
[43.965464] (-) TimerEvent: {}
[44.066850] (-) TimerEvent: {}
[44.168109] (-) TimerEvent: {}
[44.269373] (-) TimerEvent: {}
[44.370772] (-) TimerEvent: {}
[44.472227] (-) TimerEvent: {}
[44.573643] (-) TimerEvent: {}
[44.674949] (-) TimerEvent: {}
[44.776296] (-) TimerEvent: {}
[44.877620] (-) TimerEvent: {}
[44.978966] (-) TimerEvent: {}
[45.080329] (-) TimerEvent: {}
[45.181593] (-) TimerEvent: {}
[45.282950] (-) TimerEvent: {}
[45.384328] (-) TimerEvent: {}
[45.485710] (-) TimerEvent: {}
[45.587221] (-) TimerEvent: {}
[45.688588] (-) TimerEvent: {}
[45.789833] (-) TimerEvent: {}
[45.891223] (-) TimerEvent: {}
[45.992233] (-) TimerEvent: {}
[46.093058] (-) TimerEvent: {}
[46.193895] (-) TimerEvent: {}
[46.295314] (-) TimerEvent: {}
[46.396693] (-) TimerEvent: {}
[46.498065] (-) TimerEvent: {}
[46.599501] (-) TimerEvent: {}
[46.700917] (-) TimerEvent: {}
[46.802282] (-) TimerEvent: {}
[46.903683] (-) TimerEvent: {}
[47.005057] (-) TimerEvent: {}
[47.106722] (-) TimerEvent: {}
[47.207524] (-) TimerEvent: {}
[47.308351] (-) TimerEvent: {}
[47.409167] (-) TimerEvent: {}
[47.509993] (-) TimerEvent: {}
[47.610842] (-) TimerEvent: {}
[47.711694] (-) TimerEvent: {}
[47.812510] (-) TimerEvent: {}
[47.912772] (mocap4r2_robot_gt) StdoutLine: {'line': b'[ 37%] \x1b[32m\x1b[1mLinking CXX shared library libset_gt_component.so\x1b[0m\n'}
[47.913324] (-) TimerEvent: {}
[48.013974] (-) TimerEvent: {}
[48.114730] (-) TimerEvent: {}
[48.215501] (-) TimerEvent: {}
[48.286840] (mocap4r2_marker_publisher) StdoutLine: {'line': b'[100%] \x1b[32m\x1b[1mLinking CXX executable mocap4r2_marker_publisher\x1b[0m\n'}
[48.315685] (-) TimerEvent: {}
[48.339385] (mocap4r2_robot_gt) StdoutLine: {'line': b'[ 37%] Built target set_gt_component\n'}
[48.341893] (mocap4r2_robot_gt) StderrLine: {'line': b'make: *** [Makefile:141: all] Error 2\n'}
[48.356692] (mocap4r2_robot_gt) CommandEnded: {'returncode': 2}
[48.365457] (mocap4r2_robot_gt) JobEnded: {'identifier': 'mocap4r2_robot_gt', 'rc': 2}
[48.415871] (-) TimerEvent: {}
[48.517199] (-) TimerEvent: {}
[48.618387] (-) TimerEvent: {}
[48.642682] (mocap4r2_marker_publisher) StdoutLine: {'line': b'[100%] Built target mocap4r2_marker_publisher\n'}
[48.669108] (mocap4r2_marker_publisher) JobEnded: {'identifier': 'mocap4r2_marker_publisher', 'rc': 'SIGINT'}
[48.718539] (-) TimerEvent: {}
[48.819226] (-) TimerEvent: {}
[48.919973] (-) TimerEvent: {}
[49.020710] (-) TimerEvent: {}
[49.121455] (-) TimerEvent: {}
[49.222191] (-) TimerEvent: {}
[49.313009] (mocap4r2_control) StdoutLine: {'line': b'[ 57%] \x1b[32m\x1b[1mLinking CXX shared library libmocap4r2_control.so\x1b[0m\n'}
[49.322334] (-) TimerEvent: {}
[49.423035] (-) TimerEvent: {}
[49.523791] (-) TimerEvent: {}
[49.624555] (-) TimerEvent: {}
[49.725373] (-) TimerEvent: {}
[49.826147] (-) TimerEvent: {}
[49.927128] (-) TimerEvent: {}
[50.027863] (-) TimerEvent: {}
[50.036359] (mocap4r2_control) StdoutLine: {'line': b'[ 57%] Built target mocap4r2_control\n'}
[50.060896] (mocap4r2_control) StdoutLine: {'line': b'\x1b[35m\x1b[1mScanning dependencies of target auxiliar_main\x1b[0m\n'}
[50.061430] (mocap4r2_control) StdoutLine: {'line': b'\x1b[35m\x1b[1mScanning dependencies of target test_auxiliar\x1b[0m\n'}
[50.128044] (-) TimerEvent: {}
[50.144264] (mocap4r2_control) StdoutLine: {'line': b'[ 64%] \x1b[32mBuilding CXX object CMakeFiles/auxiliar_main.dir/src/auxiliar_main.cpp.o\x1b[0m\n'}
[50.163858] (mocap4r2_control) StdoutLine: {'line': b'[ 71%] \x1b[32mBuilding CXX object test/CMakeFiles/test_auxiliar.dir/test_auxiliar.cpp.o\x1b[0m\n'}
[50.228231] (-) TimerEvent: {}
[50.329484] (-) TimerEvent: {}
[50.430760] (-) TimerEvent: {}
[50.531968] (-) TimerEvent: {}
[50.633138] (-) TimerEvent: {}
[50.734436] (-) TimerEvent: {}
[50.835773] (-) TimerEvent: {}
[50.937028] (-) TimerEvent: {}
[51.038383] (-) TimerEvent: {}
[51.139619] (-) TimerEvent: {}
[51.240958] (-) TimerEvent: {}
[51.342234] (-) TimerEvent: {}
[51.443689] (-) TimerEvent: {}
[51.544940] (-) TimerEvent: {}
[51.646273] (-) TimerEvent: {}
[51.747692] (-) TimerEvent: {}
[51.848989] (-) TimerEvent: {}
[51.950442] (-) TimerEvent: {}
[52.051858] (-) TimerEvent: {}
[52.153458] (-) TimerEvent: {}
[52.254154] (-) TimerEvent: {}
[52.355604] (-) TimerEvent: {}
[52.456784] (-) TimerEvent: {}
[52.558117] (-) TimerEvent: {}
[52.659492] (-) TimerEvent: {}
[52.760708] (-) TimerEvent: {}
[52.861907] (-) TimerEvent: {}
[52.963214] (-) TimerEvent: {}
[53.064397] (-) TimerEvent: {}
[53.165590] (-) TimerEvent: {}
[53.266905] (-) TimerEvent: {}
[53.368261] (-) TimerEvent: {}
[53.469430] (-) TimerEvent: {}
[53.570793] (-) TimerEvent: {}
[53.672115] (-) TimerEvent: {}
[53.773302] (-) TimerEvent: {}
[53.874605] (-) TimerEvent: {}
[53.975853] (-) TimerEvent: {}
[54.077134] (-) TimerEvent: {}
[54.178304] (-) TimerEvent: {}
[54.279608] (-) TimerEvent: {}
[54.380817] (-) TimerEvent: {}
[54.482101] (-) TimerEvent: {}
[54.583262] (-) TimerEvent: {}
[54.683839] (mocap4r2_control) StdoutLine: {'line': b'[ 78%] \x1b[32m\x1b[1mLinking CXX executable auxiliar_main\x1b[0m\n'}
[54.684382] (-) TimerEvent: {}
[54.785450] (-) TimerEvent: {}
[54.886831] (-) TimerEvent: {}
[54.988074] (-) TimerEvent: {}
[55.069069] (mocap4r2_control) StdoutLine: {'line': b'[ 78%] Built target auxiliar_main\n'}
[55.088263] (-) TimerEvent: {}
[55.094498] (mocap4r2_control) StdoutLine: {'line': b'\x1b[35m\x1b[1mScanning dependencies of target test_control\x1b[0m\n'}
[55.186274] (mocap4r2_control) StdoutLine: {'line': b'[ 85%] \x1b[32mBuilding CXX object test/CMakeFiles/test_control.dir/test_control.cpp.o\x1b[0m\n'}
[55.188372] (-) TimerEvent: {}
[55.289445] (-) TimerEvent: {}
[55.390641] (-) TimerEvent: {}
[55.491868] (-) TimerEvent: {}
[55.593047] (-) TimerEvent: {}
[55.694236] (-) TimerEvent: {}
[55.795489] (-) TimerEvent: {}
[55.896625] (-) TimerEvent: {}
[55.997776] (-) TimerEvent: {}
[56.098905] (-) TimerEvent: {}
[56.200105] (-) TimerEvent: {}
[56.302383] (-) TimerEvent: {}
[56.403695] (-) TimerEvent: {}
[56.504881] (-) TimerEvent: {}
[56.606111] (-) TimerEvent: {}
[56.701386] (mocap4r2_marker_viz) StdoutLine: {'line': b'[ 50%] \x1b[32m\x1b[1mLinking CXX static library libmocap4r2_marker_viz_NODE.a\x1b[0m\n'}
[56.706253] (-) TimerEvent: {}
[56.807483] (-) TimerEvent: {}
[56.908643] (-) TimerEvent: {}
[56.912615] (mocap4r2_marker_viz) StdoutLine: {'line': b'[ 50%] Built target mocap4r2_marker_viz_NODE\n'}
[56.938119] (mocap4r2_marker_viz) StdoutLine: {'line': b'\x1b[35m\x1b[1mScanning dependencies of target mocap4r2_marker_viz\x1b[0m\n'}
[57.008842] (-) TimerEvent: {}
[57.023287] (mocap4r2_marker_viz) StdoutLine: {'line': b'[ 75%] \x1b[32mBuilding CXX object CMakeFiles/mocap4r2_marker_viz.dir/src/mocap4r2_marker_viz_main.cpp.o\x1b[0m\n'}
[57.109022] (-) TimerEvent: {}
[57.210237] (-) TimerEvent: {}
[57.311546] (-) TimerEvent: {}
[57.412737] (-) TimerEvent: {}
[57.513923] (-) TimerEvent: {}
[57.615189] (-) TimerEvent: {}
[57.716416] (-) TimerEvent: {}
[57.817533] (-) TimerEvent: {}
[57.918759] (-) TimerEvent: {}
[58.020004] (-) TimerEvent: {}
[58.121228] (-) TimerEvent: {}
[58.222446] (-) TimerEvent: {}
[58.323702] (-) TimerEvent: {}
[58.424939] (-) TimerEvent: {}
[58.526222] (-) TimerEvent: {}
[58.627458] (-) TimerEvent: {}
[58.728620] (-) TimerEvent: {}
[58.829792] (-) TimerEvent: {}
[58.930969] (-) TimerEvent: {}
[59.032153] (-) TimerEvent: {}
[59.133295] (-) TimerEvent: {}
[59.234463] (-) TimerEvent: {}
[59.335692] (-) TimerEvent: {}
[59.436909] (-) TimerEvent: {}
[59.538048] (-) TimerEvent: {}
[59.639244] (-) TimerEvent: {}
[59.740391] (-) TimerEvent: {}
[59.841554] (-) TimerEvent: {}
[59.942767] (-) TimerEvent: {}
[60.043982] (-) TimerEvent: {}
[60.145160] (-) TimerEvent: {}
[60.246333] (-) TimerEvent: {}
[60.347547] (-) TimerEvent: {}
[60.448744] (-) TimerEvent: {}
[60.549944] (-) TimerEvent: {}
[60.651169] (-) TimerEvent: {}
[60.752340] (-) TimerEvent: {}
[60.853545] (-) TimerEvent: {}
[60.954718] (-) TimerEvent: {}
[61.055858] (-) TimerEvent: {}
[61.157019] (-) TimerEvent: {}
[61.258197] (-) TimerEvent: {}
[61.359448] (-) TimerEvent: {}
[61.460614] (-) TimerEvent: {}
[61.561737] (-) TimerEvent: {}
[61.662903] (-) TimerEvent: {}
[61.764109] (-) TimerEvent: {}
[61.865282] (-) TimerEvent: {}
[61.966481] (-) TimerEvent: {}
[61.997693] (mocap4r2_marker_viz) StdoutLine: {'line': b'[100%] \x1b[32m\x1b[1mLinking CXX executable mocap4r2_marker_viz\x1b[0m\n'}
[62.066691] (-) TimerEvent: {}
[62.167944] (-) TimerEvent: {}
[62.269328] (-) TimerEvent: {}
[62.370697] (-) TimerEvent: {}
[62.471994] (-) TimerEvent: {}
[62.572713] (-) TimerEvent: {}
[62.673960] (-) TimerEvent: {}
[62.751739] (mocap4r2_marker_viz) StdoutLine: {'line': b'[100%] Built target mocap4r2_marker_viz\n'}
[62.774129] (-) TimerEvent: {}
[62.780656] (mocap4r2_marker_viz) JobEnded: {'identifier': 'mocap4r2_marker_viz', 'rc': 'SIGINT'}
[62.874298] (-) TimerEvent: {}
[62.974951] (-) TimerEvent: {}
[63.075590] (-) TimerEvent: {}
[63.176265] (-) TimerEvent: {}
[63.276851] (-) TimerEvent: {}
[63.377886] (-) TimerEvent: {}
[63.478586] (-) TimerEvent: {}
[63.579253] (-) TimerEvent: {}
[63.585089] (mocap4r2_control) StdoutLine: {'line': b'[ 92%] \x1b[32m\x1b[1mLinking CXX executable test_auxiliar\x1b[0m\n'}
[63.679662] (-) TimerEvent: {}
[63.780389] (-) TimerEvent: {}
[63.881143] (-) TimerEvent: {}
[63.981921] (-) TimerEvent: {}
[64.082650] (-) TimerEvent: {}
[64.183426] (-) TimerEvent: {}
[64.284189] (-) TimerEvent: {}
[64.360126] (mocap4r2_control) StdoutLine: {'line': b'[ 92%] Built target test_auxiliar\n'}
[64.384314] (-) TimerEvent: {}
[64.484964] (-) TimerEvent: {}
[64.585692] (-) TimerEvent: {}
[64.686431] (-) TimerEvent: {}
[64.787190] (-) TimerEvent: {}
[64.887986] (-) TimerEvent: {}
[64.988735] (-) TimerEvent: {}
[65.089468] (-) TimerEvent: {}
[65.190247] (-) TimerEvent: {}
[65.290953] (-) TimerEvent: {}
[65.391645] (-) TimerEvent: {}
[65.492337] (-) TimerEvent: {}
[65.593034] (-) TimerEvent: {}
[65.693723] (-) TimerEvent: {}
[65.794392] (-) TimerEvent: {}
[65.895283] (-) TimerEvent: {}
[65.995956] (-) TimerEvent: {}
[66.096631] (-) TimerEvent: {}
[66.197290] (-) TimerEvent: {}
[66.297943] (-) TimerEvent: {}
[66.398602] (-) TimerEvent: {}
[66.499278] (-) TimerEvent: {}
[66.599925] (-) TimerEvent: {}
[66.700595] (-) TimerEvent: {}
[66.801462] (-) TimerEvent: {}
[66.902344] (-) TimerEvent: {}
[67.003012] (-) TimerEvent: {}
[67.103692] (-) TimerEvent: {}
[67.204340] (-) TimerEvent: {}
[67.305005] (-) TimerEvent: {}
[67.405664] (-) TimerEvent: {}
[67.506312] (-) TimerEvent: {}
[67.606951] (-) TimerEvent: {}
[67.707634] (-) TimerEvent: {}
[67.808285] (-) TimerEvent: {}
[67.908944] (-) TimerEvent: {}
[68.009583] (-) TimerEvent: {}
[68.110416] (-) TimerEvent: {}
[68.211069] (-) TimerEvent: {}
[68.311743] (-) TimerEvent: {}
[68.412415] (-) TimerEvent: {}
[68.513107] (-) TimerEvent: {}
[68.613781] (-) TimerEvent: {}
[68.714453] (-) TimerEvent: {}
[68.815163] (-) TimerEvent: {}
[68.915866] (-) TimerEvent: {}
[69.016565] (-) TimerEvent: {}
[69.117471] (-) TimerEvent: {}
[69.218158] (-) TimerEvent: {}
[69.318828] (-) TimerEvent: {}
[69.419561] (-) TimerEvent: {}
[69.520317] (-) TimerEvent: {}
[69.621070] (-) TimerEvent: {}
[69.628377] (mocap4r2_control) StdoutLine: {'line': b'[100%] \x1b[32m\x1b[1mLinking CXX executable test_control\x1b[0m\n'}
[69.721244] (-) TimerEvent: {}
[69.821991] (-) TimerEvent: {}
[69.922818] (-) TimerEvent: {}
[70.023678] (-) TimerEvent: {}
[70.124436] (-) TimerEvent: {}
[70.225180] (-) TimerEvent: {}
[70.325968] (-) TimerEvent: {}
[70.416421] (mocap4r2_control) StdoutLine: {'line': b'[100%] Built target test_control\n'}
[70.426082] (-) TimerEvent: {}
[70.441936] (mocap4r2_control) JobEnded: {'identifier': 'mocap4r2_control', 'rc': 'SIGINT'}
[70.453744] (mocap_listener) JobSkipped: {'identifier': 'mocap_listener'}
[70.454002] (mocap4r2_dummy_driver) JobSkipped: {'identifier': 'mocap4r2_dummy_driver'}
[70.454142] (mocap4r2_optitrack_driver) JobSkipped: {'identifier': 'mocap4r2_optitrack_driver'}
[70.454242] (rqt_mocap4r2_control) JobSkipped: {'identifier': 'rqt_mocap4r2_control'}
[70.454321] (-) EventReactorShutdown: {}
