[0.463s] DEBUG:colcon:Command line arguments: ['/usr/bin/colcon', 'build']
[0.463s] DEBUG:colcon:Parsed command line arguments: Namespace(allow_overriding=[], ament_cmake_args=None, base_paths=['.'], build_base='build', catkin_cmake_args=None, catkin_skip_building_tests=False, cmake_args=None, cmake_clean_cache=False, cmake_clean_first=False, cmake_force_configure=False, cmake_target=None, cmake_target_skip_unavailable=False, continue_on_error=False, event_handlers=None, executor='parallel', ignore_user_meta=False, install_base='install', log_base=None, log_level=None, main=<bound method BuildVerb.main of <colcon_core.verb.build.BuildVerb object at 0xffffb0db2cd0>>, merge_install=False, metas=['./colcon.meta'], mixin=None, mixin_files=None, mixin_verb=('build',), packages_above=None, packages_above_and_dependencies=None, packages_above_depth=None, packages_end=None, packages_ignore=None, packages_ignore_regex=None, packages_select=None, packages_select_build_failed=False, packages_select_by_dep=None, packages_select_regex=None, packages_select_test_failures=False, packages_skip=None, packages_skip_build_finished=False, packages_skip_by_dep=None, packages_skip_regex=None, packages_skip_test_passed=False, packages_skip_up_to=None, packages_start=None, packages_up_to=None, packages_up_to_regex=None, parallel_workers=4, paths=None, symlink_install=False, test_result_base=None, verb_extension=<colcon_core.verb.build.BuildVerb object at 0xffffb0db2cd0>, verb_name='build', verb_parser=<colcon_mixin.mixin.mixin_argument.MixinArgumentDecorator object at 0xffffb0dc25e0>)
[0.816s] Level 1:colcon.colcon_core.package_discovery:discover_packages(colcon_meta) check parameters
[0.816s] Level 1:colcon.colcon_core.package_discovery:discover_packages(recursive) check parameters
[0.816s] Level 1:colcon.colcon_core.package_discovery:discover_packages(ignore) check parameters
[0.817s] Level 1:colcon.colcon_core.package_discovery:discover_packages(path) check parameters
[0.817s] Level 1:colcon.colcon_core.package_discovery:discover_packages(colcon_meta) discover
[0.817s] Level 1:colcon.colcon_core.package_discovery:discover_packages(recursive) discover
[0.817s] INFO:colcon.colcon_core.package_discovery:Crawling recursively for packages in '/home/airlab/seed25'
[0.817s] Level 1:colcon.colcon_core.package_identification:_identify(.) by extensions ['ignore', 'ignore_ament_install']
[0.818s] Level 1:colcon.colcon_core.package_identification:_identify(.) by extension 'ignore'
[0.818s] Level 1:colcon.colcon_core.package_identification:_identify(.) by extension 'ignore_ament_install'
[0.818s] Level 1:colcon.colcon_core.package_identification:_identify(.) by extensions ['colcon_pkg']
[0.818s] Level 1:colcon.colcon_core.package_identification:_identify(.) by extension 'colcon_pkg'
[0.818s] Level 1:colcon.colcon_core.package_identification:_identify(.) by extensions ['colcon_meta']
[0.818s] Level 1:colcon.colcon_core.package_identification:_identify(.) by extension 'colcon_meta'
[0.818s] Level 1:colcon.colcon_core.package_identification:_identify(.) by extensions ['ros']
[0.818s] Level 1:colcon.colcon_core.package_identification:_identify(.) by extension 'ros'
[0.842s] Level 1:colcon.colcon_core.package_identification:_identify(.) by extensions ['cmake', 'python']
[0.842s] Level 1:colcon.colcon_core.package_identification:_identify(.) by extension 'cmake'
[0.842s] Level 1:colcon.colcon_core.package_identification:_identify(.) by extension 'python'
[0.842s] Level 1:colcon.colcon_core.package_identification:_identify(.) by extensions ['python_setup_py']
[0.842s] Level 1:colcon.colcon_core.package_identification:_identify(.) by extension 'python_setup_py'
[0.843s] Level 1:colcon.colcon_core.package_identification:_identify(Images) by extensions ['ignore', 'ignore_ament_install']
[0.843s] Level 1:colcon.colcon_core.package_identification:_identify(Images) by extension 'ignore'
[0.843s] Level 1:colcon.colcon_core.package_identification:_identify(Images) by extension 'ignore_ament_install'
[0.843s] Level 1:colcon.colcon_core.package_identification:_identify(Images) by extensions ['colcon_pkg']
[0.843s] Level 1:colcon.colcon_core.package_identification:_identify(Images) by extension 'colcon_pkg'
[0.843s] Level 1:colcon.colcon_core.package_identification:_identify(Images) by extensions ['colcon_meta']
[0.843s] Level 1:colcon.colcon_core.package_identification:_identify(Images) by extension 'colcon_meta'
[0.843s] Level 1:colcon.colcon_core.package_identification:_identify(Images) by extensions ['ros']
[0.844s] Level 1:colcon.colcon_core.package_identification:_identify(Images) by extension 'ros'
[0.844s] Level 1:colcon.colcon_core.package_identification:_identify(Images) by extensions ['cmake', 'python']
[0.844s] Level 1:colcon.colcon_core.package_identification:_identify(Images) by extension 'cmake'
[0.844s] Level 1:colcon.colcon_core.package_identification:_identify(Images) by extension 'python'
[0.844s] Level 1:colcon.colcon_core.package_identification:_identify(Images) by extensions ['python_setup_py']
[0.844s] Level 1:colcon.colcon_core.package_identification:_identify(Images) by extension 'python_setup_py'
[0.844s] Level 1:colcon.colcon_core.package_identification:_identify(Images/Preliminary Images) by extensions ['ignore', 'ignore_ament_install']
[0.845s] Level 1:colcon.colcon_core.package_identification:_identify(Images/Preliminary Images) by extension 'ignore'
[0.845s] Level 1:colcon.colcon_core.package_identification:_identify(Images/Preliminary Images) by extension 'ignore_ament_install'
[0.845s] Level 1:colcon.colcon_core.package_identification:_identify(Images/Preliminary Images) by extensions ['colcon_pkg']
[0.845s] Level 1:colcon.colcon_core.package_identification:_identify(Images/Preliminary Images) by extension 'colcon_pkg'
[0.845s] Level 1:colcon.colcon_core.package_identification:_identify(Images/Preliminary Images) by extensions ['colcon_meta']
[0.845s] Level 1:colcon.colcon_core.package_identification:_identify(Images/Preliminary Images) by extension 'colcon_meta'
[0.845s] Level 1:colcon.colcon_core.package_identification:_identify(Images/Preliminary Images) by extensions ['ros']
[0.845s] Level 1:colcon.colcon_core.package_identification:_identify(Images/Preliminary Images) by extension 'ros'
[0.845s] Level 1:colcon.colcon_core.package_identification:_identify(Images/Preliminary Images) by extensions ['cmake', 'python']
[0.845s] Level 1:colcon.colcon_core.package_identification:_identify(Images/Preliminary Images) by extension 'cmake'
[0.846s] Level 1:colcon.colcon_core.package_identification:_identify(Images/Preliminary Images) by extension 'python'
[0.846s] Level 1:colcon.colcon_core.package_identification:_identify(Images/Preliminary Images) by extensions ['python_setup_py']
[0.846s] Level 1:colcon.colcon_core.package_identification:_identify(Images/Preliminary Images) by extension 'python_setup_py'
[0.846s] Level 1:colcon.colcon_core.package_identification:_identify(Images/Preliminary Images/Dandelion) by extensions ['ignore', 'ignore_ament_install']
[0.846s] Level 1:colcon.colcon_core.package_identification:_identify(Images/Preliminary Images/Dandelion) by extension 'ignore'
[0.846s] Level 1:colcon.colcon_core.package_identification:_identify(Images/Preliminary Images/Dandelion) by extension 'ignore_ament_install'
[0.846s] Level 1:colcon.colcon_core.package_identification:_identify(Images/Preliminary Images/Dandelion) by extensions ['colcon_pkg']
[0.846s] Level 1:colcon.colcon_core.package_identification:_identify(Images/Preliminary Images/Dandelion) by extension 'colcon_pkg'
[0.847s] Level 1:colcon.colcon_core.package_identification:_identify(Images/Preliminary Images/Dandelion) by extensions ['colcon_meta']
[0.847s] Level 1:colcon.colcon_core.package_identification:_identify(Images/Preliminary Images/Dandelion) by extension 'colcon_meta'
[0.847s] Level 1:colcon.colcon_core.package_identification:_identify(Images/Preliminary Images/Dandelion) by extensions ['ros']
[0.847s] Level 1:colcon.colcon_core.package_identification:_identify(Images/Preliminary Images/Dandelion) by extension 'ros'
[0.847s] Level 1:colcon.colcon_core.package_identification:_identify(Images/Preliminary Images/Dandelion) by extensions ['cmake', 'python']
[0.847s] Level 1:colcon.colcon_core.package_identification:_identify(Images/Preliminary Images/Dandelion) by extension 'cmake'
[0.847s] Level 1:colcon.colcon_core.package_identification:_identify(Images/Preliminary Images/Dandelion) by extension 'python'
[0.847s] Level 1:colcon.colcon_core.package_identification:_identify(Images/Preliminary Images/Dandelion) by extensions ['python_setup_py']
[0.847s] Level 1:colcon.colcon_core.package_identification:_identify(Images/Preliminary Images/Dandelion) by extension 'python_setup_py'
[0.848s] Level 1:colcon.colcon_core.package_identification:_identify(Images/Preliminary Images/Dandelion/RGB) by extensions ['ignore', 'ignore_ament_install']
[0.848s] Level 1:colcon.colcon_core.package_identification:_identify(Images/Preliminary Images/Dandelion/RGB) by extension 'ignore'
[0.848s] Level 1:colcon.colcon_core.package_identification:_identify(Images/Preliminary Images/Dandelion/RGB) by extension 'ignore_ament_install'
[0.848s] Level 1:colcon.colcon_core.package_identification:_identify(Images/Preliminary Images/Dandelion/RGB) by extensions ['colcon_pkg']
[0.848s] Level 1:colcon.colcon_core.package_identification:_identify(Images/Preliminary Images/Dandelion/RGB) by extension 'colcon_pkg'
[0.848s] Level 1:colcon.colcon_core.package_identification:_identify(Images/Preliminary Images/Dandelion/RGB) by extensions ['colcon_meta']
[0.848s] Level 1:colcon.colcon_core.package_identification:_identify(Images/Preliminary Images/Dandelion/RGB) by extension 'colcon_meta'
[0.848s] Level 1:colcon.colcon_core.package_identification:_identify(Images/Preliminary Images/Dandelion/RGB) by extensions ['ros']
[0.848s] Level 1:colcon.colcon_core.package_identification:_identify(Images/Preliminary Images/Dandelion/RGB) by extension 'ros'
[0.849s] Level 1:colcon.colcon_core.package_identification:_identify(Images/Preliminary Images/Dandelion/RGB) by extensions ['cmake', 'python']
[0.849s] Level 1:colcon.colcon_core.package_identification:_identify(Images/Preliminary Images/Dandelion/RGB) by extension 'cmake'
[0.849s] Level 1:colcon.colcon_core.package_identification:_identify(Images/Preliminary Images/Dandelion/RGB) by extension 'python'
[0.849s] Level 1:colcon.colcon_core.package_identification:_identify(Images/Preliminary Images/Dandelion/RGB) by extensions ['python_setup_py']
[0.849s] Level 1:colcon.colcon_core.package_identification:_identify(Images/Preliminary Images/Dandelion/RGB) by extension 'python_setup_py'
[0.849s] Level 1:colcon.colcon_core.package_identification:_identify(Images/Preliminary Images/Dandelion/RGB/Wave 1) by extensions ['ignore', 'ignore_ament_install']
[0.850s] Level 1:colcon.colcon_core.package_identification:_identify(Images/Preliminary Images/Dandelion/RGB/Wave 1) by extension 'ignore'
[0.850s] Level 1:colcon.colcon_core.package_identification:_identify(Images/Preliminary Images/Dandelion/RGB/Wave 1) by extension 'ignore_ament_install'
[0.850s] Level 1:colcon.colcon_core.package_identification:_identify(Images/Preliminary Images/Dandelion/RGB/Wave 1) by extensions ['colcon_pkg']
[0.850s] Level 1:colcon.colcon_core.package_identification:_identify(Images/Preliminary Images/Dandelion/RGB/Wave 1) by extension 'colcon_pkg'
[0.850s] Level 1:colcon.colcon_core.package_identification:_identify(Images/Preliminary Images/Dandelion/RGB/Wave 1) by extensions ['colcon_meta']
[0.850s] Level 1:colcon.colcon_core.package_identification:_identify(Images/Preliminary Images/Dandelion/RGB/Wave 1) by extension 'colcon_meta'
[0.850s] Level 1:colcon.colcon_core.package_identification:_identify(Images/Preliminary Images/Dandelion/RGB/Wave 1) by extensions ['ros']
[0.850s] Level 1:colcon.colcon_core.package_identification:_identify(Images/Preliminary Images/Dandelion/RGB/Wave 1) by extension 'ros'
[0.850s] Level 1:colcon.colcon_core.package_identification:_identify(Images/Preliminary Images/Dandelion/RGB/Wave 1) by extensions ['cmake', 'python']
[0.851s] Level 1:colcon.colcon_core.package_identification:_identify(Images/Preliminary Images/Dandelion/RGB/Wave 1) by extension 'cmake'
[0.851s] Level 1:colcon.colcon_core.package_identification:_identify(Images/Preliminary Images/Dandelion/RGB/Wave 1) by extension 'python'
[0.851s] Level 1:colcon.colcon_core.package_identification:_identify(Images/Preliminary Images/Dandelion/RGB/Wave 1) by extensions ['python_setup_py']
[0.851s] Level 1:colcon.colcon_core.package_identification:_identify(Images/Preliminary Images/Dandelion/RGB/Wave 1) by extension 'python_setup_py'
[0.851s] Level 1:colcon.colcon_core.package_identification:_identify(Images/Preliminary Images/Dandelion/RGB/Wave 2) by extensions ['ignore', 'ignore_ament_install']
[0.851s] Level 1:colcon.colcon_core.package_identification:_identify(Images/Preliminary Images/Dandelion/RGB/Wave 2) by extension 'ignore'
[0.852s] Level 1:colcon.colcon_core.package_identification:_identify(Images/Preliminary Images/Dandelion/RGB/Wave 2) by extension 'ignore_ament_install'
[0.852s] Level 1:colcon.colcon_core.package_identification:_identify(Images/Preliminary Images/Dandelion/RGB/Wave 2) by extensions ['colcon_pkg']
[0.852s] Level 1:colcon.colcon_core.package_identification:_identify(Images/Preliminary Images/Dandelion/RGB/Wave 2) by extension 'colcon_pkg'
[0.852s] Level 1:colcon.colcon_core.package_identification:_identify(Images/Preliminary Images/Dandelion/RGB/Wave 2) by extensions ['colcon_meta']
[0.852s] Level 1:colcon.colcon_core.package_identification:_identify(Images/Preliminary Images/Dandelion/RGB/Wave 2) by extension 'colcon_meta'
[0.852s] Level 1:colcon.colcon_core.package_identification:_identify(Images/Preliminary Images/Dandelion/RGB/Wave 2) by extensions ['ros']
[0.852s] Level 1:colcon.colcon_core.package_identification:_identify(Images/Preliminary Images/Dandelion/RGB/Wave 2) by extension 'ros'
[0.852s] Level 1:colcon.colcon_core.package_identification:_identify(Images/Preliminary Images/Dandelion/RGB/Wave 2) by extensions ['cmake', 'python']
[0.852s] Level 1:colcon.colcon_core.package_identification:_identify(Images/Preliminary Images/Dandelion/RGB/Wave 2) by extension 'cmake'
[0.853s] Level 1:colcon.colcon_core.package_identification:_identify(Images/Preliminary Images/Dandelion/RGB/Wave 2) by extension 'python'
[0.853s] Level 1:colcon.colcon_core.package_identification:_identify(Images/Preliminary Images/Dandelion/RGB/Wave 2) by extensions ['python_setup_py']
[0.853s] Level 1:colcon.colcon_core.package_identification:_identify(Images/Preliminary Images/Dandelion/RGB/Wave 2) by extension 'python_setup_py'
[0.853s] Level 1:colcon.colcon_core.package_identification:_identify(Images/Preliminary Images/Dandelion/RGB/Wave 3) by extensions ['ignore', 'ignore_ament_install']
[0.853s] Level 1:colcon.colcon_core.package_identification:_identify(Images/Preliminary Images/Dandelion/RGB/Wave 3) by extension 'ignore'
[0.853s] Level 1:colcon.colcon_core.package_identification:_identify(Images/Preliminary Images/Dandelion/RGB/Wave 3) by extension 'ignore_ament_install'
[0.854s] Level 1:colcon.colcon_core.package_identification:_identify(Images/Preliminary Images/Dandelion/RGB/Wave 3) by extensions ['colcon_pkg']
[0.854s] Level 1:colcon.colcon_core.package_identification:_identify(Images/Preliminary Images/Dandelion/RGB/Wave 3) by extension 'colcon_pkg'
[0.854s] Level 1:colcon.colcon_core.package_identification:_identify(Images/Preliminary Images/Dandelion/RGB/Wave 3) by extensions ['colcon_meta']
[0.854s] Level 1:colcon.colcon_core.package_identification:_identify(Images/Preliminary Images/Dandelion/RGB/Wave 3) by extension 'colcon_meta'
[0.854s] Level 1:colcon.colcon_core.package_identification:_identify(Images/Preliminary Images/Dandelion/RGB/Wave 3) by extensions ['ros']
[0.854s] Level 1:colcon.colcon_core.package_identification:_identify(Images/Preliminary Images/Dandelion/RGB/Wave 3) by extension 'ros'
[0.854s] Level 1:colcon.colcon_core.package_identification:_identify(Images/Preliminary Images/Dandelion/RGB/Wave 3) by extensions ['cmake', 'python']
[0.854s] Level 1:colcon.colcon_core.package_identification:_identify(Images/Preliminary Images/Dandelion/RGB/Wave 3) by extension 'cmake'
[0.854s] Level 1:colcon.colcon_core.package_identification:_identify(Images/Preliminary Images/Dandelion/RGB/Wave 3) by extension 'python'
[0.854s] Level 1:colcon.colcon_core.package_identification:_identify(Images/Preliminary Images/Dandelion/RGB/Wave 3) by extensions ['python_setup_py']
[0.855s] Level 1:colcon.colcon_core.package_identification:_identify(Images/Preliminary Images/Dandelion/RGB/Wave 3) by extension 'python_setup_py'
[0.855s] Level 1:colcon.colcon_core.package_identification:_identify(Images/Preliminary Images/Dandelion/RGB/Wave 4) by extensions ['ignore', 'ignore_ament_install']
[0.855s] Level 1:colcon.colcon_core.package_identification:_identify(Images/Preliminary Images/Dandelion/RGB/Wave 4) by extension 'ignore'
[0.855s] Level 1:colcon.colcon_core.package_identification:_identify(Images/Preliminary Images/Dandelion/RGB/Wave 4) by extension 'ignore_ament_install'
[0.855s] Level 1:colcon.colcon_core.package_identification:_identify(Images/Preliminary Images/Dandelion/RGB/Wave 4) by extensions ['colcon_pkg']
[0.855s] Level 1:colcon.colcon_core.package_identification:_identify(Images/Preliminary Images/Dandelion/RGB/Wave 4) by extension 'colcon_pkg'
[0.856s] Level 1:colcon.colcon_core.package_identification:_identify(Images/Preliminary Images/Dandelion/RGB/Wave 4) by extensions ['colcon_meta']
[0.856s] Level 1:colcon.colcon_core.package_identification:_identify(Images/Preliminary Images/Dandelion/RGB/Wave 4) by extension 'colcon_meta'
[0.856s] Level 1:colcon.colcon_core.package_identification:_identify(Images/Preliminary Images/Dandelion/RGB/Wave 4) by extensions ['ros']
[0.856s] Level 1:colcon.colcon_core.package_identification:_identify(Images/Preliminary Images/Dandelion/RGB/Wave 4) by extension 'ros'
[0.856s] Level 1:colcon.colcon_core.package_identification:_identify(Images/Preliminary Images/Dandelion/RGB/Wave 4) by extensions ['cmake', 'python']
[0.856s] Level 1:colcon.colcon_core.package_identification:_identify(Images/Preliminary Images/Dandelion/RGB/Wave 4) by extension 'cmake'
[0.856s] Level 1:colcon.colcon_core.package_identification:_identify(Images/Preliminary Images/Dandelion/RGB/Wave 4) by extension 'python'
[0.856s] Level 1:colcon.colcon_core.package_identification:_identify(Images/Preliminary Images/Dandelion/RGB/Wave 4) by extensions ['python_setup_py']
[0.856s] Level 1:colcon.colcon_core.package_identification:_identify(Images/Preliminary Images/Dandelion/RGB/Wave 4) by extension 'python_setup_py'
[0.857s] Level 1:colcon.colcon_core.package_identification:_identify(Images/Preliminary Images/Dandelion/RGB/Wave 5) by extensions ['ignore', 'ignore_ament_install']
[0.857s] Level 1:colcon.colcon_core.package_identification:_identify(Images/Preliminary Images/Dandelion/RGB/Wave 5) by extension 'ignore'
[0.857s] Level 1:colcon.colcon_core.package_identification:_identify(Images/Preliminary Images/Dandelion/RGB/Wave 5) by extension 'ignore_ament_install'
[0.857s] Level 1:colcon.colcon_core.package_identification:_identify(Images/Preliminary Images/Dandelion/RGB/Wave 5) by extensions ['colcon_pkg']
[0.857s] Level 1:colcon.colcon_core.package_identification:_identify(Images/Preliminary Images/Dandelion/RGB/Wave 5) by extension 'colcon_pkg'
[0.857s] Level 1:colcon.colcon_core.package_identification:_identify(Images/Preliminary Images/Dandelion/RGB/Wave 5) by extensions ['colcon_meta']
[0.857s] Level 1:colcon.colcon_core.package_identification:_identify(Images/Preliminary Images/Dandelion/RGB/Wave 5) by extension 'colcon_meta'
[0.857s] Level 1:colcon.colcon_core.package_identification:_identify(Images/Preliminary Images/Dandelion/RGB/Wave 5) by extensions ['ros']
[0.858s] Level 1:colcon.colcon_core.package_identification:_identify(Images/Preliminary Images/Dandelion/RGB/Wave 5) by extension 'ros'
[0.858s] Level 1:colcon.colcon_core.package_identification:_identify(Images/Preliminary Images/Dandelion/RGB/Wave 5) by extensions ['cmake', 'python']
[0.858s] Level 1:colcon.colcon_core.package_identification:_identify(Images/Preliminary Images/Dandelion/RGB/Wave 5) by extension 'cmake'
[0.858s] Level 1:colcon.colcon_core.package_identification:_identify(Images/Preliminary Images/Dandelion/RGB/Wave 5) by extension 'python'
[0.858s] Level 1:colcon.colcon_core.package_identification:_identify(Images/Preliminary Images/Dandelion/RGB/Wave 5) by extensions ['python_setup_py']
[0.858s] Level 1:colcon.colcon_core.package_identification:_identify(Images/Preliminary Images/Dandelion/RGB/Wave 5) by extension 'python_setup_py'
[0.858s] Level 1:colcon.colcon_core.package_identification:_identify(Images/Preliminary Images/Dandelion/RGB/Wave 6) by extensions ['ignore', 'ignore_ament_install']
[0.859s] Level 1:colcon.colcon_core.package_identification:_identify(Images/Preliminary Images/Dandelion/RGB/Wave 6) by extension 'ignore'
[0.859s] Level 1:colcon.colcon_core.package_identification:_identify(Images/Preliminary Images/Dandelion/RGB/Wave 6) by extension 'ignore_ament_install'
[0.859s] Level 1:colcon.colcon_core.package_identification:_identify(Images/Preliminary Images/Dandelion/RGB/Wave 6) by extensions ['colcon_pkg']
[0.859s] Level 1:colcon.colcon_core.package_identification:_identify(Images/Preliminary Images/Dandelion/RGB/Wave 6) by extension 'colcon_pkg'
[0.859s] Level 1:colcon.colcon_core.package_identification:_identify(Images/Preliminary Images/Dandelion/RGB/Wave 6) by extensions ['colcon_meta']
[0.859s] Level 1:colcon.colcon_core.package_identification:_identify(Images/Preliminary Images/Dandelion/RGB/Wave 6) by extension 'colcon_meta'
[0.859s] Level 1:colcon.colcon_core.package_identification:_identify(Images/Preliminary Images/Dandelion/RGB/Wave 6) by extensions ['ros']
[0.859s] Level 1:colcon.colcon_core.package_identification:_identify(Images/Preliminary Images/Dandelion/RGB/Wave 6) by extension 'ros'
[0.860s] Level 1:colcon.colcon_core.package_identification:_identify(Images/Preliminary Images/Dandelion/RGB/Wave 6) by extensions ['cmake', 'python']
[0.860s] Level 1:colcon.colcon_core.package_identification:_identify(Images/Preliminary Images/Dandelion/RGB/Wave 6) by extension 'cmake'
[0.860s] Level 1:colcon.colcon_core.package_identification:_identify(Images/Preliminary Images/Dandelion/RGB/Wave 6) by extension 'python'
[0.860s] Level 1:colcon.colcon_core.package_identification:_identify(Images/Preliminary Images/Dandelion/RGB/Wave 6) by extensions ['python_setup_py']
[0.860s] Level 1:colcon.colcon_core.package_identification:_identify(Images/Preliminary Images/Dandelion/RGB/Wave 6) by extension 'python_setup_py'
[0.860s] Level 1:colcon.colcon_core.package_identification:_identify(Images/Preliminary Images/Dandelion/RGB/Wave 7) by extensions ['ignore', 'ignore_ament_install']
[0.860s] Level 1:colcon.colcon_core.package_identification:_identify(Images/Preliminary Images/Dandelion/RGB/Wave 7) by extension 'ignore'
[0.861s] Level 1:colcon.colcon_core.package_identification:_identify(Images/Preliminary Images/Dandelion/RGB/Wave 7) by extension 'ignore_ament_install'
[0.861s] Level 1:colcon.colcon_core.package_identification:_identify(Images/Preliminary Images/Dandelion/RGB/Wave 7) by extensions ['colcon_pkg']
[0.861s] Level 1:colcon.colcon_core.package_identification:_identify(Images/Preliminary Images/Dandelion/RGB/Wave 7) by extension 'colcon_pkg'
[0.861s] Level 1:colcon.colcon_core.package_identification:_identify(Images/Preliminary Images/Dandelion/RGB/Wave 7) by extensions ['colcon_meta']
[0.861s] Level 1:colcon.colcon_core.package_identification:_identify(Images/Preliminary Images/Dandelion/RGB/Wave 7) by extension 'colcon_meta'
[0.861s] Level 1:colcon.colcon_core.package_identification:_identify(Images/Preliminary Images/Dandelion/RGB/Wave 7) by extensions ['ros']
[0.861s] Level 1:colcon.colcon_core.package_identification:_identify(Images/Preliminary Images/Dandelion/RGB/Wave 7) by extension 'ros'
[0.861s] Level 1:colcon.colcon_core.package_identification:_identify(Images/Preliminary Images/Dandelion/RGB/Wave 7) by extensions ['cmake', 'python']
[0.861s] Level 1:colcon.colcon_core.package_identification:_identify(Images/Preliminary Images/Dandelion/RGB/Wave 7) by extension 'cmake'
[0.861s] Level 1:colcon.colcon_core.package_identification:_identify(Images/Preliminary Images/Dandelion/RGB/Wave 7) by extension 'python'
[0.862s] Level 1:colcon.colcon_core.package_identification:_identify(Images/Preliminary Images/Dandelion/RGB/Wave 7) by extensions ['python_setup_py']
[0.862s] Level 1:colcon.colcon_core.package_identification:_identify(Images/Preliminary Images/Dandelion/RGB/Wave 7) by extension 'python_setup_py'
[0.862s] Level 1:colcon.colcon_core.package_identification:_identify(Images/Preliminary Images/Dandelion/RGB/Wave 8) by extensions ['ignore', 'ignore_ament_install']
[0.862s] Level 1:colcon.colcon_core.package_identification:_identify(Images/Preliminary Images/Dandelion/RGB/Wave 8) by extension 'ignore'
[0.862s] Level 1:colcon.colcon_core.package_identification:_identify(Images/Preliminary Images/Dandelion/RGB/Wave 8) by extension 'ignore_ament_install'
[0.862s] Level 1:colcon.colcon_core.package_identification:_identify(Images/Preliminary Images/Dandelion/RGB/Wave 8) by extensions ['colcon_pkg']
[0.862s] Level 1:colcon.colcon_core.package_identification:_identify(Images/Preliminary Images/Dandelion/RGB/Wave 8) by extension 'colcon_pkg'
[0.863s] Level 1:colcon.colcon_core.package_identification:_identify(Images/Preliminary Images/Dandelion/RGB/Wave 8) by extensions ['colcon_meta']
[0.863s] Level 1:colcon.colcon_core.package_identification:_identify(Images/Preliminary Images/Dandelion/RGB/Wave 8) by extension 'colcon_meta'
[0.863s] Level 1:colcon.colcon_core.package_identification:_identify(Images/Preliminary Images/Dandelion/RGB/Wave 8) by extensions ['ros']
[0.863s] Level 1:colcon.colcon_core.package_identification:_identify(Images/Preliminary Images/Dandelion/RGB/Wave 8) by extension 'ros'
[0.863s] Level 1:colcon.colcon_core.package_identification:_identify(Images/Preliminary Images/Dandelion/RGB/Wave 8) by extensions ['cmake', 'python']
[0.863s] Level 1:colcon.colcon_core.package_identification:_identify(Images/Preliminary Images/Dandelion/RGB/Wave 8) by extension 'cmake'
[0.863s] Level 1:colcon.colcon_core.package_identification:_identify(Images/Preliminary Images/Dandelion/RGB/Wave 8) by extension 'python'
[0.863s] Level 1:colcon.colcon_core.package_identification:_identify(Images/Preliminary Images/Dandelion/RGB/Wave 8) by extensions ['python_setup_py']
[0.863s] Level 1:colcon.colcon_core.package_identification:_identify(Images/Preliminary Images/Dandelion/RGB/Wave 8) by extension 'python_setup_py'
[0.863s] Level 1:colcon.colcon_core.package_identification:_identify(Images/Testing Annotated) by extensions ['ignore', 'ignore_ament_install']
[0.864s] Level 1:colcon.colcon_core.package_identification:_identify(Images/Testing Annotated) by extension 'ignore'
[0.864s] Level 1:colcon.colcon_core.package_identification:_identify(Images/Testing Annotated) by extension 'ignore_ament_install'
[0.864s] Level 1:colcon.colcon_core.package_identification:_identify(Images/Testing Annotated) by extensions ['colcon_pkg']
[0.864s] Level 1:colcon.colcon_core.package_identification:_identify(Images/Testing Annotated) by extension 'colcon_pkg'
[0.864s] Level 1:colcon.colcon_core.package_identification:_identify(Images/Testing Annotated) by extensions ['colcon_meta']
[0.864s] Level 1:colcon.colcon_core.package_identification:_identify(Images/Testing Annotated) by extension 'colcon_meta'
[0.864s] Level 1:colcon.colcon_core.package_identification:_identify(Images/Testing Annotated) by extensions ['ros']
[0.864s] Level 1:colcon.colcon_core.package_identification:_identify(Images/Testing Annotated) by extension 'ros'
[0.864s] Level 1:colcon.colcon_core.package_identification:_identify(Images/Testing Annotated) by extensions ['cmake', 'python']
[0.865s] Level 1:colcon.colcon_core.package_identification:_identify(Images/Testing Annotated) by extension 'cmake'
[0.865s] Level 1:colcon.colcon_core.package_identification:_identify(Images/Testing Annotated) by extension 'python'
[0.865s] Level 1:colcon.colcon_core.package_identification:_identify(Images/Testing Annotated) by extensions ['python_setup_py']
[0.865s] Level 1:colcon.colcon_core.package_identification:_identify(Images/Testing Annotated) by extension 'python_setup_py'
[0.865s] Level 1:colcon.colcon_core.package_identification:_identify(Images/Testing Annotated/YOLOTestingAnnotations) by extensions ['ignore', 'ignore_ament_install']
[0.865s] Level 1:colcon.colcon_core.package_identification:_identify(Images/Testing Annotated/YOLOTestingAnnotations) by extension 'ignore'
[0.865s] Level 1:colcon.colcon_core.package_identification:_identify(Images/Testing Annotated/YOLOTestingAnnotations) by extension 'ignore_ament_install'
[0.865s] Level 1:colcon.colcon_core.package_identification:_identify(Images/Testing Annotated/YOLOTestingAnnotations) by extensions ['colcon_pkg']
[0.866s] Level 1:colcon.colcon_core.package_identification:_identify(Images/Testing Annotated/YOLOTestingAnnotations) by extension 'colcon_pkg'
[0.866s] Level 1:colcon.colcon_core.package_identification:_identify(Images/Testing Annotated/YOLOTestingAnnotations) by extensions ['colcon_meta']
[0.866s] Level 1:colcon.colcon_core.package_identification:_identify(Images/Testing Annotated/YOLOTestingAnnotations) by extension 'colcon_meta'
[0.866s] Level 1:colcon.colcon_core.package_identification:_identify(Images/Testing Annotated/YOLOTestingAnnotations) by extensions ['ros']
[0.866s] Level 1:colcon.colcon_core.package_identification:_identify(Images/Testing Annotated/YOLOTestingAnnotations) by extension 'ros'
[0.866s] Level 1:colcon.colcon_core.package_identification:_identify(Images/Testing Annotated/YOLOTestingAnnotations) by extensions ['cmake', 'python']
[0.866s] Level 1:colcon.colcon_core.package_identification:_identify(Images/Testing Annotated/YOLOTestingAnnotations) by extension 'cmake'
[0.866s] Level 1:colcon.colcon_core.package_identification:_identify(Images/Testing Annotated/YOLOTestingAnnotations) by extension 'python'
[0.866s] Level 1:colcon.colcon_core.package_identification:_identify(Images/Testing Annotated/YOLOTestingAnnotations) by extensions ['python_setup_py']
[0.866s] Level 1:colcon.colcon_core.package_identification:_identify(Images/Testing Annotated/YOLOTestingAnnotations) by extension 'python_setup_py'
[0.867s] Level 1:colcon.colcon_core.package_identification:_identify(Images/Testing Annotated/YOLOTestingAnnotations/Wave 1) by extensions ['ignore', 'ignore_ament_install']
[0.867s] Level 1:colcon.colcon_core.package_identification:_identify(Images/Testing Annotated/YOLOTestingAnnotations/Wave 1) by extension 'ignore'
[0.867s] Level 1:colcon.colcon_core.package_identification:_identify(Images/Testing Annotated/YOLOTestingAnnotations/Wave 1) by extension 'ignore_ament_install'
[0.867s] Level 1:colcon.colcon_core.package_identification:_identify(Images/Testing Annotated/YOLOTestingAnnotations/Wave 1) by extensions ['colcon_pkg']
[0.867s] Level 1:colcon.colcon_core.package_identification:_identify(Images/Testing Annotated/YOLOTestingAnnotations/Wave 1) by extension 'colcon_pkg'
[0.867s] Level 1:colcon.colcon_core.package_identification:_identify(Images/Testing Annotated/YOLOTestingAnnotations/Wave 1) by extensions ['colcon_meta']
[0.867s] Level 1:colcon.colcon_core.package_identification:_identify(Images/Testing Annotated/YOLOTestingAnnotations/Wave 1) by extension 'colcon_meta'
[0.867s] Level 1:colcon.colcon_core.package_identification:_identify(Images/Testing Annotated/YOLOTestingAnnotations/Wave 1) by extensions ['ros']
[0.867s] Level 1:colcon.colcon_core.package_identification:_identify(Images/Testing Annotated/YOLOTestingAnnotations/Wave 1) by extension 'ros'
[0.868s] Level 1:colcon.colcon_core.package_identification:_identify(Images/Testing Annotated/YOLOTestingAnnotations/Wave 1) by extensions ['cmake', 'python']
[0.868s] Level 1:colcon.colcon_core.package_identification:_identify(Images/Testing Annotated/YOLOTestingAnnotations/Wave 1) by extension 'cmake'
[0.868s] Level 1:colcon.colcon_core.package_identification:_identify(Images/Testing Annotated/YOLOTestingAnnotations/Wave 1) by extension 'python'
[0.868s] Level 1:colcon.colcon_core.package_identification:_identify(Images/Testing Annotated/YOLOTestingAnnotations/Wave 1) by extensions ['python_setup_py']
[0.868s] Level 1:colcon.colcon_core.package_identification:_identify(Images/Testing Annotated/YOLOTestingAnnotations/Wave 1) by extension 'python_setup_py'
[0.868s] Level 1:colcon.colcon_core.package_identification:_identify(Images/Testing Annotated/YOLOTestingAnnotations/Wave 1/images) by extensions ['ignore', 'ignore_ament_install']
[0.868s] Level 1:colcon.colcon_core.package_identification:_identify(Images/Testing Annotated/YOLOTestingAnnotations/Wave 1/images) by extension 'ignore'
[0.869s] Level 1:colcon.colcon_core.package_identification:_identify(Images/Testing Annotated/YOLOTestingAnnotations/Wave 1/images) by extension 'ignore_ament_install'
[0.869s] Level 1:colcon.colcon_core.package_identification:_identify(Images/Testing Annotated/YOLOTestingAnnotations/Wave 1/images) by extensions ['colcon_pkg']
[0.869s] Level 1:colcon.colcon_core.package_identification:_identify(Images/Testing Annotated/YOLOTestingAnnotations/Wave 1/images) by extension 'colcon_pkg'
[0.869s] Level 1:colcon.colcon_core.package_identification:_identify(Images/Testing Annotated/YOLOTestingAnnotations/Wave 1/images) by extensions ['colcon_meta']
[0.869s] Level 1:colcon.colcon_core.package_identification:_identify(Images/Testing Annotated/YOLOTestingAnnotations/Wave 1/images) by extension 'colcon_meta'
[0.869s] Level 1:colcon.colcon_core.package_identification:_identify(Images/Testing Annotated/YOLOTestingAnnotations/Wave 1/images) by extensions ['ros']
[0.869s] Level 1:colcon.colcon_core.package_identification:_identify(Images/Testing Annotated/YOLOTestingAnnotations/Wave 1/images) by extension 'ros'
[0.869s] Level 1:colcon.colcon_core.package_identification:_identify(Images/Testing Annotated/YOLOTestingAnnotations/Wave 1/images) by extensions ['cmake', 'python']
[0.869s] Level 1:colcon.colcon_core.package_identification:_identify(Images/Testing Annotated/YOLOTestingAnnotations/Wave 1/images) by extension 'cmake'
[0.869s] Level 1:colcon.colcon_core.package_identification:_identify(Images/Testing Annotated/YOLOTestingAnnotations/Wave 1/images) by extension 'python'
[0.869s] Level 1:colcon.colcon_core.package_identification:_identify(Images/Testing Annotated/YOLOTestingAnnotations/Wave 1/images) by extensions ['python_setup_py']
[0.870s] Level 1:colcon.colcon_core.package_identification:_identify(Images/Testing Annotated/YOLOTestingAnnotations/Wave 1/images) by extension 'python_setup_py'
[0.870s] Level 1:colcon.colcon_core.package_identification:_identify(Images/Testing Annotated/YOLOTestingAnnotations/Wave 1/images/train) by extensions ['ignore', 'ignore_ament_install']
[0.870s] Level 1:colcon.colcon_core.package_identification:_identify(Images/Testing Annotated/YOLOTestingAnnotations/Wave 1/images/train) by extension 'ignore'
[0.870s] Level 1:colcon.colcon_core.package_identification:_identify(Images/Testing Annotated/YOLOTestingAnnotations/Wave 1/images/train) by extension 'ignore_ament_install'
[0.870s] Level 1:colcon.colcon_core.package_identification:_identify(Images/Testing Annotated/YOLOTestingAnnotations/Wave 1/images/train) by extensions ['colcon_pkg']
[0.870s] Level 1:colcon.colcon_core.package_identification:_identify(Images/Testing Annotated/YOLOTestingAnnotations/Wave 1/images/train) by extension 'colcon_pkg'
[0.870s] Level 1:colcon.colcon_core.package_identification:_identify(Images/Testing Annotated/YOLOTestingAnnotations/Wave 1/images/train) by extensions ['colcon_meta']
[0.871s] Level 1:colcon.colcon_core.package_identification:_identify(Images/Testing Annotated/YOLOTestingAnnotations/Wave 1/images/train) by extension 'colcon_meta'
[0.871s] Level 1:colcon.colcon_core.package_identification:_identify(Images/Testing Annotated/YOLOTestingAnnotations/Wave 1/images/train) by extensions ['ros']
[0.871s] Level 1:colcon.colcon_core.package_identification:_identify(Images/Testing Annotated/YOLOTestingAnnotations/Wave 1/images/train) by extension 'ros'
[0.871s] Level 1:colcon.colcon_core.package_identification:_identify(Images/Testing Annotated/YOLOTestingAnnotations/Wave 1/images/train) by extensions ['cmake', 'python']
[0.871s] Level 1:colcon.colcon_core.package_identification:_identify(Images/Testing Annotated/YOLOTestingAnnotations/Wave 1/images/train) by extension 'cmake'
[0.871s] Level 1:colcon.colcon_core.package_identification:_identify(Images/Testing Annotated/YOLOTestingAnnotations/Wave 1/images/train) by extension 'python'
[0.871s] Level 1:colcon.colcon_core.package_identification:_identify(Images/Testing Annotated/YOLOTestingAnnotations/Wave 1/images/train) by extensions ['python_setup_py']
[0.871s] Level 1:colcon.colcon_core.package_identification:_identify(Images/Testing Annotated/YOLOTestingAnnotations/Wave 1/images/train) by extension 'python_setup_py'
[0.872s] Level 1:colcon.colcon_core.package_identification:_identify(Images/Testing Annotated/YOLOTestingAnnotations/Wave 1/images/val) by extensions ['ignore', 'ignore_ament_install']
[0.872s] Level 1:colcon.colcon_core.package_identification:_identify(Images/Testing Annotated/YOLOTestingAnnotations/Wave 1/images/val) by extension 'ignore'
[0.872s] Level 1:colcon.colcon_core.package_identification:_identify(Images/Testing Annotated/YOLOTestingAnnotations/Wave 1/images/val) by extension 'ignore_ament_install'
[0.872s] Level 1:colcon.colcon_core.package_identification:_identify(Images/Testing Annotated/YOLOTestingAnnotations/Wave 1/images/val) by extensions ['colcon_pkg']
[0.872s] Level 1:colcon.colcon_core.package_identification:_identify(Images/Testing Annotated/YOLOTestingAnnotations/Wave 1/images/val) by extension 'colcon_pkg'
[0.872s] Level 1:colcon.colcon_core.package_identification:_identify(Images/Testing Annotated/YOLOTestingAnnotations/Wave 1/images/val) by extensions ['colcon_meta']
[0.872s] Level 1:colcon.colcon_core.package_identification:_identify(Images/Testing Annotated/YOLOTestingAnnotations/Wave 1/images/val) by extension 'colcon_meta'
[0.872s] Level 1:colcon.colcon_core.package_identification:_identify(Images/Testing Annotated/YOLOTestingAnnotations/Wave 1/images/val) by extensions ['ros']
[0.872s] Level 1:colcon.colcon_core.package_identification:_identify(Images/Testing Annotated/YOLOTestingAnnotations/Wave 1/images/val) by extension 'ros'
[0.873s] Level 1:colcon.colcon_core.package_identification:_identify(Images/Testing Annotated/YOLOTestingAnnotations/Wave 1/images/val) by extensions ['cmake', 'python']
[0.873s] Level 1:colcon.colcon_core.package_identification:_identify(Images/Testing Annotated/YOLOTestingAnnotations/Wave 1/images/val) by extension 'cmake'
[0.873s] Level 1:colcon.colcon_core.package_identification:_identify(Images/Testing Annotated/YOLOTestingAnnotations/Wave 1/images/val) by extension 'python'
[0.873s] Level 1:colcon.colcon_core.package_identification:_identify(Images/Testing Annotated/YOLOTestingAnnotations/Wave 1/images/val) by extensions ['python_setup_py']
[0.873s] Level 1:colcon.colcon_core.package_identification:_identify(Images/Testing Annotated/YOLOTestingAnnotations/Wave 1/images/val) by extension 'python_setup_py'
[0.873s] Level 1:colcon.colcon_core.package_identification:_identify(Images/Testing Annotated/YOLOTestingAnnotations/Wave 1/labels) by extensions ['ignore', 'ignore_ament_install']
[0.873s] Level 1:colcon.colcon_core.package_identification:_identify(Images/Testing Annotated/YOLOTestingAnnotations/Wave 1/labels) by extension 'ignore'
[0.873s] Level 1:colcon.colcon_core.package_identification:_identify(Images/Testing Annotated/YOLOTestingAnnotations/Wave 1/labels) by extension 'ignore_ament_install'
[0.874s] Level 1:colcon.colcon_core.package_identification:_identify(Images/Testing Annotated/YOLOTestingAnnotations/Wave 1/labels) by extensions ['colcon_pkg']
[0.874s] Level 1:colcon.colcon_core.package_identification:_identify(Images/Testing Annotated/YOLOTestingAnnotations/Wave 1/labels) by extension 'colcon_pkg'
[0.874s] Level 1:colcon.colcon_core.package_identification:_identify(Images/Testing Annotated/YOLOTestingAnnotations/Wave 1/labels) by extensions ['colcon_meta']
[0.874s] Level 1:colcon.colcon_core.package_identification:_identify(Images/Testing Annotated/YOLOTestingAnnotations/Wave 1/labels) by extension 'colcon_meta'
[0.874s] Level 1:colcon.colcon_core.package_identification:_identify(Images/Testing Annotated/YOLOTestingAnnotations/Wave 1/labels) by extensions ['ros']
[0.874s] Level 1:colcon.colcon_core.package_identification:_identify(Images/Testing Annotated/YOLOTestingAnnotations/Wave 1/labels) by extension 'ros'
[0.874s] Level 1:colcon.colcon_core.package_identification:_identify(Images/Testing Annotated/YOLOTestingAnnotations/Wave 1/labels) by extensions ['cmake', 'python']
[0.874s] Level 1:colcon.colcon_core.package_identification:_identify(Images/Testing Annotated/YOLOTestingAnnotations/Wave 1/labels) by extension 'cmake'
[0.874s] Level 1:colcon.colcon_core.package_identification:_identify(Images/Testing Annotated/YOLOTestingAnnotations/Wave 1/labels) by extension 'python'
[0.874s] Level 1:colcon.colcon_core.package_identification:_identify(Images/Testing Annotated/YOLOTestingAnnotations/Wave 1/labels) by extensions ['python_setup_py']
[0.874s] Level 1:colcon.colcon_core.package_identification:_identify(Images/Testing Annotated/YOLOTestingAnnotations/Wave 1/labels) by extension 'python_setup_py'
[0.875s] Level 1:colcon.colcon_core.package_identification:_identify(Images/Testing Annotated/YOLOTestingAnnotations/Wave 1/labels/train) by extensions ['ignore', 'ignore_ament_install']
[0.875s] Level 1:colcon.colcon_core.package_identification:_identify(Images/Testing Annotated/YOLOTestingAnnotations/Wave 1/labels/train) by extension 'ignore'
[0.875s] Level 1:colcon.colcon_core.package_identification:_identify(Images/Testing Annotated/YOLOTestingAnnotations/Wave 1/labels/train) by extension 'ignore_ament_install'
[0.875s] Level 1:colcon.colcon_core.package_identification:_identify(Images/Testing Annotated/YOLOTestingAnnotations/Wave 1/labels/train) by extensions ['colcon_pkg']
[0.875s] Level 1:colcon.colcon_core.package_identification:_identify(Images/Testing Annotated/YOLOTestingAnnotations/Wave 1/labels/train) by extension 'colcon_pkg'
[0.875s] Level 1:colcon.colcon_core.package_identification:_identify(Images/Testing Annotated/YOLOTestingAnnotations/Wave 1/labels/train) by extensions ['colcon_meta']
[0.876s] Level 1:colcon.colcon_core.package_identification:_identify(Images/Testing Annotated/YOLOTestingAnnotations/Wave 1/labels/train) by extension 'colcon_meta'
[0.876s] Level 1:colcon.colcon_core.package_identification:_identify(Images/Testing Annotated/YOLOTestingAnnotations/Wave 1/labels/train) by extensions ['ros']
[0.876s] Level 1:colcon.colcon_core.package_identification:_identify(Images/Testing Annotated/YOLOTestingAnnotations/Wave 1/labels/train) by extension 'ros'
[0.876s] Level 1:colcon.colcon_core.package_identification:_identify(Images/Testing Annotated/YOLOTestingAnnotations/Wave 1/labels/train) by extensions ['cmake', 'python']
[0.876s] Level 1:colcon.colcon_core.package_identification:_identify(Images/Testing Annotated/YOLOTestingAnnotations/Wave 1/labels/train) by extension 'cmake'
[0.876s] Level 1:colcon.colcon_core.package_identification:_identify(Images/Testing Annotated/YOLOTestingAnnotations/Wave 1/labels/train) by extension 'python'
[0.876s] Level 1:colcon.colcon_core.package_identification:_identify(Images/Testing Annotated/YOLOTestingAnnotations/Wave 1/labels/train) by extensions ['python_setup_py']
[0.876s] Level 1:colcon.colcon_core.package_identification:_identify(Images/Testing Annotated/YOLOTestingAnnotations/Wave 1/labels/train) by extension 'python_setup_py'
[0.876s] Level 1:colcon.colcon_core.package_identification:_identify(Images/Testing Annotated/YOLOTestingAnnotations/Wave 1/labels/val) by extensions ['ignore', 'ignore_ament_install']
[0.877s] Level 1:colcon.colcon_core.package_identification:_identify(Images/Testing Annotated/YOLOTestingAnnotations/Wave 1/labels/val) by extension 'ignore'
[0.877s] Level 1:colcon.colcon_core.package_identification:_identify(Images/Testing Annotated/YOLOTestingAnnotations/Wave 1/labels/val) by extension 'ignore_ament_install'
[0.877s] Level 1:colcon.colcon_core.package_identification:_identify(Images/Testing Annotated/YOLOTestingAnnotations/Wave 1/labels/val) by extensions ['colcon_pkg']
[0.877s] Level 1:colcon.colcon_core.package_identification:_identify(Images/Testing Annotated/YOLOTestingAnnotations/Wave 1/labels/val) by extension 'colcon_pkg'
[0.877s] Level 1:colcon.colcon_core.package_identification:_identify(Images/Testing Annotated/YOLOTestingAnnotations/Wave 1/labels/val) by extensions ['colcon_meta']
[0.877s] Level 1:colcon.colcon_core.package_identification:_identify(Images/Testing Annotated/YOLOTestingAnnotations/Wave 1/labels/val) by extension 'colcon_meta'
[0.877s] Level 1:colcon.colcon_core.package_identification:_identify(Images/Testing Annotated/YOLOTestingAnnotations/Wave 1/labels/val) by extensions ['ros']
[0.877s] Level 1:colcon.colcon_core.package_identification:_identify(Images/Testing Annotated/YOLOTestingAnnotations/Wave 1/labels/val) by extension 'ros'
[0.878s] Level 1:colcon.colcon_core.package_identification:_identify(Images/Testing Annotated/YOLOTestingAnnotations/Wave 1/labels/val) by extensions ['cmake', 'python']
[0.878s] Level 1:colcon.colcon_core.package_identification:_identify(Images/Testing Annotated/YOLOTestingAnnotations/Wave 1/labels/val) by extension 'cmake'
[0.878s] Level 1:colcon.colcon_core.package_identification:_identify(Images/Testing Annotated/YOLOTestingAnnotations/Wave 1/labels/val) by extension 'python'
[0.878s] Level 1:colcon.colcon_core.package_identification:_identify(Images/Testing Annotated/YOLOTestingAnnotations/Wave 1/labels/val) by extensions ['python_setup_py']
[0.878s] Level 1:colcon.colcon_core.package_identification:_identify(Images/Testing Annotated/YOLOTestingAnnotations/Wave 1/labels/val) by extension 'python_setup_py'
[0.878s] Level 1:colcon.colcon_core.package_identification:_identify(Images/Testing Annotated/YOLOTestingAnnotations/Wave 2) by extensions ['ignore', 'ignore_ament_install']
[0.878s] Level 1:colcon.colcon_core.package_identification:_identify(Images/Testing Annotated/YOLOTestingAnnotations/Wave 2) by extension 'ignore'
[0.878s] Level 1:colcon.colcon_core.package_identification:_identify(Images/Testing Annotated/YOLOTestingAnnotations/Wave 2) by extension 'ignore_ament_install'
[0.878s] Level 1:colcon.colcon_core.package_identification:_identify(Images/Testing Annotated/YOLOTestingAnnotations/Wave 2) by extensions ['colcon_pkg']
[0.879s] Level 1:colcon.colcon_core.package_identification:_identify(Images/Testing Annotated/YOLOTestingAnnotations/Wave 2) by extension 'colcon_pkg'
[0.879s] Level 1:colcon.colcon_core.package_identification:_identify(Images/Testing Annotated/YOLOTestingAnnotations/Wave 2) by extensions ['colcon_meta']
[0.879s] Level 1:colcon.colcon_core.package_identification:_identify(Images/Testing Annotated/YOLOTestingAnnotations/Wave 2) by extension 'colcon_meta'
[0.879s] Level 1:colcon.colcon_core.package_identification:_identify(Images/Testing Annotated/YOLOTestingAnnotations/Wave 2) by extensions ['ros']
[0.879s] Level 1:colcon.colcon_core.package_identification:_identify(Images/Testing Annotated/YOLOTestingAnnotations/Wave 2) by extension 'ros'
[0.879s] Level 1:colcon.colcon_core.package_identification:_identify(Images/Testing Annotated/YOLOTestingAnnotations/Wave 2) by extensions ['cmake', 'python']
[0.879s] Level 1:colcon.colcon_core.package_identification:_identify(Images/Testing Annotated/YOLOTestingAnnotations/Wave 2) by extension 'cmake'
[0.879s] Level 1:colcon.colcon_core.package_identification:_identify(Images/Testing Annotated/YOLOTestingAnnotations/Wave 2) by extension 'python'
[0.879s] Level 1:colcon.colcon_core.package_identification:_identify(Images/Testing Annotated/YOLOTestingAnnotations/Wave 2) by extensions ['python_setup_py']
[0.879s] Level 1:colcon.colcon_core.package_identification:_identify(Images/Testing Annotated/YOLOTestingAnnotations/Wave 2) by extension 'python_setup_py'
[0.880s] Level 1:colcon.colcon_core.package_identification:_identify(Images/Testing Annotated/YOLOTestingAnnotations/Wave 2/images) by extensions ['ignore', 'ignore_ament_install']
[0.880s] Level 1:colcon.colcon_core.package_identification:_identify(Images/Testing Annotated/YOLOTestingAnnotations/Wave 2/images) by extension 'ignore'
[0.880s] Level 1:colcon.colcon_core.package_identification:_identify(Images/Testing Annotated/YOLOTestingAnnotations/Wave 2/images) by extension 'ignore_ament_install'
[0.880s] Level 1:colcon.colcon_core.package_identification:_identify(Images/Testing Annotated/YOLOTestingAnnotations/Wave 2/images) by extensions ['colcon_pkg']
[0.880s] Level 1:colcon.colcon_core.package_identification:_identify(Images/Testing Annotated/YOLOTestingAnnotations/Wave 2/images) by extension 'colcon_pkg'
[0.880s] Level 1:colcon.colcon_core.package_identification:_identify(Images/Testing Annotated/YOLOTestingAnnotations/Wave 2/images) by extensions ['colcon_meta']
[0.880s] Level 1:colcon.colcon_core.package_identification:_identify(Images/Testing Annotated/YOLOTestingAnnotations/Wave 2/images) by extension 'colcon_meta'
[0.880s] Level 1:colcon.colcon_core.package_identification:_identify(Images/Testing Annotated/YOLOTestingAnnotations/Wave 2/images) by extensions ['ros']
[0.881s] Level 1:colcon.colcon_core.package_identification:_identify(Images/Testing Annotated/YOLOTestingAnnotations/Wave 2/images) by extension 'ros'
[0.881s] Level 1:colcon.colcon_core.package_identification:_identify(Images/Testing Annotated/YOLOTestingAnnotations/Wave 2/images) by extensions ['cmake', 'python']
[0.881s] Level 1:colcon.colcon_core.package_identification:_identify(Images/Testing Annotated/YOLOTestingAnnotations/Wave 2/images) by extension 'cmake'
[0.881s] Level 1:colcon.colcon_core.package_identification:_identify(Images/Testing Annotated/YOLOTestingAnnotations/Wave 2/images) by extension 'python'
[0.881s] Level 1:colcon.colcon_core.package_identification:_identify(Images/Testing Annotated/YOLOTestingAnnotations/Wave 2/images) by extensions ['python_setup_py']
[0.881s] Level 1:colcon.colcon_core.package_identification:_identify(Images/Testing Annotated/YOLOTestingAnnotations/Wave 2/images) by extension 'python_setup_py'
[0.881s] Level 1:colcon.colcon_core.package_identification:_identify(Images/Testing Annotated/YOLOTestingAnnotations/Wave 2/images/train) by extensions ['ignore', 'ignore_ament_install']
[0.882s] Level 1:colcon.colcon_core.package_identification:_identify(Images/Testing Annotated/YOLOTestingAnnotations/Wave 2/images/train) by extension 'ignore'
[0.882s] Level 1:colcon.colcon_core.package_identification:_identify(Images/Testing Annotated/YOLOTestingAnnotations/Wave 2/images/train) by extension 'ignore_ament_install'
[0.882s] Level 1:colcon.colcon_core.package_identification:_identify(Images/Testing Annotated/YOLOTestingAnnotations/Wave 2/images/train) by extensions ['colcon_pkg']
[0.882s] Level 1:colcon.colcon_core.package_identification:_identify(Images/Testing Annotated/YOLOTestingAnnotations/Wave 2/images/train) by extension 'colcon_pkg'
[0.882s] Level 1:colcon.colcon_core.package_identification:_identify(Images/Testing Annotated/YOLOTestingAnnotations/Wave 2/images/train) by extensions ['colcon_meta']
[0.882s] Level 1:colcon.colcon_core.package_identification:_identify(Images/Testing Annotated/YOLOTestingAnnotations/Wave 2/images/train) by extension 'colcon_meta'
[0.882s] Level 1:colcon.colcon_core.package_identification:_identify(Images/Testing Annotated/YOLOTestingAnnotations/Wave 2/images/train) by extensions ['ros']
[0.882s] Level 1:colcon.colcon_core.package_identification:_identify(Images/Testing Annotated/YOLOTestingAnnotations/Wave 2/images/train) by extension 'ros'
[0.882s] Level 1:colcon.colcon_core.package_identification:_identify(Images/Testing Annotated/YOLOTestingAnnotations/Wave 2/images/train) by extensions ['cmake', 'python']
[0.882s] Level 1:colcon.colcon_core.package_identification:_identify(Images/Testing Annotated/YOLOTestingAnnotations/Wave 2/images/train) by extension 'cmake'
[0.883s] Level 1:colcon.colcon_core.package_identification:_identify(Images/Testing Annotated/YOLOTestingAnnotations/Wave 2/images/train) by extension 'python'
[0.883s] Level 1:colcon.colcon_core.package_identification:_identify(Images/Testing Annotated/YOLOTestingAnnotations/Wave 2/images/train) by extensions ['python_setup_py']
[0.883s] Level 1:colcon.colcon_core.package_identification:_identify(Images/Testing Annotated/YOLOTestingAnnotations/Wave 2/images/train) by extension 'python_setup_py'
[0.883s] Level 1:colcon.colcon_core.package_identification:_identify(Images/Testing Annotated/YOLOTestingAnnotations/Wave 2/images/val) by extensions ['ignore', 'ignore_ament_install']
[0.883s] Level 1:colcon.colcon_core.package_identification:_identify(Images/Testing Annotated/YOLOTestingAnnotations/Wave 2/images/val) by extension 'ignore'
[0.883s] Level 1:colcon.colcon_core.package_identification:_identify(Images/Testing Annotated/YOLOTestingAnnotations/Wave 2/images/val) by extension 'ignore_ament_install'
[0.883s] Level 1:colcon.colcon_core.package_identification:_identify(Images/Testing Annotated/YOLOTestingAnnotations/Wave 2/images/val) by extensions ['colcon_pkg']
[0.883s] Level 1:colcon.colcon_core.package_identification:_identify(Images/Testing Annotated/YOLOTestingAnnotations/Wave 2/images/val) by extension 'colcon_pkg'
[0.884s] Level 1:colcon.colcon_core.package_identification:_identify(Images/Testing Annotated/YOLOTestingAnnotations/Wave 2/images/val) by extensions ['colcon_meta']
[0.884s] Level 1:colcon.colcon_core.package_identification:_identify(Images/Testing Annotated/YOLOTestingAnnotations/Wave 2/images/val) by extension 'colcon_meta'
[0.884s] Level 1:colcon.colcon_core.package_identification:_identify(Images/Testing Annotated/YOLOTestingAnnotations/Wave 2/images/val) by extensions ['ros']
[0.884s] Level 1:colcon.colcon_core.package_identification:_identify(Images/Testing Annotated/YOLOTestingAnnotations/Wave 2/images/val) by extension 'ros'
[0.884s] Level 1:colcon.colcon_core.package_identification:_identify(Images/Testing Annotated/YOLOTestingAnnotations/Wave 2/images/val) by extensions ['cmake', 'python']
[0.884s] Level 1:colcon.colcon_core.package_identification:_identify(Images/Testing Annotated/YOLOTestingAnnotations/Wave 2/images/val) by extension 'cmake'
[0.884s] Level 1:colcon.colcon_core.package_identification:_identify(Images/Testing Annotated/YOLOTestingAnnotations/Wave 2/images/val) by extension 'python'
[0.884s] Level 1:colcon.colcon_core.package_identification:_identify(Images/Testing Annotated/YOLOTestingAnnotations/Wave 2/images/val) by extensions ['python_setup_py']
[0.884s] Level 1:colcon.colcon_core.package_identification:_identify(Images/Testing Annotated/YOLOTestingAnnotations/Wave 2/images/val) by extension 'python_setup_py'
[0.885s] Level 1:colcon.colcon_core.package_identification:_identify(Images/Testing Annotated/YOLOTestingAnnotations/Wave 2/labels) by extensions ['ignore', 'ignore_ament_install']
[0.885s] Level 1:colcon.colcon_core.package_identification:_identify(Images/Testing Annotated/YOLOTestingAnnotations/Wave 2/labels) by extension 'ignore'
[0.885s] Level 1:colcon.colcon_core.package_identification:_identify(Images/Testing Annotated/YOLOTestingAnnotations/Wave 2/labels) by extension 'ignore_ament_install'
[0.885s] Level 1:colcon.colcon_core.package_identification:_identify(Images/Testing Annotated/YOLOTestingAnnotations/Wave 2/labels) by extensions ['colcon_pkg']
[0.885s] Level 1:colcon.colcon_core.package_identification:_identify(Images/Testing Annotated/YOLOTestingAnnotations/Wave 2/labels) by extension 'colcon_pkg'
[0.885s] Level 1:colcon.colcon_core.package_identification:_identify(Images/Testing Annotated/YOLOTestingAnnotations/Wave 2/labels) by extensions ['colcon_meta']
[0.885s] Level 1:colcon.colcon_core.package_identification:_identify(Images/Testing Annotated/YOLOTestingAnnotations/Wave 2/labels) by extension 'colcon_meta'
[0.885s] Level 1:colcon.colcon_core.package_identification:_identify(Images/Testing Annotated/YOLOTestingAnnotations/Wave 2/labels) by extensions ['ros']
[0.885s] Level 1:colcon.colcon_core.package_identification:_identify(Images/Testing Annotated/YOLOTestingAnnotations/Wave 2/labels) by extension 'ros'
[0.886s] Level 1:colcon.colcon_core.package_identification:_identify(Images/Testing Annotated/YOLOTestingAnnotations/Wave 2/labels) by extensions ['cmake', 'python']
[0.886s] Level 1:colcon.colcon_core.package_identification:_identify(Images/Testing Annotated/YOLOTestingAnnotations/Wave 2/labels) by extension 'cmake'
[0.886s] Level 1:colcon.colcon_core.package_identification:_identify(Images/Testing Annotated/YOLOTestingAnnotations/Wave 2/labels) by extension 'python'
[0.886s] Level 1:colcon.colcon_core.package_identification:_identify(Images/Testing Annotated/YOLOTestingAnnotations/Wave 2/labels) by extensions ['python_setup_py']
[0.886s] Level 1:colcon.colcon_core.package_identification:_identify(Images/Testing Annotated/YOLOTestingAnnotations/Wave 2/labels) by extension 'python_setup_py'
[0.886s] Level 1:colcon.colcon_core.package_identification:_identify(Images/Testing Annotated/YOLOTestingAnnotations/Wave 2/labels/train) by extensions ['ignore', 'ignore_ament_install']
[0.886s] Level 1:colcon.colcon_core.package_identification:_identify(Images/Testing Annotated/YOLOTestingAnnotations/Wave 2/labels/train) by extension 'ignore'
[0.887s] Level 1:colcon.colcon_core.package_identification:_identify(Images/Testing Annotated/YOLOTestingAnnotations/Wave 2/labels/train) by extension 'ignore_ament_install'
[0.887s] Level 1:colcon.colcon_core.package_identification:_identify(Images/Testing Annotated/YOLOTestingAnnotations/Wave 2/labels/train) by extensions ['colcon_pkg']
[0.887s] Level 1:colcon.colcon_core.package_identification:_identify(Images/Testing Annotated/YOLOTestingAnnotations/Wave 2/labels/train) by extension 'colcon_pkg'
[0.887s] Level 1:colcon.colcon_core.package_identification:_identify(Images/Testing Annotated/YOLOTestingAnnotations/Wave 2/labels/train) by extensions ['colcon_meta']
[0.887s] Level 1:colcon.colcon_core.package_identification:_identify(Images/Testing Annotated/YOLOTestingAnnotations/Wave 2/labels/train) by extension 'colcon_meta'
[0.887s] Level 1:colcon.colcon_core.package_identification:_identify(Images/Testing Annotated/YOLOTestingAnnotations/Wave 2/labels/train) by extensions ['ros']
[0.887s] Level 1:colcon.colcon_core.package_identification:_identify(Images/Testing Annotated/YOLOTestingAnnotations/Wave 2/labels/train) by extension 'ros'
[0.887s] Level 1:colcon.colcon_core.package_identification:_identify(Images/Testing Annotated/YOLOTestingAnnotations/Wave 2/labels/train) by extensions ['cmake', 'python']
[0.887s] Level 1:colcon.colcon_core.package_identification:_identify(Images/Testing Annotated/YOLOTestingAnnotations/Wave 2/labels/train) by extension 'cmake'
[0.887s] Level 1:colcon.colcon_core.package_identification:_identify(Images/Testing Annotated/YOLOTestingAnnotations/Wave 2/labels/train) by extension 'python'
[0.888s] Level 1:colcon.colcon_core.package_identification:_identify(Images/Testing Annotated/YOLOTestingAnnotations/Wave 2/labels/train) by extensions ['python_setup_py']
[0.888s] Level 1:colcon.colcon_core.package_identification:_identify(Images/Testing Annotated/YOLOTestingAnnotations/Wave 2/labels/train) by extension 'python_setup_py'
[0.888s] Level 1:colcon.colcon_core.package_identification:_identify(Images/Testing Annotated/YOLOTestingAnnotations/Wave 2/labels/val) by extensions ['ignore', 'ignore_ament_install']
[0.888s] Level 1:colcon.colcon_core.package_identification:_identify(Images/Testing Annotated/YOLOTestingAnnotations/Wave 2/labels/val) by extension 'ignore'
[0.888s] Level 1:colcon.colcon_core.package_identification:_identify(Images/Testing Annotated/YOLOTestingAnnotations/Wave 2/labels/val) by extension 'ignore_ament_install'
[0.888s] Level 1:colcon.colcon_core.package_identification:_identify(Images/Testing Annotated/YOLOTestingAnnotations/Wave 2/labels/val) by extensions ['colcon_pkg']
[0.888s] Level 1:colcon.colcon_core.package_identification:_identify(Images/Testing Annotated/YOLOTestingAnnotations/Wave 2/labels/val) by extension 'colcon_pkg'
[0.888s] Level 1:colcon.colcon_core.package_identification:_identify(Images/Testing Annotated/YOLOTestingAnnotations/Wave 2/labels/val) by extensions ['colcon_meta']
[0.889s] Level 1:colcon.colcon_core.package_identification:_identify(Images/Testing Annotated/YOLOTestingAnnotations/Wave 2/labels/val) by extension 'colcon_meta'
[0.889s] Level 1:colcon.colcon_core.package_identification:_identify(Images/Testing Annotated/YOLOTestingAnnotations/Wave 2/labels/val) by extensions ['ros']
[0.889s] Level 1:colcon.colcon_core.package_identification:_identify(Images/Testing Annotated/YOLOTestingAnnotations/Wave 2/labels/val) by extension 'ros'
[0.889s] Level 1:colcon.colcon_core.package_identification:_identify(Images/Testing Annotated/YOLOTestingAnnotations/Wave 2/labels/val) by extensions ['cmake', 'python']
[0.889s] Level 1:colcon.colcon_core.package_identification:_identify(Images/Testing Annotated/YOLOTestingAnnotations/Wave 2/labels/val) by extension 'cmake'
[0.889s] Level 1:colcon.colcon_core.package_identification:_identify(Images/Testing Annotated/YOLOTestingAnnotations/Wave 2/labels/val) by extension 'python'
[0.889s] Level 1:colcon.colcon_core.package_identification:_identify(Images/Testing Annotated/YOLOTestingAnnotations/Wave 2/labels/val) by extensions ['python_setup_py']
[0.889s] Level 1:colcon.colcon_core.package_identification:_identify(Images/Testing Annotated/YOLOTestingAnnotations/Wave 2/labels/val) by extension 'python_setup_py'
[0.889s] Level 1:colcon.colcon_core.package_identification:_identify(Images/Testing Annotated/YOLOTestingAnnotations/Wave 3) by extensions ['ignore', 'ignore_ament_install']
[0.890s] Level 1:colcon.colcon_core.package_identification:_identify(Images/Testing Annotated/YOLOTestingAnnotations/Wave 3) by extension 'ignore'
[0.890s] Level 1:colcon.colcon_core.package_identification:_identify(Images/Testing Annotated/YOLOTestingAnnotations/Wave 3) by extension 'ignore_ament_install'
[0.890s] Level 1:colcon.colcon_core.package_identification:_identify(Images/Testing Annotated/YOLOTestingAnnotations/Wave 3) by extensions ['colcon_pkg']
[0.890s] Level 1:colcon.colcon_core.package_identification:_identify(Images/Testing Annotated/YOLOTestingAnnotations/Wave 3) by extension 'colcon_pkg'
[0.890s] Level 1:colcon.colcon_core.package_identification:_identify(Images/Testing Annotated/YOLOTestingAnnotations/Wave 3) by extensions ['colcon_meta']
[0.890s] Level 1:colcon.colcon_core.package_identification:_identify(Images/Testing Annotated/YOLOTestingAnnotations/Wave 3) by extension 'colcon_meta'
[0.890s] Level 1:colcon.colcon_core.package_identification:_identify(Images/Testing Annotated/YOLOTestingAnnotations/Wave 3) by extensions ['ros']
[0.890s] Level 1:colcon.colcon_core.package_identification:_identify(Images/Testing Annotated/YOLOTestingAnnotations/Wave 3) by extension 'ros'
[0.891s] Level 1:colcon.colcon_core.package_identification:_identify(Images/Testing Annotated/YOLOTestingAnnotations/Wave 3) by extensions ['cmake', 'python']
[0.891s] Level 1:colcon.colcon_core.package_identification:_identify(Images/Testing Annotated/YOLOTestingAnnotations/Wave 3) by extension 'cmake'
[0.891s] Level 1:colcon.colcon_core.package_identification:_identify(Images/Testing Annotated/YOLOTestingAnnotations/Wave 3) by extension 'python'
[0.891s] Level 1:colcon.colcon_core.package_identification:_identify(Images/Testing Annotated/YOLOTestingAnnotations/Wave 3) by extensions ['python_setup_py']
[0.891s] Level 1:colcon.colcon_core.package_identification:_identify(Images/Testing Annotated/YOLOTestingAnnotations/Wave 3) by extension 'python_setup_py'
[0.891s] Level 1:colcon.colcon_core.package_identification:_identify(Images/Testing Annotated/YOLOTestingAnnotations/Wave 3/images) by extensions ['ignore', 'ignore_ament_install']
[0.891s] Level 1:colcon.colcon_core.package_identification:_identify(Images/Testing Annotated/YOLOTestingAnnotations/Wave 3/images) by extension 'ignore'
[0.891s] Level 1:colcon.colcon_core.package_identification:_identify(Images/Testing Annotated/YOLOTestingAnnotations/Wave 3/images) by extension 'ignore_ament_install'
[0.892s] Level 1:colcon.colcon_core.package_identification:_identify(Images/Testing Annotated/YOLOTestingAnnotations/Wave 3/images) by extensions ['colcon_pkg']
[0.892s] Level 1:colcon.colcon_core.package_identification:_identify(Images/Testing Annotated/YOLOTestingAnnotations/Wave 3/images) by extension 'colcon_pkg'
[0.892s] Level 1:colcon.colcon_core.package_identification:_identify(Images/Testing Annotated/YOLOTestingAnnotations/Wave 3/images) by extensions ['colcon_meta']
[0.892s] Level 1:colcon.colcon_core.package_identification:_identify(Images/Testing Annotated/YOLOTestingAnnotations/Wave 3/images) by extension 'colcon_meta'
[0.892s] Level 1:colcon.colcon_core.package_identification:_identify(Images/Testing Annotated/YOLOTestingAnnotations/Wave 3/images) by extensions ['ros']
[0.892s] Level 1:colcon.colcon_core.package_identification:_identify(Images/Testing Annotated/YOLOTestingAnnotations/Wave 3/images) by extension 'ros'
[0.892s] Level 1:colcon.colcon_core.package_identification:_identify(Images/Testing Annotated/YOLOTestingAnnotations/Wave 3/images) by extensions ['cmake', 'python']
[0.892s] Level 1:colcon.colcon_core.package_identification:_identify(Images/Testing Annotated/YOLOTestingAnnotations/Wave 3/images) by extension 'cmake'
[0.892s] Level 1:colcon.colcon_core.package_identification:_identify(Images/Testing Annotated/YOLOTestingAnnotations/Wave 3/images) by extension 'python'
[0.892s] Level 1:colcon.colcon_core.package_identification:_identify(Images/Testing Annotated/YOLOTestingAnnotations/Wave 3/images) by extensions ['python_setup_py']
[0.893s] Level 1:colcon.colcon_core.package_identification:_identify(Images/Testing Annotated/YOLOTestingAnnotations/Wave 3/images) by extension 'python_setup_py'
[0.893s] Level 1:colcon.colcon_core.package_identification:_identify(Images/Testing Annotated/YOLOTestingAnnotations/Wave 3/images/train) by extensions ['ignore', 'ignore_ament_install']
[0.893s] Level 1:colcon.colcon_core.package_identification:_identify(Images/Testing Annotated/YOLOTestingAnnotations/Wave 3/images/train) by extension 'ignore'
[0.893s] Level 1:colcon.colcon_core.package_identification:_identify(Images/Testing Annotated/YOLOTestingAnnotations/Wave 3/images/train) by extension 'ignore_ament_install'
[0.893s] Level 1:colcon.colcon_core.package_identification:_identify(Images/Testing Annotated/YOLOTestingAnnotations/Wave 3/images/train) by extensions ['colcon_pkg']
[0.893s] Level 1:colcon.colcon_core.package_identification:_identify(Images/Testing Annotated/YOLOTestingAnnotations/Wave 3/images/train) by extension 'colcon_pkg'
[0.893s] Level 1:colcon.colcon_core.package_identification:_identify(Images/Testing Annotated/YOLOTestingAnnotations/Wave 3/images/train) by extensions ['colcon_meta']
[0.894s] Level 1:colcon.colcon_core.package_identification:_identify(Images/Testing Annotated/YOLOTestingAnnotations/Wave 3/images/train) by extension 'colcon_meta'
[0.894s] Level 1:colcon.colcon_core.package_identification:_identify(Images/Testing Annotated/YOLOTestingAnnotations/Wave 3/images/train) by extensions ['ros']
[0.894s] Level 1:colcon.colcon_core.package_identification:_identify(Images/Testing Annotated/YOLOTestingAnnotations/Wave 3/images/train) by extension 'ros'
[0.894s] Level 1:colcon.colcon_core.package_identification:_identify(Images/Testing Annotated/YOLOTestingAnnotations/Wave 3/images/train) by extensions ['cmake', 'python']
[0.894s] Level 1:colcon.colcon_core.package_identification:_identify(Images/Testing Annotated/YOLOTestingAnnotations/Wave 3/images/train) by extension 'cmake'
[0.894s] Level 1:colcon.colcon_core.package_identification:_identify(Images/Testing Annotated/YOLOTestingAnnotations/Wave 3/images/train) by extension 'python'
[0.894s] Level 1:colcon.colcon_core.package_identification:_identify(Images/Testing Annotated/YOLOTestingAnnotations/Wave 3/images/train) by extensions ['python_setup_py']
[0.894s] Level 1:colcon.colcon_core.package_identification:_identify(Images/Testing Annotated/YOLOTestingAnnotations/Wave 3/images/train) by extension 'python_setup_py'
[0.895s] Level 1:colcon.colcon_core.package_identification:_identify(Images/Testing Annotated/YOLOTestingAnnotations/Wave 3/images/val) by extensions ['ignore', 'ignore_ament_install']
[0.895s] Level 1:colcon.colcon_core.package_identification:_identify(Images/Testing Annotated/YOLOTestingAnnotations/Wave 3/images/val) by extension 'ignore'
[0.895s] Level 1:colcon.colcon_core.package_identification:_identify(Images/Testing Annotated/YOLOTestingAnnotations/Wave 3/images/val) by extension 'ignore_ament_install'
[0.895s] Level 1:colcon.colcon_core.package_identification:_identify(Images/Testing Annotated/YOLOTestingAnnotations/Wave 3/images/val) by extensions ['colcon_pkg']
[0.895s] Level 1:colcon.colcon_core.package_identification:_identify(Images/Testing Annotated/YOLOTestingAnnotations/Wave 3/images/val) by extension 'colcon_pkg'
[0.895s] Level 1:colcon.colcon_core.package_identification:_identify(Images/Testing Annotated/YOLOTestingAnnotations/Wave 3/images/val) by extensions ['colcon_meta']
[0.895s] Level 1:colcon.colcon_core.package_identification:_identify(Images/Testing Annotated/YOLOTestingAnnotations/Wave 3/images/val) by extension 'colcon_meta'
[0.895s] Level 1:colcon.colcon_core.package_identification:_identify(Images/Testing Annotated/YOLOTestingAnnotations/Wave 3/images/val) by extensions ['ros']
[0.895s] Level 1:colcon.colcon_core.package_identification:_identify(Images/Testing Annotated/YOLOTestingAnnotations/Wave 3/images/val) by extension 'ros'
[0.896s] Level 1:colcon.colcon_core.package_identification:_identify(Images/Testing Annotated/YOLOTestingAnnotations/Wave 3/images/val) by extensions ['cmake', 'python']
[0.896s] Level 1:colcon.colcon_core.package_identification:_identify(Images/Testing Annotated/YOLOTestingAnnotations/Wave 3/images/val) by extension 'cmake'
[0.896s] Level 1:colcon.colcon_core.package_identification:_identify(Images/Testing Annotated/YOLOTestingAnnotations/Wave 3/images/val) by extension 'python'
[0.896s] Level 1:colcon.colcon_core.package_identification:_identify(Images/Testing Annotated/YOLOTestingAnnotations/Wave 3/images/val) by extensions ['python_setup_py']
[0.896s] Level 1:colcon.colcon_core.package_identification:_identify(Images/Testing Annotated/YOLOTestingAnnotations/Wave 3/images/val) by extension 'python_setup_py'
[0.896s] Level 1:colcon.colcon_core.package_identification:_identify(Images/Testing Annotated/YOLOTestingAnnotations/Wave 3/labels) by extensions ['ignore', 'ignore_ament_install']
[0.896s] Level 1:colcon.colcon_core.package_identification:_identify(Images/Testing Annotated/YOLOTestingAnnotations/Wave 3/labels) by extension 'ignore'
[0.897s] Level 1:colcon.colcon_core.package_identification:_identify(Images/Testing Annotated/YOLOTestingAnnotations/Wave 3/labels) by extension 'ignore_ament_install'
[0.897s] Level 1:colcon.colcon_core.package_identification:_identify(Images/Testing Annotated/YOLOTestingAnnotations/Wave 3/labels) by extensions ['colcon_pkg']
[0.897s] Level 1:colcon.colcon_core.package_identification:_identify(Images/Testing Annotated/YOLOTestingAnnotations/Wave 3/labels) by extension 'colcon_pkg'
[0.897s] Level 1:colcon.colcon_core.package_identification:_identify(Images/Testing Annotated/YOLOTestingAnnotations/Wave 3/labels) by extensions ['colcon_meta']
[0.897s] Level 1:colcon.colcon_core.package_identification:_identify(Images/Testing Annotated/YOLOTestingAnnotations/Wave 3/labels) by extension 'colcon_meta'
[0.897s] Level 1:colcon.colcon_core.package_identification:_identify(Images/Testing Annotated/YOLOTestingAnnotations/Wave 3/labels) by extensions ['ros']
[0.897s] Level 1:colcon.colcon_core.package_identification:_identify(Images/Testing Annotated/YOLOTestingAnnotations/Wave 3/labels) by extension 'ros'
[0.897s] Level 1:colcon.colcon_core.package_identification:_identify(Images/Testing Annotated/YOLOTestingAnnotations/Wave 3/labels) by extensions ['cmake', 'python']
[0.897s] Level 1:colcon.colcon_core.package_identification:_identify(Images/Testing Annotated/YOLOTestingAnnotations/Wave 3/labels) by extension 'cmake'
[0.897s] Level 1:colcon.colcon_core.package_identification:_identify(Images/Testing Annotated/YOLOTestingAnnotations/Wave 3/labels) by extension 'python'
[0.898s] Level 1:colcon.colcon_core.package_identification:_identify(Images/Testing Annotated/YOLOTestingAnnotations/Wave 3/labels) by extensions ['python_setup_py']
[0.898s] Level 1:colcon.colcon_core.package_identification:_identify(Images/Testing Annotated/YOLOTestingAnnotations/Wave 3/labels) by extension 'python_setup_py'
[0.898s] Level 1:colcon.colcon_core.package_identification:_identify(Images/Testing Annotated/YOLOTestingAnnotations/Wave 3/labels/train) by extensions ['ignore', 'ignore_ament_install']
[0.898s] Level 1:colcon.colcon_core.package_identification:_identify(Images/Testing Annotated/YOLOTestingAnnotations/Wave 3/labels/train) by extension 'ignore'
[0.898s] Level 1:colcon.colcon_core.package_identification:_identify(Images/Testing Annotated/YOLOTestingAnnotations/Wave 3/labels/train) by extension 'ignore_ament_install'
[0.898s] Level 1:colcon.colcon_core.package_identification:_identify(Images/Testing Annotated/YOLOTestingAnnotations/Wave 3/labels/train) by extensions ['colcon_pkg']
[0.898s] Level 1:colcon.colcon_core.package_identification:_identify(Images/Testing Annotated/YOLOTestingAnnotations/Wave 3/labels/train) by extension 'colcon_pkg'
[0.899s] Level 1:colcon.colcon_core.package_identification:_identify(Images/Testing Annotated/YOLOTestingAnnotations/Wave 3/labels/train) by extensions ['colcon_meta']
[0.899s] Level 1:colcon.colcon_core.package_identification:_identify(Images/Testing Annotated/YOLOTestingAnnotations/Wave 3/labels/train) by extension 'colcon_meta'
[0.899s] Level 1:colcon.colcon_core.package_identification:_identify(Images/Testing Annotated/YOLOTestingAnnotations/Wave 3/labels/train) by extensions ['ros']
[0.899s] Level 1:colcon.colcon_core.package_identification:_identify(Images/Testing Annotated/YOLOTestingAnnotations/Wave 3/labels/train) by extension 'ros'
[0.899s] Level 1:colcon.colcon_core.package_identification:_identify(Images/Testing Annotated/YOLOTestingAnnotations/Wave 3/labels/train) by extensions ['cmake', 'python']
[0.899s] Level 1:colcon.colcon_core.package_identification:_identify(Images/Testing Annotated/YOLOTestingAnnotations/Wave 3/labels/train) by extension 'cmake'
[0.899s] Level 1:colcon.colcon_core.package_identification:_identify(Images/Testing Annotated/YOLOTestingAnnotations/Wave 3/labels/train) by extension 'python'
[0.899s] Level 1:colcon.colcon_core.package_identification:_identify(Images/Testing Annotated/YOLOTestingAnnotations/Wave 3/labels/train) by extensions ['python_setup_py']
[0.899s] Level 1:colcon.colcon_core.package_identification:_identify(Images/Testing Annotated/YOLOTestingAnnotations/Wave 3/labels/train) by extension 'python_setup_py'
[0.900s] Level 1:colcon.colcon_core.package_identification:_identify(Images/Testing Annotated/YOLOTestingAnnotations/Wave 3/labels/val) by extensions ['ignore', 'ignore_ament_install']
[0.900s] Level 1:colcon.colcon_core.package_identification:_identify(Images/Testing Annotated/YOLOTestingAnnotations/Wave 3/labels/val) by extension 'ignore'
[0.900s] Level 1:colcon.colcon_core.package_identification:_identify(Images/Testing Annotated/YOLOTestingAnnotations/Wave 3/labels/val) by extension 'ignore_ament_install'
[0.900s] Level 1:colcon.colcon_core.package_identification:_identify(Images/Testing Annotated/YOLOTestingAnnotations/Wave 3/labels/val) by extensions ['colcon_pkg']
[0.900s] Level 1:colcon.colcon_core.package_identification:_identify(Images/Testing Annotated/YOLOTestingAnnotations/Wave 3/labels/val) by extension 'colcon_pkg'
[0.900s] Level 1:colcon.colcon_core.package_identification:_identify(Images/Testing Annotated/YOLOTestingAnnotations/Wave 3/labels/val) by extensions ['colcon_meta']
[0.900s] Level 1:colcon.colcon_core.package_identification:_identify(Images/Testing Annotated/YOLOTestingAnnotations/Wave 3/labels/val) by extension 'colcon_meta'
[0.900s] Level 1:colcon.colcon_core.package_identification:_identify(Images/Testing Annotated/YOLOTestingAnnotations/Wave 3/labels/val) by extensions ['ros']
[0.901s] Level 1:colcon.colcon_core.package_identification:_identify(Images/Testing Annotated/YOLOTestingAnnotations/Wave 3/labels/val) by extension 'ros'
[0.901s] Level 1:colcon.colcon_core.package_identification:_identify(Images/Testing Annotated/YOLOTestingAnnotations/Wave 3/labels/val) by extensions ['cmake', 'python']
[0.901s] Level 1:colcon.colcon_core.package_identification:_identify(Images/Testing Annotated/YOLOTestingAnnotations/Wave 3/labels/val) by extension 'cmake'
[0.901s] Level 1:colcon.colcon_core.package_identification:_identify(Images/Testing Annotated/YOLOTestingAnnotations/Wave 3/labels/val) by extension 'python'
[0.901s] Level 1:colcon.colcon_core.package_identification:_identify(Images/Testing Annotated/YOLOTestingAnnotations/Wave 3/labels/val) by extensions ['python_setup_py']
[0.901s] Level 1:colcon.colcon_core.package_identification:_identify(Images/Testing Annotated/YOLOTestingAnnotations/Wave 3/labels/val) by extension 'python_setup_py'
[0.901s] Level 1:colcon.colcon_core.package_identification:_identify(Images/Testing Annotated/YOLOTestingAnnotations/Wave 4) by extensions ['ignore', 'ignore_ament_install']
[0.901s] Level 1:colcon.colcon_core.package_identification:_identify(Images/Testing Annotated/YOLOTestingAnnotations/Wave 4) by extension 'ignore'
[0.902s] Level 1:colcon.colcon_core.package_identification:_identify(Images/Testing Annotated/YOLOTestingAnnotations/Wave 4) by extension 'ignore_ament_install'
[0.902s] Level 1:colcon.colcon_core.package_identification:_identify(Images/Testing Annotated/YOLOTestingAnnotations/Wave 4) by extensions ['colcon_pkg']
[0.902s] Level 1:colcon.colcon_core.package_identification:_identify(Images/Testing Annotated/YOLOTestingAnnotations/Wave 4) by extension 'colcon_pkg'
[0.902s] Level 1:colcon.colcon_core.package_identification:_identify(Images/Testing Annotated/YOLOTestingAnnotations/Wave 4) by extensions ['colcon_meta']
[0.902s] Level 1:colcon.colcon_core.package_identification:_identify(Images/Testing Annotated/YOLOTestingAnnotations/Wave 4) by extension 'colcon_meta'
[0.902s] Level 1:colcon.colcon_core.package_identification:_identify(Images/Testing Annotated/YOLOTestingAnnotations/Wave 4) by extensions ['ros']
[0.902s] Level 1:colcon.colcon_core.package_identification:_identify(Images/Testing Annotated/YOLOTestingAnnotations/Wave 4) by extension 'ros'
[0.902s] Level 1:colcon.colcon_core.package_identification:_identify(Images/Testing Annotated/YOLOTestingAnnotations/Wave 4) by extensions ['cmake', 'python']
[0.902s] Level 1:colcon.colcon_core.package_identification:_identify(Images/Testing Annotated/YOLOTestingAnnotations/Wave 4) by extension 'cmake'
[0.902s] Level 1:colcon.colcon_core.package_identification:_identify(Images/Testing Annotated/YOLOTestingAnnotations/Wave 4) by extension 'python'
[0.903s] Level 1:colcon.colcon_core.package_identification:_identify(Images/Testing Annotated/YOLOTestingAnnotations/Wave 4) by extensions ['python_setup_py']
[0.903s] Level 1:colcon.colcon_core.package_identification:_identify(Images/Testing Annotated/YOLOTestingAnnotations/Wave 4) by extension 'python_setup_py'
[0.903s] Level 1:colcon.colcon_core.package_identification:_identify(Images/Testing Annotated/YOLOTestingAnnotations/Wave 4/images) by extensions ['ignore', 'ignore_ament_install']
[0.903s] Level 1:colcon.colcon_core.package_identification:_identify(Images/Testing Annotated/YOLOTestingAnnotations/Wave 4/images) by extension 'ignore'
[0.903s] Level 1:colcon.colcon_core.package_identification:_identify(Images/Testing Annotated/YOLOTestingAnnotations/Wave 4/images) by extension 'ignore_ament_install'
[0.903s] Level 1:colcon.colcon_core.package_identification:_identify(Images/Testing Annotated/YOLOTestingAnnotations/Wave 4/images) by extensions ['colcon_pkg']
[0.903s] Level 1:colcon.colcon_core.package_identification:_identify(Images/Testing Annotated/YOLOTestingAnnotations/Wave 4/images) by extension 'colcon_pkg'
[0.904s] Level 1:colcon.colcon_core.package_identification:_identify(Images/Testing Annotated/YOLOTestingAnnotations/Wave 4/images) by extensions ['colcon_meta']
[0.904s] Level 1:colcon.colcon_core.package_identification:_identify(Images/Testing Annotated/YOLOTestingAnnotations/Wave 4/images) by extension 'colcon_meta'
[0.904s] Level 1:colcon.colcon_core.package_identification:_identify(Images/Testing Annotated/YOLOTestingAnnotations/Wave 4/images) by extensions ['ros']
[0.904s] Level 1:colcon.colcon_core.package_identification:_identify(Images/Testing Annotated/YOLOTestingAnnotations/Wave 4/images) by extension 'ros'
[0.904s] Level 1:colcon.colcon_core.package_identification:_identify(Images/Testing Annotated/YOLOTestingAnnotations/Wave 4/images) by extensions ['cmake', 'python']
[0.904s] Level 1:colcon.colcon_core.package_identification:_identify(Images/Testing Annotated/YOLOTestingAnnotations/Wave 4/images) by extension 'cmake'
[0.904s] Level 1:colcon.colcon_core.package_identification:_identify(Images/Testing Annotated/YOLOTestingAnnotations/Wave 4/images) by extension 'python'
[0.904s] Level 1:colcon.colcon_core.package_identification:_identify(Images/Testing Annotated/YOLOTestingAnnotations/Wave 4/images) by extensions ['python_setup_py']
[0.904s] Level 1:colcon.colcon_core.package_identification:_identify(Images/Testing Annotated/YOLOTestingAnnotations/Wave 4/images) by extension 'python_setup_py'
[0.905s] Level 1:colcon.colcon_core.package_identification:_identify(Images/Testing Annotated/YOLOTestingAnnotations/Wave 4/labels) by extensions ['ignore', 'ignore_ament_install']
[0.905s] Level 1:colcon.colcon_core.package_identification:_identify(Images/Testing Annotated/YOLOTestingAnnotations/Wave 4/labels) by extension 'ignore'
[0.905s] Level 1:colcon.colcon_core.package_identification:_identify(Images/Testing Annotated/YOLOTestingAnnotations/Wave 4/labels) by extension 'ignore_ament_install'
[0.905s] Level 1:colcon.colcon_core.package_identification:_identify(Images/Testing Annotated/YOLOTestingAnnotations/Wave 4/labels) by extensions ['colcon_pkg']
[0.905s] Level 1:colcon.colcon_core.package_identification:_identify(Images/Testing Annotated/YOLOTestingAnnotations/Wave 4/labels) by extension 'colcon_pkg'
[0.905s] Level 1:colcon.colcon_core.package_identification:_identify(Images/Testing Annotated/YOLOTestingAnnotations/Wave 4/labels) by extensions ['colcon_meta']
[0.905s] Level 1:colcon.colcon_core.package_identification:_identify(Images/Testing Annotated/YOLOTestingAnnotations/Wave 4/labels) by extension 'colcon_meta'
[0.906s] Level 1:colcon.colcon_core.package_identification:_identify(Images/Testing Annotated/YOLOTestingAnnotations/Wave 4/labels) by extensions ['ros']
[0.906s] Level 1:colcon.colcon_core.package_identification:_identify(Images/Testing Annotated/YOLOTestingAnnotations/Wave 4/labels) by extension 'ros'
[0.906s] Level 1:colcon.colcon_core.package_identification:_identify(Images/Testing Annotated/YOLOTestingAnnotations/Wave 4/labels) by extensions ['cmake', 'python']
[0.906s] Level 1:colcon.colcon_core.package_identification:_identify(Images/Testing Annotated/YOLOTestingAnnotations/Wave 4/labels) by extension 'cmake'
[0.906s] Level 1:colcon.colcon_core.package_identification:_identify(Images/Testing Annotated/YOLOTestingAnnotations/Wave 4/labels) by extension 'python'
[0.906s] Level 1:colcon.colcon_core.package_identification:_identify(Images/Testing Annotated/YOLOTestingAnnotations/Wave 4/labels) by extensions ['python_setup_py']
[0.906s] Level 1:colcon.colcon_core.package_identification:_identify(Images/Testing Annotated/YOLOTestingAnnotations/Wave 4/labels) by extension 'python_setup_py'
[0.906s] Level 1:colcon.colcon_core.package_identification:_identify(Images/Testing Annotated/YOLOTestingAnnotations/Wave 5) by extensions ['ignore', 'ignore_ament_install']
[0.906s] Level 1:colcon.colcon_core.package_identification:_identify(Images/Testing Annotated/YOLOTestingAnnotations/Wave 5) by extension 'ignore'
[0.907s] Level 1:colcon.colcon_core.package_identification:_identify(Images/Testing Annotated/YOLOTestingAnnotations/Wave 5) by extension 'ignore_ament_install'
[0.907s] Level 1:colcon.colcon_core.package_identification:_identify(Images/Testing Annotated/YOLOTestingAnnotations/Wave 5) by extensions ['colcon_pkg']
[0.907s] Level 1:colcon.colcon_core.package_identification:_identify(Images/Testing Annotated/YOLOTestingAnnotations/Wave 5) by extension 'colcon_pkg'
[0.907s] Level 1:colcon.colcon_core.package_identification:_identify(Images/Testing Annotated/YOLOTestingAnnotations/Wave 5) by extensions ['colcon_meta']
[0.907s] Level 1:colcon.colcon_core.package_identification:_identify(Images/Testing Annotated/YOLOTestingAnnotations/Wave 5) by extension 'colcon_meta'
[0.907s] Level 1:colcon.colcon_core.package_identification:_identify(Images/Testing Annotated/YOLOTestingAnnotations/Wave 5) by extensions ['ros']
[0.907s] Level 1:colcon.colcon_core.package_identification:_identify(Images/Testing Annotated/YOLOTestingAnnotations/Wave 5) by extension 'ros'
[0.907s] Level 1:colcon.colcon_core.package_identification:_identify(Images/Testing Annotated/YOLOTestingAnnotations/Wave 5) by extensions ['cmake', 'python']
[0.907s] Level 1:colcon.colcon_core.package_identification:_identify(Images/Testing Annotated/YOLOTestingAnnotations/Wave 5) by extension 'cmake'
[0.908s] Level 1:colcon.colcon_core.package_identification:_identify(Images/Testing Annotated/YOLOTestingAnnotations/Wave 5) by extension 'python'
[0.908s] Level 1:colcon.colcon_core.package_identification:_identify(Images/Testing Annotated/YOLOTestingAnnotations/Wave 5) by extensions ['python_setup_py']
[0.908s] Level 1:colcon.colcon_core.package_identification:_identify(Images/Testing Annotated/YOLOTestingAnnotations/Wave 5) by extension 'python_setup_py'
[0.908s] Level 1:colcon.colcon_core.package_identification:_identify(Images/Testing Annotated/YOLOTestingAnnotations/Wave 5/images) by extensions ['ignore', 'ignore_ament_install']
[0.908s] Level 1:colcon.colcon_core.package_identification:_identify(Images/Testing Annotated/YOLOTestingAnnotations/Wave 5/images) by extension 'ignore'
[0.908s] Level 1:colcon.colcon_core.package_identification:_identify(Images/Testing Annotated/YOLOTestingAnnotations/Wave 5/images) by extension 'ignore_ament_install'
[0.908s] Level 1:colcon.colcon_core.package_identification:_identify(Images/Testing Annotated/YOLOTestingAnnotations/Wave 5/images) by extensions ['colcon_pkg']
[0.908s] Level 1:colcon.colcon_core.package_identification:_identify(Images/Testing Annotated/YOLOTestingAnnotations/Wave 5/images) by extension 'colcon_pkg'
[0.909s] Level 1:colcon.colcon_core.package_identification:_identify(Images/Testing Annotated/YOLOTestingAnnotations/Wave 5/images) by extensions ['colcon_meta']
[0.909s] Level 1:colcon.colcon_core.package_identification:_identify(Images/Testing Annotated/YOLOTestingAnnotations/Wave 5/images) by extension 'colcon_meta'
[0.909s] Level 1:colcon.colcon_core.package_identification:_identify(Images/Testing Annotated/YOLOTestingAnnotations/Wave 5/images) by extensions ['ros']
[0.909s] Level 1:colcon.colcon_core.package_identification:_identify(Images/Testing Annotated/YOLOTestingAnnotations/Wave 5/images) by extension 'ros'
[0.909s] Level 1:colcon.colcon_core.package_identification:_identify(Images/Testing Annotated/YOLOTestingAnnotations/Wave 5/images) by extensions ['cmake', 'python']
[0.909s] Level 1:colcon.colcon_core.package_identification:_identify(Images/Testing Annotated/YOLOTestingAnnotations/Wave 5/images) by extension 'cmake'
[0.909s] Level 1:colcon.colcon_core.package_identification:_identify(Images/Testing Annotated/YOLOTestingAnnotations/Wave 5/images) by extension 'python'
[0.909s] Level 1:colcon.colcon_core.package_identification:_identify(Images/Testing Annotated/YOLOTestingAnnotations/Wave 5/images) by extensions ['python_setup_py']
[0.909s] Level 1:colcon.colcon_core.package_identification:_identify(Images/Testing Annotated/YOLOTestingAnnotations/Wave 5/images) by extension 'python_setup_py'
[0.910s] Level 1:colcon.colcon_core.package_identification:_identify(Images/Testing Annotated/YOLOTestingAnnotations/Wave 5/images/train) by extensions ['ignore', 'ignore_ament_install']
[0.910s] Level 1:colcon.colcon_core.package_identification:_identify(Images/Testing Annotated/YOLOTestingAnnotations/Wave 5/images/train) by extension 'ignore'
[0.910s] Level 1:colcon.colcon_core.package_identification:_identify(Images/Testing Annotated/YOLOTestingAnnotations/Wave 5/images/train) by extension 'ignore_ament_install'
[0.910s] Level 1:colcon.colcon_core.package_identification:_identify(Images/Testing Annotated/YOLOTestingAnnotations/Wave 5/images/train) by extensions ['colcon_pkg']
[0.910s] Level 1:colcon.colcon_core.package_identification:_identify(Images/Testing Annotated/YOLOTestingAnnotations/Wave 5/images/train) by extension 'colcon_pkg'
[0.910s] Level 1:colcon.colcon_core.package_identification:_identify(Images/Testing Annotated/YOLOTestingAnnotations/Wave 5/images/train) by extensions ['colcon_meta']
[0.910s] Level 1:colcon.colcon_core.package_identification:_identify(Images/Testing Annotated/YOLOTestingAnnotations/Wave 5/images/train) by extension 'colcon_meta'
[0.911s] Level 1:colcon.colcon_core.package_identification:_identify(Images/Testing Annotated/YOLOTestingAnnotations/Wave 5/images/train) by extensions ['ros']
[0.911s] Level 1:colcon.colcon_core.package_identification:_identify(Images/Testing Annotated/YOLOTestingAnnotations/Wave 5/images/train) by extension 'ros'
[0.911s] Level 1:colcon.colcon_core.package_identification:_identify(Images/Testing Annotated/YOLOTestingAnnotations/Wave 5/images/train) by extensions ['cmake', 'python']
[0.911s] Level 1:colcon.colcon_core.package_identification:_identify(Images/Testing Annotated/YOLOTestingAnnotations/Wave 5/images/train) by extension 'cmake'
[0.911s] Level 1:colcon.colcon_core.package_identification:_identify(Images/Testing Annotated/YOLOTestingAnnotations/Wave 5/images/train) by extension 'python'
[0.911s] Level 1:colcon.colcon_core.package_identification:_identify(Images/Testing Annotated/YOLOTestingAnnotations/Wave 5/images/train) by extensions ['python_setup_py']
[0.911s] Level 1:colcon.colcon_core.package_identification:_identify(Images/Testing Annotated/YOLOTestingAnnotations/Wave 5/images/train) by extension 'python_setup_py'
[0.911s] Level 1:colcon.colcon_core.package_identification:_identify(Images/Testing Annotated/YOLOTestingAnnotations/Wave 5/images/val) by extensions ['ignore', 'ignore_ament_install']
[0.912s] Level 1:colcon.colcon_core.package_identification:_identify(Images/Testing Annotated/YOLOTestingAnnotations/Wave 5/images/val) by extension 'ignore'
[0.912s] Level 1:colcon.colcon_core.package_identification:_identify(Images/Testing Annotated/YOLOTestingAnnotations/Wave 5/images/val) by extension 'ignore_ament_install'
[0.912s] Level 1:colcon.colcon_core.package_identification:_identify(Images/Testing Annotated/YOLOTestingAnnotations/Wave 5/images/val) by extensions ['colcon_pkg']
[0.912s] Level 1:colcon.colcon_core.package_identification:_identify(Images/Testing Annotated/YOLOTestingAnnotations/Wave 5/images/val) by extension 'colcon_pkg'
[0.912s] Level 1:colcon.colcon_core.package_identification:_identify(Images/Testing Annotated/YOLOTestingAnnotations/Wave 5/images/val) by extensions ['colcon_meta']
[0.912s] Level 1:colcon.colcon_core.package_identification:_identify(Images/Testing Annotated/YOLOTestingAnnotations/Wave 5/images/val) by extension 'colcon_meta'
[0.912s] Level 1:colcon.colcon_core.package_identification:_identify(Images/Testing Annotated/YOLOTestingAnnotations/Wave 5/images/val) by extensions ['ros']
[0.912s] Level 1:colcon.colcon_core.package_identification:_identify(Images/Testing Annotated/YOLOTestingAnnotations/Wave 5/images/val) by extension 'ros'
[0.912s] Level 1:colcon.colcon_core.package_identification:_identify(Images/Testing Annotated/YOLOTestingAnnotations/Wave 5/images/val) by extensions ['cmake', 'python']
[0.913s] Level 1:colcon.colcon_core.package_identification:_identify(Images/Testing Annotated/YOLOTestingAnnotations/Wave 5/images/val) by extension 'cmake'
[0.913s] Level 1:colcon.colcon_core.package_identification:_identify(Images/Testing Annotated/YOLOTestingAnnotations/Wave 5/images/val) by extension 'python'
[0.913s] Level 1:colcon.colcon_core.package_identification:_identify(Images/Testing Annotated/YOLOTestingAnnotations/Wave 5/images/val) by extensions ['python_setup_py']
[0.913s] Level 1:colcon.colcon_core.package_identification:_identify(Images/Testing Annotated/YOLOTestingAnnotations/Wave 5/images/val) by extension 'python_setup_py'
[0.913s] Level 1:colcon.colcon_core.package_identification:_identify(Images/Testing Annotated/YOLOTestingAnnotations/Wave 5/labels) by extensions ['ignore', 'ignore_ament_install']
[0.913s] Level 1:colcon.colcon_core.package_identification:_identify(Images/Testing Annotated/YOLOTestingAnnotations/Wave 5/labels) by extension 'ignore'
[0.913s] Level 1:colcon.colcon_core.package_identification:_identify(Images/Testing Annotated/YOLOTestingAnnotations/Wave 5/labels) by extension 'ignore_ament_install'
[0.914s] Level 1:colcon.colcon_core.package_identification:_identify(Images/Testing Annotated/YOLOTestingAnnotations/Wave 5/labels) by extensions ['colcon_pkg']
[0.914s] Level 1:colcon.colcon_core.package_identification:_identify(Images/Testing Annotated/YOLOTestingAnnotations/Wave 5/labels) by extension 'colcon_pkg'
[0.914s] Level 1:colcon.colcon_core.package_identification:_identify(Images/Testing Annotated/YOLOTestingAnnotations/Wave 5/labels) by extensions ['colcon_meta']
[0.914s] Level 1:colcon.colcon_core.package_identification:_identify(Images/Testing Annotated/YOLOTestingAnnotations/Wave 5/labels) by extension 'colcon_meta'
[0.914s] Level 1:colcon.colcon_core.package_identification:_identify(Images/Testing Annotated/YOLOTestingAnnotations/Wave 5/labels) by extensions ['ros']
[0.914s] Level 1:colcon.colcon_core.package_identification:_identify(Images/Testing Annotated/YOLOTestingAnnotations/Wave 5/labels) by extension 'ros'
[0.914s] Level 1:colcon.colcon_core.package_identification:_identify(Images/Testing Annotated/YOLOTestingAnnotations/Wave 5/labels) by extensions ['cmake', 'python']
[0.914s] Level 1:colcon.colcon_core.package_identification:_identify(Images/Testing Annotated/YOLOTestingAnnotations/Wave 5/labels) by extension 'cmake'
[0.914s] Level 1:colcon.colcon_core.package_identification:_identify(Images/Testing Annotated/YOLOTestingAnnotations/Wave 5/labels) by extension 'python'
[0.914s] Level 1:colcon.colcon_core.package_identification:_identify(Images/Testing Annotated/YOLOTestingAnnotations/Wave 5/labels) by extensions ['python_setup_py']
[0.914s] Level 1:colcon.colcon_core.package_identification:_identify(Images/Testing Annotated/YOLOTestingAnnotations/Wave 5/labels) by extension 'python_setup_py'
[0.915s] Level 1:colcon.colcon_core.package_identification:_identify(Images/Testing Annotated/YOLOTestingAnnotations/Wave 5/labels/train) by extensions ['ignore', 'ignore_ament_install']
[0.915s] Level 1:colcon.colcon_core.package_identification:_identify(Images/Testing Annotated/YOLOTestingAnnotations/Wave 5/labels/train) by extension 'ignore'
[0.915s] Level 1:colcon.colcon_core.package_identification:_identify(Images/Testing Annotated/YOLOTestingAnnotations/Wave 5/labels/train) by extension 'ignore_ament_install'
[0.915s] Level 1:colcon.colcon_core.package_identification:_identify(Images/Testing Annotated/YOLOTestingAnnotations/Wave 5/labels/train) by extensions ['colcon_pkg']
[0.915s] Level 1:colcon.colcon_core.package_identification:_identify(Images/Testing Annotated/YOLOTestingAnnotations/Wave 5/labels/train) by extension 'colcon_pkg'
[0.915s] Level 1:colcon.colcon_core.package_identification:_identify(Images/Testing Annotated/YOLOTestingAnnotations/Wave 5/labels/train) by extensions ['colcon_meta']
[0.916s] Level 1:colcon.colcon_core.package_identification:_identify(Images/Testing Annotated/YOLOTestingAnnotations/Wave 5/labels/train) by extension 'colcon_meta'
[0.916s] Level 1:colcon.colcon_core.package_identification:_identify(Images/Testing Annotated/YOLOTestingAnnotations/Wave 5/labels/train) by extensions ['ros']
[0.916s] Level 1:colcon.colcon_core.package_identification:_identify(Images/Testing Annotated/YOLOTestingAnnotations/Wave 5/labels/train) by extension 'ros'
[0.916s] Level 1:colcon.colcon_core.package_identification:_identify(Images/Testing Annotated/YOLOTestingAnnotations/Wave 5/labels/train) by extensions ['cmake', 'python']
[0.916s] Level 1:colcon.colcon_core.package_identification:_identify(Images/Testing Annotated/YOLOTestingAnnotations/Wave 5/labels/train) by extension 'cmake'
[0.916s] Level 1:colcon.colcon_core.package_identification:_identify(Images/Testing Annotated/YOLOTestingAnnotations/Wave 5/labels/train) by extension 'python'
[0.916s] Level 1:colcon.colcon_core.package_identification:_identify(Images/Testing Annotated/YOLOTestingAnnotations/Wave 5/labels/train) by extensions ['python_setup_py']
[0.916s] Level 1:colcon.colcon_core.package_identification:_identify(Images/Testing Annotated/YOLOTestingAnnotations/Wave 5/labels/train) by extension 'python_setup_py'
[0.917s] Level 1:colcon.colcon_core.package_identification:_identify(Images/Testing Annotated/YOLOTestingAnnotations/Wave 5/labels/val) by extensions ['ignore', 'ignore_ament_install']
[0.917s] Level 1:colcon.colcon_core.package_identification:_identify(Images/Testing Annotated/YOLOTestingAnnotations/Wave 5/labels/val) by extension 'ignore'
[0.917s] Level 1:colcon.colcon_core.package_identification:_identify(Images/Testing Annotated/YOLOTestingAnnotations/Wave 5/labels/val) by extension 'ignore_ament_install'
[0.917s] Level 1:colcon.colcon_core.package_identification:_identify(Images/Testing Annotated/YOLOTestingAnnotations/Wave 5/labels/val) by extensions ['colcon_pkg']
[0.917s] Level 1:colcon.colcon_core.package_identification:_identify(Images/Testing Annotated/YOLOTestingAnnotations/Wave 5/labels/val) by extension 'colcon_pkg'
[0.917s] Level 1:colcon.colcon_core.package_identification:_identify(Images/Testing Annotated/YOLOTestingAnnotations/Wave 5/labels/val) by extensions ['colcon_meta']
[0.917s] Level 1:colcon.colcon_core.package_identification:_identify(Images/Testing Annotated/YOLOTestingAnnotations/Wave 5/labels/val) by extension 'colcon_meta'
[0.917s] Level 1:colcon.colcon_core.package_identification:_identify(Images/Testing Annotated/YOLOTestingAnnotations/Wave 5/labels/val) by extensions ['ros']
[0.917s] Level 1:colcon.colcon_core.package_identification:_identify(Images/Testing Annotated/YOLOTestingAnnotations/Wave 5/labels/val) by extension 'ros'
[0.918s] Level 1:colcon.colcon_core.package_identification:_identify(Images/Testing Annotated/YOLOTestingAnnotations/Wave 5/labels/val) by extensions ['cmake', 'python']
[0.918s] Level 1:colcon.colcon_core.package_identification:_identify(Images/Testing Annotated/YOLOTestingAnnotations/Wave 5/labels/val) by extension 'cmake'
[0.918s] Level 1:colcon.colcon_core.package_identification:_identify(Images/Testing Annotated/YOLOTestingAnnotations/Wave 5/labels/val) by extension 'python'
[0.918s] Level 1:colcon.colcon_core.package_identification:_identify(Images/Testing Annotated/YOLOTestingAnnotations/Wave 5/labels/val) by extensions ['python_setup_py']
[0.918s] Level 1:colcon.colcon_core.package_identification:_identify(Images/Testing Annotated/YOLOTestingAnnotations/Wave 5/labels/val) by extension 'python_setup_py'
[0.918s] Level 1:colcon.colcon_core.package_identification:_identify(Machine Learning) by extensions ['ignore', 'ignore_ament_install']
[0.918s] Level 1:colcon.colcon_core.package_identification:_identify(Machine Learning) by extension 'ignore'
[0.918s] Level 1:colcon.colcon_core.package_identification:_identify(Machine Learning) by extension 'ignore_ament_install'
[0.919s] Level 1:colcon.colcon_core.package_identification:_identify(Machine Learning) by extensions ['colcon_pkg']
[0.919s] Level 1:colcon.colcon_core.package_identification:_identify(Machine Learning) by extension 'colcon_pkg'
[0.919s] Level 1:colcon.colcon_core.package_identification:_identify(Machine Learning) by extensions ['colcon_meta']
[0.919s] Level 1:colcon.colcon_core.package_identification:_identify(Machine Learning) by extension 'colcon_meta'
[0.919s] Level 1:colcon.colcon_core.package_identification:_identify(Machine Learning) by extensions ['ros']
[0.919s] Level 1:colcon.colcon_core.package_identification:_identify(Machine Learning) by extension 'ros'
[0.919s] Level 1:colcon.colcon_core.package_identification:_identify(Machine Learning) by extensions ['cmake', 'python']
[0.919s] Level 1:colcon.colcon_core.package_identification:_identify(Machine Learning) by extension 'cmake'
[0.919s] Level 1:colcon.colcon_core.package_identification:_identify(Machine Learning) by extension 'python'
[0.919s] Level 1:colcon.colcon_core.package_identification:_identify(Machine Learning) by extensions ['python_setup_py']
[0.919s] Level 1:colcon.colcon_core.package_identification:_identify(Machine Learning) by extension 'python_setup_py'
[0.920s] Level 1:colcon.colcon_core.package_identification:_identify(Old) by extensions ['ignore', 'ignore_ament_install']
[0.920s] Level 1:colcon.colcon_core.package_identification:_identify(Old) by extension 'ignore'
[0.920s] Level 1:colcon.colcon_core.package_identification:_identify(Old) by extension 'ignore_ament_install'
[0.920s] Level 1:colcon.colcon_core.package_identification:_identify(Old) by extensions ['colcon_pkg']
[0.920s] Level 1:colcon.colcon_core.package_identification:_identify(Old) by extension 'colcon_pkg'
[0.920s] Level 1:colcon.colcon_core.package_identification:_identify(Old) by extensions ['colcon_meta']
[0.920s] Level 1:colcon.colcon_core.package_identification:_identify(Old) by extension 'colcon_meta'
[0.920s] Level 1:colcon.colcon_core.package_identification:_identify(Old) by extensions ['ros']
[0.920s] Level 1:colcon.colcon_core.package_identification:_identify(Old) by extension 'ros'
[0.921s] Level 1:colcon.colcon_core.package_identification:_identify(Old) by extensions ['cmake', 'python']
[0.921s] Level 1:colcon.colcon_core.package_identification:_identify(Old) by extension 'cmake'
[0.921s] Level 1:colcon.colcon_core.package_identification:_identify(Old) by extension 'python'
[0.921s] Level 1:colcon.colcon_core.package_identification:_identify(Old) by extensions ['python_setup_py']
[0.921s] Level 1:colcon.colcon_core.package_identification:_identify(Old) by extension 'python_setup_py'
[0.921s] Level 1:colcon.colcon_core.package_identification:_identify(Old/RC Control) by extensions ['ignore', 'ignore_ament_install']
[0.921s] Level 1:colcon.colcon_core.package_identification:_identify(Old/RC Control) by extension 'ignore'
[0.921s] Level 1:colcon.colcon_core.package_identification:_identify(Old/RC Control) by extension 'ignore_ament_install'
[0.922s] Level 1:colcon.colcon_core.package_identification:_identify(Old/RC Control) by extensions ['colcon_pkg']
[0.922s] Level 1:colcon.colcon_core.package_identification:_identify(Old/RC Control) by extension 'colcon_pkg'
[0.922s] Level 1:colcon.colcon_core.package_identification:_identify(Old/RC Control) by extensions ['colcon_meta']
[0.922s] Level 1:colcon.colcon_core.package_identification:_identify(Old/RC Control) by extension 'colcon_meta'
[0.922s] Level 1:colcon.colcon_core.package_identification:_identify(Old/RC Control) by extensions ['ros']
[0.922s] Level 1:colcon.colcon_core.package_identification:_identify(Old/RC Control) by extension 'ros'
[0.922s] Level 1:colcon.colcon_core.package_identification:_identify(Old/RC Control) by extensions ['cmake', 'python']
[0.922s] Level 1:colcon.colcon_core.package_identification:_identify(Old/RC Control) by extension 'cmake'
[0.922s] Level 1:colcon.colcon_core.package_identification:_identify(Old/RC Control) by extension 'python'
[0.922s] Level 1:colcon.colcon_core.package_identification:_identify(Old/RC Control) by extensions ['python_setup_py']
[0.922s] Level 1:colcon.colcon_core.package_identification:_identify(Old/RC Control) by extension 'python_setup_py'
[0.923s] Level 1:colcon.colcon_core.package_identification:_identify(Old/automation) by extensions ['ignore', 'ignore_ament_install']
[0.923s] Level 1:colcon.colcon_core.package_identification:_identify(Old/automation) by extension 'ignore'
[0.923s] Level 1:colcon.colcon_core.package_identification:_identify(Old/automation) by extension 'ignore_ament_install'
[0.923s] Level 1:colcon.colcon_core.package_identification:_identify(Old/automation) by extensions ['colcon_pkg']
[0.923s] Level 1:colcon.colcon_core.package_identification:_identify(Old/automation) by extension 'colcon_pkg'
[0.923s] Level 1:colcon.colcon_core.package_identification:_identify(Old/automation) by extensions ['colcon_meta']
[0.923s] Level 1:colcon.colcon_core.package_identification:_identify(Old/automation) by extension 'colcon_meta'
[0.923s] Level 1:colcon.colcon_core.package_identification:_identify(Old/automation) by extensions ['ros']
[0.923s] Level 1:colcon.colcon_core.package_identification:_identify(Old/automation) by extension 'ros'
[0.924s] Level 1:colcon.colcon_core.package_identification:_identify(Old/automation) by extensions ['cmake', 'python']
[0.924s] Level 1:colcon.colcon_core.package_identification:_identify(Old/automation) by extension 'cmake'
[0.924s] Level 1:colcon.colcon_core.package_identification:_identify(Old/automation) by extension 'python'
[0.924s] Level 1:colcon.colcon_core.package_identification:_identify(Old/automation) by extensions ['python_setup_py']
[0.924s] Level 1:colcon.colcon_core.package_identification:_identify(Old/automation) by extension 'python_setup_py'
[0.924s] Level 1:colcon.colcon_core.package_identification:_identify(Old/drawings) by extensions ['ignore', 'ignore_ament_install']
[0.924s] Level 1:colcon.colcon_core.package_identification:_identify(Old/drawings) by extension 'ignore'
[0.924s] Level 1:colcon.colcon_core.package_identification:_identify(Old/drawings) by extension 'ignore_ament_install'
[0.925s] Level 1:colcon.colcon_core.package_identification:_identify(Old/drawings) by extensions ['colcon_pkg']
[0.925s] Level 1:colcon.colcon_core.package_identification:_identify(Old/drawings) by extension 'colcon_pkg'
[0.925s] Level 1:colcon.colcon_core.package_identification:_identify(Old/drawings) by extensions ['colcon_meta']
[0.925s] Level 1:colcon.colcon_core.package_identification:_identify(Old/drawings) by extension 'colcon_meta'
[0.925s] Level 1:colcon.colcon_core.package_identification:_identify(Old/drawings) by extensions ['ros']
[0.925s] Level 1:colcon.colcon_core.package_identification:_identify(Old/drawings) by extension 'ros'
[0.925s] Level 1:colcon.colcon_core.package_identification:_identify(Old/drawings) by extensions ['cmake', 'python']
[0.925s] Level 1:colcon.colcon_core.package_identification:_identify(Old/drawings) by extension 'cmake'
[0.925s] Level 1:colcon.colcon_core.package_identification:_identify(Old/drawings) by extension 'python'
[0.925s] Level 1:colcon.colcon_core.package_identification:_identify(Old/drawings) by extensions ['python_setup_py']
[0.925s] Level 1:colcon.colcon_core.package_identification:_identify(Old/drawings) by extension 'python_setup_py'
[0.926s] Level 1:colcon.colcon_core.package_identification:_identify(Old/schematics_and_drawings) by extensions ['ignore', 'ignore_ament_install']
[0.926s] Level 1:colcon.colcon_core.package_identification:_identify(Old/schematics_and_drawings) by extension 'ignore'
[0.926s] Level 1:colcon.colcon_core.package_identification:_identify(Old/schematics_and_drawings) by extension 'ignore_ament_install'
[0.926s] Level 1:colcon.colcon_core.package_identification:_identify(Old/schematics_and_drawings) by extensions ['colcon_pkg']
[0.926s] Level 1:colcon.colcon_core.package_identification:_identify(Old/schematics_and_drawings) by extension 'colcon_pkg'
[0.926s] Level 1:colcon.colcon_core.package_identification:_identify(Old/schematics_and_drawings) by extensions ['colcon_meta']
[0.926s] Level 1:colcon.colcon_core.package_identification:_identify(Old/schematics_and_drawings) by extension 'colcon_meta'
[0.926s] Level 1:colcon.colcon_core.package_identification:_identify(Old/schematics_and_drawings) by extensions ['ros']
[0.926s] Level 1:colcon.colcon_core.package_identification:_identify(Old/schematics_and_drawings) by extension 'ros'
[0.927s] Level 1:colcon.colcon_core.package_identification:_identify(Old/schematics_and_drawings) by extensions ['cmake', 'python']
[0.927s] Level 1:colcon.colcon_core.package_identification:_identify(Old/schematics_and_drawings) by extension 'cmake'
[0.927s] Level 1:colcon.colcon_core.package_identification:_identify(Old/schematics_and_drawings) by extension 'python'
[0.927s] Level 1:colcon.colcon_core.package_identification:_identify(Old/schematics_and_drawings) by extensions ['python_setup_py']
[0.927s] Level 1:colcon.colcon_core.package_identification:_identify(Old/schematics_and_drawings) by extension 'python_setup_py'
[0.927s] Level 1:colcon.colcon_core.package_identification:_identify(Old/schematics_and_drawings/Chassis) by extensions ['ignore', 'ignore_ament_install']
[0.927s] Level 1:colcon.colcon_core.package_identification:_identify(Old/schematics_and_drawings/Chassis) by extension 'ignore'
[0.927s] Level 1:colcon.colcon_core.package_identification:_identify(Old/schematics_and_drawings/Chassis) by extension 'ignore_ament_install'
[0.927s] Level 1:colcon.colcon_core.package_identification:_identify(Old/schematics_and_drawings/Chassis) by extensions ['colcon_pkg']
[0.928s] Level 1:colcon.colcon_core.package_identification:_identify(Old/schematics_and_drawings/Chassis) by extension 'colcon_pkg'
[0.928s] Level 1:colcon.colcon_core.package_identification:_identify(Old/schematics_and_drawings/Chassis) by extensions ['colcon_meta']
[0.928s] Level 1:colcon.colcon_core.package_identification:_identify(Old/schematics_and_drawings/Chassis) by extension 'colcon_meta'
[0.928s] Level 1:colcon.colcon_core.package_identification:_identify(Old/schematics_and_drawings/Chassis) by extensions ['ros']
[0.928s] Level 1:colcon.colcon_core.package_identification:_identify(Old/schematics_and_drawings/Chassis) by extension 'ros'
[0.928s] Level 1:colcon.colcon_core.package_identification:_identify(Old/schematics_and_drawings/Chassis) by extensions ['cmake', 'python']
[0.928s] Level 1:colcon.colcon_core.package_identification:_identify(Old/schematics_and_drawings/Chassis) by extension 'cmake'
[0.928s] Level 1:colcon.colcon_core.package_identification:_identify(Old/schematics_and_drawings/Chassis) by extension 'python'
[0.928s] Level 1:colcon.colcon_core.package_identification:_identify(Old/schematics_and_drawings/Chassis) by extensions ['python_setup_py']
[0.928s] Level 1:colcon.colcon_core.package_identification:_identify(Old/schematics_and_drawings/Chassis) by extension 'python_setup_py'
[0.929s] Level 1:colcon.colcon_core.package_identification:_identify(Old/schematics_and_drawings/Complete Unit) by extensions ['ignore', 'ignore_ament_install']
[0.929s] Level 1:colcon.colcon_core.package_identification:_identify(Old/schematics_and_drawings/Complete Unit) by extension 'ignore'
[0.929s] Level 1:colcon.colcon_core.package_identification:_identify(Old/schematics_and_drawings/Complete Unit) by extension 'ignore_ament_install'
[0.929s] Level 1:colcon.colcon_core.package_identification:_identify(Old/schematics_and_drawings/Complete Unit) by extensions ['colcon_pkg']
[0.929s] Level 1:colcon.colcon_core.package_identification:_identify(Old/schematics_and_drawings/Complete Unit) by extension 'colcon_pkg'
[0.929s] Level 1:colcon.colcon_core.package_identification:_identify(Old/schematics_and_drawings/Complete Unit) by extensions ['colcon_meta']
[0.929s] Level 1:colcon.colcon_core.package_identification:_identify(Old/schematics_and_drawings/Complete Unit) by extension 'colcon_meta'
[0.929s] Level 1:colcon.colcon_core.package_identification:_identify(Old/schematics_and_drawings/Complete Unit) by extensions ['ros']
[0.929s] Level 1:colcon.colcon_core.package_identification:_identify(Old/schematics_and_drawings/Complete Unit) by extension 'ros'
[0.930s] Level 1:colcon.colcon_core.package_identification:_identify(Old/schematics_and_drawings/Complete Unit) by extensions ['cmake', 'python']
[0.930s] Level 1:colcon.colcon_core.package_identification:_identify(Old/schematics_and_drawings/Complete Unit) by extension 'cmake'
[0.930s] Level 1:colcon.colcon_core.package_identification:_identify(Old/schematics_and_drawings/Complete Unit) by extension 'python'
[0.930s] Level 1:colcon.colcon_core.package_identification:_identify(Old/schematics_and_drawings/Complete Unit) by extensions ['python_setup_py']
[0.930s] Level 1:colcon.colcon_core.package_identification:_identify(Old/schematics_and_drawings/Complete Unit) by extension 'python_setup_py'
[0.930s] Level 1:colcon.colcon_core.package_identification:_identify(Old/schematics_and_drawings/Torque_Arm_Chain_Hinge_Assembly) by extensions ['ignore', 'ignore_ament_install']
[0.930s] Level 1:colcon.colcon_core.package_identification:_identify(Old/schematics_and_drawings/Torque_Arm_Chain_Hinge_Assembly) by extension 'ignore'
[0.930s] Level 1:colcon.colcon_core.package_identification:_identify(Old/schematics_and_drawings/Torque_Arm_Chain_Hinge_Assembly) by extension 'ignore_ament_install'
[0.931s] Level 1:colcon.colcon_core.package_identification:_identify(Old/schematics_and_drawings/Torque_Arm_Chain_Hinge_Assembly) by extensions ['colcon_pkg']
[0.931s] Level 1:colcon.colcon_core.package_identification:_identify(Old/schematics_and_drawings/Torque_Arm_Chain_Hinge_Assembly) by extension 'colcon_pkg'
[0.931s] Level 1:colcon.colcon_core.package_identification:_identify(Old/schematics_and_drawings/Torque_Arm_Chain_Hinge_Assembly) by extensions ['colcon_meta']
[0.931s] Level 1:colcon.colcon_core.package_identification:_identify(Old/schematics_and_drawings/Torque_Arm_Chain_Hinge_Assembly) by extension 'colcon_meta'
[0.931s] Level 1:colcon.colcon_core.package_identification:_identify(Old/schematics_and_drawings/Torque_Arm_Chain_Hinge_Assembly) by extensions ['ros']
[0.931s] Level 1:colcon.colcon_core.package_identification:_identify(Old/schematics_and_drawings/Torque_Arm_Chain_Hinge_Assembly) by extension 'ros'
[0.931s] Level 1:colcon.colcon_core.package_identification:_identify(Old/schematics_and_drawings/Torque_Arm_Chain_Hinge_Assembly) by extensions ['cmake', 'python']
[0.931s] Level 1:colcon.colcon_core.package_identification:_identify(Old/schematics_and_drawings/Torque_Arm_Chain_Hinge_Assembly) by extension 'cmake'
[0.931s] Level 1:colcon.colcon_core.package_identification:_identify(Old/schematics_and_drawings/Torque_Arm_Chain_Hinge_Assembly) by extension 'python'
[0.931s] Level 1:colcon.colcon_core.package_identification:_identify(Old/schematics_and_drawings/Torque_Arm_Chain_Hinge_Assembly) by extensions ['python_setup_py']
[0.931s] Level 1:colcon.colcon_core.package_identification:_identify(Old/schematics_and_drawings/Torque_Arm_Chain_Hinge_Assembly) by extension 'python_setup_py'
[0.932s] Level 1:colcon.colcon_core.package_identification:_identify(Old/schematics_and_drawings/Torque_arm_assembly) by extensions ['ignore', 'ignore_ament_install']
[0.932s] Level 1:colcon.colcon_core.package_identification:_identify(Old/schematics_and_drawings/Torque_arm_assembly) by extension 'ignore'
[0.932s] Level 1:colcon.colcon_core.package_identification:_identify(Old/schematics_and_drawings/Torque_arm_assembly) by extension 'ignore_ament_install'
[0.932s] Level 1:colcon.colcon_core.package_identification:_identify(Old/schematics_and_drawings/Torque_arm_assembly) by extensions ['colcon_pkg']
[0.932s] Level 1:colcon.colcon_core.package_identification:_identify(Old/schematics_and_drawings/Torque_arm_assembly) by extension 'colcon_pkg'
[0.932s] Level 1:colcon.colcon_core.package_identification:_identify(Old/schematics_and_drawings/Torque_arm_assembly) by extensions ['colcon_meta']
[0.932s] Level 1:colcon.colcon_core.package_identification:_identify(Old/schematics_and_drawings/Torque_arm_assembly) by extension 'colcon_meta'
[0.932s] Level 1:colcon.colcon_core.package_identification:_identify(Old/schematics_and_drawings/Torque_arm_assembly) by extensions ['ros']
[0.932s] Level 1:colcon.colcon_core.package_identification:_identify(Old/schematics_and_drawings/Torque_arm_assembly) by extension 'ros'
[0.933s] Level 1:colcon.colcon_core.package_identification:_identify(Old/schematics_and_drawings/Torque_arm_assembly) by extensions ['cmake', 'python']
[0.933s] Level 1:colcon.colcon_core.package_identification:_identify(Old/schematics_and_drawings/Torque_arm_assembly) by extension 'cmake'
[0.933s] Level 1:colcon.colcon_core.package_identification:_identify(Old/schematics_and_drawings/Torque_arm_assembly) by extension 'python'
[0.933s] Level 1:colcon.colcon_core.package_identification:_identify(Old/schematics_and_drawings/Torque_arm_assembly) by extensions ['python_setup_py']
[0.933s] Level 1:colcon.colcon_core.package_identification:_identify(Old/schematics_and_drawings/Torque_arm_assembly) by extension 'python_setup_py'
[0.933s] Level 1:colcon.colcon_core.package_identification:_identify(Old/schematics_and_drawings/regular bracket) by extensions ['ignore', 'ignore_ament_install']
[0.933s] Level 1:colcon.colcon_core.package_identification:_identify(Old/schematics_and_drawings/regular bracket) by extension 'ignore'
[0.933s] Level 1:colcon.colcon_core.package_identification:_identify(Old/schematics_and_drawings/regular bracket) by extension 'ignore_ament_install'
[0.934s] Level 1:colcon.colcon_core.package_identification:_identify(Old/schematics_and_drawings/regular bracket) by extensions ['colcon_pkg']
[0.934s] Level 1:colcon.colcon_core.package_identification:_identify(Old/schematics_and_drawings/regular bracket) by extension 'colcon_pkg'
[0.934s] Level 1:colcon.colcon_core.package_identification:_identify(Old/schematics_and_drawings/regular bracket) by extensions ['colcon_meta']
[0.934s] Level 1:colcon.colcon_core.package_identification:_identify(Old/schematics_and_drawings/regular bracket) by extension 'colcon_meta'
[0.934s] Level 1:colcon.colcon_core.package_identification:_identify(Old/schematics_and_drawings/regular bracket) by extensions ['ros']
[0.934s] Level 1:colcon.colcon_core.package_identification:_identify(Old/schematics_and_drawings/regular bracket) by extension 'ros'
[0.934s] Level 1:colcon.colcon_core.package_identification:_identify(Old/schematics_and_drawings/regular bracket) by extensions ['cmake', 'python']
[0.934s] Level 1:colcon.colcon_core.package_identification:_identify(Old/schematics_and_drawings/regular bracket) by extension 'cmake'
[0.934s] Level 1:colcon.colcon_core.package_identification:_identify(Old/schematics_and_drawings/regular bracket) by extension 'python'
[0.934s] Level 1:colcon.colcon_core.package_identification:_identify(Old/schematics_and_drawings/regular bracket) by extensions ['python_setup_py']
[0.934s] Level 1:colcon.colcon_core.package_identification:_identify(Old/schematics_and_drawings/regular bracket) by extension 'python_setup_py'
[0.935s] Level 1:colcon.colcon_core.package_identification:_identify(Old/schematics_and_drawings/schematics) by extensions ['ignore', 'ignore_ament_install']
[0.935s] Level 1:colcon.colcon_core.package_identification:_identify(Old/schematics_and_drawings/schematics) by extension 'ignore'
[0.935s] Level 1:colcon.colcon_core.package_identification:_identify(Old/schematics_and_drawings/schematics) by extension 'ignore_ament_install'
[0.935s] Level 1:colcon.colcon_core.package_identification:_identify(Old/schematics_and_drawings/schematics) by extensions ['colcon_pkg']
[0.935s] Level 1:colcon.colcon_core.package_identification:_identify(Old/schematics_and_drawings/schematics) by extension 'colcon_pkg'
[0.935s] Level 1:colcon.colcon_core.package_identification:_identify(Old/schematics_and_drawings/schematics) by extensions ['colcon_meta']
[0.935s] Level 1:colcon.colcon_core.package_identification:_identify(Old/schematics_and_drawings/schematics) by extension 'colcon_meta'
[0.935s] Level 1:colcon.colcon_core.package_identification:_identify(Old/schematics_and_drawings/schematics) by extensions ['ros']
[0.935s] Level 1:colcon.colcon_core.package_identification:_identify(Old/schematics_and_drawings/schematics) by extension 'ros'
[0.936s] Level 1:colcon.colcon_core.package_identification:_identify(Old/schematics_and_drawings/schematics) by extensions ['cmake', 'python']
[0.936s] Level 1:colcon.colcon_core.package_identification:_identify(Old/schematics_and_drawings/schematics) by extension 'cmake'
[0.936s] Level 1:colcon.colcon_core.package_identification:_identify(Old/schematics_and_drawings/schematics) by extension 'python'
[0.936s] Level 1:colcon.colcon_core.package_identification:_identify(Old/schematics_and_drawings/schematics) by extensions ['python_setup_py']
[0.936s] Level 1:colcon.colcon_core.package_identification:_identify(Old/schematics_and_drawings/schematics) by extension 'python_setup_py'
[0.936s] Level 1:colcon.colcon_core.package_identification:_identify(Old/schematics_and_drawings/sprocket) by extensions ['ignore', 'ignore_ament_install']
[0.936s] Level 1:colcon.colcon_core.package_identification:_identify(Old/schematics_and_drawings/sprocket) by extension 'ignore'
[0.936s] Level 1:colcon.colcon_core.package_identification:_identify(Old/schematics_and_drawings/sprocket) by extension 'ignore_ament_install'
[0.937s] Level 1:colcon.colcon_core.package_identification:_identify(Old/schematics_and_drawings/sprocket) by extensions ['colcon_pkg']
[0.937s] Level 1:colcon.colcon_core.package_identification:_identify(Old/schematics_and_drawings/sprocket) by extension 'colcon_pkg'
[0.937s] Level 1:colcon.colcon_core.package_identification:_identify(Old/schematics_and_drawings/sprocket) by extensions ['colcon_meta']
[0.937s] Level 1:colcon.colcon_core.package_identification:_identify(Old/schematics_and_drawings/sprocket) by extension 'colcon_meta'
[0.937s] Level 1:colcon.colcon_core.package_identification:_identify(Old/schematics_and_drawings/sprocket) by extensions ['ros']
[0.937s] Level 1:colcon.colcon_core.package_identification:_identify(Old/schematics_and_drawings/sprocket) by extension 'ros'
[0.937s] Level 1:colcon.colcon_core.package_identification:_identify(Old/schematics_and_drawings/sprocket) by extensions ['cmake', 'python']
[0.937s] Level 1:colcon.colcon_core.package_identification:_identify(Old/schematics_and_drawings/sprocket) by extension 'cmake'
[0.937s] Level 1:colcon.colcon_core.package_identification:_identify(Old/schematics_and_drawings/sprocket) by extension 'python'
[0.937s] Level 1:colcon.colcon_core.package_identification:_identify(Old/schematics_and_drawings/sprocket) by extensions ['python_setup_py']
[0.937s] Level 1:colcon.colcon_core.package_identification:_identify(Old/schematics_and_drawings/sprocket) by extension 'python_setup_py'
[0.938s] Level 1:colcon.colcon_core.package_identification:_identify(Old/schematics_and_drawings/sprocket bracket) by extensions ['ignore', 'ignore_ament_install']
[0.938s] Level 1:colcon.colcon_core.package_identification:_identify(Old/schematics_and_drawings/sprocket bracket) by extension 'ignore'
[0.938s] Level 1:colcon.colcon_core.package_identification:_identify(Old/schematics_and_drawings/sprocket bracket) by extension 'ignore_ament_install'
[0.938s] Level 1:colcon.colcon_core.package_identification:_identify(Old/schematics_and_drawings/sprocket bracket) by extensions ['colcon_pkg']
[0.938s] Level 1:colcon.colcon_core.package_identification:_identify(Old/schematics_and_drawings/sprocket bracket) by extension 'colcon_pkg'
[0.938s] Level 1:colcon.colcon_core.package_identification:_identify(Old/schematics_and_drawings/sprocket bracket) by extensions ['colcon_meta']
[0.938s] Level 1:colcon.colcon_core.package_identification:_identify(Old/schematics_and_drawings/sprocket bracket) by extension 'colcon_meta'
[0.938s] Level 1:colcon.colcon_core.package_identification:_identify(Old/schematics_and_drawings/sprocket bracket) by extensions ['ros']
[0.938s] Level 1:colcon.colcon_core.package_identification:_identify(Old/schematics_and_drawings/sprocket bracket) by extension 'ros'
[0.939s] Level 1:colcon.colcon_core.package_identification:_identify(Old/schematics_and_drawings/sprocket bracket) by extensions ['cmake', 'python']
[0.939s] Level 1:colcon.colcon_core.package_identification:_identify(Old/schematics_and_drawings/sprocket bracket) by extension 'cmake'
[0.939s] Level 1:colcon.colcon_core.package_identification:_identify(Old/schematics_and_drawings/sprocket bracket) by extension 'python'
[0.939s] Level 1:colcon.colcon_core.package_identification:_identify(Old/schematics_and_drawings/sprocket bracket) by extensions ['python_setup_py']
[0.939s] Level 1:colcon.colcon_core.package_identification:_identify(Old/schematics_and_drawings/sprocket bracket) by extension 'python_setup_py'
[0.939s] Level 1:colcon.colcon_core.package_identification:_identify(Old/schematics_and_drawings/torque arm) by extensions ['ignore', 'ignore_ament_install']
[0.939s] Level 1:colcon.colcon_core.package_identification:_identify(Old/schematics_and_drawings/torque arm) by extension 'ignore'
[0.939s] Level 1:colcon.colcon_core.package_identification:_identify(Old/schematics_and_drawings/torque arm) by extension 'ignore_ament_install'
[0.940s] Level 1:colcon.colcon_core.package_identification:_identify(Old/schematics_and_drawings/torque arm) by extensions ['colcon_pkg']
[0.940s] Level 1:colcon.colcon_core.package_identification:_identify(Old/schematics_and_drawings/torque arm) by extension 'colcon_pkg'
[0.940s] Level 1:colcon.colcon_core.package_identification:_identify(Old/schematics_and_drawings/torque arm) by extensions ['colcon_meta']
[0.940s] Level 1:colcon.colcon_core.package_identification:_identify(Old/schematics_and_drawings/torque arm) by extension 'colcon_meta'
[0.940s] Level 1:colcon.colcon_core.package_identification:_identify(Old/schematics_and_drawings/torque arm) by extensions ['ros']
[0.940s] Level 1:colcon.colcon_core.package_identification:_identify(Old/schematics_and_drawings/torque arm) by extension 'ros'
[0.940s] Level 1:colcon.colcon_core.package_identification:_identify(Old/schematics_and_drawings/torque arm) by extensions ['cmake', 'python']
[0.940s] Level 1:colcon.colcon_core.package_identification:_identify(Old/schematics_and_drawings/torque arm) by extension 'cmake'
[0.940s] Level 1:colcon.colcon_core.package_identification:_identify(Old/schematics_and_drawings/torque arm) by extension 'python'
[0.940s] Level 1:colcon.colcon_core.package_identification:_identify(Old/schematics_and_drawings/torque arm) by extensions ['python_setup_py']
[0.940s] Level 1:colcon.colcon_core.package_identification:_identify(Old/schematics_and_drawings/torque arm) by extension 'python_setup_py'
[0.941s] Level 1:colcon.colcon_core.package_identification:_identify(Old/some_examples) by extensions ['ignore', 'ignore_ament_install']
[0.941s] Level 1:colcon.colcon_core.package_identification:_identify(Old/some_examples) by extension 'ignore'
[0.941s] Level 1:colcon.colcon_core.package_identification:_identify(Old/some_examples) by extension 'ignore_ament_install'
[0.941s] Level 1:colcon.colcon_core.package_identification:_identify(Old/some_examples) by extensions ['colcon_pkg']
[0.941s] Level 1:colcon.colcon_core.package_identification:_identify(Old/some_examples) by extension 'colcon_pkg'
[0.941s] Level 1:colcon.colcon_core.package_identification:_identify(Old/some_examples) by extensions ['colcon_meta']
[0.941s] Level 1:colcon.colcon_core.package_identification:_identify(Old/some_examples) by extension 'colcon_meta'
[0.941s] Level 1:colcon.colcon_core.package_identification:_identify(Old/some_examples) by extensions ['ros']
[0.941s] Level 1:colcon.colcon_core.package_identification:_identify(Old/some_examples) by extension 'ros'
[0.942s] Level 1:colcon.colcon_core.package_identification:_identify(Old/some_examples) by extensions ['cmake', 'python']
[0.942s] Level 1:colcon.colcon_core.package_identification:_identify(Old/some_examples) by extension 'cmake'
[0.942s] Level 1:colcon.colcon_core.package_identification:_identify(Old/some_examples) by extension 'python'
[0.942s] Level 1:colcon.colcon_core.package_identification:_identify(Old/some_examples) by extensions ['python_setup_py']
[0.942s] Level 1:colcon.colcon_core.package_identification:_identify(Old/some_examples) by extension 'python_setup_py'
[0.942s] Level 1:colcon.colcon_core.package_identification:_identify(Old/training) by extensions ['ignore', 'ignore_ament_install']
[0.943s] Level 1:colcon.colcon_core.package_identification:_identify(Old/training) by extension 'ignore'
[0.943s] Level 1:colcon.colcon_core.package_identification:_identify(Old/training) by extension 'ignore_ament_install'
[0.943s] Level 1:colcon.colcon_core.package_identification:_identify(Old/training) by extensions ['colcon_pkg']
[0.943s] Level 1:colcon.colcon_core.package_identification:_identify(Old/training) by extension 'colcon_pkg'
[0.943s] Level 1:colcon.colcon_core.package_identification:_identify(Old/training) by extensions ['colcon_meta']
[0.943s] Level 1:colcon.colcon_core.package_identification:_identify(Old/training) by extension 'colcon_meta'
[0.943s] Level 1:colcon.colcon_core.package_identification:_identify(Old/training) by extensions ['ros']
[0.943s] Level 1:colcon.colcon_core.package_identification:_identify(Old/training) by extension 'ros'
[0.943s] Level 1:colcon.colcon_core.package_identification:_identify(Old/training) by extensions ['cmake', 'python']
[0.944s] Level 1:colcon.colcon_core.package_identification:_identify(Old/training) by extension 'cmake'
[0.944s] Level 1:colcon.colcon_core.package_identification:_identify(Old/training) by extension 'python'
[0.944s] Level 1:colcon.colcon_core.package_identification:_identify(Old/training) by extensions ['python_setup_py']
[0.944s] Level 1:colcon.colcon_core.package_identification:_identify(Old/training) by extension 'python_setup_py'
[0.944s] Level 1:colcon.colcon_core.package_identification:_identify(Schematic) by extensions ['ignore', 'ignore_ament_install']
[0.944s] Level 1:colcon.colcon_core.package_identification:_identify(Schematic) by extension 'ignore'
[0.944s] Level 1:colcon.colcon_core.package_identification:_identify(Schematic) by extension 'ignore_ament_install'
[0.944s] Level 1:colcon.colcon_core.package_identification:_identify(Schematic) by extensions ['colcon_pkg']
[0.944s] Level 1:colcon.colcon_core.package_identification:_identify(Schematic) by extension 'colcon_pkg'
[0.945s] Level 1:colcon.colcon_core.package_identification:_identify(Schematic) by extensions ['colcon_meta']
[0.945s] Level 1:colcon.colcon_core.package_identification:_identify(Schematic) by extension 'colcon_meta'
[0.945s] Level 1:colcon.colcon_core.package_identification:_identify(Schematic) by extensions ['ros']
[0.945s] Level 1:colcon.colcon_core.package_identification:_identify(Schematic) by extension 'ros'
[0.945s] Level 1:colcon.colcon_core.package_identification:_identify(Schematic) by extensions ['cmake', 'python']
[0.945s] Level 1:colcon.colcon_core.package_identification:_identify(Schematic) by extension 'cmake'
[0.945s] Level 1:colcon.colcon_core.package_identification:_identify(Schematic) by extension 'python'
[0.945s] Level 1:colcon.colcon_core.package_identification:_identify(Schematic) by extensions ['python_setup_py']
[0.945s] Level 1:colcon.colcon_core.package_identification:_identify(Schematic) by extension 'python_setup_py'
[0.945s] Level 1:colcon.colcon_core.package_identification:_identify(Schematic/Schematic-backups) by extensions ['ignore', 'ignore_ament_install']
[0.946s] Level 1:colcon.colcon_core.package_identification:_identify(Schematic/Schematic-backups) by extension 'ignore'
[0.946s] Level 1:colcon.colcon_core.package_identification:_identify(Schematic/Schematic-backups) by extension 'ignore_ament_install'
[0.946s] Level 1:colcon.colcon_core.package_identification:_identify(Schematic/Schematic-backups) by extensions ['colcon_pkg']
[0.946s] Level 1:colcon.colcon_core.package_identification:_identify(Schematic/Schematic-backups) by extension 'colcon_pkg'
[0.946s] Level 1:colcon.colcon_core.package_identification:_identify(Schematic/Schematic-backups) by extensions ['colcon_meta']
[0.946s] Level 1:colcon.colcon_core.package_identification:_identify(Schematic/Schematic-backups) by extension 'colcon_meta'
[0.946s] Level 1:colcon.colcon_core.package_identification:_identify(Schematic/Schematic-backups) by extensions ['ros']
[0.946s] Level 1:colcon.colcon_core.package_identification:_identify(Schematic/Schematic-backups) by extension 'ros'
[0.946s] Level 1:colcon.colcon_core.package_identification:_identify(Schematic/Schematic-backups) by extensions ['cmake', 'python']
[0.947s] Level 1:colcon.colcon_core.package_identification:_identify(Schematic/Schematic-backups) by extension 'cmake'
[0.947s] Level 1:colcon.colcon_core.package_identification:_identify(Schematic/Schematic-backups) by extension 'python'
[0.947s] Level 1:colcon.colcon_core.package_identification:_identify(Schematic/Schematic-backups) by extensions ['python_setup_py']
[0.947s] Level 1:colcon.colcon_core.package_identification:_identify(Schematic/Schematic-backups) by extension 'python_setup_py'
[0.947s] Level 1:colcon.colcon_core.package_identification:_identify(Schematic/Syms) by extensions ['ignore', 'ignore_ament_install']
[0.947s] Level 1:colcon.colcon_core.package_identification:_identify(Schematic/Syms) by extension 'ignore'
[0.947s] Level 1:colcon.colcon_core.package_identification:_identify(Schematic/Syms) by extension 'ignore_ament_install'
[0.947s] Level 1:colcon.colcon_core.package_identification:_identify(Schematic/Syms) by extensions ['colcon_pkg']
[0.947s] Level 1:colcon.colcon_core.package_identification:_identify(Schematic/Syms) by extension 'colcon_pkg'
[0.948s] Level 1:colcon.colcon_core.package_identification:_identify(Schematic/Syms) by extensions ['colcon_meta']
[0.948s] Level 1:colcon.colcon_core.package_identification:_identify(Schematic/Syms) by extension 'colcon_meta'
[0.948s] Level 1:colcon.colcon_core.package_identification:_identify(Schematic/Syms) by extensions ['ros']
[0.948s] Level 1:colcon.colcon_core.package_identification:_identify(Schematic/Syms) by extension 'ros'
[0.948s] Level 1:colcon.colcon_core.package_identification:_identify(Schematic/Syms) by extensions ['cmake', 'python']
[0.948s] Level 1:colcon.colcon_core.package_identification:_identify(Schematic/Syms) by extension 'cmake'
[0.948s] Level 1:colcon.colcon_core.package_identification:_identify(Schematic/Syms) by extension 'python'
[0.948s] Level 1:colcon.colcon_core.package_identification:_identify(Schematic/Syms) by extensions ['python_setup_py']
[0.948s] Level 1:colcon.colcon_core.package_identification:_identify(Schematic/Syms) by extension 'python_setup_py'
[0.948s] Level 1:colcon.colcon_core.package_identification:_identify(build) by extensions ['ignore', 'ignore_ament_install']
[0.949s] Level 1:colcon.colcon_core.package_identification:_identify(build) by extension 'ignore'
[0.949s] Level 1:colcon.colcon_core.package_identification:_identify(build) ignored
[0.949s] Level 1:colcon.colcon_core.package_identification:_identify(install) by extensions ['ignore', 'ignore_ament_install']
[0.949s] Level 1:colcon.colcon_core.package_identification:_identify(install) by extension 'ignore'
[0.949s] Level 1:colcon.colcon_core.package_identification:_identify(install) ignored
[0.949s] Level 1:colcon.colcon_core.package_identification:_identify(log) by extensions ['ignore', 'ignore_ament_install']
[0.950s] Level 1:colcon.colcon_core.package_identification:_identify(log) by extension 'ignore'
[0.950s] Level 1:colcon.colcon_core.package_identification:_identify(log) ignored
[0.950s] Level 1:colcon.colcon_core.package_identification:_identify(machine_vision) by extensions ['ignore', 'ignore_ament_install']
[0.950s] Level 1:colcon.colcon_core.package_identification:_identify(machine_vision) by extension 'ignore'
[0.950s] Level 1:colcon.colcon_core.package_identification:_identify(machine_vision) by extension 'ignore_ament_install'
[0.950s] Level 1:colcon.colcon_core.package_identification:_identify(machine_vision) by extensions ['colcon_pkg']
[0.950s] Level 1:colcon.colcon_core.package_identification:_identify(machine_vision) by extension 'colcon_pkg'
[0.950s] Level 1:colcon.colcon_core.package_identification:_identify(machine_vision) by extensions ['colcon_meta']
[0.951s] Level 1:colcon.colcon_core.package_identification:_identify(machine_vision) by extension 'colcon_meta'
[0.951s] Level 1:colcon.colcon_core.package_identification:_identify(machine_vision) by extensions ['ros']
[0.951s] Level 1:colcon.colcon_core.package_identification:_identify(machine_vision) by extension 'ros'
[0.951s] Level 1:colcon.colcon_core.package_identification:_identify(machine_vision) by extensions ['cmake', 'python']
[0.951s] Level 1:colcon.colcon_core.package_identification:_identify(machine_vision) by extension 'cmake'
[0.951s] Level 1:colcon.colcon_core.package_identification:_identify(machine_vision) by extension 'python'
[0.951s] Level 1:colcon.colcon_core.package_identification:_identify(machine_vision) by extensions ['python_setup_py']
[0.951s] Level 1:colcon.colcon_core.package_identification:_identify(machine_vision) by extension 'python_setup_py'
[0.951s] Level 1:colcon.colcon_core.package_identification:_identify(machine_vision/Imaging) by extensions ['ignore', 'ignore_ament_install']
[0.952s] Level 1:colcon.colcon_core.package_identification:_identify(machine_vision/Imaging) by extension 'ignore'
[0.952s] Level 1:colcon.colcon_core.package_identification:_identify(machine_vision/Imaging) by extension 'ignore_ament_install'
[0.952s] Level 1:colcon.colcon_core.package_identification:_identify(machine_vision/Imaging) by extensions ['colcon_pkg']
[0.952s] Level 1:colcon.colcon_core.package_identification:_identify(machine_vision/Imaging) by extension 'colcon_pkg'
[0.952s] Level 1:colcon.colcon_core.package_identification:_identify(machine_vision/Imaging) by extensions ['colcon_meta']
[0.952s] Level 1:colcon.colcon_core.package_identification:_identify(machine_vision/Imaging) by extension 'colcon_meta'
[0.952s] Level 1:colcon.colcon_core.package_identification:_identify(machine_vision/Imaging) by extensions ['ros']
[0.952s] Level 1:colcon.colcon_core.package_identification:_identify(machine_vision/Imaging) by extension 'ros'
[0.952s] Level 1:colcon.colcon_core.package_identification:_identify(machine_vision/Imaging) by extensions ['cmake', 'python']
[0.952s] Level 1:colcon.colcon_core.package_identification:_identify(machine_vision/Imaging) by extension 'cmake'
[0.953s] Level 1:colcon.colcon_core.package_identification:_identify(machine_vision/Imaging) by extension 'python'
[0.953s] Level 1:colcon.colcon_core.package_identification:_identify(machine_vision/Imaging) by extensions ['python_setup_py']
[0.953s] Level 1:colcon.colcon_core.package_identification:_identify(machine_vision/Imaging) by extension 'python_setup_py'
[0.953s] Level 1:colcon.colcon_core.package_identification:_identify(motor_Testing) by extensions ['ignore', 'ignore_ament_install']
[0.953s] Level 1:colcon.colcon_core.package_identification:_identify(motor_Testing) by extension 'ignore'
[0.953s] Level 1:colcon.colcon_core.package_identification:_identify(motor_Testing) by extension 'ignore_ament_install'
[0.953s] Level 1:colcon.colcon_core.package_identification:_identify(motor_Testing) by extensions ['colcon_pkg']
[0.953s] Level 1:colcon.colcon_core.package_identification:_identify(motor_Testing) by extension 'colcon_pkg'
[0.953s] Level 1:colcon.colcon_core.package_identification:_identify(motor_Testing) by extensions ['colcon_meta']
[0.953s] Level 1:colcon.colcon_core.package_identification:_identify(motor_Testing) by extension 'colcon_meta'
[0.954s] Level 1:colcon.colcon_core.package_identification:_identify(motor_Testing) by extensions ['ros']
[0.954s] Level 1:colcon.colcon_core.package_identification:_identify(motor_Testing) by extension 'ros'
[0.954s] Level 1:colcon.colcon_core.package_identification:_identify(motor_Testing) by extensions ['cmake', 'python']
[0.954s] Level 1:colcon.colcon_core.package_identification:_identify(motor_Testing) by extension 'cmake'
[0.954s] Level 1:colcon.colcon_core.package_identification:_identify(motor_Testing) by extension 'python'
[0.954s] Level 1:colcon.colcon_core.package_identification:_identify(motor_Testing) by extensions ['python_setup_py']
[0.954s] Level 1:colcon.colcon_core.package_identification:_identify(motor_Testing) by extension 'python_setup_py'
[0.954s] Level 1:colcon.colcon_core.package_identification:_identify(motor_Testing/__pycache__) by extensions ['ignore', 'ignore_ament_install']
[0.954s] Level 1:colcon.colcon_core.package_identification:_identify(motor_Testing/__pycache__) by extension 'ignore'
[0.955s] Level 1:colcon.colcon_core.package_identification:_identify(motor_Testing/__pycache__) by extension 'ignore_ament_install'
[0.955s] Level 1:colcon.colcon_core.package_identification:_identify(motor_Testing/__pycache__) by extensions ['colcon_pkg']
[0.955s] Level 1:colcon.colcon_core.package_identification:_identify(motor_Testing/__pycache__) by extension 'colcon_pkg'
[0.955s] Level 1:colcon.colcon_core.package_identification:_identify(motor_Testing/__pycache__) by extensions ['colcon_meta']
[0.955s] Level 1:colcon.colcon_core.package_identification:_identify(motor_Testing/__pycache__) by extension 'colcon_meta'
[0.955s] Level 1:colcon.colcon_core.package_identification:_identify(motor_Testing/__pycache__) by extensions ['ros']
[0.955s] Level 1:colcon.colcon_core.package_identification:_identify(motor_Testing/__pycache__) by extension 'ros'
[0.955s] Level 1:colcon.colcon_core.package_identification:_identify(motor_Testing/__pycache__) by extensions ['cmake', 'python']
[0.955s] Level 1:colcon.colcon_core.package_identification:_identify(motor_Testing/__pycache__) by extension 'cmake'
[0.955s] Level 1:colcon.colcon_core.package_identification:_identify(motor_Testing/__pycache__) by extension 'python'
[0.956s] Level 1:colcon.colcon_core.package_identification:_identify(motor_Testing/__pycache__) by extensions ['python_setup_py']
[0.956s] Level 1:colcon.colcon_core.package_identification:_identify(motor_Testing/__pycache__) by extension 'python_setup_py'
[0.956s] Level 1:colcon.colcon_core.package_identification:_identify(ros2_testing) by extensions ['ignore', 'ignore_ament_install']
[0.956s] Level 1:colcon.colcon_core.package_identification:_identify(ros2_testing) by extension 'ignore'
[0.956s] Level 1:colcon.colcon_core.package_identification:_identify(ros2_testing) by extension 'ignore_ament_install'
[0.956s] Level 1:colcon.colcon_core.package_identification:_identify(ros2_testing) by extensions ['colcon_pkg']
[0.956s] Level 1:colcon.colcon_core.package_identification:_identify(ros2_testing) by extension 'colcon_pkg'
[0.956s] Level 1:colcon.colcon_core.package_identification:_identify(ros2_testing) by extensions ['colcon_meta']
[0.956s] Level 1:colcon.colcon_core.package_identification:_identify(ros2_testing) by extension 'colcon_meta'
[0.957s] Level 1:colcon.colcon_core.package_identification:_identify(ros2_testing) by extensions ['ros']
[0.957s] Level 1:colcon.colcon_core.package_identification:_identify(ros2_testing) by extension 'ros'
[0.957s] Level 1:colcon.colcon_core.package_identification:_identify(ros2_testing) by extensions ['cmake', 'python']
[0.957s] Level 1:colcon.colcon_core.package_identification:_identify(ros2_testing) by extension 'cmake'
[0.957s] Level 1:colcon.colcon_core.package_identification:_identify(ros2_testing) by extension 'python'
[0.957s] Level 1:colcon.colcon_core.package_identification:_identify(ros2_testing) by extensions ['python_setup_py']
[0.957s] Level 1:colcon.colcon_core.package_identification:_identify(ros2_testing) by extension 'python_setup_py'
[0.957s] Level 1:colcon.colcon_core.package_identification:_identify(ros2_testing/ros2_tutorial_ws) by extensions ['ignore', 'ignore_ament_install']
[0.957s] Level 1:colcon.colcon_core.package_identification:_identify(ros2_testing/ros2_tutorial_ws) by extension 'ignore'
[0.958s] Level 1:colcon.colcon_core.package_identification:_identify(ros2_testing/ros2_tutorial_ws) by extension 'ignore_ament_install'
[0.958s] Level 1:colcon.colcon_core.package_identification:_identify(ros2_testing/ros2_tutorial_ws) by extensions ['colcon_pkg']
[0.958s] Level 1:colcon.colcon_core.package_identification:_identify(ros2_testing/ros2_tutorial_ws) by extension 'colcon_pkg'
[0.958s] Level 1:colcon.colcon_core.package_identification:_identify(ros2_testing/ros2_tutorial_ws) by extensions ['colcon_meta']
[0.958s] Level 1:colcon.colcon_core.package_identification:_identify(ros2_testing/ros2_tutorial_ws) by extension 'colcon_meta'
[0.958s] Level 1:colcon.colcon_core.package_identification:_identify(ros2_testing/ros2_tutorial_ws) by extensions ['ros']
[0.958s] Level 1:colcon.colcon_core.package_identification:_identify(ros2_testing/ros2_tutorial_ws) by extension 'ros'
[0.958s] Level 1:colcon.colcon_core.package_identification:_identify(ros2_testing/ros2_tutorial_ws) by extensions ['cmake', 'python']
[0.958s] Level 1:colcon.colcon_core.package_identification:_identify(ros2_testing/ros2_tutorial_ws) by extension 'cmake'
[0.958s] Level 1:colcon.colcon_core.package_identification:_identify(ros2_testing/ros2_tutorial_ws) by extension 'python'
[0.959s] Level 1:colcon.colcon_core.package_identification:_identify(ros2_testing/ros2_tutorial_ws) by extensions ['python_setup_py']
[0.959s] Level 1:colcon.colcon_core.package_identification:_identify(ros2_testing/ros2_tutorial_ws) by extension 'python_setup_py'
[0.959s] Level 1:colcon.colcon_core.package_identification:_identify(ros2_testing/ros2_tutorial_ws/build) by extensions ['ignore', 'ignore_ament_install']
[0.959s] Level 1:colcon.colcon_core.package_identification:_identify(ros2_testing/ros2_tutorial_ws/build) by extension 'ignore'
[0.959s] Level 1:colcon.colcon_core.package_identification:_identify(ros2_testing/ros2_tutorial_ws/build) ignored
[0.959s] Level 1:colcon.colcon_core.package_identification:_identify(ros2_testing/ros2_tutorial_ws/install) by extensions ['ignore', 'ignore_ament_install']
[0.959s] Level 1:colcon.colcon_core.package_identification:_identify(ros2_testing/ros2_tutorial_ws/install) by extension 'ignore'
[0.960s] Level 1:colcon.colcon_core.package_identification:_identify(ros2_testing/ros2_tutorial_ws/install) ignored
[0.960s] Level 1:colcon.colcon_core.package_identification:_identify(ros2_testing/ros2_tutorial_ws/log) by extensions ['ignore', 'ignore_ament_install']
[0.960s] Level 1:colcon.colcon_core.package_identification:_identify(ros2_testing/ros2_tutorial_ws/log) by extension 'ignore'
[0.960s] Level 1:colcon.colcon_core.package_identification:_identify(ros2_testing/ros2_tutorial_ws/log) ignored
[0.960s] Level 1:colcon.colcon_core.package_identification:_identify(ros2_testing/ros2_tutorial_ws/src) by extensions ['ignore', 'ignore_ament_install']
[0.960s] Level 1:colcon.colcon_core.package_identification:_identify(ros2_testing/ros2_tutorial_ws/src) by extension 'ignore'
[0.961s] Level 1:colcon.colcon_core.package_identification:_identify(ros2_testing/ros2_tutorial_ws/src) by extension 'ignore_ament_install'
[0.961s] Level 1:colcon.colcon_core.package_identification:_identify(ros2_testing/ros2_tutorial_ws/src) by extensions ['colcon_pkg']
[0.961s] Level 1:colcon.colcon_core.package_identification:_identify(ros2_testing/ros2_tutorial_ws/src) by extension 'colcon_pkg'
[0.961s] Level 1:colcon.colcon_core.package_identification:_identify(ros2_testing/ros2_tutorial_ws/src) by extensions ['colcon_meta']
[0.961s] Level 1:colcon.colcon_core.package_identification:_identify(ros2_testing/ros2_tutorial_ws/src) by extension 'colcon_meta'
[0.961s] Level 1:colcon.colcon_core.package_identification:_identify(ros2_testing/ros2_tutorial_ws/src) by extensions ['ros']
[0.961s] Level 1:colcon.colcon_core.package_identification:_identify(ros2_testing/ros2_tutorial_ws/src) by extension 'ros'
[0.961s] Level 1:colcon.colcon_core.package_identification:_identify(ros2_testing/ros2_tutorial_ws/src) by extensions ['cmake', 'python']
[0.961s] Level 1:colcon.colcon_core.package_identification:_identify(ros2_testing/ros2_tutorial_ws/src) by extension 'cmake'
[0.961s] Level 1:colcon.colcon_core.package_identification:_identify(ros2_testing/ros2_tutorial_ws/src) by extension 'python'
[0.961s] Level 1:colcon.colcon_core.package_identification:_identify(ros2_testing/ros2_tutorial_ws/src) by extensions ['python_setup_py']
[0.962s] Level 1:colcon.colcon_core.package_identification:_identify(ros2_testing/ros2_tutorial_ws/src) by extension 'python_setup_py'
[0.962s] Level 1:colcon.colcon_core.package_identification:_identify(ros2_testing/ros2_tutorial_ws/src/ros_tutorial_NK) by extensions ['ignore', 'ignore_ament_install']
[0.962s] Level 1:colcon.colcon_core.package_identification:_identify(ros2_testing/ros2_tutorial_ws/src/ros_tutorial_NK) by extension 'ignore'
[0.962s] Level 1:colcon.colcon_core.package_identification:_identify(ros2_testing/ros2_tutorial_ws/src/ros_tutorial_NK) by extension 'ignore_ament_install'
[0.962s] Level 1:colcon.colcon_core.package_identification:_identify(ros2_testing/ros2_tutorial_ws/src/ros_tutorial_NK) by extensions ['colcon_pkg']
[0.962s] Level 1:colcon.colcon_core.package_identification:_identify(ros2_testing/ros2_tutorial_ws/src/ros_tutorial_NK) by extension 'colcon_pkg'
[0.962s] Level 1:colcon.colcon_core.package_identification:_identify(ros2_testing/ros2_tutorial_ws/src/ros_tutorial_NK) by extensions ['colcon_meta']
[0.962s] Level 1:colcon.colcon_core.package_identification:_identify(ros2_testing/ros2_tutorial_ws/src/ros_tutorial_NK) by extension 'colcon_meta'
[0.963s] Level 1:colcon.colcon_core.package_identification:_identify(ros2_testing/ros2_tutorial_ws/src/ros_tutorial_NK) by extensions ['ros']
[0.963s] Level 1:colcon.colcon_core.package_identification:_identify(ros2_testing/ros2_tutorial_ws/src/ros_tutorial_NK) by extension 'ros'
[0.968s] DEBUG:colcon.colcon_core.package_identification:Package 'ros2_testing/ros2_tutorial_ws/src/ros_tutorial_NK' with type 'ros.ament_python' and name 'ros_tutorial_NK'
[0.968s] Level 1:colcon.colcon_core.package_identification:_identify(ros_packages) by extensions ['ignore', 'ignore_ament_install']
[0.968s] Level 1:colcon.colcon_core.package_identification:_identify(ros_packages) by extension 'ignore'
[0.968s] Level 1:colcon.colcon_core.package_identification:_identify(ros_packages) by extension 'ignore_ament_install'
[0.969s] Level 1:colcon.colcon_core.package_identification:_identify(ros_packages) by extensions ['colcon_pkg']
[0.969s] Level 1:colcon.colcon_core.package_identification:_identify(ros_packages) by extension 'colcon_pkg'
[0.969s] Level 1:colcon.colcon_core.package_identification:_identify(ros_packages) by extensions ['colcon_meta']
[0.969s] Level 1:colcon.colcon_core.package_identification:_identify(ros_packages) by extension 'colcon_meta'
[0.969s] Level 1:colcon.colcon_core.package_identification:_identify(ros_packages) by extensions ['ros']
[0.969s] Level 1:colcon.colcon_core.package_identification:_identify(ros_packages) by extension 'ros'
[0.969s] Level 1:colcon.colcon_core.package_identification:_identify(ros_packages) by extensions ['cmake', 'python']
[0.969s] Level 1:colcon.colcon_core.package_identification:_identify(ros_packages) by extension 'cmake'
[0.969s] Level 1:colcon.colcon_core.package_identification:_identify(ros_packages) by extension 'python'
[0.969s] Level 1:colcon.colcon_core.package_identification:_identify(ros_packages) by extensions ['python_setup_py']
[0.969s] Level 1:colcon.colcon_core.package_identification:_identify(ros_packages) by extension 'python_setup_py'
[0.970s] Level 1:colcon.colcon_core.package_identification:_identify(ros_packages/mocap4r2_ws) by extensions ['ignore', 'ignore_ament_install']
[0.970s] Level 1:colcon.colcon_core.package_identification:_identify(ros_packages/mocap4r2_ws) by extension 'ignore'
[0.970s] Level 1:colcon.colcon_core.package_identification:_identify(ros_packages/mocap4r2_ws) by extension 'ignore_ament_install'
[0.970s] Level 1:colcon.colcon_core.package_identification:_identify(ros_packages/mocap4r2_ws) by extensions ['colcon_pkg']
[0.970s] Level 1:colcon.colcon_core.package_identification:_identify(ros_packages/mocap4r2_ws) by extension 'colcon_pkg'
[0.970s] Level 1:colcon.colcon_core.package_identification:_identify(ros_packages/mocap4r2_ws) by extensions ['colcon_meta']
[0.970s] Level 1:colcon.colcon_core.package_identification:_identify(ros_packages/mocap4r2_ws) by extension 'colcon_meta'
[0.970s] Level 1:colcon.colcon_core.package_identification:_identify(ros_packages/mocap4r2_ws) by extensions ['ros']
[0.971s] Level 1:colcon.colcon_core.package_identification:_identify(ros_packages/mocap4r2_ws) by extension 'ros'
[0.971s] Level 1:colcon.colcon_core.package_identification:_identify(ros_packages/mocap4r2_ws) by extensions ['cmake', 'python']
[0.971s] Level 1:colcon.colcon_core.package_identification:_identify(ros_packages/mocap4r2_ws) by extension 'cmake'
[0.971s] Level 1:colcon.colcon_core.package_identification:_identify(ros_packages/mocap4r2_ws) by extension 'python'
[0.971s] Level 1:colcon.colcon_core.package_identification:_identify(ros_packages/mocap4r2_ws) by extensions ['python_setup_py']
[0.971s] Level 1:colcon.colcon_core.package_identification:_identify(ros_packages/mocap4r2_ws) by extension 'python_setup_py'
[0.971s] Level 1:colcon.colcon_core.package_identification:_identify(ros_packages/mocap4r2_ws/build) by extensions ['ignore', 'ignore_ament_install']
[0.971s] Level 1:colcon.colcon_core.package_identification:_identify(ros_packages/mocap4r2_ws/build) by extension 'ignore'
[0.972s] Level 1:colcon.colcon_core.package_identification:_identify(ros_packages/mocap4r2_ws/build) ignored
[0.972s] Level 1:colcon.colcon_core.package_identification:_identify(ros_packages/mocap4r2_ws/install) by extensions ['ignore', 'ignore_ament_install']
[0.972s] Level 1:colcon.colcon_core.package_identification:_identify(ros_packages/mocap4r2_ws/install) by extension 'ignore'
[0.972s] Level 1:colcon.colcon_core.package_identification:_identify(ros_packages/mocap4r2_ws/install) ignored
[0.972s] Level 1:colcon.colcon_core.package_identification:_identify(ros_packages/mocap4r2_ws/log) by extensions ['ignore', 'ignore_ament_install']
[0.973s] Level 1:colcon.colcon_core.package_identification:_identify(ros_packages/mocap4r2_ws/log) by extension 'ignore'
[0.973s] Level 1:colcon.colcon_core.package_identification:_identify(ros_packages/mocap4r2_ws/log) ignored
[0.973s] Level 1:colcon.colcon_core.package_identification:_identify(ros_packages/mocap4r2_ws/src) by extensions ['ignore', 'ignore_ament_install']
[0.973s] Level 1:colcon.colcon_core.package_identification:_identify(ros_packages/mocap4r2_ws/src) by extension 'ignore'
[0.973s] Level 1:colcon.colcon_core.package_identification:_identify(ros_packages/mocap4r2_ws/src) by extension 'ignore_ament_install'
[0.973s] Level 1:colcon.colcon_core.package_identification:_identify(ros_packages/mocap4r2_ws/src) by extensions ['colcon_pkg']
[0.973s] Level 1:colcon.colcon_core.package_identification:_identify(ros_packages/mocap4r2_ws/src) by extension 'colcon_pkg'
[0.973s] Level 1:colcon.colcon_core.package_identification:_identify(ros_packages/mocap4r2_ws/src) by extensions ['colcon_meta']
[0.973s] Level 1:colcon.colcon_core.package_identification:_identify(ros_packages/mocap4r2_ws/src) by extension 'colcon_meta'
[0.974s] Level 1:colcon.colcon_core.package_identification:_identify(ros_packages/mocap4r2_ws/src) by extensions ['ros']
[0.974s] Level 1:colcon.colcon_core.package_identification:_identify(ros_packages/mocap4r2_ws/src) by extension 'ros'
[0.974s] Level 1:colcon.colcon_core.package_identification:_identify(ros_packages/mocap4r2_ws/src) by extensions ['cmake', 'python']
[0.974s] Level 1:colcon.colcon_core.package_identification:_identify(ros_packages/mocap4r2_ws/src) by extension 'cmake'
[0.974s] Level 1:colcon.colcon_core.package_identification:_identify(ros_packages/mocap4r2_ws/src) by extension 'python'
[0.974s] Level 1:colcon.colcon_core.package_identification:_identify(ros_packages/mocap4r2_ws/src) by extensions ['python_setup_py']
[0.974s] Level 1:colcon.colcon_core.package_identification:_identify(ros_packages/mocap4r2_ws/src) by extension 'python_setup_py'
[0.974s] Level 1:colcon.colcon_core.package_identification:_identify(ros_packages/mocap4r2_ws/src/mocap4r2) by extensions ['ignore', 'ignore_ament_install']
[0.975s] Level 1:colcon.colcon_core.package_identification:_identify(ros_packages/mocap4r2_ws/src/mocap4r2) by extension 'ignore'
[0.975s] Level 1:colcon.colcon_core.package_identification:_identify(ros_packages/mocap4r2_ws/src/mocap4r2) by extension 'ignore_ament_install'
[0.975s] Level 1:colcon.colcon_core.package_identification:_identify(ros_packages/mocap4r2_ws/src/mocap4r2) by extensions ['colcon_pkg']
[0.975s] Level 1:colcon.colcon_core.package_identification:_identify(ros_packages/mocap4r2_ws/src/mocap4r2) by extension 'colcon_pkg'
[0.975s] Level 1:colcon.colcon_core.package_identification:_identify(ros_packages/mocap4r2_ws/src/mocap4r2) by extensions ['colcon_meta']
[0.975s] Level 1:colcon.colcon_core.package_identification:_identify(ros_packages/mocap4r2_ws/src/mocap4r2) by extension 'colcon_meta'
[0.975s] Level 1:colcon.colcon_core.package_identification:_identify(ros_packages/mocap4r2_ws/src/mocap4r2) by extensions ['ros']
[0.975s] Level 1:colcon.colcon_core.package_identification:_identify(ros_packages/mocap4r2_ws/src/mocap4r2) by extension 'ros'
[0.975s] Level 1:colcon.colcon_core.package_identification:_identify(ros_packages/mocap4r2_ws/src/mocap4r2) by extensions ['cmake', 'python']
[0.975s] Level 1:colcon.colcon_core.package_identification:_identify(ros_packages/mocap4r2_ws/src/mocap4r2) by extension 'cmake'
[0.976s] Level 1:colcon.colcon_core.package_identification:_identify(ros_packages/mocap4r2_ws/src/mocap4r2) by extension 'python'
[0.976s] Level 1:colcon.colcon_core.package_identification:_identify(ros_packages/mocap4r2_ws/src/mocap4r2) by extensions ['python_setup_py']
[0.976s] Level 1:colcon.colcon_core.package_identification:_identify(ros_packages/mocap4r2_ws/src/mocap4r2) by extension 'python_setup_py'
[0.976s] Level 1:colcon.colcon_core.package_identification:_identify(ros_packages/mocap4r2_ws/src/mocap4r2/mocap4r2_control) by extensions ['ignore', 'ignore_ament_install']
[0.976s] Level 1:colcon.colcon_core.package_identification:_identify(ros_packages/mocap4r2_ws/src/mocap4r2/mocap4r2_control) by extension 'ignore'
[0.976s] Level 1:colcon.colcon_core.package_identification:_identify(ros_packages/mocap4r2_ws/src/mocap4r2/mocap4r2_control) by extension 'ignore_ament_install'
[0.976s] Level 1:colcon.colcon_core.package_identification:_identify(ros_packages/mocap4r2_ws/src/mocap4r2/mocap4r2_control) by extensions ['colcon_pkg']
[0.976s] Level 1:colcon.colcon_core.package_identification:_identify(ros_packages/mocap4r2_ws/src/mocap4r2/mocap4r2_control) by extension 'colcon_pkg'
[0.977s] Level 1:colcon.colcon_core.package_identification:_identify(ros_packages/mocap4r2_ws/src/mocap4r2/mocap4r2_control) by extensions ['colcon_meta']
[0.977s] Level 1:colcon.colcon_core.package_identification:_identify(ros_packages/mocap4r2_ws/src/mocap4r2/mocap4r2_control) by extension 'colcon_meta'
[0.977s] Level 1:colcon.colcon_core.package_identification:_identify(ros_packages/mocap4r2_ws/src/mocap4r2/mocap4r2_control) by extensions ['ros']
[0.977s] Level 1:colcon.colcon_core.package_identification:_identify(ros_packages/mocap4r2_ws/src/mocap4r2/mocap4r2_control) by extension 'ros'
[0.977s] Level 1:colcon.colcon_core.package_identification:_identify(ros_packages/mocap4r2_ws/src/mocap4r2/mocap4r2_control) by extensions ['cmake', 'python']
[0.977s] Level 1:colcon.colcon_core.package_identification:_identify(ros_packages/mocap4r2_ws/src/mocap4r2/mocap4r2_control) by extension 'cmake'
[0.977s] Level 1:colcon.colcon_core.package_identification:_identify(ros_packages/mocap4r2_ws/src/mocap4r2/mocap4r2_control) by extension 'python'
[0.977s] Level 1:colcon.colcon_core.package_identification:_identify(ros_packages/mocap4r2_ws/src/mocap4r2/mocap4r2_control) by extensions ['python_setup_py']
[0.977s] Level 1:colcon.colcon_core.package_identification:_identify(ros_packages/mocap4r2_ws/src/mocap4r2/mocap4r2_control) by extension 'python_setup_py'
[0.978s] Level 1:colcon.colcon_core.package_identification:_identify(ros_packages/mocap4r2_ws/src/mocap4r2/mocap4r2_control/mocap4r2_control) by extensions ['ignore', 'ignore_ament_install']
[0.978s] Level 1:colcon.colcon_core.package_identification:_identify(ros_packages/mocap4r2_ws/src/mocap4r2/mocap4r2_control/mocap4r2_control) by extension 'ignore'
[0.978s] Level 1:colcon.colcon_core.package_identification:_identify(ros_packages/mocap4r2_ws/src/mocap4r2/mocap4r2_control/mocap4r2_control) by extension 'ignore_ament_install'
[0.978s] Level 1:colcon.colcon_core.package_identification:_identify(ros_packages/mocap4r2_ws/src/mocap4r2/mocap4r2_control/mocap4r2_control) by extensions ['colcon_pkg']
[0.978s] Level 1:colcon.colcon_core.package_identification:_identify(ros_packages/mocap4r2_ws/src/mocap4r2/mocap4r2_control/mocap4r2_control) by extension 'colcon_pkg'
[0.978s] Level 1:colcon.colcon_core.package_identification:_identify(ros_packages/mocap4r2_ws/src/mocap4r2/mocap4r2_control/mocap4r2_control) by extensions ['colcon_meta']
[0.978s] Level 1:colcon.colcon_core.package_identification:_identify(ros_packages/mocap4r2_ws/src/mocap4r2/mocap4r2_control/mocap4r2_control) by extension 'colcon_meta'
[0.978s] Level 1:colcon.colcon_core.package_identification:_identify(ros_packages/mocap4r2_ws/src/mocap4r2/mocap4r2_control/mocap4r2_control) by extensions ['ros']
[0.978s] Level 1:colcon.colcon_core.package_identification:_identify(ros_packages/mocap4r2_ws/src/mocap4r2/mocap4r2_control/mocap4r2_control) by extension 'ros'
[0.980s] DEBUG:colcon.colcon_core.package_identification:Package 'ros_packages/mocap4r2_ws/src/mocap4r2/mocap4r2_control/mocap4r2_control' with type 'ros.ament_cmake' and name 'mocap4r2_control'
[0.980s] Level 1:colcon.colcon_core.package_identification:_identify(ros_packages/mocap4r2_ws/src/mocap4r2/mocap4r2_control/mocap4r2_control_msgs) by extensions ['ignore', 'ignore_ament_install']
[0.981s] Level 1:colcon.colcon_core.package_identification:_identify(ros_packages/mocap4r2_ws/src/mocap4r2/mocap4r2_control/mocap4r2_control_msgs) by extension 'ignore'
[0.981s] Level 1:colcon.colcon_core.package_identification:_identify(ros_packages/mocap4r2_ws/src/mocap4r2/mocap4r2_control/mocap4r2_control_msgs) by extension 'ignore_ament_install'
[0.981s] Level 1:colcon.colcon_core.package_identification:_identify(ros_packages/mocap4r2_ws/src/mocap4r2/mocap4r2_control/mocap4r2_control_msgs) by extensions ['colcon_pkg']
[0.981s] Level 1:colcon.colcon_core.package_identification:_identify(ros_packages/mocap4r2_ws/src/mocap4r2/mocap4r2_control/mocap4r2_control_msgs) by extension 'colcon_pkg'
[0.981s] Level 1:colcon.colcon_core.package_identification:_identify(ros_packages/mocap4r2_ws/src/mocap4r2/mocap4r2_control/mocap4r2_control_msgs) by extensions ['colcon_meta']
[0.981s] Level 1:colcon.colcon_core.package_identification:_identify(ros_packages/mocap4r2_ws/src/mocap4r2/mocap4r2_control/mocap4r2_control_msgs) by extension 'colcon_meta'
[0.981s] Level 1:colcon.colcon_core.package_identification:_identify(ros_packages/mocap4r2_ws/src/mocap4r2/mocap4r2_control/mocap4r2_control_msgs) by extensions ['ros']
[0.981s] Level 1:colcon.colcon_core.package_identification:_identify(ros_packages/mocap4r2_ws/src/mocap4r2/mocap4r2_control/mocap4r2_control_msgs) by extension 'ros'
[0.983s] DEBUG:colcon.colcon_core.package_identification:Package 'ros_packages/mocap4r2_ws/src/mocap4r2/mocap4r2_control/mocap4r2_control_msgs' with type 'ros.ament_cmake' and name 'mocap4r2_control_msgs'
[0.983s] Level 1:colcon.colcon_core.package_identification:_identify(ros_packages/mocap4r2_ws/src/mocap4r2/mocap4r2_control/rqt_mocap4r2_control) by extensions ['ignore', 'ignore_ament_install']
[0.983s] Level 1:colcon.colcon_core.package_identification:_identify(ros_packages/mocap4r2_ws/src/mocap4r2/mocap4r2_control/rqt_mocap4r2_control) by extension 'ignore'
[0.984s] Level 1:colcon.colcon_core.package_identification:_identify(ros_packages/mocap4r2_ws/src/mocap4r2/mocap4r2_control/rqt_mocap4r2_control) by extension 'ignore_ament_install'
[0.984s] Level 1:colcon.colcon_core.package_identification:_identify(ros_packages/mocap4r2_ws/src/mocap4r2/mocap4r2_control/rqt_mocap4r2_control) by extensions ['colcon_pkg']
[0.984s] Level 1:colcon.colcon_core.package_identification:_identify(ros_packages/mocap4r2_ws/src/mocap4r2/mocap4r2_control/rqt_mocap4r2_control) by extension 'colcon_pkg'
[0.984s] Level 1:colcon.colcon_core.package_identification:_identify(ros_packages/mocap4r2_ws/src/mocap4r2/mocap4r2_control/rqt_mocap4r2_control) by extensions ['colcon_meta']
[0.984s] Level 1:colcon.colcon_core.package_identification:_identify(ros_packages/mocap4r2_ws/src/mocap4r2/mocap4r2_control/rqt_mocap4r2_control) by extension 'colcon_meta'
[0.984s] Level 1:colcon.colcon_core.package_identification:_identify(ros_packages/mocap4r2_ws/src/mocap4r2/mocap4r2_control/rqt_mocap4r2_control) by extensions ['ros']
[0.984s] Level 1:colcon.colcon_core.package_identification:_identify(ros_packages/mocap4r2_ws/src/mocap4r2/mocap4r2_control/rqt_mocap4r2_control) by extension 'ros'
[0.986s] DEBUG:colcon.colcon_core.package_identification:Package 'ros_packages/mocap4r2_ws/src/mocap4r2/mocap4r2_control/rqt_mocap4r2_control' with type 'ros.ament_cmake' and name 'rqt_mocap4r2_control'
[0.986s] Level 1:colcon.colcon_core.package_identification:_identify(ros_packages/mocap4r2_ws/src/mocap4r2/mocap4r2_dummy_driver) by extensions ['ignore', 'ignore_ament_install']
[0.987s] Level 1:colcon.colcon_core.package_identification:_identify(ros_packages/mocap4r2_ws/src/mocap4r2/mocap4r2_dummy_driver) by extension 'ignore'
[0.987s] Level 1:colcon.colcon_core.package_identification:_identify(ros_packages/mocap4r2_ws/src/mocap4r2/mocap4r2_dummy_driver) by extension 'ignore_ament_install'
[0.987s] Level 1:colcon.colcon_core.package_identification:_identify(ros_packages/mocap4r2_ws/src/mocap4r2/mocap4r2_dummy_driver) by extensions ['colcon_pkg']
[0.987s] Level 1:colcon.colcon_core.package_identification:_identify(ros_packages/mocap4r2_ws/src/mocap4r2/mocap4r2_dummy_driver) by extension 'colcon_pkg'
[0.987s] Level 1:colcon.colcon_core.package_identification:_identify(ros_packages/mocap4r2_ws/src/mocap4r2/mocap4r2_dummy_driver) by extensions ['colcon_meta']
[0.987s] Level 1:colcon.colcon_core.package_identification:_identify(ros_packages/mocap4r2_ws/src/mocap4r2/mocap4r2_dummy_driver) by extension 'colcon_meta'
[0.987s] Level 1:colcon.colcon_core.package_identification:_identify(ros_packages/mocap4r2_ws/src/mocap4r2/mocap4r2_dummy_driver) by extensions ['ros']
[0.987s] Level 1:colcon.colcon_core.package_identification:_identify(ros_packages/mocap4r2_ws/src/mocap4r2/mocap4r2_dummy_driver) by extension 'ros'
[0.989s] DEBUG:colcon.colcon_core.package_identification:Package 'ros_packages/mocap4r2_ws/src/mocap4r2/mocap4r2_dummy_driver' with type 'ros.ament_cmake' and name 'mocap4r2_dummy_driver'
[0.989s] Level 1:colcon.colcon_core.package_identification:_identify(ros_packages/mocap4r2_ws/src/mocap4r2/mocap4r2_marker_viz) by extensions ['ignore', 'ignore_ament_install']
[0.989s] Level 1:colcon.colcon_core.package_identification:_identify(ros_packages/mocap4r2_ws/src/mocap4r2/mocap4r2_marker_viz) by extension 'ignore'
[0.990s] Level 1:colcon.colcon_core.package_identification:_identify(ros_packages/mocap4r2_ws/src/mocap4r2/mocap4r2_marker_viz) by extension 'ignore_ament_install'
[0.990s] Level 1:colcon.colcon_core.package_identification:_identify(ros_packages/mocap4r2_ws/src/mocap4r2/mocap4r2_marker_viz) by extensions ['colcon_pkg']
[0.990s] Level 1:colcon.colcon_core.package_identification:_identify(ros_packages/mocap4r2_ws/src/mocap4r2/mocap4r2_marker_viz) by extension 'colcon_pkg'
[0.990s] Level 1:colcon.colcon_core.package_identification:_identify(ros_packages/mocap4r2_ws/src/mocap4r2/mocap4r2_marker_viz) by extensions ['colcon_meta']
[0.990s] Level 1:colcon.colcon_core.package_identification:_identify(ros_packages/mocap4r2_ws/src/mocap4r2/mocap4r2_marker_viz) by extension 'colcon_meta'
[0.990s] Level 1:colcon.colcon_core.package_identification:_identify(ros_packages/mocap4r2_ws/src/mocap4r2/mocap4r2_marker_viz) by extensions ['ros']
[0.990s] Level 1:colcon.colcon_core.package_identification:_identify(ros_packages/mocap4r2_ws/src/mocap4r2/mocap4r2_marker_viz) by extension 'ros'
[0.990s] Level 1:colcon.colcon_core.package_identification:_identify(ros_packages/mocap4r2_ws/src/mocap4r2/mocap4r2_marker_viz) by extensions ['cmake', 'python']
[0.990s] Level 1:colcon.colcon_core.package_identification:_identify(ros_packages/mocap4r2_ws/src/mocap4r2/mocap4r2_marker_viz) by extension 'cmake'
[0.991s] Level 1:colcon.colcon_core.package_identification:_identify(ros_packages/mocap4r2_ws/src/mocap4r2/mocap4r2_marker_viz) by extension 'python'
[0.991s] Level 1:colcon.colcon_core.package_identification:_identify(ros_packages/mocap4r2_ws/src/mocap4r2/mocap4r2_marker_viz) by extensions ['python_setup_py']
[0.991s] Level 1:colcon.colcon_core.package_identification:_identify(ros_packages/mocap4r2_ws/src/mocap4r2/mocap4r2_marker_viz) by extension 'python_setup_py'
[0.991s] Level 1:colcon.colcon_core.package_identification:_identify(ros_packages/mocap4r2_ws/src/mocap4r2/mocap4r2_marker_viz/mocap4r2_marker_publisher) by extensions ['ignore', 'ignore_ament_install']
[0.991s] Level 1:colcon.colcon_core.package_identification:_identify(ros_packages/mocap4r2_ws/src/mocap4r2/mocap4r2_marker_viz/mocap4r2_marker_publisher) by extension 'ignore'
[0.991s] Level 1:colcon.colcon_core.package_identification:_identify(ros_packages/mocap4r2_ws/src/mocap4r2/mocap4r2_marker_viz/mocap4r2_marker_publisher) by extension 'ignore_ament_install'
[0.991s] Level 1:colcon.colcon_core.package_identification:_identify(ros_packages/mocap4r2_ws/src/mocap4r2/mocap4r2_marker_viz/mocap4r2_marker_publisher) by extensions ['colcon_pkg']
[0.991s] Level 1:colcon.colcon_core.package_identification:_identify(ros_packages/mocap4r2_ws/src/mocap4r2/mocap4r2_marker_viz/mocap4r2_marker_publisher) by extension 'colcon_pkg'
[0.992s] Level 1:colcon.colcon_core.package_identification:_identify(ros_packages/mocap4r2_ws/src/mocap4r2/mocap4r2_marker_viz/mocap4r2_marker_publisher) by extensions ['colcon_meta']
[0.992s] Level 1:colcon.colcon_core.package_identification:_identify(ros_packages/mocap4r2_ws/src/mocap4r2/mocap4r2_marker_viz/mocap4r2_marker_publisher) by extension 'colcon_meta'
[0.992s] Level 1:colcon.colcon_core.package_identification:_identify(ros_packages/mocap4r2_ws/src/mocap4r2/mocap4r2_marker_viz/mocap4r2_marker_publisher) by extensions ['ros']
[0.992s] Level 1:colcon.colcon_core.package_identification:_identify(ros_packages/mocap4r2_ws/src/mocap4r2/mocap4r2_marker_viz/mocap4r2_marker_publisher) by extension 'ros'
[0.993s] DEBUG:colcon.colcon_core.package_identification:Package 'ros_packages/mocap4r2_ws/src/mocap4r2/mocap4r2_marker_viz/mocap4r2_marker_publisher' with type 'ros.ament_cmake' and name 'mocap4r2_marker_publisher'
[0.993s] Level 1:colcon.colcon_core.package_identification:_identify(ros_packages/mocap4r2_ws/src/mocap4r2/mocap4r2_marker_viz/mocap4r2_marker_viz) by extensions ['ignore', 'ignore_ament_install']
[0.994s] Level 1:colcon.colcon_core.package_identification:_identify(ros_packages/mocap4r2_ws/src/mocap4r2/mocap4r2_marker_viz/mocap4r2_marker_viz) by extension 'ignore'
[0.994s] Level 1:colcon.colcon_core.package_identification:_identify(ros_packages/mocap4r2_ws/src/mocap4r2/mocap4r2_marker_viz/mocap4r2_marker_viz) by extension 'ignore_ament_install'
[0.994s] Level 1:colcon.colcon_core.package_identification:_identify(ros_packages/mocap4r2_ws/src/mocap4r2/mocap4r2_marker_viz/mocap4r2_marker_viz) by extensions ['colcon_pkg']
[0.994s] Level 1:colcon.colcon_core.package_identification:_identify(ros_packages/mocap4r2_ws/src/mocap4r2/mocap4r2_marker_viz/mocap4r2_marker_viz) by extension 'colcon_pkg'
[0.994s] Level 1:colcon.colcon_core.package_identification:_identify(ros_packages/mocap4r2_ws/src/mocap4r2/mocap4r2_marker_viz/mocap4r2_marker_viz) by extensions ['colcon_meta']
[0.994s] Level 1:colcon.colcon_core.package_identification:_identify(ros_packages/mocap4r2_ws/src/mocap4r2/mocap4r2_marker_viz/mocap4r2_marker_viz) by extension 'colcon_meta'
[0.994s] Level 1:colcon.colcon_core.package_identification:_identify(ros_packages/mocap4r2_ws/src/mocap4r2/mocap4r2_marker_viz/mocap4r2_marker_viz) by extensions ['ros']
[0.994s] Level 1:colcon.colcon_core.package_identification:_identify(ros_packages/mocap4r2_ws/src/mocap4r2/mocap4r2_marker_viz/mocap4r2_marker_viz) by extension 'ros'
[0.996s] DEBUG:colcon.colcon_core.package_identification:Package 'ros_packages/mocap4r2_ws/src/mocap4r2/mocap4r2_marker_viz/mocap4r2_marker_viz' with type 'ros.ament_cmake' and name 'mocap4r2_marker_viz'
[0.996s] Level 1:colcon.colcon_core.package_identification:_identify(ros_packages/mocap4r2_ws/src/mocap4r2/mocap4r2_marker_viz/mocap4r2_marker_viz_srvs) by extensions ['ignore', 'ignore_ament_install']
[0.996s] Level 1:colcon.colcon_core.package_identification:_identify(ros_packages/mocap4r2_ws/src/mocap4r2/mocap4r2_marker_viz/mocap4r2_marker_viz_srvs) by extension 'ignore'
[0.997s] Level 1:colcon.colcon_core.package_identification:_identify(ros_packages/mocap4r2_ws/src/mocap4r2/mocap4r2_marker_viz/mocap4r2_marker_viz_srvs) by extension 'ignore_ament_install'
[0.997s] Level 1:colcon.colcon_core.package_identification:_identify(ros_packages/mocap4r2_ws/src/mocap4r2/mocap4r2_marker_viz/mocap4r2_marker_viz_srvs) by extensions ['colcon_pkg']
[0.997s] Level 1:colcon.colcon_core.package_identification:_identify(ros_packages/mocap4r2_ws/src/mocap4r2/mocap4r2_marker_viz/mocap4r2_marker_viz_srvs) by extension 'colcon_pkg'
[0.997s] Level 1:colcon.colcon_core.package_identification:_identify(ros_packages/mocap4r2_ws/src/mocap4r2/mocap4r2_marker_viz/mocap4r2_marker_viz_srvs) by extensions ['colcon_meta']
[0.997s] Level 1:colcon.colcon_core.package_identification:_identify(ros_packages/mocap4r2_ws/src/mocap4r2/mocap4r2_marker_viz/mocap4r2_marker_viz_srvs) by extension 'colcon_meta'
[0.997s] Level 1:colcon.colcon_core.package_identification:_identify(ros_packages/mocap4r2_ws/src/mocap4r2/mocap4r2_marker_viz/mocap4r2_marker_viz_srvs) by extensions ['ros']
[0.997s] Level 1:colcon.colcon_core.package_identification:_identify(ros_packages/mocap4r2_ws/src/mocap4r2/mocap4r2_marker_viz/mocap4r2_marker_viz_srvs) by extension 'ros'
[0.998s] DEBUG:colcon.colcon_core.package_identification:Package 'ros_packages/mocap4r2_ws/src/mocap4r2/mocap4r2_marker_viz/mocap4r2_marker_viz_srvs' with type 'ros.ament_cmake' and name 'mocap4r2_marker_viz_srvs'
[0.999s] Level 1:colcon.colcon_core.package_identification:_identify(ros_packages/mocap4r2_ws/src/mocap4r2/mocap4r2_robot_gt) by extensions ['ignore', 'ignore_ament_install']
[0.999s] Level 1:colcon.colcon_core.package_identification:_identify(ros_packages/mocap4r2_ws/src/mocap4r2/mocap4r2_robot_gt) by extension 'ignore'
[0.999s] Level 1:colcon.colcon_core.package_identification:_identify(ros_packages/mocap4r2_ws/src/mocap4r2/mocap4r2_robot_gt) by extension 'ignore_ament_install'
[0.999s] Level 1:colcon.colcon_core.package_identification:_identify(ros_packages/mocap4r2_ws/src/mocap4r2/mocap4r2_robot_gt) by extensions ['colcon_pkg']
[0.999s] Level 1:colcon.colcon_core.package_identification:_identify(ros_packages/mocap4r2_ws/src/mocap4r2/mocap4r2_robot_gt) by extension 'colcon_pkg'
[0.999s] Level 1:colcon.colcon_core.package_identification:_identify(ros_packages/mocap4r2_ws/src/mocap4r2/mocap4r2_robot_gt) by extensions ['colcon_meta']
[0.999s] Level 1:colcon.colcon_core.package_identification:_identify(ros_packages/mocap4r2_ws/src/mocap4r2/mocap4r2_robot_gt) by extension 'colcon_meta'
[0.999s] Level 1:colcon.colcon_core.package_identification:_identify(ros_packages/mocap4r2_ws/src/mocap4r2/mocap4r2_robot_gt) by extensions ['ros']
[1.000s] Level 1:colcon.colcon_core.package_identification:_identify(ros_packages/mocap4r2_ws/src/mocap4r2/mocap4r2_robot_gt) by extension 'ros'
[1.000s] Level 1:colcon.colcon_core.package_identification:_identify(ros_packages/mocap4r2_ws/src/mocap4r2/mocap4r2_robot_gt) by extensions ['cmake', 'python']
[1.000s] Level 1:colcon.colcon_core.package_identification:_identify(ros_packages/mocap4r2_ws/src/mocap4r2/mocap4r2_robot_gt) by extension 'cmake'
[1.000s] Level 1:colcon.colcon_core.package_identification:_identify(ros_packages/mocap4r2_ws/src/mocap4r2/mocap4r2_robot_gt) by extension 'python'
[1.000s] Level 1:colcon.colcon_core.package_identification:_identify(ros_packages/mocap4r2_ws/src/mocap4r2/mocap4r2_robot_gt) by extensions ['python_setup_py']
[1.000s] Level 1:colcon.colcon_core.package_identification:_identify(ros_packages/mocap4r2_ws/src/mocap4r2/mocap4r2_robot_gt) by extension 'python_setup_py'
[1.000s] Level 1:colcon.colcon_core.package_identification:_identify(ros_packages/mocap4r2_ws/src/mocap4r2/mocap4r2_robot_gt/mocap4r2_robot_gt) by extensions ['ignore', 'ignore_ament_install']
[1.001s] Level 1:colcon.colcon_core.package_identification:_identify(ros_packages/mocap4r2_ws/src/mocap4r2/mocap4r2_robot_gt/mocap4r2_robot_gt) by extension 'ignore'
[1.001s] Level 1:colcon.colcon_core.package_identification:_identify(ros_packages/mocap4r2_ws/src/mocap4r2/mocap4r2_robot_gt/mocap4r2_robot_gt) by extension 'ignore_ament_install'
[1.001s] Level 1:colcon.colcon_core.package_identification:_identify(ros_packages/mocap4r2_ws/src/mocap4r2/mocap4r2_robot_gt/mocap4r2_robot_gt) by extensions ['colcon_pkg']
[1.001s] Level 1:colcon.colcon_core.package_identification:_identify(ros_packages/mocap4r2_ws/src/mocap4r2/mocap4r2_robot_gt/mocap4r2_robot_gt) by extension 'colcon_pkg'
[1.001s] Level 1:colcon.colcon_core.package_identification:_identify(ros_packages/mocap4r2_ws/src/mocap4r2/mocap4r2_robot_gt/mocap4r2_robot_gt) by extensions ['colcon_meta']
[1.001s] Level 1:colcon.colcon_core.package_identification:_identify(ros_packages/mocap4r2_ws/src/mocap4r2/mocap4r2_robot_gt/mocap4r2_robot_gt) by extension 'colcon_meta'
[1.001s] Level 1:colcon.colcon_core.package_identification:_identify(ros_packages/mocap4r2_ws/src/mocap4r2/mocap4r2_robot_gt/mocap4r2_robot_gt) by extensions ['ros']
[1.001s] Level 1:colcon.colcon_core.package_identification:_identify(ros_packages/mocap4r2_ws/src/mocap4r2/mocap4r2_robot_gt/mocap4r2_robot_gt) by extension 'ros'
[1.003s] DEBUG:colcon.colcon_core.package_identification:Package 'ros_packages/mocap4r2_ws/src/mocap4r2/mocap4r2_robot_gt/mocap4r2_robot_gt' with type 'ros.ament_cmake' and name 'mocap4r2_robot_gt'
[1.003s] Level 1:colcon.colcon_core.package_identification:_identify(ros_packages/mocap4r2_ws/src/mocap4r2/mocap4r2_robot_gt/mocap4r2_robot_gt_msgs) by extensions ['ignore', 'ignore_ament_install']
[1.003s] Level 1:colcon.colcon_core.package_identification:_identify(ros_packages/mocap4r2_ws/src/mocap4r2/mocap4r2_robot_gt/mocap4r2_robot_gt_msgs) by extension 'ignore'
[1.004s] Level 1:colcon.colcon_core.package_identification:_identify(ros_packages/mocap4r2_ws/src/mocap4r2/mocap4r2_robot_gt/mocap4r2_robot_gt_msgs) by extension 'ignore_ament_install'
[1.004s] Level 1:colcon.colcon_core.package_identification:_identify(ros_packages/mocap4r2_ws/src/mocap4r2/mocap4r2_robot_gt/mocap4r2_robot_gt_msgs) by extensions ['colcon_pkg']
[1.004s] Level 1:colcon.colcon_core.package_identification:_identify(ros_packages/mocap4r2_ws/src/mocap4r2/mocap4r2_robot_gt/mocap4r2_robot_gt_msgs) by extension 'colcon_pkg'
[1.004s] Level 1:colcon.colcon_core.package_identification:_identify(ros_packages/mocap4r2_ws/src/mocap4r2/mocap4r2_robot_gt/mocap4r2_robot_gt_msgs) by extensions ['colcon_meta']
[1.004s] Level 1:colcon.colcon_core.package_identification:_identify(ros_packages/mocap4r2_ws/src/mocap4r2/mocap4r2_robot_gt/mocap4r2_robot_gt_msgs) by extension 'colcon_meta'
[1.004s] Level 1:colcon.colcon_core.package_identification:_identify(ros_packages/mocap4r2_ws/src/mocap4r2/mocap4r2_robot_gt/mocap4r2_robot_gt_msgs) by extensions ['ros']
[1.004s] Level 1:colcon.colcon_core.package_identification:_identify(ros_packages/mocap4r2_ws/src/mocap4r2/mocap4r2_robot_gt/mocap4r2_robot_gt_msgs) by extension 'ros'
[1.006s] DEBUG:colcon.colcon_core.package_identification:Package 'ros_packages/mocap4r2_ws/src/mocap4r2/mocap4r2_robot_gt/mocap4r2_robot_gt_msgs' with type 'ros.ament_cmake' and name 'mocap4r2_robot_gt_msgs'
[1.006s] Level 1:colcon.colcon_core.package_identification:_identify(ros_packages/mocap4r2_ws/src/mocap4r2/mocap4r2cli) by extensions ['ignore', 'ignore_ament_install']
[1.006s] Level 1:colcon.colcon_core.package_identification:_identify(ros_packages/mocap4r2_ws/src/mocap4r2/mocap4r2cli) by extension 'ignore'
[1.006s] Level 1:colcon.colcon_core.package_identification:_identify(ros_packages/mocap4r2_ws/src/mocap4r2/mocap4r2cli) by extension 'ignore_ament_install'
[1.007s] Level 1:colcon.colcon_core.package_identification:_identify(ros_packages/mocap4r2_ws/src/mocap4r2/mocap4r2cli) by extensions ['colcon_pkg']
[1.007s] Level 1:colcon.colcon_core.package_identification:_identify(ros_packages/mocap4r2_ws/src/mocap4r2/mocap4r2cli) by extension 'colcon_pkg'
[1.007s] Level 1:colcon.colcon_core.package_identification:_identify(ros_packages/mocap4r2_ws/src/mocap4r2/mocap4r2cli) by extensions ['colcon_meta']
[1.007s] Level 1:colcon.colcon_core.package_identification:_identify(ros_packages/mocap4r2_ws/src/mocap4r2/mocap4r2cli) by extension 'colcon_meta'
[1.007s] Level 1:colcon.colcon_core.package_identification:_identify(ros_packages/mocap4r2_ws/src/mocap4r2/mocap4r2cli) by extensions ['ros']
[1.007s] Level 1:colcon.colcon_core.package_identification:_identify(ros_packages/mocap4r2_ws/src/mocap4r2/mocap4r2cli) by extension 'ros'
[1.008s] DEBUG:colcon.colcon_core.package_identification:Package 'ros_packages/mocap4r2_ws/src/mocap4r2/mocap4r2cli' with type 'ros.ament_python' and name 'mocap4r2cli'
[1.008s] Level 1:colcon.colcon_core.package_identification:_identify(ros_packages/mocap4r2_ws/src/mocap4ros2_optitrack) by extensions ['ignore', 'ignore_ament_install']
[1.009s] Level 1:colcon.colcon_core.package_identification:_identify(ros_packages/mocap4r2_ws/src/mocap4ros2_optitrack) by extension 'ignore'
[1.009s] Level 1:colcon.colcon_core.package_identification:_identify(ros_packages/mocap4r2_ws/src/mocap4ros2_optitrack) by extension 'ignore_ament_install'
[1.009s] Level 1:colcon.colcon_core.package_identification:_identify(ros_packages/mocap4r2_ws/src/mocap4ros2_optitrack) by extensions ['colcon_pkg']
[1.009s] Level 1:colcon.colcon_core.package_identification:_identify(ros_packages/mocap4r2_ws/src/mocap4ros2_optitrack) by extension 'colcon_pkg'
[1.009s] Level 1:colcon.colcon_core.package_identification:_identify(ros_packages/mocap4r2_ws/src/mocap4ros2_optitrack) by extensions ['colcon_meta']
[1.009s] Level 1:colcon.colcon_core.package_identification:_identify(ros_packages/mocap4r2_ws/src/mocap4ros2_optitrack) by extension 'colcon_meta'
[1.009s] Level 1:colcon.colcon_core.package_identification:_identify(ros_packages/mocap4r2_ws/src/mocap4ros2_optitrack) by extensions ['ros']
[1.009s] Level 1:colcon.colcon_core.package_identification:_identify(ros_packages/mocap4r2_ws/src/mocap4ros2_optitrack) by extension 'ros'
[1.009s] Level 1:colcon.colcon_core.package_identification:_identify(ros_packages/mocap4r2_ws/src/mocap4ros2_optitrack) by extensions ['cmake', 'python']
[1.010s] Level 1:colcon.colcon_core.package_identification:_identify(ros_packages/mocap4r2_ws/src/mocap4ros2_optitrack) by extension 'cmake'
[1.010s] Level 1:colcon.colcon_core.package_identification:_identify(ros_packages/mocap4r2_ws/src/mocap4ros2_optitrack) by extension 'python'
[1.010s] Level 1:colcon.colcon_core.package_identification:_identify(ros_packages/mocap4r2_ws/src/mocap4ros2_optitrack) by extensions ['python_setup_py']
[1.010s] Level 1:colcon.colcon_core.package_identification:_identify(ros_packages/mocap4r2_ws/src/mocap4ros2_optitrack) by extension 'python_setup_py'
[1.010s] Level 1:colcon.colcon_core.package_identification:_identify(ros_packages/mocap4r2_ws/src/mocap4ros2_optitrack/mocap4r2_optitrack_driver) by extensions ['ignore', 'ignore_ament_install']
[1.010s] Level 1:colcon.colcon_core.package_identification:_identify(ros_packages/mocap4r2_ws/src/mocap4ros2_optitrack/mocap4r2_optitrack_driver) by extension 'ignore'
[1.010s] Level 1:colcon.colcon_core.package_identification:_identify(ros_packages/mocap4r2_ws/src/mocap4ros2_optitrack/mocap4r2_optitrack_driver) by extension 'ignore_ament_install'
[1.010s] Level 1:colcon.colcon_core.package_identification:_identify(ros_packages/mocap4r2_ws/src/mocap4ros2_optitrack/mocap4r2_optitrack_driver) by extensions ['colcon_pkg']
[1.011s] Level 1:colcon.colcon_core.package_identification:_identify(ros_packages/mocap4r2_ws/src/mocap4ros2_optitrack/mocap4r2_optitrack_driver) by extension 'colcon_pkg'
[1.011s] Level 1:colcon.colcon_core.package_identification:_identify(ros_packages/mocap4r2_ws/src/mocap4ros2_optitrack/mocap4r2_optitrack_driver) by extensions ['colcon_meta']
[1.011s] Level 1:colcon.colcon_core.package_identification:_identify(ros_packages/mocap4r2_ws/src/mocap4ros2_optitrack/mocap4r2_optitrack_driver) by extension 'colcon_meta'
[1.011s] Level 1:colcon.colcon_core.package_identification:_identify(ros_packages/mocap4r2_ws/src/mocap4ros2_optitrack/mocap4r2_optitrack_driver) by extensions ['ros']
[1.011s] Level 1:colcon.colcon_core.package_identification:_identify(ros_packages/mocap4r2_ws/src/mocap4ros2_optitrack/mocap4r2_optitrack_driver) by extension 'ros'
[1.013s] DEBUG:colcon.colcon_core.package_identification:Package 'ros_packages/mocap4r2_ws/src/mocap4ros2_optitrack/mocap4r2_optitrack_driver' with type 'ros.ament_cmake' and name 'mocap4r2_optitrack_driver'
[1.013s] Level 1:colcon.colcon_core.package_identification:_identify(ros_packages/mocap4r2_ws/src/mocap_msgs) by extensions ['ignore', 'ignore_ament_install']
[1.013s] Level 1:colcon.colcon_core.package_identification:_identify(ros_packages/mocap4r2_ws/src/mocap_msgs) by extension 'ignore'
[1.013s] Level 1:colcon.colcon_core.package_identification:_identify(ros_packages/mocap4r2_ws/src/mocap_msgs) by extension 'ignore_ament_install'
[1.013s] Level 1:colcon.colcon_core.package_identification:_identify(ros_packages/mocap4r2_ws/src/mocap_msgs) by extensions ['colcon_pkg']
[1.014s] Level 1:colcon.colcon_core.package_identification:_identify(ros_packages/mocap4r2_ws/src/mocap_msgs) by extension 'colcon_pkg'
[1.014s] Level 1:colcon.colcon_core.package_identification:_identify(ros_packages/mocap4r2_ws/src/mocap_msgs) by extensions ['colcon_meta']
[1.014s] Level 1:colcon.colcon_core.package_identification:_identify(ros_packages/mocap4r2_ws/src/mocap_msgs) by extension 'colcon_meta'
[1.014s] Level 1:colcon.colcon_core.package_identification:_identify(ros_packages/mocap4r2_ws/src/mocap_msgs) by extensions ['ros']
[1.014s] Level 1:colcon.colcon_core.package_identification:_identify(ros_packages/mocap4r2_ws/src/mocap_msgs) by extension 'ros'
[1.016s] DEBUG:colcon.colcon_core.package_identification:Package 'ros_packages/mocap4r2_ws/src/mocap_msgs' with type 'ros.ament_cmake' and name 'mocap4r2_msgs'
[1.016s] Level 1:colcon.colcon_core.package_identification:_identify(ros_packages/seed_controller_ws) by extensions ['ignore', 'ignore_ament_install']
[1.016s] Level 1:colcon.colcon_core.package_identification:_identify(ros_packages/seed_controller_ws) by extension 'ignore'
[1.016s] Level 1:colcon.colcon_core.package_identification:_identify(ros_packages/seed_controller_ws) by extension 'ignore_ament_install'
[1.016s] Level 1:colcon.colcon_core.package_identification:_identify(ros_packages/seed_controller_ws) by extensions ['colcon_pkg']
[1.016s] Level 1:colcon.colcon_core.package_identification:_identify(ros_packages/seed_controller_ws) by extension 'colcon_pkg'
[1.016s] Level 1:colcon.colcon_core.package_identification:_identify(ros_packages/seed_controller_ws) by extensions ['colcon_meta']
[1.017s] Level 1:colcon.colcon_core.package_identification:_identify(ros_packages/seed_controller_ws) by extension 'colcon_meta'
[1.017s] Level 1:colcon.colcon_core.package_identification:_identify(ros_packages/seed_controller_ws) by extensions ['ros']
[1.017s] Level 1:colcon.colcon_core.package_identification:_identify(ros_packages/seed_controller_ws) by extension 'ros'
[1.017s] Level 1:colcon.colcon_core.package_identification:_identify(ros_packages/seed_controller_ws) by extensions ['cmake', 'python']
[1.017s] Level 1:colcon.colcon_core.package_identification:_identify(ros_packages/seed_controller_ws) by extension 'cmake'
[1.017s] Level 1:colcon.colcon_core.package_identification:_identify(ros_packages/seed_controller_ws) by extension 'python'
[1.017s] Level 1:colcon.colcon_core.package_identification:_identify(ros_packages/seed_controller_ws) by extensions ['python_setup_py']
[1.017s] Level 1:colcon.colcon_core.package_identification:_identify(ros_packages/seed_controller_ws) by extension 'python_setup_py'
[1.017s] Level 1:colcon.colcon_core.package_identification:_identify(ros_packages/seed_controller_ws/build) by extensions ['ignore', 'ignore_ament_install']
[1.018s] Level 1:colcon.colcon_core.package_identification:_identify(ros_packages/seed_controller_ws/build) by extension 'ignore'
[1.018s] Level 1:colcon.colcon_core.package_identification:_identify(ros_packages/seed_controller_ws/build) ignored
[1.018s] Level 1:colcon.colcon_core.package_identification:_identify(ros_packages/seed_controller_ws/install) by extensions ['ignore', 'ignore_ament_install']
[1.018s] Level 1:colcon.colcon_core.package_identification:_identify(ros_packages/seed_controller_ws/install) by extension 'ignore'
[1.018s] Level 1:colcon.colcon_core.package_identification:_identify(ros_packages/seed_controller_ws/install) ignored
[1.019s] Level 1:colcon.colcon_core.package_identification:_identify(ros_packages/seed_controller_ws/log) by extensions ['ignore', 'ignore_ament_install']
[1.019s] Level 1:colcon.colcon_core.package_identification:_identify(ros_packages/seed_controller_ws/log) by extension 'ignore'
[1.019s] Level 1:colcon.colcon_core.package_identification:_identify(ros_packages/seed_controller_ws/log) ignored
[1.019s] Level 1:colcon.colcon_core.package_identification:_identify(ros_packages/seed_controller_ws/src) by extensions ['ignore', 'ignore_ament_install']
[1.019s] Level 1:colcon.colcon_core.package_identification:_identify(ros_packages/seed_controller_ws/src) by extension 'ignore'
[1.019s] Level 1:colcon.colcon_core.package_identification:_identify(ros_packages/seed_controller_ws/src) by extension 'ignore_ament_install'
[1.019s] Level 1:colcon.colcon_core.package_identification:_identify(ros_packages/seed_controller_ws/src) by extensions ['colcon_pkg']
[1.020s] Level 1:colcon.colcon_core.package_identification:_identify(ros_packages/seed_controller_ws/src) by extension 'colcon_pkg'
[1.020s] Level 1:colcon.colcon_core.package_identification:_identify(ros_packages/seed_controller_ws/src) by extensions ['colcon_meta']
[1.020s] Level 1:colcon.colcon_core.package_identification:_identify(ros_packages/seed_controller_ws/src) by extension 'colcon_meta'
[1.020s] Level 1:colcon.colcon_core.package_identification:_identify(ros_packages/seed_controller_ws/src) by extensions ['ros']
[1.020s] Level 1:colcon.colcon_core.package_identification:_identify(ros_packages/seed_controller_ws/src) by extension 'ros'
[1.020s] Level 1:colcon.colcon_core.package_identification:_identify(ros_packages/seed_controller_ws/src) by extensions ['cmake', 'python']
[1.020s] Level 1:colcon.colcon_core.package_identification:_identify(ros_packages/seed_controller_ws/src) by extension 'cmake'
[1.020s] Level 1:colcon.colcon_core.package_identification:_identify(ros_packages/seed_controller_ws/src) by extension 'python'
[1.020s] Level 1:colcon.colcon_core.package_identification:_identify(ros_packages/seed_controller_ws/src) by extensions ['python_setup_py']
[1.020s] Level 1:colcon.colcon_core.package_identification:_identify(ros_packages/seed_controller_ws/src) by extension 'python_setup_py'
[1.021s] Level 1:colcon.colcon_core.package_identification:_identify(ros_packages/seed_controller_ws/src/mocap_listener) by extensions ['ignore', 'ignore_ament_install']
[1.021s] Level 1:colcon.colcon_core.package_identification:_identify(ros_packages/seed_controller_ws/src/mocap_listener) by extension 'ignore'
[1.021s] Level 1:colcon.colcon_core.package_identification:_identify(ros_packages/seed_controller_ws/src/mocap_listener) by extension 'ignore_ament_install'
[1.021s] Level 1:colcon.colcon_core.package_identification:_identify(ros_packages/seed_controller_ws/src/mocap_listener) by extensions ['colcon_pkg']
[1.021s] Level 1:colcon.colcon_core.package_identification:_identify(ros_packages/seed_controller_ws/src/mocap_listener) by extension 'colcon_pkg'
[1.021s] Level 1:colcon.colcon_core.package_identification:_identify(ros_packages/seed_controller_ws/src/mocap_listener) by extensions ['colcon_meta']
[1.021s] Level 1:colcon.colcon_core.package_identification:_identify(ros_packages/seed_controller_ws/src/mocap_listener) by extension 'colcon_meta'
[1.021s] Level 1:colcon.colcon_core.package_identification:_identify(ros_packages/seed_controller_ws/src/mocap_listener) by extensions ['ros']
[1.021s] Level 1:colcon.colcon_core.package_identification:_identify(ros_packages/seed_controller_ws/src/mocap_listener) by extension 'ros'
[1.022s] DEBUG:colcon.colcon_core.package_identification:Package 'ros_packages/seed_controller_ws/src/mocap_listener' with type 'ros.ament_python' and name 'mocap_listener'
[1.023s] Level 1:colcon.colcon_core.package_discovery:discover_packages(recursive) using defaults
[1.023s] Level 1:colcon.colcon_core.package_discovery:discover_packages(ignore) discover
[1.023s] Level 1:colcon.colcon_core.package_discovery:discover_packages(ignore) using defaults
[1.023s] Level 1:colcon.colcon_core.package_discovery:discover_packages(path) discover
[1.023s] Level 1:colcon.colcon_core.package_discovery:discover_packages(path) using defaults
[1.092s] Level 1:colcon.colcon_core.package_discovery:discover_packages(prefix_path) check parameters
[1.093s] Level 1:colcon.colcon_core.package_discovery:discover_packages(prefix_path) discover
[1.098s] DEBUG:colcon.colcon_installed_package_information.package_discovery:Found 10 installed packages in /home/airlab/seed25/ros_packages/mocap4r2_ws/install
[1.099s] DEBUG:colcon.colcon_installed_package_information.package_discovery:Found 1 installed packages in /home/airlab/seed25/ros_packages/seed_controller_ws/install
[1.101s] DEBUG:colcon.colcon_installed_package_information.package_discovery:Found 259 installed packages in /opt/ros/foxy
[1.104s] Level 1:colcon.colcon_core.package_discovery:discover_packages(prefix_path) using defaults
[1.230s] Level 5:colcon.colcon_core.verb:set package 'mocap4r2_control_msgs' build argument 'cmake_args' from command line to 'None'
[1.230s] Level 5:colcon.colcon_core.verb:set package 'mocap4r2_control_msgs' build argument 'cmake_target' from command line to 'None'
[1.231s] Level 5:colcon.colcon_core.verb:set package 'mocap4r2_control_msgs' build argument 'cmake_target_skip_unavailable' from command line to 'False'
[1.231s] Level 5:colcon.colcon_core.verb:set package 'mocap4r2_control_msgs' build argument 'cmake_clean_cache' from command line to 'False'
[1.231s] Level 5:colcon.colcon_core.verb:set package 'mocap4r2_control_msgs' build argument 'cmake_clean_first' from command line to 'False'
[1.231s] Level 5:colcon.colcon_core.verb:set package 'mocap4r2_control_msgs' build argument 'cmake_force_configure' from command line to 'False'
[1.231s] Level 5:colcon.colcon_core.verb:set package 'mocap4r2_control_msgs' build argument 'ament_cmake_args' from command line to 'None'
[1.231s] Level 5:colcon.colcon_core.verb:set package 'mocap4r2_control_msgs' build argument 'catkin_cmake_args' from command line to 'None'
[1.231s] Level 5:colcon.colcon_core.verb:set package 'mocap4r2_control_msgs' build argument 'catkin_skip_building_tests' from command line to 'False'
[1.231s] DEBUG:colcon.colcon_core.verb:Building package 'mocap4r2_control_msgs' with the following arguments: {'ament_cmake_args': None, 'build_base': '/home/airlab/seed25/build/mocap4r2_control_msgs', 'catkin_cmake_args': None, 'catkin_skip_building_tests': False, 'cmake_args': None, 'cmake_clean_cache': False, 'cmake_clean_first': False, 'cmake_force_configure': False, 'cmake_target': None, 'cmake_target_skip_unavailable': False, 'install_base': '/home/airlab/seed25/install/mocap4r2_control_msgs', 'merge_install': False, 'path': '/home/airlab/seed25/ros_packages/mocap4r2_ws/src/mocap4r2/mocap4r2_control/mocap4r2_control_msgs', 'symlink_install': False, 'test_result_base': None}
[1.232s] Level 5:colcon.colcon_core.verb:set package 'mocap4r2_marker_viz_srvs' build argument 'cmake_args' from command line to 'None'
[1.232s] Level 5:colcon.colcon_core.verb:set package 'mocap4r2_marker_viz_srvs' build argument 'cmake_target' from command line to 'None'
[1.232s] Level 5:colcon.colcon_core.verb:set package 'mocap4r2_marker_viz_srvs' build argument 'cmake_target_skip_unavailable' from command line to 'False'
[1.232s] Level 5:colcon.colcon_core.verb:set package 'mocap4r2_marker_viz_srvs' build argument 'cmake_clean_cache' from command line to 'False'
[1.232s] Level 5:colcon.colcon_core.verb:set package 'mocap4r2_marker_viz_srvs' build argument 'cmake_clean_first' from command line to 'False'
[1.232s] Level 5:colcon.colcon_core.verb:set package 'mocap4r2_marker_viz_srvs' build argument 'cmake_force_configure' from command line to 'False'
[1.232s] Level 5:colcon.colcon_core.verb:set package 'mocap4r2_marker_viz_srvs' build argument 'ament_cmake_args' from command line to 'None'
[1.232s] Level 5:colcon.colcon_core.verb:set package 'mocap4r2_marker_viz_srvs' build argument 'catkin_cmake_args' from command line to 'None'
[1.232s] Level 5:colcon.colcon_core.verb:set package 'mocap4r2_marker_viz_srvs' build argument 'catkin_skip_building_tests' from command line to 'False'
[1.232s] DEBUG:colcon.colcon_core.verb:Building package 'mocap4r2_marker_viz_srvs' with the following arguments: {'ament_cmake_args': None, 'build_base': '/home/airlab/seed25/build/mocap4r2_marker_viz_srvs', 'catkin_cmake_args': None, 'catkin_skip_building_tests': False, 'cmake_args': None, 'cmake_clean_cache': False, 'cmake_clean_first': False, 'cmake_force_configure': False, 'cmake_target': None, 'cmake_target_skip_unavailable': False, 'install_base': '/home/airlab/seed25/install/mocap4r2_marker_viz_srvs', 'merge_install': False, 'path': '/home/airlab/seed25/ros_packages/mocap4r2_ws/src/mocap4r2/mocap4r2_marker_viz/mocap4r2_marker_viz_srvs', 'symlink_install': False, 'test_result_base': None}
[1.233s] Level 5:colcon.colcon_core.verb:set package 'mocap4r2_msgs' build argument 'cmake_args' from command line to 'None'
[1.233s] Level 5:colcon.colcon_core.verb:set package 'mocap4r2_msgs' build argument 'cmake_target' from command line to 'None'
[1.233s] Level 5:colcon.colcon_core.verb:set package 'mocap4r2_msgs' build argument 'cmake_target_skip_unavailable' from command line to 'False'
[1.233s] Level 5:colcon.colcon_core.verb:set package 'mocap4r2_msgs' build argument 'cmake_clean_cache' from command line to 'False'
[1.233s] Level 5:colcon.colcon_core.verb:set package 'mocap4r2_msgs' build argument 'cmake_clean_first' from command line to 'False'
[1.233s] Level 5:colcon.colcon_core.verb:set package 'mocap4r2_msgs' build argument 'cmake_force_configure' from command line to 'False'
[1.233s] Level 5:colcon.colcon_core.verb:set package 'mocap4r2_msgs' build argument 'ament_cmake_args' from command line to 'None'
[1.233s] Level 5:colcon.colcon_core.verb:set package 'mocap4r2_msgs' build argument 'catkin_cmake_args' from command line to 'None'
[1.233s] Level 5:colcon.colcon_core.verb:set package 'mocap4r2_msgs' build argument 'catkin_skip_building_tests' from command line to 'False'
[1.234s] DEBUG:colcon.colcon_core.verb:Building package 'mocap4r2_msgs' with the following arguments: {'ament_cmake_args': None, 'build_base': '/home/airlab/seed25/build/mocap4r2_msgs', 'catkin_cmake_args': None, 'catkin_skip_building_tests': False, 'cmake_args': None, 'cmake_clean_cache': False, 'cmake_clean_first': False, 'cmake_force_configure': False, 'cmake_target': None, 'cmake_target_skip_unavailable': False, 'install_base': '/home/airlab/seed25/install/mocap4r2_msgs', 'merge_install': False, 'path': '/home/airlab/seed25/ros_packages/mocap4r2_ws/src/mocap_msgs', 'symlink_install': False, 'test_result_base': None}
[1.234s] Level 5:colcon.colcon_core.verb:set package 'mocap4r2_robot_gt_msgs' build argument 'cmake_args' from command line to 'None'
[1.234s] Level 5:colcon.colcon_core.verb:set package 'mocap4r2_robot_gt_msgs' build argument 'cmake_target' from command line to 'None'
[1.234s] Level 5:colcon.colcon_core.verb:set package 'mocap4r2_robot_gt_msgs' build argument 'cmake_target_skip_unavailable' from command line to 'False'
[1.234s] Level 5:colcon.colcon_core.verb:set package 'mocap4r2_robot_gt_msgs' build argument 'cmake_clean_cache' from command line to 'False'
[1.234s] Level 5:colcon.colcon_core.verb:set package 'mocap4r2_robot_gt_msgs' build argument 'cmake_clean_first' from command line to 'False'
[1.235s] Level 5:colcon.colcon_core.verb:set package 'mocap4r2_robot_gt_msgs' build argument 'cmake_force_configure' from command line to 'False'
[1.235s] Level 5:colcon.colcon_core.verb:set package 'mocap4r2_robot_gt_msgs' build argument 'ament_cmake_args' from command line to 'None'
[1.235s] Level 5:colcon.colcon_core.verb:set package 'mocap4r2_robot_gt_msgs' build argument 'catkin_cmake_args' from command line to 'None'
[1.235s] Level 5:colcon.colcon_core.verb:set package 'mocap4r2_robot_gt_msgs' build argument 'catkin_skip_building_tests' from command line to 'False'
[1.235s] DEBUG:colcon.colcon_core.verb:Building package 'mocap4r2_robot_gt_msgs' with the following arguments: {'ament_cmake_args': None, 'build_base': '/home/airlab/seed25/build/mocap4r2_robot_gt_msgs', 'catkin_cmake_args': None, 'catkin_skip_building_tests': False, 'cmake_args': None, 'cmake_clean_cache': False, 'cmake_clean_first': False, 'cmake_force_configure': False, 'cmake_target': None, 'cmake_target_skip_unavailable': False, 'install_base': '/home/airlab/seed25/install/mocap4r2_robot_gt_msgs', 'merge_install': False, 'path': '/home/airlab/seed25/ros_packages/mocap4r2_ws/src/mocap4r2/mocap4r2_robot_gt/mocap4r2_robot_gt_msgs', 'symlink_install': False, 'test_result_base': None}
[1.235s] Level 5:colcon.colcon_core.verb:set package 'ros_tutorial_NK' build argument 'cmake_args' from command line to 'None'
[1.236s] Level 5:colcon.colcon_core.verb:set package 'ros_tutorial_NK' build argument 'cmake_target' from command line to 'None'
[1.236s] Level 5:colcon.colcon_core.verb:set package 'ros_tutorial_NK' build argument 'cmake_target_skip_unavailable' from command line to 'False'
[1.236s] Level 5:colcon.colcon_core.verb:set package 'ros_tutorial_NK' build argument 'cmake_clean_cache' from command line to 'False'
[1.236s] Level 5:colcon.colcon_core.verb:set package 'ros_tutorial_NK' build argument 'cmake_clean_first' from command line to 'False'
[1.236s] Level 5:colcon.colcon_core.verb:set package 'ros_tutorial_NK' build argument 'cmake_force_configure' from command line to 'False'
[1.236s] Level 5:colcon.colcon_core.verb:set package 'ros_tutorial_NK' build argument 'ament_cmake_args' from command line to 'None'
[1.236s] Level 5:colcon.colcon_core.verb:set package 'ros_tutorial_NK' build argument 'catkin_cmake_args' from command line to 'None'
[1.236s] Level 5:colcon.colcon_core.verb:set package 'ros_tutorial_NK' build argument 'catkin_skip_building_tests' from command line to 'False'
[1.236s] DEBUG:colcon.colcon_core.verb:Building package 'ros_tutorial_NK' with the following arguments: {'ament_cmake_args': None, 'build_base': '/home/airlab/seed25/build/ros_tutorial_NK', 'catkin_cmake_args': None, 'catkin_skip_building_tests': False, 'cmake_args': None, 'cmake_clean_cache': False, 'cmake_clean_first': False, 'cmake_force_configure': False, 'cmake_target': None, 'cmake_target_skip_unavailable': False, 'install_base': '/home/airlab/seed25/install/ros_tutorial_NK', 'merge_install': False, 'path': '/home/airlab/seed25/ros2_testing/ros2_tutorial_ws/src/ros_tutorial_NK', 'symlink_install': False, 'test_result_base': None}
[1.237s] Level 5:colcon.colcon_core.verb:set package 'mocap4r2_control' build argument 'cmake_args' from command line to 'None'
[1.237s] Level 5:colcon.colcon_core.verb:set package 'mocap4r2_control' build argument 'cmake_target' from command line to 'None'
[1.237s] Level 5:colcon.colcon_core.verb:set package 'mocap4r2_control' build argument 'cmake_target_skip_unavailable' from command line to 'False'
[1.237s] Level 5:colcon.colcon_core.verb:set package 'mocap4r2_control' build argument 'cmake_clean_cache' from command line to 'False'
[1.237s] Level 5:colcon.colcon_core.verb:set package 'mocap4r2_control' build argument 'cmake_clean_first' from command line to 'False'
[1.237s] Level 5:colcon.colcon_core.verb:set package 'mocap4r2_control' build argument 'cmake_force_configure' from command line to 'False'
[1.237s] Level 5:colcon.colcon_core.verb:set package 'mocap4r2_control' build argument 'ament_cmake_args' from command line to 'None'
[1.237s] Level 5:colcon.colcon_core.verb:set package 'mocap4r2_control' build argument 'catkin_cmake_args' from command line to 'None'
[1.237s] Level 5:colcon.colcon_core.verb:set package 'mocap4r2_control' build argument 'catkin_skip_building_tests' from command line to 'False'
[1.237s] DEBUG:colcon.colcon_core.verb:Building package 'mocap4r2_control' with the following arguments: {'ament_cmake_args': None, 'build_base': '/home/airlab/seed25/build/mocap4r2_control', 'catkin_cmake_args': None, 'catkin_skip_building_tests': False, 'cmake_args': None, 'cmake_clean_cache': False, 'cmake_clean_first': False, 'cmake_force_configure': False, 'cmake_target': None, 'cmake_target_skip_unavailable': False, 'install_base': '/home/airlab/seed25/install/mocap4r2_control', 'merge_install': False, 'path': '/home/airlab/seed25/ros_packages/mocap4r2_ws/src/mocap4r2/mocap4r2_control/mocap4r2_control', 'symlink_install': False, 'test_result_base': None}
[1.238s] Level 5:colcon.colcon_core.verb:set package 'mocap4r2_marker_publisher' build argument 'cmake_args' from command line to 'None'
[1.238s] Level 5:colcon.colcon_core.verb:set package 'mocap4r2_marker_publisher' build argument 'cmake_target' from command line to 'None'
[1.238s] Level 5:colcon.colcon_core.verb:set package 'mocap4r2_marker_publisher' build argument 'cmake_target_skip_unavailable' from command line to 'False'
[1.238s] Level 5:colcon.colcon_core.verb:set package 'mocap4r2_marker_publisher' build argument 'cmake_clean_cache' from command line to 'False'
[1.238s] Level 5:colcon.colcon_core.verb:set package 'mocap4r2_marker_publisher' build argument 'cmake_clean_first' from command line to 'False'
[1.238s] Level 5:colcon.colcon_core.verb:set package 'mocap4r2_marker_publisher' build argument 'cmake_force_configure' from command line to 'False'
[1.238s] Level 5:colcon.colcon_core.verb:set package 'mocap4r2_marker_publisher' build argument 'ament_cmake_args' from command line to 'None'
[1.238s] Level 5:colcon.colcon_core.verb:set package 'mocap4r2_marker_publisher' build argument 'catkin_cmake_args' from command line to 'None'
[1.238s] Level 5:colcon.colcon_core.verb:set package 'mocap4r2_marker_publisher' build argument 'catkin_skip_building_tests' from command line to 'False'
[1.238s] DEBUG:colcon.colcon_core.verb:Building package 'mocap4r2_marker_publisher' with the following arguments: {'ament_cmake_args': None, 'build_base': '/home/airlab/seed25/build/mocap4r2_marker_publisher', 'catkin_cmake_args': None, 'catkin_skip_building_tests': False, 'cmake_args': None, 'cmake_clean_cache': False, 'cmake_clean_first': False, 'cmake_force_configure': False, 'cmake_target': None, 'cmake_target_skip_unavailable': False, 'install_base': '/home/airlab/seed25/install/mocap4r2_marker_publisher', 'merge_install': False, 'path': '/home/airlab/seed25/ros_packages/mocap4r2_ws/src/mocap4r2/mocap4r2_marker_viz/mocap4r2_marker_publisher', 'symlink_install': False, 'test_result_base': None}
[1.239s] Level 5:colcon.colcon_core.verb:set package 'mocap4r2_marker_viz' build argument 'cmake_args' from command line to 'None'
[1.239s] Level 5:colcon.colcon_core.verb:set package 'mocap4r2_marker_viz' build argument 'cmake_target' from command line to 'None'
[1.239s] Level 5:colcon.colcon_core.verb:set package 'mocap4r2_marker_viz' build argument 'cmake_target_skip_unavailable' from command line to 'False'
[1.239s] Level 5:colcon.colcon_core.verb:set package 'mocap4r2_marker_viz' build argument 'cmake_clean_cache' from command line to 'False'
[1.239s] Level 5:colcon.colcon_core.verb:set package 'mocap4r2_marker_viz' build argument 'cmake_clean_first' from command line to 'False'
[1.239s] Level 5:colcon.colcon_core.verb:set package 'mocap4r2_marker_viz' build argument 'cmake_force_configure' from command line to 'False'
[1.239s] Level 5:colcon.colcon_core.verb:set package 'mocap4r2_marker_viz' build argument 'ament_cmake_args' from command line to 'None'
[1.240s] Level 5:colcon.colcon_core.verb:set package 'mocap4r2_marker_viz' build argument 'catkin_cmake_args' from command line to 'None'
[1.240s] Level 5:colcon.colcon_core.verb:set package 'mocap4r2_marker_viz' build argument 'catkin_skip_building_tests' from command line to 'False'
[1.240s] DEBUG:colcon.colcon_core.verb:Building package 'mocap4r2_marker_viz' with the following arguments: {'ament_cmake_args': None, 'build_base': '/home/airlab/seed25/build/mocap4r2_marker_viz', 'catkin_cmake_args': None, 'catkin_skip_building_tests': False, 'cmake_args': None, 'cmake_clean_cache': False, 'cmake_clean_first': False, 'cmake_force_configure': False, 'cmake_target': None, 'cmake_target_skip_unavailable': False, 'install_base': '/home/airlab/seed25/install/mocap4r2_marker_viz', 'merge_install': False, 'path': '/home/airlab/seed25/ros_packages/mocap4r2_ws/src/mocap4r2/mocap4r2_marker_viz/mocap4r2_marker_viz', 'symlink_install': False, 'test_result_base': None}
[1.240s] Level 5:colcon.colcon_core.verb:set package 'mocap4r2_robot_gt' build argument 'cmake_args' from command line to 'None'
[1.240s] Level 5:colcon.colcon_core.verb:set package 'mocap4r2_robot_gt' build argument 'cmake_target' from command line to 'None'
[1.240s] Level 5:colcon.colcon_core.verb:set package 'mocap4r2_robot_gt' build argument 'cmake_target_skip_unavailable' from command line to 'False'
[1.241s] Level 5:colcon.colcon_core.verb:set package 'mocap4r2_robot_gt' build argument 'cmake_clean_cache' from command line to 'False'
[1.241s] Level 5:colcon.colcon_core.verb:set package 'mocap4r2_robot_gt' build argument 'cmake_clean_first' from command line to 'False'
[1.241s] Level 5:colcon.colcon_core.verb:set package 'mocap4r2_robot_gt' build argument 'cmake_force_configure' from command line to 'False'
[1.241s] Level 5:colcon.colcon_core.verb:set package 'mocap4r2_robot_gt' build argument 'ament_cmake_args' from command line to 'None'
[1.241s] Level 5:colcon.colcon_core.verb:set package 'mocap4r2_robot_gt' build argument 'catkin_cmake_args' from command line to 'None'
[1.241s] Level 5:colcon.colcon_core.verb:set package 'mocap4r2_robot_gt' build argument 'catkin_skip_building_tests' from command line to 'False'
[1.241s] DEBUG:colcon.colcon_core.verb:Building package 'mocap4r2_robot_gt' with the following arguments: {'ament_cmake_args': None, 'build_base': '/home/airlab/seed25/build/mocap4r2_robot_gt', 'catkin_cmake_args': None, 'catkin_skip_building_tests': False, 'cmake_args': None, 'cmake_clean_cache': False, 'cmake_clean_first': False, 'cmake_force_configure': False, 'cmake_target': None, 'cmake_target_skip_unavailable': False, 'install_base': '/home/airlab/seed25/install/mocap4r2_robot_gt', 'merge_install': False, 'path': '/home/airlab/seed25/ros_packages/mocap4r2_ws/src/mocap4r2/mocap4r2_robot_gt/mocap4r2_robot_gt', 'symlink_install': False, 'test_result_base': None}
[1.242s] Level 5:colcon.colcon_core.verb:set package 'mocap4r2cli' build argument 'cmake_args' from command line to 'None'
[1.242s] Level 5:colcon.colcon_core.verb:set package 'mocap4r2cli' build argument 'cmake_target' from command line to 'None'
[1.242s] Level 5:colcon.colcon_core.verb:set package 'mocap4r2cli' build argument 'cmake_target_skip_unavailable' from command line to 'False'
[1.242s] Level 5:colcon.colcon_core.verb:set package 'mocap4r2cli' build argument 'cmake_clean_cache' from command line to 'False'
[1.242s] Level 5:colcon.colcon_core.verb:set package 'mocap4r2cli' build argument 'cmake_clean_first' from command line to 'False'
[1.242s] Level 5:colcon.colcon_core.verb:set package 'mocap4r2cli' build argument 'cmake_force_configure' from command line to 'False'
[1.242s] Level 5:colcon.colcon_core.verb:set package 'mocap4r2cli' build argument 'ament_cmake_args' from command line to 'None'
[1.242s] Level 5:colcon.colcon_core.verb:set package 'mocap4r2cli' build argument 'catkin_cmake_args' from command line to 'None'
[1.242s] Level 5:colcon.colcon_core.verb:set package 'mocap4r2cli' build argument 'catkin_skip_building_tests' from command line to 'False'
[1.242s] DEBUG:colcon.colcon_core.verb:Building package 'mocap4r2cli' with the following arguments: {'ament_cmake_args': None, 'build_base': '/home/airlab/seed25/build/mocap4r2cli', 'catkin_cmake_args': None, 'catkin_skip_building_tests': False, 'cmake_args': None, 'cmake_clean_cache': False, 'cmake_clean_first': False, 'cmake_force_configure': False, 'cmake_target': None, 'cmake_target_skip_unavailable': False, 'install_base': '/home/airlab/seed25/install/mocap4r2cli', 'merge_install': False, 'path': '/home/airlab/seed25/ros_packages/mocap4r2_ws/src/mocap4r2/mocap4r2cli', 'symlink_install': False, 'test_result_base': None}
[1.243s] Level 5:colcon.colcon_core.verb:set package 'mocap_listener' build argument 'cmake_args' from command line to 'None'
[1.243s] Level 5:colcon.colcon_core.verb:set package 'mocap_listener' build argument 'cmake_target' from command line to 'None'
[1.243s] Level 5:colcon.colcon_core.verb:set package 'mocap_listener' build argument 'cmake_target_skip_unavailable' from command line to 'False'
[1.243s] Level 5:colcon.colcon_core.verb:set package 'mocap_listener' build argument 'cmake_clean_cache' from command line to 'False'
[1.243s] Level 5:colcon.colcon_core.verb:set package 'mocap_listener' build argument 'cmake_clean_first' from command line to 'False'
[1.243s] Level 5:colcon.colcon_core.verb:set package 'mocap_listener' build argument 'cmake_force_configure' from command line to 'False'
[1.243s] Level 5:colcon.colcon_core.verb:set package 'mocap_listener' build argument 'ament_cmake_args' from command line to 'None'
[1.243s] Level 5:colcon.colcon_core.verb:set package 'mocap_listener' build argument 'catkin_cmake_args' from command line to 'None'
[1.243s] Level 5:colcon.colcon_core.verb:set package 'mocap_listener' build argument 'catkin_skip_building_tests' from command line to 'False'
[1.243s] DEBUG:colcon.colcon_core.verb:Building package 'mocap_listener' with the following arguments: {'ament_cmake_args': None, 'build_base': '/home/airlab/seed25/build/mocap_listener', 'catkin_cmake_args': None, 'catkin_skip_building_tests': False, 'cmake_args': None, 'cmake_clean_cache': False, 'cmake_clean_first': False, 'cmake_force_configure': False, 'cmake_target': None, 'cmake_target_skip_unavailable': False, 'install_base': '/home/airlab/seed25/install/mocap_listener', 'merge_install': False, 'path': '/home/airlab/seed25/ros_packages/seed_controller_ws/src/mocap_listener', 'symlink_install': False, 'test_result_base': None}
[1.244s] Level 5:colcon.colcon_core.verb:set package 'mocap4r2_dummy_driver' build argument 'cmake_args' from command line to 'None'
[1.244s] Level 5:colcon.colcon_core.verb:set package 'mocap4r2_dummy_driver' build argument 'cmake_target' from command line to 'None'
[1.244s] Level 5:colcon.colcon_core.verb:set package 'mocap4r2_dummy_driver' build argument 'cmake_target_skip_unavailable' from command line to 'False'
[1.244s] Level 5:colcon.colcon_core.verb:set package 'mocap4r2_dummy_driver' build argument 'cmake_clean_cache' from command line to 'False'
[1.244s] Level 5:colcon.colcon_core.verb:set package 'mocap4r2_dummy_driver' build argument 'cmake_clean_first' from command line to 'False'
[1.244s] Level 5:colcon.colcon_core.verb:set package 'mocap4r2_dummy_driver' build argument 'cmake_force_configure' from command line to 'False'
[1.244s] Level 5:colcon.colcon_core.verb:set package 'mocap4r2_dummy_driver' build argument 'ament_cmake_args' from command line to 'None'
[1.244s] Level 5:colcon.colcon_core.verb:set package 'mocap4r2_dummy_driver' build argument 'catkin_cmake_args' from command line to 'None'
[1.244s] Level 5:colcon.colcon_core.verb:set package 'mocap4r2_dummy_driver' build argument 'catkin_skip_building_tests' from command line to 'False'
[1.245s] DEBUG:colcon.colcon_core.verb:Building package 'mocap4r2_dummy_driver' with the following arguments: {'ament_cmake_args': None, 'build_base': '/home/airlab/seed25/build/mocap4r2_dummy_driver', 'catkin_cmake_args': None, 'catkin_skip_building_tests': False, 'cmake_args': None, 'cmake_clean_cache': False, 'cmake_clean_first': False, 'cmake_force_configure': False, 'cmake_target': None, 'cmake_target_skip_unavailable': False, 'install_base': '/home/airlab/seed25/install/mocap4r2_dummy_driver', 'merge_install': False, 'path': '/home/airlab/seed25/ros_packages/mocap4r2_ws/src/mocap4r2/mocap4r2_dummy_driver', 'symlink_install': False, 'test_result_base': None}
[1.245s] Level 5:colcon.colcon_core.verb:set package 'mocap4r2_optitrack_driver' build argument 'cmake_args' from command line to 'None'
[1.245s] Level 5:colcon.colcon_core.verb:set package 'mocap4r2_optitrack_driver' build argument 'cmake_target' from command line to 'None'
[1.245s] Level 5:colcon.colcon_core.verb:set package 'mocap4r2_optitrack_driver' build argument 'cmake_target_skip_unavailable' from command line to 'False'
[1.245s] Level 5:colcon.colcon_core.verb:set package 'mocap4r2_optitrack_driver' build argument 'cmake_clean_cache' from command line to 'False'
[1.245s] Level 5:colcon.colcon_core.verb:set package 'mocap4r2_optitrack_driver' build argument 'cmake_clean_first' from command line to 'False'
[1.246s] Level 5:colcon.colcon_core.verb:set package 'mocap4r2_optitrack_driver' build argument 'cmake_force_configure' from command line to 'False'
[1.246s] Level 5:colcon.colcon_core.verb:set package 'mocap4r2_optitrack_driver' build argument 'ament_cmake_args' from command line to 'None'
[1.246s] Level 5:colcon.colcon_core.verb:set package 'mocap4r2_optitrack_driver' build argument 'catkin_cmake_args' from command line to 'None'
[1.246s] Level 5:colcon.colcon_core.verb:set package 'mocap4r2_optitrack_driver' build argument 'catkin_skip_building_tests' from command line to 'False'
[1.246s] DEBUG:colcon.colcon_core.verb:Building package 'mocap4r2_optitrack_driver' with the following arguments: {'ament_cmake_args': None, 'build_base': '/home/airlab/seed25/build/mocap4r2_optitrack_driver', 'catkin_cmake_args': None, 'catkin_skip_building_tests': False, 'cmake_args': None, 'cmake_clean_cache': False, 'cmake_clean_first': False, 'cmake_force_configure': False, 'cmake_target': None, 'cmake_target_skip_unavailable': False, 'install_base': '/home/airlab/seed25/install/mocap4r2_optitrack_driver', 'merge_install': False, 'path': '/home/airlab/seed25/ros_packages/mocap4r2_ws/src/mocap4ros2_optitrack/mocap4r2_optitrack_driver', 'symlink_install': False, 'test_result_base': None}
[1.246s] Level 5:colcon.colcon_core.verb:set package 'rqt_mocap4r2_control' build argument 'cmake_args' from command line to 'None'
[1.247s] Level 5:colcon.colcon_core.verb:set package 'rqt_mocap4r2_control' build argument 'cmake_target' from command line to 'None'
[1.247s] Level 5:colcon.colcon_core.verb:set package 'rqt_mocap4r2_control' build argument 'cmake_target_skip_unavailable' from command line to 'False'
[1.247s] Level 5:colcon.colcon_core.verb:set package 'rqt_mocap4r2_control' build argument 'cmake_clean_cache' from command line to 'False'
[1.247s] Level 5:colcon.colcon_core.verb:set package 'rqt_mocap4r2_control' build argument 'cmake_clean_first' from command line to 'False'
[1.247s] Level 5:colcon.colcon_core.verb:set package 'rqt_mocap4r2_control' build argument 'cmake_force_configure' from command line to 'False'
[1.247s] Level 5:colcon.colcon_core.verb:set package 'rqt_mocap4r2_control' build argument 'ament_cmake_args' from command line to 'None'
[1.247s] Level 5:colcon.colcon_core.verb:set package 'rqt_mocap4r2_control' build argument 'catkin_cmake_args' from command line to 'None'
[1.247s] Level 5:colcon.colcon_core.verb:set package 'rqt_mocap4r2_control' build argument 'catkin_skip_building_tests' from command line to 'False'
[1.247s] DEBUG:colcon.colcon_core.verb:Building package 'rqt_mocap4r2_control' with the following arguments: {'ament_cmake_args': None, 'build_base': '/home/airlab/seed25/build/rqt_mocap4r2_control', 'catkin_cmake_args': None, 'catkin_skip_building_tests': False, 'cmake_args': None, 'cmake_clean_cache': False, 'cmake_clean_first': False, 'cmake_force_configure': False, 'cmake_target': None, 'cmake_target_skip_unavailable': False, 'install_base': '/home/airlab/seed25/install/rqt_mocap4r2_control', 'merge_install': False, 'path': '/home/airlab/seed25/ros_packages/mocap4r2_ws/src/mocap4r2/mocap4r2_control/rqt_mocap4r2_control', 'symlink_install': False, 'test_result_base': None}
[1.247s] INFO:colcon.colcon_core.executor:Executing jobs using 'parallel' executor
[1.250s] DEBUG:colcon.colcon_parallel_executor.executor.parallel:run_until_complete
[1.250s] INFO:colcon.colcon_ros.task.ament_cmake.build:Building ROS package in '/home/airlab/seed25/ros_packages/mocap4r2_ws/src/mocap_msgs' with build type 'ament_cmake'
[1.251s] INFO:colcon.colcon_cmake.task.cmake.build:Building CMake package in '/home/airlab/seed25/ros_packages/mocap4r2_ws/src/mocap_msgs'
[1.256s] INFO:colcon.colcon_core.plugin_system:Skipping extension 'colcon_core.shell.bat': Not used on non-Windows systems
[1.256s] INFO:colcon.colcon_core.shell:Skip shell extension 'powershell' for command environment: Not usable outside of PowerShell
[1.257s] DEBUG:colcon.colcon_core.shell:Skip shell extension 'dsv' for command environment
[1.269s] INFO:colcon.colcon_ros.task.ament_cmake.build:Building ROS package in '/home/airlab/seed25/ros_packages/mocap4r2_ws/src/mocap4r2/mocap4r2_control/mocap4r2_control_msgs' with build type 'ament_cmake'
[1.269s] INFO:colcon.colcon_cmake.task.cmake.build:Building CMake package in '/home/airlab/seed25/ros_packages/mocap4r2_ws/src/mocap4r2/mocap4r2_control/mocap4r2_control_msgs'
[1.270s] INFO:colcon.colcon_core.shell:Skip shell extension 'powershell' for command environment: Not usable outside of PowerShell
[1.271s] DEBUG:colcon.colcon_core.shell:Skip shell extension 'dsv' for command environment
[1.282s] INFO:colcon.colcon_ros.task.ament_cmake.build:Building ROS package in '/home/airlab/seed25/ros_packages/mocap4r2_ws/src/mocap4r2/mocap4r2_marker_viz/mocap4r2_marker_viz_srvs' with build type 'ament_cmake'
[1.282s] INFO:colcon.colcon_cmake.task.cmake.build:Building CMake package in '/home/airlab/seed25/ros_packages/mocap4r2_ws/src/mocap4r2/mocap4r2_marker_viz/mocap4r2_marker_viz_srvs'
[1.283s] INFO:colcon.colcon_core.shell:Skip shell extension 'powershell' for command environment: Not usable outside of PowerShell
[1.283s] DEBUG:colcon.colcon_core.shell:Skip shell extension 'dsv' for command environment
[1.294s] INFO:colcon.colcon_ros.task.ament_cmake.build:Building ROS package in '/home/airlab/seed25/ros_packages/mocap4r2_ws/src/mocap4r2/mocap4r2_robot_gt/mocap4r2_robot_gt_msgs' with build type 'ament_cmake'
[1.294s] INFO:colcon.colcon_cmake.task.cmake.build:Building CMake package in '/home/airlab/seed25/ros_packages/mocap4r2_ws/src/mocap4r2/mocap4r2_robot_gt/mocap4r2_robot_gt_msgs'
[1.295s] INFO:colcon.colcon_core.shell:Skip shell extension 'powershell' for command environment: Not usable outside of PowerShell
[1.296s] DEBUG:colcon.colcon_core.shell:Skip shell extension 'dsv' for command environment
[1.313s] DEBUG:colcon.colcon_core.event_handler.log_command:Invoking command in '/home/airlab/seed25/build/mocap4r2_msgs': CMAKE_PREFIX_PATH=${CMAKE_PREFIX_PATH}:/home/airlab/seed25/ros_packages/seed_controller_ws/install/mocap_listener:/home/airlab/seed25/ros_packages/mocap4r2_ws/install/mocap4r2cli:/opt/ros/foxy /usr/bin/cmake /home/airlab/seed25/ros_packages/mocap4r2_ws/src/mocap_msgs -DCMAKE_INSTALL_PREFIX=/home/airlab/seed25/install/mocap4r2_msgs
[1.325s] DEBUG:colcon.colcon_core.event_handler.log_command:Invoking command in '/home/airlab/seed25/build/mocap4r2_control_msgs': CMAKE_PREFIX_PATH=${CMAKE_PREFIX_PATH}:/home/airlab/seed25/ros_packages/seed_controller_ws/install/mocap_listener:/home/airlab/seed25/ros_packages/mocap4r2_ws/install/mocap4r2cli:/opt/ros/foxy /usr/bin/cmake /home/airlab/seed25/ros_packages/mocap4r2_ws/src/mocap4r2/mocap4r2_control/mocap4r2_control_msgs -DCMAKE_INSTALL_PREFIX=/home/airlab/seed25/install/mocap4r2_control_msgs
[1.329s] DEBUG:colcon.colcon_core.event_handler.log_command:Invoking command in '/home/airlab/seed25/build/mocap4r2_marker_viz_srvs': CMAKE_PREFIX_PATH=${CMAKE_PREFIX_PATH}:/home/airlab/seed25/ros_packages/seed_controller_ws/install/mocap_listener:/home/airlab/seed25/ros_packages/mocap4r2_ws/install/mocap4r2cli:/opt/ros/foxy /usr/bin/cmake /home/airlab/seed25/ros_packages/mocap4r2_ws/src/mocap4r2/mocap4r2_marker_viz/mocap4r2_marker_viz_srvs -DCMAKE_INSTALL_PREFIX=/home/airlab/seed25/install/mocap4r2_marker_viz_srvs
[1.357s] DEBUG:colcon.colcon_core.event_handler.log_command:Invoking command in '/home/airlab/seed25/build/mocap4r2_robot_gt_msgs': CMAKE_PREFIX_PATH=${CMAKE_PREFIX_PATH}:/home/airlab/seed25/ros_packages/seed_controller_ws/install/mocap_listener:/home/airlab/seed25/ros_packages/mocap4r2_ws/install/mocap4r2cli:/opt/ros/foxy /usr/bin/cmake /home/airlab/seed25/ros_packages/mocap4r2_ws/src/mocap4r2/mocap4r2_robot_gt/mocap4r2_robot_gt_msgs -DCMAKE_INSTALL_PREFIX=/home/airlab/seed25/install/mocap4r2_robot_gt_msgs
[5.079s] DEBUG:colcon.colcon_core.event_handler.log_command:Invoked command in '/home/airlab/seed25/build/mocap4r2_marker_viz_srvs' returned '0': CMAKE_PREFIX_PATH=${CMAKE_PREFIX_PATH}:/home/airlab/seed25/ros_packages/seed_controller_ws/install/mocap_listener:/home/airlab/seed25/ros_packages/mocap4r2_ws/install/mocap4r2cli:/opt/ros/foxy /usr/bin/cmake /home/airlab/seed25/ros_packages/mocap4r2_ws/src/mocap4r2/mocap4r2_marker_viz/mocap4r2_marker_viz_srvs -DCMAKE_INSTALL_PREFIX=/home/airlab/seed25/install/mocap4r2_marker_viz_srvs
[5.080s] DEBUG:colcon.colcon_core.event_handler.log_command:Invoking command in '/home/airlab/seed25/build/mocap4r2_marker_viz_srvs': CMAKE_PREFIX_PATH=${CMAKE_PREFIX_PATH}:/home/airlab/seed25/ros_packages/seed_controller_ws/install/mocap_listener:/home/airlab/seed25/ros_packages/mocap4r2_ws/install/mocap4r2cli:/opt/ros/foxy /usr/bin/cmake --build /home/airlab/seed25/build/mocap4r2_marker_viz_srvs -- -j4 -l4
[5.480s] DEBUG:colcon.colcon_core.event_handler.log_command:Invoked command in '/home/airlab/seed25/build/mocap4r2_control_msgs' returned '0': CMAKE_PREFIX_PATH=${CMAKE_PREFIX_PATH}:/home/airlab/seed25/ros_packages/seed_controller_ws/install/mocap_listener:/home/airlab/seed25/ros_packages/mocap4r2_ws/install/mocap4r2cli:/opt/ros/foxy /usr/bin/cmake /home/airlab/seed25/ros_packages/mocap4r2_ws/src/mocap4r2/mocap4r2_control/mocap4r2_control_msgs -DCMAKE_INSTALL_PREFIX=/home/airlab/seed25/install/mocap4r2_control_msgs
[5.486s] DEBUG:colcon.colcon_core.event_handler.log_command:Invoking command in '/home/airlab/seed25/build/mocap4r2_control_msgs': CMAKE_PREFIX_PATH=${CMAKE_PREFIX_PATH}:/home/airlab/seed25/ros_packages/seed_controller_ws/install/mocap_listener:/home/airlab/seed25/ros_packages/mocap4r2_ws/install/mocap4r2cli:/opt/ros/foxy /usr/bin/cmake --build /home/airlab/seed25/build/mocap4r2_control_msgs -- -j4 -l4
[5.516s] DEBUG:colcon.colcon_core.event_handler.log_command:Invoked command in '/home/airlab/seed25/build/mocap4r2_robot_gt_msgs' returned '0': CMAKE_PREFIX_PATH=${CMAKE_PREFIX_PATH}:/home/airlab/seed25/ros_packages/seed_controller_ws/install/mocap_listener:/home/airlab/seed25/ros_packages/mocap4r2_ws/install/mocap4r2cli:/opt/ros/foxy /usr/bin/cmake /home/airlab/seed25/ros_packages/mocap4r2_ws/src/mocap4r2/mocap4r2_robot_gt/mocap4r2_robot_gt_msgs -DCMAKE_INSTALL_PREFIX=/home/airlab/seed25/install/mocap4r2_robot_gt_msgs
[5.522s] DEBUG:colcon.colcon_core.event_handler.log_command:Invoking command in '/home/airlab/seed25/build/mocap4r2_robot_gt_msgs': CMAKE_PREFIX_PATH=${CMAKE_PREFIX_PATH}:/home/airlab/seed25/ros_packages/seed_controller_ws/install/mocap_listener:/home/airlab/seed25/ros_packages/mocap4r2_ws/install/mocap4r2cli:/opt/ros/foxy /usr/bin/cmake --build /home/airlab/seed25/build/mocap4r2_robot_gt_msgs -- -j4 -l4
[5.538s] DEBUG:colcon.colcon_core.event_handler.log_command:Invoked command in '/home/airlab/seed25/build/mocap4r2_msgs' returned '0': CMAKE_PREFIX_PATH=${CMAKE_PREFIX_PATH}:/home/airlab/seed25/ros_packages/seed_controller_ws/install/mocap_listener:/home/airlab/seed25/ros_packages/mocap4r2_ws/install/mocap4r2cli:/opt/ros/foxy /usr/bin/cmake /home/airlab/seed25/ros_packages/mocap4r2_ws/src/mocap_msgs -DCMAKE_INSTALL_PREFIX=/home/airlab/seed25/install/mocap4r2_msgs
[5.539s] DEBUG:colcon.colcon_core.event_handler.log_command:Invoking command in '/home/airlab/seed25/build/mocap4r2_msgs': CMAKE_PREFIX_PATH=${CMAKE_PREFIX_PATH}:/home/airlab/seed25/ros_packages/seed_controller_ws/install/mocap_listener:/home/airlab/seed25/ros_packages/mocap4r2_ws/install/mocap4r2cli:/opt/ros/foxy /usr/bin/cmake --build /home/airlab/seed25/build/mocap4r2_msgs -- -j4 -l4
[22.858s] DEBUG:colcon.colcon_core.event_handler.log_command:Invoked command in '/home/airlab/seed25/build/mocap4r2_robot_gt_msgs' returned '0': CMAKE_PREFIX_PATH=${CMAKE_PREFIX_PATH}:/home/airlab/seed25/ros_packages/seed_controller_ws/install/mocap_listener:/home/airlab/seed25/ros_packages/mocap4r2_ws/install/mocap4r2cli:/opt/ros/foxy /usr/bin/cmake --build /home/airlab/seed25/build/mocap4r2_robot_gt_msgs -- -j4 -l4
[22.920s] DEBUG:colcon.colcon_core.event_handler.log_command:Invoking command in '/home/airlab/seed25/build/mocap4r2_robot_gt_msgs': CMAKE_PREFIX_PATH=${CMAKE_PREFIX_PATH}:/home/airlab/seed25/ros_packages/seed_controller_ws/install/mocap_listener:/home/airlab/seed25/ros_packages/mocap4r2_ws/install/mocap4r2cli:/opt/ros/foxy /usr/bin/cmake --install /home/airlab/seed25/build/mocap4r2_robot_gt_msgs
[23.096s] Level 1:colcon.colcon_core.environment:create_environment_scripts_only(mocap4r2_robot_gt_msgs)
[23.103s] Level 1:colcon.colcon_core.environment:checking '/home/airlab/seed25/install/mocap4r2_robot_gt_msgs' for CMake module files
[23.104s] Level 1:colcon.colcon_core.environment:checking '/home/airlab/seed25/install/mocap4r2_robot_gt_msgs' for CMake config files
[23.105s] DEBUG:colcon.colcon_core.event_handler.log_command:Invoked command in '/home/airlab/seed25/build/mocap4r2_robot_gt_msgs' returned '0': CMAKE_PREFIX_PATH=${CMAKE_PREFIX_PATH}:/home/airlab/seed25/ros_packages/seed_controller_ws/install/mocap_listener:/home/airlab/seed25/ros_packages/mocap4r2_ws/install/mocap4r2cli:/opt/ros/foxy /usr/bin/cmake --install /home/airlab/seed25/build/mocap4r2_robot_gt_msgs
[23.108s] Level 1:colcon.colcon_core.shell:create_environment_hook('mocap4r2_robot_gt_msgs', 'cmake_prefix_path')
[23.109s] INFO:colcon.colcon_core.shell:Creating environment hook '/home/airlab/seed25/install/mocap4r2_robot_gt_msgs/share/mocap4r2_robot_gt_msgs/hook/cmake_prefix_path.ps1'
[23.122s] INFO:colcon.colcon_core.shell:Creating environment descriptor '/home/airlab/seed25/install/mocap4r2_robot_gt_msgs/share/mocap4r2_robot_gt_msgs/hook/cmake_prefix_path.dsv'
[23.124s] INFO:colcon.colcon_core.shell:Creating environment hook '/home/airlab/seed25/install/mocap4r2_robot_gt_msgs/share/mocap4r2_robot_gt_msgs/hook/cmake_prefix_path.sh'
[23.127s] Level 1:colcon.colcon_core.environment:checking '/home/airlab/seed25/install/mocap4r2_robot_gt_msgs/lib'
[23.127s] Level 1:colcon.colcon_core.shell:create_environment_hook('mocap4r2_robot_gt_msgs', 'ld_library_path_lib')
[23.128s] INFO:colcon.colcon_core.shell:Creating environment hook '/home/airlab/seed25/install/mocap4r2_robot_gt_msgs/share/mocap4r2_robot_gt_msgs/hook/ld_library_path_lib.ps1'
[23.129s] INFO:colcon.colcon_core.shell:Creating environment descriptor '/home/airlab/seed25/install/mocap4r2_robot_gt_msgs/share/mocap4r2_robot_gt_msgs/hook/ld_library_path_lib.dsv'
[23.130s] INFO:colcon.colcon_core.shell:Creating environment hook '/home/airlab/seed25/install/mocap4r2_robot_gt_msgs/share/mocap4r2_robot_gt_msgs/hook/ld_library_path_lib.sh'
[23.131s] Level 1:colcon.colcon_core.environment:checking '/home/airlab/seed25/install/mocap4r2_robot_gt_msgs/bin'
[23.131s] Level 1:colcon.colcon_core.environment:checking '/home/airlab/seed25/install/mocap4r2_robot_gt_msgs/lib/pkgconfig/mocap4r2_robot_gt_msgs.pc'
[23.132s] Level 1:colcon.colcon_core.environment:checking '/home/airlab/seed25/install/mocap4r2_robot_gt_msgs/lib/python3.8/site-packages'
[23.132s] Level 1:colcon.colcon_core.shell:create_environment_hook('mocap4r2_robot_gt_msgs', 'pythonpath')
[23.132s] INFO:colcon.colcon_core.shell:Creating environment hook '/home/airlab/seed25/install/mocap4r2_robot_gt_msgs/share/mocap4r2_robot_gt_msgs/hook/pythonpath.ps1'
[23.133s] INFO:colcon.colcon_core.shell:Creating environment descriptor '/home/airlab/seed25/install/mocap4r2_robot_gt_msgs/share/mocap4r2_robot_gt_msgs/hook/pythonpath.dsv'
[23.134s] INFO:colcon.colcon_core.shell:Creating environment hook '/home/airlab/seed25/install/mocap4r2_robot_gt_msgs/share/mocap4r2_robot_gt_msgs/hook/pythonpath.sh'
[23.135s] Level 1:colcon.colcon_core.environment:checking '/home/airlab/seed25/install/mocap4r2_robot_gt_msgs/bin'
[23.136s] INFO:colcon.colcon_core.shell:Creating package script '/home/airlab/seed25/install/mocap4r2_robot_gt_msgs/share/mocap4r2_robot_gt_msgs/package.ps1'
[23.139s] INFO:colcon.colcon_core.shell:Creating package descriptor '/home/airlab/seed25/install/mocap4r2_robot_gt_msgs/share/mocap4r2_robot_gt_msgs/package.dsv'
[23.140s] INFO:colcon.colcon_core.shell:Creating package script '/home/airlab/seed25/install/mocap4r2_robot_gt_msgs/share/mocap4r2_robot_gt_msgs/package.sh'
[23.142s] INFO:colcon.colcon_core.shell:Creating package script '/home/airlab/seed25/install/mocap4r2_robot_gt_msgs/share/mocap4r2_robot_gt_msgs/package.bash'
[23.143s] INFO:colcon.colcon_core.shell:Creating package script '/home/airlab/seed25/install/mocap4r2_robot_gt_msgs/share/mocap4r2_robot_gt_msgs/package.zsh'
[23.145s] Level 1:colcon.colcon_core.environment:create_file_with_runtime_dependencies(/home/airlab/seed25/install/mocap4r2_robot_gt_msgs/share/colcon-core/packages/mocap4r2_robot_gt_msgs)
[23.147s] Level 1:colcon.colcon_core.environment:create_environment_scripts_only(mocap4r2_robot_gt_msgs)
[23.147s] Level 1:colcon.colcon_core.environment:checking '/home/airlab/seed25/install/mocap4r2_robot_gt_msgs' for CMake module files
[23.154s] Level 1:colcon.colcon_core.environment:checking '/home/airlab/seed25/install/mocap4r2_robot_gt_msgs' for CMake config files
[23.155s] Level 1:colcon.colcon_core.shell:create_environment_hook('mocap4r2_robot_gt_msgs', 'cmake_prefix_path')
[23.155s] INFO:colcon.colcon_core.shell:Creating environment hook '/home/airlab/seed25/install/mocap4r2_robot_gt_msgs/share/mocap4r2_robot_gt_msgs/hook/cmake_prefix_path.ps1'
[23.156s] INFO:colcon.colcon_core.shell:Creating environment descriptor '/home/airlab/seed25/install/mocap4r2_robot_gt_msgs/share/mocap4r2_robot_gt_msgs/hook/cmake_prefix_path.dsv'
[23.157s] INFO:colcon.colcon_core.shell:Creating environment hook '/home/airlab/seed25/install/mocap4r2_robot_gt_msgs/share/mocap4r2_robot_gt_msgs/hook/cmake_prefix_path.sh'
[23.159s] Level 1:colcon.colcon_core.environment:checking '/home/airlab/seed25/install/mocap4r2_robot_gt_msgs/lib'
[23.159s] Level 1:colcon.colcon_core.shell:create_environment_hook('mocap4r2_robot_gt_msgs', 'ld_library_path_lib')
[23.159s] INFO:colcon.colcon_core.shell:Creating environment hook '/home/airlab/seed25/install/mocap4r2_robot_gt_msgs/share/mocap4r2_robot_gt_msgs/hook/ld_library_path_lib.ps1'
[23.168s] INFO:colcon.colcon_core.shell:Creating environment descriptor '/home/airlab/seed25/install/mocap4r2_robot_gt_msgs/share/mocap4r2_robot_gt_msgs/hook/ld_library_path_lib.dsv'
[23.181s] INFO:colcon.colcon_core.shell:Creating environment hook '/home/airlab/seed25/install/mocap4r2_robot_gt_msgs/share/mocap4r2_robot_gt_msgs/hook/ld_library_path_lib.sh'
[23.183s] Level 1:colcon.colcon_core.environment:checking '/home/airlab/seed25/install/mocap4r2_robot_gt_msgs/bin'
[23.184s] Level 1:colcon.colcon_core.environment:checking '/home/airlab/seed25/install/mocap4r2_robot_gt_msgs/lib/pkgconfig/mocap4r2_robot_gt_msgs.pc'
[23.184s] Level 1:colcon.colcon_core.environment:checking '/home/airlab/seed25/install/mocap4r2_robot_gt_msgs/lib/python3.8/site-packages'
[23.184s] Level 1:colcon.colcon_core.shell:create_environment_hook('mocap4r2_robot_gt_msgs', 'pythonpath')
[23.185s] INFO:colcon.colcon_core.shell:Creating environment hook '/home/airlab/seed25/install/mocap4r2_robot_gt_msgs/share/mocap4r2_robot_gt_msgs/hook/pythonpath.ps1'
[23.186s] INFO:colcon.colcon_core.shell:Creating environment descriptor '/home/airlab/seed25/install/mocap4r2_robot_gt_msgs/share/mocap4r2_robot_gt_msgs/hook/pythonpath.dsv'
[23.187s] INFO:colcon.colcon_core.shell:Creating environment hook '/home/airlab/seed25/install/mocap4r2_robot_gt_msgs/share/mocap4r2_robot_gt_msgs/hook/pythonpath.sh'
[23.188s] Level 1:colcon.colcon_core.environment:checking '/home/airlab/seed25/install/mocap4r2_robot_gt_msgs/bin'
[23.189s] INFO:colcon.colcon_core.shell:Creating package script '/home/airlab/seed25/install/mocap4r2_robot_gt_msgs/share/mocap4r2_robot_gt_msgs/package.ps1'
[23.194s] INFO:colcon.colcon_core.shell:Creating package descriptor '/home/airlab/seed25/install/mocap4r2_robot_gt_msgs/share/mocap4r2_robot_gt_msgs/package.dsv'
[23.196s] INFO:colcon.colcon_core.shell:Creating package script '/home/airlab/seed25/install/mocap4r2_robot_gt_msgs/share/mocap4r2_robot_gt_msgs/package.sh'
[23.198s] INFO:colcon.colcon_core.shell:Creating package script '/home/airlab/seed25/install/mocap4r2_robot_gt_msgs/share/mocap4r2_robot_gt_msgs/package.bash'
[23.200s] INFO:colcon.colcon_core.shell:Creating package script '/home/airlab/seed25/install/mocap4r2_robot_gt_msgs/share/mocap4r2_robot_gt_msgs/package.zsh'
[23.201s] Level 1:colcon.colcon_core.environment:create_file_with_runtime_dependencies(/home/airlab/seed25/install/mocap4r2_robot_gt_msgs/share/colcon-core/packages/mocap4r2_robot_gt_msgs)
[23.204s] INFO:colcon.colcon_ros.task.ament_python.build:Building ROS package in '/home/airlab/seed25/ros2_testing/ros2_tutorial_ws/src/ros_tutorial_NK' with build type 'ament_python'
[23.206s] Level 1:colcon.colcon_core.shell:create_environment_hook('ros_tutorial_NK', 'ament_prefix_path')
[23.206s] INFO:colcon.colcon_core.shell:Creating environment hook '/home/airlab/seed25/install/ros_tutorial_NK/share/ros_tutorial_NK/hook/ament_prefix_path.ps1'
[23.208s] INFO:colcon.colcon_core.shell:Creating environment descriptor '/home/airlab/seed25/install/ros_tutorial_NK/share/ros_tutorial_NK/hook/ament_prefix_path.dsv'
[23.209s] INFO:colcon.colcon_core.shell:Creating environment hook '/home/airlab/seed25/install/ros_tutorial_NK/share/ros_tutorial_NK/hook/ament_prefix_path.sh'
[23.210s] INFO:colcon.colcon_core.shell:Skip shell extension 'powershell' for command environment: Not usable outside of PowerShell
[23.211s] DEBUG:colcon.colcon_core.shell:Skip shell extension 'dsv' for command environment
[23.978s] INFO:colcon.colcon_core.task.python.build:Building Python package in '/home/airlab/seed25/ros2_testing/ros2_tutorial_ws/src/ros_tutorial_NK'
[23.980s] INFO:colcon.colcon_core.shell:Skip shell extension 'powershell' for command environment: Not usable outside of PowerShell
[23.980s] DEBUG:colcon.colcon_core.shell:Skip shell extension 'dsv' for command environment
[24.022s] DEBUG:colcon.colcon_core.event_handler.log_command:Invoked command in '/home/airlab/seed25/build/mocap4r2_control_msgs' returned '0': CMAKE_PREFIX_PATH=${CMAKE_PREFIX_PATH}:/home/airlab/seed25/ros_packages/seed_controller_ws/install/mocap_listener:/home/airlab/seed25/ros_packages/mocap4r2_ws/install/mocap4r2cli:/opt/ros/foxy /usr/bin/cmake --build /home/airlab/seed25/build/mocap4r2_control_msgs -- -j4 -l4
[24.028s] DEBUG:colcon.colcon_core.event_handler.log_command:Invoking command in '/home/airlab/seed25/build/mocap4r2_control_msgs': CMAKE_PREFIX_PATH=${CMAKE_PREFIX_PATH}:/home/airlab/seed25/ros_packages/seed_controller_ws/install/mocap_listener:/home/airlab/seed25/ros_packages/mocap4r2_ws/install/mocap4r2cli:/opt/ros/foxy /usr/bin/cmake --install /home/airlab/seed25/build/mocap4r2_control_msgs
[24.282s] Level 1:colcon.colcon_core.environment:create_environment_scripts_only(mocap4r2_control_msgs)
[24.284s] Level 1:colcon.colcon_core.environment:checking '/home/airlab/seed25/install/mocap4r2_control_msgs' for CMake module files
[24.285s] DEBUG:colcon.colcon_core.event_handler.log_command:Invoked command in '/home/airlab/seed25/build/mocap4r2_control_msgs' returned '0': CMAKE_PREFIX_PATH=${CMAKE_PREFIX_PATH}:/home/airlab/seed25/ros_packages/seed_controller_ws/install/mocap_listener:/home/airlab/seed25/ros_packages/mocap4r2_ws/install/mocap4r2cli:/opt/ros/foxy /usr/bin/cmake --install /home/airlab/seed25/build/mocap4r2_control_msgs
[24.286s] Level 1:colcon.colcon_core.environment:checking '/home/airlab/seed25/install/mocap4r2_control_msgs' for CMake config files
[24.287s] Level 1:colcon.colcon_core.shell:create_environment_hook('mocap4r2_control_msgs', 'cmake_prefix_path')
[24.288s] INFO:colcon.colcon_core.shell:Creating environment hook '/home/airlab/seed25/install/mocap4r2_control_msgs/share/mocap4r2_control_msgs/hook/cmake_prefix_path.ps1'
[24.289s] INFO:colcon.colcon_core.shell:Creating environment descriptor '/home/airlab/seed25/install/mocap4r2_control_msgs/share/mocap4r2_control_msgs/hook/cmake_prefix_path.dsv'
[24.290s] INFO:colcon.colcon_core.shell:Creating environment hook '/home/airlab/seed25/install/mocap4r2_control_msgs/share/mocap4r2_control_msgs/hook/cmake_prefix_path.sh'
[24.292s] Level 1:colcon.colcon_core.environment:checking '/home/airlab/seed25/install/mocap4r2_control_msgs/lib'
[24.292s] Level 1:colcon.colcon_core.shell:create_environment_hook('mocap4r2_control_msgs', 'ld_library_path_lib')
[24.296s] INFO:colcon.colcon_core.shell:Creating environment hook '/home/airlab/seed25/install/mocap4r2_control_msgs/share/mocap4r2_control_msgs/hook/ld_library_path_lib.ps1'
[24.297s] INFO:colcon.colcon_core.shell:Creating environment descriptor '/home/airlab/seed25/install/mocap4r2_control_msgs/share/mocap4r2_control_msgs/hook/ld_library_path_lib.dsv'
[24.298s] INFO:colcon.colcon_core.shell:Creating environment hook '/home/airlab/seed25/install/mocap4r2_control_msgs/share/mocap4r2_control_msgs/hook/ld_library_path_lib.sh'
[24.299s] Level 1:colcon.colcon_core.environment:checking '/home/airlab/seed25/install/mocap4r2_control_msgs/bin'
[24.299s] Level 1:colcon.colcon_core.environment:checking '/home/airlab/seed25/install/mocap4r2_control_msgs/lib/pkgconfig/mocap4r2_control_msgs.pc'
[24.300s] Level 1:colcon.colcon_core.environment:checking '/home/airlab/seed25/install/mocap4r2_control_msgs/lib/python3.8/site-packages'
[24.300s] Level 1:colcon.colcon_core.shell:create_environment_hook('mocap4r2_control_msgs', 'pythonpath')
[24.317s] INFO:colcon.colcon_core.shell:Creating environment hook '/home/airlab/seed25/install/mocap4r2_control_msgs/share/mocap4r2_control_msgs/hook/pythonpath.ps1'
[24.319s] INFO:colcon.colcon_core.shell:Creating environment descriptor '/home/airlab/seed25/install/mocap4r2_control_msgs/share/mocap4r2_control_msgs/hook/pythonpath.dsv'
[24.319s] INFO:colcon.colcon_core.shell:Creating environment hook '/home/airlab/seed25/install/mocap4r2_control_msgs/share/mocap4r2_control_msgs/hook/pythonpath.sh'
[24.321s] Level 1:colcon.colcon_core.environment:checking '/home/airlab/seed25/install/mocap4r2_control_msgs/bin'
[24.322s] INFO:colcon.colcon_core.shell:Creating package script '/home/airlab/seed25/install/mocap4r2_control_msgs/share/mocap4r2_control_msgs/package.ps1'
[24.323s] INFO:colcon.colcon_core.shell:Creating package descriptor '/home/airlab/seed25/install/mocap4r2_control_msgs/share/mocap4r2_control_msgs/package.dsv'
[24.336s] INFO:colcon.colcon_core.shell:Creating package script '/home/airlab/seed25/install/mocap4r2_control_msgs/share/mocap4r2_control_msgs/package.sh'
[24.338s] INFO:colcon.colcon_core.shell:Creating package script '/home/airlab/seed25/install/mocap4r2_control_msgs/share/mocap4r2_control_msgs/package.bash'
[24.339s] INFO:colcon.colcon_core.shell:Creating package script '/home/airlab/seed25/install/mocap4r2_control_msgs/share/mocap4r2_control_msgs/package.zsh'
[24.341s] Level 1:colcon.colcon_core.environment:create_file_with_runtime_dependencies(/home/airlab/seed25/install/mocap4r2_control_msgs/share/colcon-core/packages/mocap4r2_control_msgs)
[24.343s] Level 1:colcon.colcon_core.environment:create_environment_scripts_only(mocap4r2_control_msgs)
[24.344s] Level 1:colcon.colcon_core.environment:checking '/home/airlab/seed25/install/mocap4r2_control_msgs' for CMake module files
[24.345s] Level 1:colcon.colcon_core.environment:checking '/home/airlab/seed25/install/mocap4r2_control_msgs' for CMake config files
[24.355s] Level 1:colcon.colcon_core.shell:create_environment_hook('mocap4r2_control_msgs', 'cmake_prefix_path')
[24.356s] INFO:colcon.colcon_core.shell:Creating environment hook '/home/airlab/seed25/install/mocap4r2_control_msgs/share/mocap4r2_control_msgs/hook/cmake_prefix_path.ps1'
[24.360s] INFO:colcon.colcon_core.shell:Creating environment descriptor '/home/airlab/seed25/install/mocap4r2_control_msgs/share/mocap4r2_control_msgs/hook/cmake_prefix_path.dsv'
[24.363s] INFO:colcon.colcon_core.shell:Creating environment hook '/home/airlab/seed25/install/mocap4r2_control_msgs/share/mocap4r2_control_msgs/hook/cmake_prefix_path.sh'
[24.369s] Level 1:colcon.colcon_core.environment:checking '/home/airlab/seed25/install/mocap4r2_control_msgs/lib'
[24.369s] Level 1:colcon.colcon_core.shell:create_environment_hook('mocap4r2_control_msgs', 'ld_library_path_lib')
[24.370s] INFO:colcon.colcon_core.shell:Creating environment hook '/home/airlab/seed25/install/mocap4r2_control_msgs/share/mocap4r2_control_msgs/hook/ld_library_path_lib.ps1'
[24.372s] INFO:colcon.colcon_core.shell:Creating environment descriptor '/home/airlab/seed25/install/mocap4r2_control_msgs/share/mocap4r2_control_msgs/hook/ld_library_path_lib.dsv'
[24.377s] INFO:colcon.colcon_core.shell:Creating environment hook '/home/airlab/seed25/install/mocap4r2_control_msgs/share/mocap4r2_control_msgs/hook/ld_library_path_lib.sh'
[24.378s] Level 1:colcon.colcon_core.environment:checking '/home/airlab/seed25/install/mocap4r2_control_msgs/bin'
[24.378s] Level 1:colcon.colcon_core.environment:checking '/home/airlab/seed25/install/mocap4r2_control_msgs/lib/pkgconfig/mocap4r2_control_msgs.pc'
[24.379s] Level 1:colcon.colcon_core.environment:checking '/home/airlab/seed25/install/mocap4r2_control_msgs/lib/python3.8/site-packages'
[24.379s] Level 1:colcon.colcon_core.shell:create_environment_hook('mocap4r2_control_msgs', 'pythonpath')
[24.380s] INFO:colcon.colcon_core.shell:Creating environment hook '/home/airlab/seed25/install/mocap4r2_control_msgs/share/mocap4r2_control_msgs/hook/pythonpath.ps1'
[24.393s] INFO:colcon.colcon_core.shell:Creating environment descriptor '/home/airlab/seed25/install/mocap4r2_control_msgs/share/mocap4r2_control_msgs/hook/pythonpath.dsv'
[24.394s] INFO:colcon.colcon_core.shell:Creating environment hook '/home/airlab/seed25/install/mocap4r2_control_msgs/share/mocap4r2_control_msgs/hook/pythonpath.sh'
[24.395s] Level 1:colcon.colcon_core.environment:checking '/home/airlab/seed25/install/mocap4r2_control_msgs/bin'
[24.396s] INFO:colcon.colcon_core.shell:Creating package script '/home/airlab/seed25/install/mocap4r2_control_msgs/share/mocap4r2_control_msgs/package.ps1'
[24.398s] INFO:colcon.colcon_core.shell:Creating package descriptor '/home/airlab/seed25/install/mocap4r2_control_msgs/share/mocap4r2_control_msgs/package.dsv'
[24.399s] INFO:colcon.colcon_core.shell:Creating package script '/home/airlab/seed25/install/mocap4r2_control_msgs/share/mocap4r2_control_msgs/package.sh'
[24.401s] INFO:colcon.colcon_core.shell:Creating package script '/home/airlab/seed25/install/mocap4r2_control_msgs/share/mocap4r2_control_msgs/package.bash'
[24.402s] INFO:colcon.colcon_core.shell:Creating package script '/home/airlab/seed25/install/mocap4r2_control_msgs/share/mocap4r2_control_msgs/package.zsh'
[24.403s] Level 1:colcon.colcon_core.environment:create_file_with_runtime_dependencies(/home/airlab/seed25/install/mocap4r2_control_msgs/share/colcon-core/packages/mocap4r2_control_msgs)
[24.406s] INFO:colcon.colcon_ros.task.ament_cmake.build:Building ROS package in '/home/airlab/seed25/ros_packages/mocap4r2_ws/src/mocap4r2/mocap4r2_control/mocap4r2_control' with build type 'ament_cmake'
[24.410s] INFO:colcon.colcon_cmake.task.cmake.build:Building CMake package in '/home/airlab/seed25/ros_packages/mocap4r2_ws/src/mocap4r2/mocap4r2_control/mocap4r2_control'
[24.410s] INFO:colcon.colcon_core.shell:Skip shell extension 'powershell' for command environment: Not usable outside of PowerShell
[24.410s] DEBUG:colcon.colcon_core.shell:Skip shell extension 'dsv' for command environment
[24.540s] DEBUG:colcon.colcon_core.event_handler.log_command:Invoking command in '/home/airlab/seed25/build/mocap4r2_control': AMENT_PREFIX_PATH=/home/airlab/seed25/install/mocap4r2_control_msgs:${AMENT_PREFIX_PATH} CMAKE_PREFIX_PATH=/home/airlab/seed25/install/mocap4r2_control_msgs:/home/airlab/seed25/ros_packages/mocap4r2_ws/install/mocap4r2_robot_gt_msgs:/home/airlab/seed25/ros_packages/mocap4r2_ws/install/mocap4r2_marker_viz:/home/airlab/seed25/ros_packages/mocap4r2_ws/install/mocap4r2_marker_publisher:/home/airlab/seed25/ros_packages/mocap4r2_ws/install/mocap4r2_msgs:/home/airlab/seed25/ros_packages/mocap4r2_ws/install/mocap4r2_marker_viz_srvs:/home/airlab/seed25/ros_packages/mocap4r2_ws/install/mocap4r2_control:/home/airlab/seed25/ros_packages/mocap4r2_ws/install/mocap4r2_control_msgs:/home/airlab/seed25/ros_packages/seed_controller_ws/install/mocap_listener:/home/airlab/seed25/ros_packages/mocap4r2_ws/install/mocap4r2cli:/opt/ros/foxy LD_LIBRARY_PATH=/home/airlab/seed25/install/mocap4r2_control_msgs/lib:/usr/local/cuda-11.4/lib64:/usr/local/cuda-11.4/lib64:/usr/local/cuda-11.4/lib64:/home/airlab/seed25/ros_packages/mocap4r2_ws/install/mocap4r2_robot_gt_msgs/lib:/home/airlab/seed25/ros_packages/mocap4r2_ws/install/mocap4r2_msgs/lib:/home/airlab/seed25/ros_packages/mocap4r2_ws/install/mocap4r2_marker_viz_srvs/lib:/home/airlab/seed25/ros_packages/mocap4r2_ws/install/mocap4r2_control/lib:/home/airlab/seed25/ros_packages/mocap4r2_ws/install/mocap4r2_control_msgs/lib:/opt/ros/foxy/opt/yaml_cpp_vendor/lib:/opt/ros/foxy/opt/rviz_ogre_vendor/lib:/opt/ros/foxy/lib/aarch64-linux-gnu:/opt/ros/foxy/lib:/usr/local/cuda-11.4/lib64 PYTHONPATH=/home/airlab/seed25/install/mocap4r2_control_msgs/lib/python3.8/site-packages:${PYTHONPATH} /usr/bin/cmake /home/airlab/seed25/ros_packages/mocap4r2_ws/src/mocap4r2/mocap4r2_control/mocap4r2_control -DCMAKE_INSTALL_PREFIX=/home/airlab/seed25/install/mocap4r2_control
[25.279s] DEBUG:colcon.colcon_core.event_handler.log_command:Invoked command in '/home/airlab/seed25/build/mocap4r2_marker_viz_srvs' returned '0': CMAKE_PREFIX_PATH=${CMAKE_PREFIX_PATH}:/home/airlab/seed25/ros_packages/seed_controller_ws/install/mocap_listener:/home/airlab/seed25/ros_packages/mocap4r2_ws/install/mocap4r2cli:/opt/ros/foxy /usr/bin/cmake --build /home/airlab/seed25/build/mocap4r2_marker_viz_srvs -- -j4 -l4
[25.280s] DEBUG:colcon.colcon_core.event_handler.log_command:Invoking command in '/home/airlab/seed25/build/mocap4r2_marker_viz_srvs': CMAKE_PREFIX_PATH=${CMAKE_PREFIX_PATH}:/home/airlab/seed25/ros_packages/seed_controller_ws/install/mocap_listener:/home/airlab/seed25/ros_packages/mocap4r2_ws/install/mocap4r2cli:/opt/ros/foxy /usr/bin/cmake --install /home/airlab/seed25/build/mocap4r2_marker_viz_srvs
[25.630s] Level 1:colcon.colcon_core.environment:create_environment_scripts_only(mocap4r2_marker_viz_srvs)
[25.631s] Level 1:colcon.colcon_core.environment:checking '/home/airlab/seed25/install/mocap4r2_marker_viz_srvs' for CMake module files
[25.633s] Level 1:colcon.colcon_core.environment:checking '/home/airlab/seed25/install/mocap4r2_marker_viz_srvs' for CMake config files
[25.634s] Level 1:colcon.colcon_core.shell:create_environment_hook('mocap4r2_marker_viz_srvs', 'cmake_prefix_path')
[25.634s] INFO:colcon.colcon_core.shell:Creating environment hook '/home/airlab/seed25/install/mocap4r2_marker_viz_srvs/share/mocap4r2_marker_viz_srvs/hook/cmake_prefix_path.ps1'
[25.636s] INFO:colcon.colcon_core.shell:Creating environment descriptor '/home/airlab/seed25/install/mocap4r2_marker_viz_srvs/share/mocap4r2_marker_viz_srvs/hook/cmake_prefix_path.dsv'
[25.637s] DEBUG:colcon.colcon_core.event_handler.log_command:Invoked command in '/home/airlab/seed25/build/mocap4r2_marker_viz_srvs' returned '0': CMAKE_PREFIX_PATH=${CMAKE_PREFIX_PATH}:/home/airlab/seed25/ros_packages/seed_controller_ws/install/mocap_listener:/home/airlab/seed25/ros_packages/mocap4r2_ws/install/mocap4r2cli:/opt/ros/foxy /usr/bin/cmake --install /home/airlab/seed25/build/mocap4r2_marker_viz_srvs
[25.638s] INFO:colcon.colcon_core.shell:Creating environment hook '/home/airlab/seed25/install/mocap4r2_marker_viz_srvs/share/mocap4r2_marker_viz_srvs/hook/cmake_prefix_path.sh'
[25.639s] Level 1:colcon.colcon_core.environment:checking '/home/airlab/seed25/install/mocap4r2_marker_viz_srvs/lib'
[25.640s] Level 1:colcon.colcon_core.shell:create_environment_hook('mocap4r2_marker_viz_srvs', 'ld_library_path_lib')
[25.640s] INFO:colcon.colcon_core.shell:Creating environment hook '/home/airlab/seed25/install/mocap4r2_marker_viz_srvs/share/mocap4r2_marker_viz_srvs/hook/ld_library_path_lib.ps1'
[25.641s] INFO:colcon.colcon_core.shell:Creating environment descriptor '/home/airlab/seed25/install/mocap4r2_marker_viz_srvs/share/mocap4r2_marker_viz_srvs/hook/ld_library_path_lib.dsv'
[25.642s] INFO:colcon.colcon_core.shell:Creating environment hook '/home/airlab/seed25/install/mocap4r2_marker_viz_srvs/share/mocap4r2_marker_viz_srvs/hook/ld_library_path_lib.sh'
[25.643s] Level 1:colcon.colcon_core.environment:checking '/home/airlab/seed25/install/mocap4r2_marker_viz_srvs/bin'
[25.643s] Level 1:colcon.colcon_core.environment:checking '/home/airlab/seed25/install/mocap4r2_marker_viz_srvs/lib/pkgconfig/mocap4r2_marker_viz_srvs.pc'
[25.644s] Level 1:colcon.colcon_core.environment:checking '/home/airlab/seed25/install/mocap4r2_marker_viz_srvs/lib/python3.8/site-packages'
[25.644s] Level 1:colcon.colcon_core.shell:create_environment_hook('mocap4r2_marker_viz_srvs', 'pythonpath')
[25.645s] INFO:colcon.colcon_core.shell:Creating environment hook '/home/airlab/seed25/install/mocap4r2_marker_viz_srvs/share/mocap4r2_marker_viz_srvs/hook/pythonpath.ps1'
[25.646s] INFO:colcon.colcon_core.shell:Creating environment descriptor '/home/airlab/seed25/install/mocap4r2_marker_viz_srvs/share/mocap4r2_marker_viz_srvs/hook/pythonpath.dsv'
[25.647s] INFO:colcon.colcon_core.shell:Creating environment hook '/home/airlab/seed25/install/mocap4r2_marker_viz_srvs/share/mocap4r2_marker_viz_srvs/hook/pythonpath.sh'
[25.648s] Level 1:colcon.colcon_core.environment:checking '/home/airlab/seed25/install/mocap4r2_marker_viz_srvs/bin'
[25.649s] INFO:colcon.colcon_core.shell:Creating package script '/home/airlab/seed25/install/mocap4r2_marker_viz_srvs/share/mocap4r2_marker_viz_srvs/package.ps1'
[25.650s] INFO:colcon.colcon_core.shell:Creating package descriptor '/home/airlab/seed25/install/mocap4r2_marker_viz_srvs/share/mocap4r2_marker_viz_srvs/package.dsv'
[25.654s] INFO:colcon.colcon_core.shell:Creating package script '/home/airlab/seed25/install/mocap4r2_marker_viz_srvs/share/mocap4r2_marker_viz_srvs/package.sh'
[25.656s] INFO:colcon.colcon_core.shell:Creating package script '/home/airlab/seed25/install/mocap4r2_marker_viz_srvs/share/mocap4r2_marker_viz_srvs/package.bash'
[25.657s] INFO:colcon.colcon_core.shell:Creating package script '/home/airlab/seed25/install/mocap4r2_marker_viz_srvs/share/mocap4r2_marker_viz_srvs/package.zsh'
[25.657s] Level 1:colcon.colcon_core.environment:create_file_with_runtime_dependencies(/home/airlab/seed25/install/mocap4r2_marker_viz_srvs/share/colcon-core/packages/mocap4r2_marker_viz_srvs)
[25.659s] Level 1:colcon.colcon_core.environment:create_environment_scripts_only(mocap4r2_marker_viz_srvs)
[25.660s] Level 1:colcon.colcon_core.environment:checking '/home/airlab/seed25/install/mocap4r2_marker_viz_srvs' for CMake module files
[25.666s] Level 1:colcon.colcon_core.environment:checking '/home/airlab/seed25/install/mocap4r2_marker_viz_srvs' for CMake config files
[25.667s] Level 1:colcon.colcon_core.shell:create_environment_hook('mocap4r2_marker_viz_srvs', 'cmake_prefix_path')
[25.668s] INFO:colcon.colcon_core.shell:Creating environment hook '/home/airlab/seed25/install/mocap4r2_marker_viz_srvs/share/mocap4r2_marker_viz_srvs/hook/cmake_prefix_path.ps1'
[25.670s] INFO:colcon.colcon_core.shell:Creating environment descriptor '/home/airlab/seed25/install/mocap4r2_marker_viz_srvs/share/mocap4r2_marker_viz_srvs/hook/cmake_prefix_path.dsv'
[25.677s] INFO:colcon.colcon_core.shell:Creating environment hook '/home/airlab/seed25/install/mocap4r2_marker_viz_srvs/share/mocap4r2_marker_viz_srvs/hook/cmake_prefix_path.sh'
[25.680s] Level 1:colcon.colcon_core.environment:checking '/home/airlab/seed25/install/mocap4r2_marker_viz_srvs/lib'
[25.680s] Level 1:colcon.colcon_core.shell:create_environment_hook('mocap4r2_marker_viz_srvs', 'ld_library_path_lib')
[25.682s] INFO:colcon.colcon_core.shell:Creating environment hook '/home/airlab/seed25/install/mocap4r2_marker_viz_srvs/share/mocap4r2_marker_viz_srvs/hook/ld_library_path_lib.ps1'
[25.684s] INFO:colcon.colcon_core.shell:Creating environment descriptor '/home/airlab/seed25/install/mocap4r2_marker_viz_srvs/share/mocap4r2_marker_viz_srvs/hook/ld_library_path_lib.dsv'
[25.686s] INFO:colcon.colcon_core.shell:Creating environment hook '/home/airlab/seed25/install/mocap4r2_marker_viz_srvs/share/mocap4r2_marker_viz_srvs/hook/ld_library_path_lib.sh'
[25.689s] Level 1:colcon.colcon_core.environment:checking '/home/airlab/seed25/install/mocap4r2_marker_viz_srvs/bin'
[25.696s] Level 1:colcon.colcon_core.environment:checking '/home/airlab/seed25/install/mocap4r2_marker_viz_srvs/lib/pkgconfig/mocap4r2_marker_viz_srvs.pc'
[25.697s] Level 1:colcon.colcon_core.environment:checking '/home/airlab/seed25/install/mocap4r2_marker_viz_srvs/lib/python3.8/site-packages'
[25.697s] Level 1:colcon.colcon_core.shell:create_environment_hook('mocap4r2_marker_viz_srvs', 'pythonpath')
[25.698s] INFO:colcon.colcon_core.shell:Creating environment hook '/home/airlab/seed25/install/mocap4r2_marker_viz_srvs/share/mocap4r2_marker_viz_srvs/hook/pythonpath.ps1'
[25.699s] INFO:colcon.colcon_core.shell:Creating environment descriptor '/home/airlab/seed25/install/mocap4r2_marker_viz_srvs/share/mocap4r2_marker_viz_srvs/hook/pythonpath.dsv'
[25.700s] INFO:colcon.colcon_core.shell:Creating environment hook '/home/airlab/seed25/install/mocap4r2_marker_viz_srvs/share/mocap4r2_marker_viz_srvs/hook/pythonpath.sh'
[25.701s] Level 1:colcon.colcon_core.environment:checking '/home/airlab/seed25/install/mocap4r2_marker_viz_srvs/bin'
[25.702s] INFO:colcon.colcon_core.shell:Creating package script '/home/airlab/seed25/install/mocap4r2_marker_viz_srvs/share/mocap4r2_marker_viz_srvs/package.ps1'
[25.705s] INFO:colcon.colcon_core.shell:Creating package descriptor '/home/airlab/seed25/install/mocap4r2_marker_viz_srvs/share/mocap4r2_marker_viz_srvs/package.dsv'
[25.708s] INFO:colcon.colcon_core.shell:Creating package script '/home/airlab/seed25/install/mocap4r2_marker_viz_srvs/share/mocap4r2_marker_viz_srvs/package.sh'
[25.711s] INFO:colcon.colcon_core.shell:Creating package script '/home/airlab/seed25/install/mocap4r2_marker_viz_srvs/share/mocap4r2_marker_viz_srvs/package.bash'
[25.715s] INFO:colcon.colcon_core.shell:Creating package script '/home/airlab/seed25/install/mocap4r2_marker_viz_srvs/share/mocap4r2_marker_viz_srvs/package.zsh'
[25.719s] Level 1:colcon.colcon_core.environment:create_file_with_runtime_dependencies(/home/airlab/seed25/install/mocap4r2_marker_viz_srvs/share/colcon-core/packages/mocap4r2_marker_viz_srvs)
[25.725s] INFO:colcon.colcon_ros.task.ament_python.build:Building ROS package in '/home/airlab/seed25/ros_packages/mocap4r2_ws/src/mocap4r2/mocap4r2cli' with build type 'ament_python'
[25.726s] Level 1:colcon.colcon_core.shell:create_environment_hook('mocap4r2cli', 'ament_prefix_path')
[25.728s] INFO:colcon.colcon_core.shell:Creating environment hook '/home/airlab/seed25/install/mocap4r2cli/share/mocap4r2cli/hook/ament_prefix_path.ps1'
[25.729s] INFO:colcon.colcon_core.shell:Creating environment descriptor '/home/airlab/seed25/install/mocap4r2cli/share/mocap4r2cli/hook/ament_prefix_path.dsv'
[25.731s] INFO:colcon.colcon_core.shell:Creating environment hook '/home/airlab/seed25/install/mocap4r2cli/share/mocap4r2cli/hook/ament_prefix_path.sh'
[25.733s] INFO:colcon.colcon_core.shell:Skip shell extension 'powershell' for command environment: Not usable outside of PowerShell
[25.733s] DEBUG:colcon.colcon_core.shell:Skip shell extension 'dsv' for command environment
[26.359s] INFO:colcon.colcon_core.task.python.build:Building Python package in '/home/airlab/seed25/ros_packages/mocap4r2_ws/src/mocap4r2/mocap4r2cli'
[26.360s] INFO:colcon.colcon_core.shell:Skip shell extension 'powershell' for command environment: Not usable outside of PowerShell
[26.361s] DEBUG:colcon.colcon_core.shell:Skip shell extension 'dsv' for command environment
[26.381s] DEBUG:colcon.colcon_core.event_handler.log_command:Invoking command in '/home/airlab/seed25/ros2_testing/ros2_tutorial_ws/src/ros_tutorial_NK': PYTHONPATH=/home/airlab/seed25/build/ros_tutorial_NK/prefix_override:/usr/lib/python3/dist-packages/colcon_core/task/python/colcon_distutils_commands:/home/airlab/seed25/install/ros_tutorial_NK/lib/python3.8/site-packages:${PYTHONPATH} /usr/bin/python3 -W ignore:setup.py install is deprecated -W ignore:easy_install command is deprecated setup.py egg_info --egg-base ../../../../build/ros_tutorial_NK build --build-base /home/airlab/seed25/build/ros_tutorial_NK/build install --record /home/airlab/seed25/build/ros_tutorial_NK/install.log --install-scripts $base/lib/ros_tutorial_NK --single-version-externally-managed install_data
[27.159s] Level 1:colcon.colcon_core.environment:checking '/home/airlab/seed25/install/ros_tutorial_NK' for CMake module files
[27.161s] Level 1:colcon.colcon_core.environment:checking '/home/airlab/seed25/install/ros_tutorial_NK' for CMake config files
[27.162s] Level 1:colcon.colcon_core.environment:checking '/home/airlab/seed25/install/ros_tutorial_NK/lib'
[27.162s] Level 1:colcon.colcon_core.environment:checking '/home/airlab/seed25/install/ros_tutorial_NK/bin'
[27.162s] Level 1:colcon.colcon_core.environment:checking '/home/airlab/seed25/install/ros_tutorial_NK/lib/pkgconfig/ros_tutorial_NK.pc'
[27.163s] Level 1:colcon.colcon_core.environment:checking '/home/airlab/seed25/install/ros_tutorial_NK/lib/python3.8/site-packages'
[27.163s] Level 1:colcon.colcon_core.shell:create_environment_hook('ros_tutorial_NK', 'pythonpath')
[27.163s] INFO:colcon.colcon_core.shell:Creating environment hook '/home/airlab/seed25/install/ros_tutorial_NK/share/ros_tutorial_NK/hook/pythonpath.ps1'
[27.165s] DEBUG:colcon.colcon_core.event_handler.log_command:Invoked command in '/home/airlab/seed25/ros2_testing/ros2_tutorial_ws/src/ros_tutorial_NK' returned '0': PYTHONPATH=/home/airlab/seed25/build/ros_tutorial_NK/prefix_override:/usr/lib/python3/dist-packages/colcon_core/task/python/colcon_distutils_commands:/home/airlab/seed25/install/ros_tutorial_NK/lib/python3.8/site-packages:${PYTHONPATH} /usr/bin/python3 -W ignore:setup.py install is deprecated -W ignore:easy_install command is deprecated setup.py egg_info --egg-base ../../../../build/ros_tutorial_NK build --build-base /home/airlab/seed25/build/ros_tutorial_NK/build install --record /home/airlab/seed25/build/ros_tutorial_NK/install.log --install-scripts $base/lib/ros_tutorial_NK --single-version-externally-managed install_data
[27.166s] INFO:colcon.colcon_core.shell:Creating environment descriptor '/home/airlab/seed25/install/ros_tutorial_NK/share/ros_tutorial_NK/hook/pythonpath.dsv'
[27.166s] INFO:colcon.colcon_core.shell:Creating environment hook '/home/airlab/seed25/install/ros_tutorial_NK/share/ros_tutorial_NK/hook/pythonpath.sh'
[27.168s] Level 1:colcon.colcon_core.environment:checking '/home/airlab/seed25/install/ros_tutorial_NK/bin'
[27.168s] Level 1:colcon.colcon_core.environment:create_environment_scripts_only(ros_tutorial_NK)
[27.169s] INFO:colcon.colcon_core.shell:Creating package script '/home/airlab/seed25/install/ros_tutorial_NK/share/ros_tutorial_NK/package.ps1'
[27.170s] INFO:colcon.colcon_core.shell:Creating package descriptor '/home/airlab/seed25/install/ros_tutorial_NK/share/ros_tutorial_NK/package.dsv'
[27.172s] INFO:colcon.colcon_core.shell:Creating package script '/home/airlab/seed25/install/ros_tutorial_NK/share/ros_tutorial_NK/package.sh'
[27.175s] INFO:colcon.colcon_core.shell:Creating package script '/home/airlab/seed25/install/ros_tutorial_NK/share/ros_tutorial_NK/package.bash'
[27.176s] INFO:colcon.colcon_core.shell:Creating package script '/home/airlab/seed25/install/ros_tutorial_NK/share/ros_tutorial_NK/package.zsh'
[27.176s] Level 1:colcon.colcon_core.environment:create_file_with_runtime_dependencies(/home/airlab/seed25/install/ros_tutorial_NK/share/colcon-core/packages/ros_tutorial_NK)
[27.369s] DEBUG:colcon.colcon_core.event_handler.log_command:Invoking command in '/home/airlab/seed25/ros_packages/mocap4r2_ws/src/mocap4r2/mocap4r2cli': AMENT_PREFIX_PATH=/home/airlab/seed25/install/mocap4r2_control_msgs:${AMENT_PREFIX_PATH} CMAKE_PREFIX_PATH=/home/airlab/seed25/install/mocap4r2_control_msgs:${CMAKE_PREFIX_PATH} LD_LIBRARY_PATH=/home/airlab/seed25/install/mocap4r2_control_msgs/lib:/usr/local/cuda-11.4/lib64:/usr/local/cuda-11.4/lib64:/usr/local/cuda-11.4/lib64:/home/airlab/seed25/ros_packages/mocap4r2_ws/install/mocap4r2_robot_gt_msgs/lib:/home/airlab/seed25/ros_packages/mocap4r2_ws/install/mocap4r2_msgs/lib:/home/airlab/seed25/ros_packages/mocap4r2_ws/install/mocap4r2_marker_viz_srvs/lib:/home/airlab/seed25/ros_packages/mocap4r2_ws/install/mocap4r2_control/lib:/home/airlab/seed25/ros_packages/mocap4r2_ws/install/mocap4r2_control_msgs/lib:/opt/ros/foxy/opt/yaml_cpp_vendor/lib:/opt/ros/foxy/opt/rviz_ogre_vendor/lib:/opt/ros/foxy/lib/aarch64-linux-gnu:/opt/ros/foxy/lib:/usr/local/cuda-11.4/lib64 PYTHONPATH=/home/airlab/seed25/build/mocap4r2cli/prefix_override:/usr/lib/python3/dist-packages/colcon_core/task/python/colcon_distutils_commands:/home/airlab/seed25/install/mocap4r2cli/lib/python3.8/site-packages:/home/airlab/seed25/install/mocap4r2_control_msgs/lib/python3.8/site-packages:${PYTHONPATH} /usr/bin/python3 -W ignore:setup.py install is deprecated -W ignore:easy_install command is deprecated setup.py egg_info --egg-base ../../../../../build/mocap4r2cli build --build-base /home/airlab/seed25/build/mocap4r2cli/build install --record /home/airlab/seed25/build/mocap4r2cli/install.log --single-version-externally-managed install_data
[28.090s] Level 1:colcon.colcon_core.environment:checking '/home/airlab/seed25/install/mocap4r2cli' for CMake module files
[28.091s] DEBUG:colcon.colcon_core.event_handler.log_command:Invoked command in '/home/airlab/seed25/ros_packages/mocap4r2_ws/src/mocap4r2/mocap4r2cli' returned '0': AMENT_PREFIX_PATH=/home/airlab/seed25/install/mocap4r2_control_msgs:${AMENT_PREFIX_PATH} CMAKE_PREFIX_PATH=/home/airlab/seed25/install/mocap4r2_control_msgs:${CMAKE_PREFIX_PATH} LD_LIBRARY_PATH=/home/airlab/seed25/install/mocap4r2_control_msgs/lib:/usr/local/cuda-11.4/lib64:/usr/local/cuda-11.4/lib64:/usr/local/cuda-11.4/lib64:/home/airlab/seed25/ros_packages/mocap4r2_ws/install/mocap4r2_robot_gt_msgs/lib:/home/airlab/seed25/ros_packages/mocap4r2_ws/install/mocap4r2_msgs/lib:/home/airlab/seed25/ros_packages/mocap4r2_ws/install/mocap4r2_marker_viz_srvs/lib:/home/airlab/seed25/ros_packages/mocap4r2_ws/install/mocap4r2_control/lib:/home/airlab/seed25/ros_packages/mocap4r2_ws/install/mocap4r2_control_msgs/lib:/opt/ros/foxy/opt/yaml_cpp_vendor/lib:/opt/ros/foxy/opt/rviz_ogre_vendor/lib:/opt/ros/foxy/lib/aarch64-linux-gnu:/opt/ros/foxy/lib:/usr/local/cuda-11.4/lib64 PYTHONPATH=/home/airlab/seed25/build/mocap4r2cli/prefix_override:/usr/lib/python3/dist-packages/colcon_core/task/python/colcon_distutils_commands:/home/airlab/seed25/install/mocap4r2cli/lib/python3.8/site-packages:/home/airlab/seed25/install/mocap4r2_control_msgs/lib/python3.8/site-packages:${PYTHONPATH} /usr/bin/python3 -W ignore:setup.py install is deprecated -W ignore:easy_install command is deprecated setup.py egg_info --egg-base ../../../../../build/mocap4r2cli build --build-base /home/airlab/seed25/build/mocap4r2cli/build install --record /home/airlab/seed25/build/mocap4r2cli/install.log --single-version-externally-managed install_data
[28.092s] Level 1:colcon.colcon_core.environment:checking '/home/airlab/seed25/install/mocap4r2cli' for CMake config files
[28.093s] Level 1:colcon.colcon_core.environment:checking '/home/airlab/seed25/install/mocap4r2cli/lib'
[28.094s] Level 1:colcon.colcon_core.environment:checking '/home/airlab/seed25/install/mocap4r2cli/bin'
[28.094s] Level 1:colcon.colcon_core.environment:checking '/home/airlab/seed25/install/mocap4r2cli/lib/pkgconfig/mocap4r2cli.pc'
[28.094s] Level 1:colcon.colcon_core.environment:checking '/home/airlab/seed25/install/mocap4r2cli/lib/python3.8/site-packages'
[28.094s] Level 1:colcon.colcon_core.shell:create_environment_hook('mocap4r2cli', 'pythonpath')
[28.095s] INFO:colcon.colcon_core.shell:Creating environment hook '/home/airlab/seed25/install/mocap4r2cli/share/mocap4r2cli/hook/pythonpath.ps1'
[28.096s] INFO:colcon.colcon_core.shell:Creating environment descriptor '/home/airlab/seed25/install/mocap4r2cli/share/mocap4r2cli/hook/pythonpath.dsv'
[28.097s] INFO:colcon.colcon_core.shell:Creating environment hook '/home/airlab/seed25/install/mocap4r2cli/share/mocap4r2cli/hook/pythonpath.sh'
[28.098s] Level 1:colcon.colcon_core.environment:checking '/home/airlab/seed25/install/mocap4r2cli/bin'
[28.098s] Level 1:colcon.colcon_core.environment:create_environment_scripts_only(mocap4r2cli)
[28.099s] INFO:colcon.colcon_core.shell:Creating package script '/home/airlab/seed25/install/mocap4r2cli/share/mocap4r2cli/package.ps1'
[28.100s] INFO:colcon.colcon_core.shell:Creating package descriptor '/home/airlab/seed25/install/mocap4r2cli/share/mocap4r2cli/package.dsv'
[28.101s] INFO:colcon.colcon_core.shell:Creating package script '/home/airlab/seed25/install/mocap4r2cli/share/mocap4r2cli/package.sh'
[28.102s] INFO:colcon.colcon_core.shell:Creating package script '/home/airlab/seed25/install/mocap4r2cli/share/mocap4r2cli/package.bash'
[28.103s] INFO:colcon.colcon_core.shell:Creating package script '/home/airlab/seed25/install/mocap4r2cli/share/mocap4r2cli/package.zsh'
[28.103s] Level 1:colcon.colcon_core.environment:create_file_with_runtime_dependencies(/home/airlab/seed25/install/mocap4r2cli/share/colcon-core/packages/mocap4r2cli)
[29.355s] DEBUG:colcon.colcon_core.event_handler.log_command:Invoked command in '/home/airlab/seed25/build/mocap4r2_msgs' returned '0': CMAKE_PREFIX_PATH=${CMAKE_PREFIX_PATH}:/home/airlab/seed25/ros_packages/seed_controller_ws/install/mocap_listener:/home/airlab/seed25/ros_packages/mocap4r2_ws/install/mocap4r2cli:/opt/ros/foxy /usr/bin/cmake --build /home/airlab/seed25/build/mocap4r2_msgs -- -j4 -l4
[29.361s] DEBUG:colcon.colcon_core.event_handler.log_command:Invoking command in '/home/airlab/seed25/build/mocap4r2_msgs': CMAKE_PREFIX_PATH=${CMAKE_PREFIX_PATH}:/home/airlab/seed25/ros_packages/seed_controller_ws/install/mocap_listener:/home/airlab/seed25/ros_packages/mocap4r2_ws/install/mocap4r2cli:/opt/ros/foxy /usr/bin/cmake --install /home/airlab/seed25/build/mocap4r2_msgs
[29.524s] Level 1:colcon.colcon_core.environment:create_environment_scripts_only(mocap4r2_msgs)
[29.525s] Level 1:colcon.colcon_core.environment:checking '/home/airlab/seed25/install/mocap4r2_msgs' for CMake module files
[29.526s] DEBUG:colcon.colcon_core.event_handler.log_command:Invoked command in '/home/airlab/seed25/build/mocap4r2_msgs' returned '0': CMAKE_PREFIX_PATH=${CMAKE_PREFIX_PATH}:/home/airlab/seed25/ros_packages/seed_controller_ws/install/mocap_listener:/home/airlab/seed25/ros_packages/mocap4r2_ws/install/mocap4r2cli:/opt/ros/foxy /usr/bin/cmake --install /home/airlab/seed25/build/mocap4r2_msgs
[29.527s] Level 1:colcon.colcon_core.environment:checking '/home/airlab/seed25/install/mocap4r2_msgs' for CMake config files
[29.528s] Level 1:colcon.colcon_core.shell:create_environment_hook('mocap4r2_msgs', 'cmake_prefix_path')
[29.529s] INFO:colcon.colcon_core.shell:Creating environment hook '/home/airlab/seed25/install/mocap4r2_msgs/share/mocap4r2_msgs/hook/cmake_prefix_path.ps1'
[29.530s] INFO:colcon.colcon_core.shell:Creating environment descriptor '/home/airlab/seed25/install/mocap4r2_msgs/share/mocap4r2_msgs/hook/cmake_prefix_path.dsv'
[29.531s] INFO:colcon.colcon_core.shell:Creating environment hook '/home/airlab/seed25/install/mocap4r2_msgs/share/mocap4r2_msgs/hook/cmake_prefix_path.sh'
[29.532s] Level 1:colcon.colcon_core.environment:checking '/home/airlab/seed25/install/mocap4r2_msgs/lib'
[29.533s] Level 1:colcon.colcon_core.shell:create_environment_hook('mocap4r2_msgs', 'ld_library_path_lib')
[29.533s] INFO:colcon.colcon_core.shell:Creating environment hook '/home/airlab/seed25/install/mocap4r2_msgs/share/mocap4r2_msgs/hook/ld_library_path_lib.ps1'
[29.534s] INFO:colcon.colcon_core.shell:Creating environment descriptor '/home/airlab/seed25/install/mocap4r2_msgs/share/mocap4r2_msgs/hook/ld_library_path_lib.dsv'
[29.535s] INFO:colcon.colcon_core.shell:Creating environment hook '/home/airlab/seed25/install/mocap4r2_msgs/share/mocap4r2_msgs/hook/ld_library_path_lib.sh'
[29.536s] Level 1:colcon.colcon_core.environment:checking '/home/airlab/seed25/install/mocap4r2_msgs/bin'
[29.536s] Level 1:colcon.colcon_core.environment:checking '/home/airlab/seed25/install/mocap4r2_msgs/lib/pkgconfig/mocap4r2_msgs.pc'
[29.536s] Level 1:colcon.colcon_core.environment:checking '/home/airlab/seed25/install/mocap4r2_msgs/lib/python3.8/site-packages'
[29.537s] Level 1:colcon.colcon_core.shell:create_environment_hook('mocap4r2_msgs', 'pythonpath')
[29.537s] INFO:colcon.colcon_core.shell:Creating environment hook '/home/airlab/seed25/install/mocap4r2_msgs/share/mocap4r2_msgs/hook/pythonpath.ps1'
[29.538s] INFO:colcon.colcon_core.shell:Creating environment descriptor '/home/airlab/seed25/install/mocap4r2_msgs/share/mocap4r2_msgs/hook/pythonpath.dsv'
[29.539s] INFO:colcon.colcon_core.shell:Creating environment hook '/home/airlab/seed25/install/mocap4r2_msgs/share/mocap4r2_msgs/hook/pythonpath.sh'
[29.540s] Level 1:colcon.colcon_core.environment:checking '/home/airlab/seed25/install/mocap4r2_msgs/bin'
[29.540s] INFO:colcon.colcon_core.shell:Creating package script '/home/airlab/seed25/install/mocap4r2_msgs/share/mocap4r2_msgs/package.ps1'
[29.542s] INFO:colcon.colcon_core.shell:Creating package descriptor '/home/airlab/seed25/install/mocap4r2_msgs/share/mocap4r2_msgs/package.dsv'
[29.543s] INFO:colcon.colcon_core.shell:Creating package script '/home/airlab/seed25/install/mocap4r2_msgs/share/mocap4r2_msgs/package.sh'
[29.544s] INFO:colcon.colcon_core.shell:Creating package script '/home/airlab/seed25/install/mocap4r2_msgs/share/mocap4r2_msgs/package.bash'
[29.545s] INFO:colcon.colcon_core.shell:Creating package script '/home/airlab/seed25/install/mocap4r2_msgs/share/mocap4r2_msgs/package.zsh'
[29.546s] Level 1:colcon.colcon_core.environment:create_file_with_runtime_dependencies(/home/airlab/seed25/install/mocap4r2_msgs/share/colcon-core/packages/mocap4r2_msgs)
[29.548s] Level 1:colcon.colcon_core.environment:create_environment_scripts_only(mocap4r2_msgs)
[29.548s] Level 1:colcon.colcon_core.environment:checking '/home/airlab/seed25/install/mocap4r2_msgs' for CMake module files
[29.550s] Level 1:colcon.colcon_core.environment:checking '/home/airlab/seed25/install/mocap4r2_msgs' for CMake config files
[29.551s] Level 1:colcon.colcon_core.shell:create_environment_hook('mocap4r2_msgs', 'cmake_prefix_path')
[29.551s] INFO:colcon.colcon_core.shell:Creating environment hook '/home/airlab/seed25/install/mocap4r2_msgs/share/mocap4r2_msgs/hook/cmake_prefix_path.ps1'
[29.552s] INFO:colcon.colcon_core.shell:Creating environment descriptor '/home/airlab/seed25/install/mocap4r2_msgs/share/mocap4r2_msgs/hook/cmake_prefix_path.dsv'
[29.553s] INFO:colcon.colcon_core.shell:Creating environment hook '/home/airlab/seed25/install/mocap4r2_msgs/share/mocap4r2_msgs/hook/cmake_prefix_path.sh'
[29.554s] Level 1:colcon.colcon_core.environment:checking '/home/airlab/seed25/install/mocap4r2_msgs/lib'
[29.555s] Level 1:colcon.colcon_core.shell:create_environment_hook('mocap4r2_msgs', 'ld_library_path_lib')
[29.555s] INFO:colcon.colcon_core.shell:Creating environment hook '/home/airlab/seed25/install/mocap4r2_msgs/share/mocap4r2_msgs/hook/ld_library_path_lib.ps1'
[29.556s] INFO:colcon.colcon_core.shell:Creating environment descriptor '/home/airlab/seed25/install/mocap4r2_msgs/share/mocap4r2_msgs/hook/ld_library_path_lib.dsv'
[29.557s] INFO:colcon.colcon_core.shell:Creating environment hook '/home/airlab/seed25/install/mocap4r2_msgs/share/mocap4r2_msgs/hook/ld_library_path_lib.sh'
[29.557s] Level 1:colcon.colcon_core.environment:checking '/home/airlab/seed25/install/mocap4r2_msgs/bin'
[29.558s] Level 1:colcon.colcon_core.environment:checking '/home/airlab/seed25/install/mocap4r2_msgs/lib/pkgconfig/mocap4r2_msgs.pc'
[29.558s] Level 1:colcon.colcon_core.environment:checking '/home/airlab/seed25/install/mocap4r2_msgs/lib/python3.8/site-packages'
[29.558s] Level 1:colcon.colcon_core.shell:create_environment_hook('mocap4r2_msgs', 'pythonpath')
[29.559s] INFO:colcon.colcon_core.shell:Creating environment hook '/home/airlab/seed25/install/mocap4r2_msgs/share/mocap4r2_msgs/hook/pythonpath.ps1'
[29.559s] INFO:colcon.colcon_core.shell:Creating environment descriptor '/home/airlab/seed25/install/mocap4r2_msgs/share/mocap4r2_msgs/hook/pythonpath.dsv'
[29.560s] INFO:colcon.colcon_core.shell:Creating environment hook '/home/airlab/seed25/install/mocap4r2_msgs/share/mocap4r2_msgs/hook/pythonpath.sh'
[29.561s] Level 1:colcon.colcon_core.environment:checking '/home/airlab/seed25/install/mocap4r2_msgs/bin'
[29.562s] INFO:colcon.colcon_core.shell:Creating package script '/home/airlab/seed25/install/mocap4r2_msgs/share/mocap4r2_msgs/package.ps1'
[29.563s] INFO:colcon.colcon_core.shell:Creating package descriptor '/home/airlab/seed25/install/mocap4r2_msgs/share/mocap4r2_msgs/package.dsv'
[29.564s] INFO:colcon.colcon_core.shell:Creating package script '/home/airlab/seed25/install/mocap4r2_msgs/share/mocap4r2_msgs/package.sh'
[29.565s] INFO:colcon.colcon_core.shell:Creating package script '/home/airlab/seed25/install/mocap4r2_msgs/share/mocap4r2_msgs/package.bash'
[29.566s] INFO:colcon.colcon_core.shell:Creating package script '/home/airlab/seed25/install/mocap4r2_msgs/share/mocap4r2_msgs/package.zsh'
[29.567s] Level 1:colcon.colcon_core.environment:create_file_with_runtime_dependencies(/home/airlab/seed25/install/mocap4r2_msgs/share/colcon-core/packages/mocap4r2_msgs)
[29.569s] INFO:colcon.colcon_ros.task.ament_cmake.build:Building ROS package in '/home/airlab/seed25/ros_packages/mocap4r2_ws/src/mocap4r2/mocap4r2_marker_viz/mocap4r2_marker_publisher' with build type 'ament_cmake'
[29.569s] INFO:colcon.colcon_cmake.task.cmake.build:Building CMake package in '/home/airlab/seed25/ros_packages/mocap4r2_ws/src/mocap4r2/mocap4r2_marker_viz/mocap4r2_marker_publisher'
[29.570s] INFO:colcon.colcon_core.shell:Skip shell extension 'powershell' for command environment: Not usable outside of PowerShell
[29.570s] DEBUG:colcon.colcon_core.shell:Skip shell extension 'dsv' for command environment
[29.582s] INFO:colcon.colcon_ros.task.ament_cmake.build:Building ROS package in '/home/airlab/seed25/ros_packages/mocap4r2_ws/src/mocap4r2/mocap4r2_marker_viz/mocap4r2_marker_viz' with build type 'ament_cmake'
[29.583s] INFO:colcon.colcon_cmake.task.cmake.build:Building CMake package in '/home/airlab/seed25/ros_packages/mocap4r2_ws/src/mocap4r2/mocap4r2_marker_viz/mocap4r2_marker_viz'
[29.584s] INFO:colcon.colcon_core.shell:Skip shell extension 'powershell' for command environment: Not usable outside of PowerShell
[29.584s] DEBUG:colcon.colcon_core.shell:Skip shell extension 'dsv' for command environment
[29.596s] INFO:colcon.colcon_ros.task.ament_cmake.build:Building ROS package in '/home/airlab/seed25/ros_packages/mocap4r2_ws/src/mocap4r2/mocap4r2_robot_gt/mocap4r2_robot_gt' with build type 'ament_cmake'
[29.597s] INFO:colcon.colcon_cmake.task.cmake.build:Building CMake package in '/home/airlab/seed25/ros_packages/mocap4r2_ws/src/mocap4r2/mocap4r2_robot_gt/mocap4r2_robot_gt'
[29.598s] INFO:colcon.colcon_core.shell:Skip shell extension 'powershell' for command environment: Not usable outside of PowerShell
[29.598s] DEBUG:colcon.colcon_core.shell:Skip shell extension 'dsv' for command environment
[29.613s] DEBUG:colcon.colcon_core.event_handler.log_command:Invoked command in '/home/airlab/seed25/build/mocap4r2_control' returned '0': AMENT_PREFIX_PATH=/home/airlab/seed25/install/mocap4r2_control_msgs:${AMENT_PREFIX_PATH} CMAKE_PREFIX_PATH=/home/airlab/seed25/install/mocap4r2_control_msgs:/home/airlab/seed25/ros_packages/mocap4r2_ws/install/mocap4r2_robot_gt_msgs:/home/airlab/seed25/ros_packages/mocap4r2_ws/install/mocap4r2_marker_viz:/home/airlab/seed25/ros_packages/mocap4r2_ws/install/mocap4r2_marker_publisher:/home/airlab/seed25/ros_packages/mocap4r2_ws/install/mocap4r2_msgs:/home/airlab/seed25/ros_packages/mocap4r2_ws/install/mocap4r2_marker_viz_srvs:/home/airlab/seed25/ros_packages/mocap4r2_ws/install/mocap4r2_control:/home/airlab/seed25/ros_packages/mocap4r2_ws/install/mocap4r2_control_msgs:/home/airlab/seed25/ros_packages/seed_controller_ws/install/mocap_listener:/home/airlab/seed25/ros_packages/mocap4r2_ws/install/mocap4r2cli:/opt/ros/foxy LD_LIBRARY_PATH=/home/airlab/seed25/install/mocap4r2_control_msgs/lib:/usr/local/cuda-11.4/lib64:/usr/local/cuda-11.4/lib64:/usr/local/cuda-11.4/lib64:/home/airlab/seed25/ros_packages/mocap4r2_ws/install/mocap4r2_robot_gt_msgs/lib:/home/airlab/seed25/ros_packages/mocap4r2_ws/install/mocap4r2_msgs/lib:/home/airlab/seed25/ros_packages/mocap4r2_ws/install/mocap4r2_marker_viz_srvs/lib:/home/airlab/seed25/ros_packages/mocap4r2_ws/install/mocap4r2_control/lib:/home/airlab/seed25/ros_packages/mocap4r2_ws/install/mocap4r2_control_msgs/lib:/opt/ros/foxy/opt/yaml_cpp_vendor/lib:/opt/ros/foxy/opt/rviz_ogre_vendor/lib:/opt/ros/foxy/lib/aarch64-linux-gnu:/opt/ros/foxy/lib:/usr/local/cuda-11.4/lib64 PYTHONPATH=/home/airlab/seed25/install/mocap4r2_control_msgs/lib/python3.8/site-packages:${PYTHONPATH} /usr/bin/cmake /home/airlab/seed25/ros_packages/mocap4r2_ws/src/mocap4r2/mocap4r2_control/mocap4r2_control -DCMAKE_INSTALL_PREFIX=/home/airlab/seed25/install/mocap4r2_control
[29.617s] DEBUG:colcon.colcon_core.event_handler.log_command:Invoking command in '/home/airlab/seed25/build/mocap4r2_control': AMENT_PREFIX_PATH=/home/airlab/seed25/install/mocap4r2_control_msgs:${AMENT_PREFIX_PATH} CMAKE_PREFIX_PATH=/home/airlab/seed25/install/mocap4r2_control_msgs:/home/airlab/seed25/ros_packages/mocap4r2_ws/install/mocap4r2_robot_gt_msgs:/home/airlab/seed25/ros_packages/mocap4r2_ws/install/mocap4r2_marker_viz:/home/airlab/seed25/ros_packages/mocap4r2_ws/install/mocap4r2_marker_publisher:/home/airlab/seed25/ros_packages/mocap4r2_ws/install/mocap4r2_msgs:/home/airlab/seed25/ros_packages/mocap4r2_ws/install/mocap4r2_marker_viz_srvs:/home/airlab/seed25/ros_packages/mocap4r2_ws/install/mocap4r2_control:/home/airlab/seed25/ros_packages/mocap4r2_ws/install/mocap4r2_control_msgs:/home/airlab/seed25/ros_packages/seed_controller_ws/install/mocap_listener:/home/airlab/seed25/ros_packages/mocap4r2_ws/install/mocap4r2cli:/opt/ros/foxy LD_LIBRARY_PATH=/home/airlab/seed25/install/mocap4r2_control_msgs/lib:/usr/local/cuda-11.4/lib64:/usr/local/cuda-11.4/lib64:/usr/local/cuda-11.4/lib64:/home/airlab/seed25/ros_packages/mocap4r2_ws/install/mocap4r2_robot_gt_msgs/lib:/home/airlab/seed25/ros_packages/mocap4r2_ws/install/mocap4r2_msgs/lib:/home/airlab/seed25/ros_packages/mocap4r2_ws/install/mocap4r2_marker_viz_srvs/lib:/home/airlab/seed25/ros_packages/mocap4r2_ws/install/mocap4r2_control/lib:/home/airlab/seed25/ros_packages/mocap4r2_ws/install/mocap4r2_control_msgs/lib:/opt/ros/foxy/opt/yaml_cpp_vendor/lib:/opt/ros/foxy/opt/rviz_ogre_vendor/lib:/opt/ros/foxy/lib/aarch64-linux-gnu:/opt/ros/foxy/lib:/usr/local/cuda-11.4/lib64 PYTHONPATH=/home/airlab/seed25/install/mocap4r2_control_msgs/lib/python3.8/site-packages:${PYTHONPATH} /usr/bin/cmake --build /home/airlab/seed25/build/mocap4r2_control -- -j4 -l4
[29.627s] DEBUG:colcon.colcon_core.event_handler.log_command:Invoking command in '/home/airlab/seed25/build/mocap4r2_marker_publisher': AMENT_PREFIX_PATH=/home/airlab/seed25/install/mocap4r2_msgs:${AMENT_PREFIX_PATH} CMAKE_PREFIX_PATH=/home/airlab/seed25/install/mocap4r2_msgs:/home/airlab/seed25/ros_packages/mocap4r2_ws/install/mocap4r2_robot_gt_msgs:/home/airlab/seed25/ros_packages/mocap4r2_ws/install/mocap4r2_marker_viz:/home/airlab/seed25/ros_packages/mocap4r2_ws/install/mocap4r2_marker_publisher:/home/airlab/seed25/ros_packages/mocap4r2_ws/install/mocap4r2_msgs:/home/airlab/seed25/ros_packages/mocap4r2_ws/install/mocap4r2_marker_viz_srvs:/home/airlab/seed25/ros_packages/mocap4r2_ws/install/mocap4r2_control:/home/airlab/seed25/ros_packages/mocap4r2_ws/install/mocap4r2_control_msgs:/home/airlab/seed25/ros_packages/seed_controller_ws/install/mocap_listener:/home/airlab/seed25/ros_packages/mocap4r2_ws/install/mocap4r2cli:/opt/ros/foxy LD_LIBRARY_PATH=/home/airlab/seed25/install/mocap4r2_msgs/lib:/usr/local/cuda-11.4/lib64:/usr/local/cuda-11.4/lib64:/usr/local/cuda-11.4/lib64:/home/airlab/seed25/ros_packages/mocap4r2_ws/install/mocap4r2_robot_gt_msgs/lib:/home/airlab/seed25/ros_packages/mocap4r2_ws/install/mocap4r2_msgs/lib:/home/airlab/seed25/ros_packages/mocap4r2_ws/install/mocap4r2_marker_viz_srvs/lib:/home/airlab/seed25/ros_packages/mocap4r2_ws/install/mocap4r2_control/lib:/home/airlab/seed25/ros_packages/mocap4r2_ws/install/mocap4r2_control_msgs/lib:/opt/ros/foxy/opt/yaml_cpp_vendor/lib:/opt/ros/foxy/opt/rviz_ogre_vendor/lib:/opt/ros/foxy/lib/aarch64-linux-gnu:/opt/ros/foxy/lib:/usr/local/cuda-11.4/lib64 PYTHONPATH=/home/airlab/seed25/install/mocap4r2_msgs/lib/python3.8/site-packages:${PYTHONPATH} /usr/bin/cmake /home/airlab/seed25/ros_packages/mocap4r2_ws/src/mocap4r2/mocap4r2_marker_viz/mocap4r2_marker_publisher -DCMAKE_INSTALL_PREFIX=/home/airlab/seed25/install/mocap4r2_marker_publisher
[29.635s] DEBUG:colcon.colcon_core.event_handler.log_command:Invoking command in '/home/airlab/seed25/build/mocap4r2_marker_viz': AMENT_PREFIX_PATH=/home/airlab/seed25/install/mocap4r2_msgs:/home/airlab/seed25/install/mocap4r2_marker_viz_srvs:${AMENT_PREFIX_PATH} CMAKE_PREFIX_PATH=/home/airlab/seed25/install/mocap4r2_msgs:/home/airlab/seed25/install/mocap4r2_marker_viz_srvs:/home/airlab/seed25/ros_packages/mocap4r2_ws/install/mocap4r2_robot_gt_msgs:/home/airlab/seed25/ros_packages/mocap4r2_ws/install/mocap4r2_marker_viz:/home/airlab/seed25/ros_packages/mocap4r2_ws/install/mocap4r2_marker_publisher:/home/airlab/seed25/ros_packages/mocap4r2_ws/install/mocap4r2_msgs:/home/airlab/seed25/ros_packages/mocap4r2_ws/install/mocap4r2_marker_viz_srvs:/home/airlab/seed25/ros_packages/mocap4r2_ws/install/mocap4r2_control:/home/airlab/seed25/ros_packages/mocap4r2_ws/install/mocap4r2_control_msgs:/home/airlab/seed25/ros_packages/seed_controller_ws/install/mocap_listener:/home/airlab/seed25/ros_packages/mocap4r2_ws/install/mocap4r2cli:/opt/ros/foxy LD_LIBRARY_PATH=/home/airlab/seed25/install/mocap4r2_msgs/lib:/home/airlab/seed25/install/mocap4r2_marker_viz_srvs/lib:/usr/local/cuda-11.4/lib64:/usr/local/cuda-11.4/lib64:/usr/local/cuda-11.4/lib64:/home/airlab/seed25/ros_packages/mocap4r2_ws/install/mocap4r2_robot_gt_msgs/lib:/home/airlab/seed25/ros_packages/mocap4r2_ws/install/mocap4r2_msgs/lib:/home/airlab/seed25/ros_packages/mocap4r2_ws/install/mocap4r2_marker_viz_srvs/lib:/home/airlab/seed25/ros_packages/mocap4r2_ws/install/mocap4r2_control/lib:/home/airlab/seed25/ros_packages/mocap4r2_ws/install/mocap4r2_control_msgs/lib:/opt/ros/foxy/opt/yaml_cpp_vendor/lib:/opt/ros/foxy/opt/rviz_ogre_vendor/lib:/opt/ros/foxy/lib/aarch64-linux-gnu:/opt/ros/foxy/lib:/usr/local/cuda-11.4/lib64 PYTHONPATH=/home/airlab/seed25/install/mocap4r2_msgs/lib/python3.8/site-packages:/home/airlab/seed25/install/mocap4r2_marker_viz_srvs/lib/python3.8/site-packages:${PYTHONPATH} /usr/bin/cmake /home/airlab/seed25/ros_packages/mocap4r2_ws/src/mocap4r2/mocap4r2_marker_viz/mocap4r2_marker_viz -DCMAKE_INSTALL_PREFIX=/home/airlab/seed25/install/mocap4r2_marker_viz
[29.646s] DEBUG:colcon.colcon_core.event_handler.log_command:Invoking command in '/home/airlab/seed25/build/mocap4r2_robot_gt': AMENT_PREFIX_PATH=/home/airlab/seed25/install/mocap4r2_robot_gt_msgs:/home/airlab/seed25/install/mocap4r2_msgs:${AMENT_PREFIX_PATH} CMAKE_PREFIX_PATH=/home/airlab/seed25/install/mocap4r2_robot_gt_msgs:/home/airlab/seed25/install/mocap4r2_msgs:/home/airlab/seed25/ros_packages/mocap4r2_ws/install/mocap4r2_robot_gt_msgs:/home/airlab/seed25/ros_packages/mocap4r2_ws/install/mocap4r2_marker_viz:/home/airlab/seed25/ros_packages/mocap4r2_ws/install/mocap4r2_marker_publisher:/home/airlab/seed25/ros_packages/mocap4r2_ws/install/mocap4r2_msgs:/home/airlab/seed25/ros_packages/mocap4r2_ws/install/mocap4r2_marker_viz_srvs:/home/airlab/seed25/ros_packages/mocap4r2_ws/install/mocap4r2_control:/home/airlab/seed25/ros_packages/mocap4r2_ws/install/mocap4r2_control_msgs:/home/airlab/seed25/ros_packages/seed_controller_ws/install/mocap_listener:/home/airlab/seed25/ros_packages/mocap4r2_ws/install/mocap4r2cli:/opt/ros/foxy LD_LIBRARY_PATH=/home/airlab/seed25/install/mocap4r2_robot_gt_msgs/lib:/home/airlab/seed25/install/mocap4r2_msgs/lib:/usr/local/cuda-11.4/lib64:/usr/local/cuda-11.4/lib64:/usr/local/cuda-11.4/lib64:/home/airlab/seed25/ros_packages/mocap4r2_ws/install/mocap4r2_robot_gt_msgs/lib:/home/airlab/seed25/ros_packages/mocap4r2_ws/install/mocap4r2_msgs/lib:/home/airlab/seed25/ros_packages/mocap4r2_ws/install/mocap4r2_marker_viz_srvs/lib:/home/airlab/seed25/ros_packages/mocap4r2_ws/install/mocap4r2_control/lib:/home/airlab/seed25/ros_packages/mocap4r2_ws/install/mocap4r2_control_msgs/lib:/opt/ros/foxy/opt/yaml_cpp_vendor/lib:/opt/ros/foxy/opt/rviz_ogre_vendor/lib:/opt/ros/foxy/lib/aarch64-linux-gnu:/opt/ros/foxy/lib:/usr/local/cuda-11.4/lib64 PYTHONPATH=/home/airlab/seed25/install/mocap4r2_robot_gt_msgs/lib/python3.8/site-packages:/home/airlab/seed25/install/mocap4r2_msgs/lib/python3.8/site-packages:${PYTHONPATH} /usr/bin/cmake /home/airlab/seed25/ros_packages/mocap4r2_ws/src/mocap4r2/mocap4r2_robot_gt/mocap4r2_robot_gt -DCMAKE_INSTALL_PREFIX=/home/airlab/seed25/install/mocap4r2_robot_gt
[37.687s] DEBUG:colcon.colcon_core.event_handler.log_command:Invoked command in '/home/airlab/seed25/build/mocap4r2_marker_publisher' returned '0': AMENT_PREFIX_PATH=/home/airlab/seed25/install/mocap4r2_msgs:${AMENT_PREFIX_PATH} CMAKE_PREFIX_PATH=/home/airlab/seed25/install/mocap4r2_msgs:/home/airlab/seed25/ros_packages/mocap4r2_ws/install/mocap4r2_robot_gt_msgs:/home/airlab/seed25/ros_packages/mocap4r2_ws/install/mocap4r2_marker_viz:/home/airlab/seed25/ros_packages/mocap4r2_ws/install/mocap4r2_marker_publisher:/home/airlab/seed25/ros_packages/mocap4r2_ws/install/mocap4r2_msgs:/home/airlab/seed25/ros_packages/mocap4r2_ws/install/mocap4r2_marker_viz_srvs:/home/airlab/seed25/ros_packages/mocap4r2_ws/install/mocap4r2_control:/home/airlab/seed25/ros_packages/mocap4r2_ws/install/mocap4r2_control_msgs:/home/airlab/seed25/ros_packages/seed_controller_ws/install/mocap_listener:/home/airlab/seed25/ros_packages/mocap4r2_ws/install/mocap4r2cli:/opt/ros/foxy LD_LIBRARY_PATH=/home/airlab/seed25/install/mocap4r2_msgs/lib:/usr/local/cuda-11.4/lib64:/usr/local/cuda-11.4/lib64:/usr/local/cuda-11.4/lib64:/home/airlab/seed25/ros_packages/mocap4r2_ws/install/mocap4r2_robot_gt_msgs/lib:/home/airlab/seed25/ros_packages/mocap4r2_ws/install/mocap4r2_msgs/lib:/home/airlab/seed25/ros_packages/mocap4r2_ws/install/mocap4r2_marker_viz_srvs/lib:/home/airlab/seed25/ros_packages/mocap4r2_ws/install/mocap4r2_control/lib:/home/airlab/seed25/ros_packages/mocap4r2_ws/install/mocap4r2_control_msgs/lib:/opt/ros/foxy/opt/yaml_cpp_vendor/lib:/opt/ros/foxy/opt/rviz_ogre_vendor/lib:/opt/ros/foxy/lib/aarch64-linux-gnu:/opt/ros/foxy/lib:/usr/local/cuda-11.4/lib64 PYTHONPATH=/home/airlab/seed25/install/mocap4r2_msgs/lib/python3.8/site-packages:${PYTHONPATH} /usr/bin/cmake /home/airlab/seed25/ros_packages/mocap4r2_ws/src/mocap4r2/mocap4r2_marker_viz/mocap4r2_marker_publisher -DCMAKE_INSTALL_PREFIX=/home/airlab/seed25/install/mocap4r2_marker_publisher
[37.694s] DEBUG:colcon.colcon_core.event_handler.log_command:Invoking command in '/home/airlab/seed25/build/mocap4r2_marker_publisher': AMENT_PREFIX_PATH=/home/airlab/seed25/install/mocap4r2_msgs:${AMENT_PREFIX_PATH} CMAKE_PREFIX_PATH=/home/airlab/seed25/install/mocap4r2_msgs:/home/airlab/seed25/ros_packages/mocap4r2_ws/install/mocap4r2_robot_gt_msgs:/home/airlab/seed25/ros_packages/mocap4r2_ws/install/mocap4r2_marker_viz:/home/airlab/seed25/ros_packages/mocap4r2_ws/install/mocap4r2_marker_publisher:/home/airlab/seed25/ros_packages/mocap4r2_ws/install/mocap4r2_msgs:/home/airlab/seed25/ros_packages/mocap4r2_ws/install/mocap4r2_marker_viz_srvs:/home/airlab/seed25/ros_packages/mocap4r2_ws/install/mocap4r2_control:/home/airlab/seed25/ros_packages/mocap4r2_ws/install/mocap4r2_control_msgs:/home/airlab/seed25/ros_packages/seed_controller_ws/install/mocap_listener:/home/airlab/seed25/ros_packages/mocap4r2_ws/install/mocap4r2cli:/opt/ros/foxy LD_LIBRARY_PATH=/home/airlab/seed25/install/mocap4r2_msgs/lib:/usr/local/cuda-11.4/lib64:/usr/local/cuda-11.4/lib64:/usr/local/cuda-11.4/lib64:/home/airlab/seed25/ros_packages/mocap4r2_ws/install/mocap4r2_robot_gt_msgs/lib:/home/airlab/seed25/ros_packages/mocap4r2_ws/install/mocap4r2_msgs/lib:/home/airlab/seed25/ros_packages/mocap4r2_ws/install/mocap4r2_marker_viz_srvs/lib:/home/airlab/seed25/ros_packages/mocap4r2_ws/install/mocap4r2_control/lib:/home/airlab/seed25/ros_packages/mocap4r2_ws/install/mocap4r2_control_msgs/lib:/opt/ros/foxy/opt/yaml_cpp_vendor/lib:/opt/ros/foxy/opt/rviz_ogre_vendor/lib:/opt/ros/foxy/lib/aarch64-linux-gnu:/opt/ros/foxy/lib:/usr/local/cuda-11.4/lib64 PYTHONPATH=/home/airlab/seed25/install/mocap4r2_msgs/lib/python3.8/site-packages:${PYTHONPATH} /usr/bin/cmake --build /home/airlab/seed25/build/mocap4r2_marker_publisher -- -j4 -l4
[38.055s] DEBUG:colcon.colcon_core.event_handler.log_command:Invoked command in '/home/airlab/seed25/build/mocap4r2_marker_viz' returned '0': AMENT_PREFIX_PATH=/home/airlab/seed25/install/mocap4r2_msgs:/home/airlab/seed25/install/mocap4r2_marker_viz_srvs:${AMENT_PREFIX_PATH} CMAKE_PREFIX_PATH=/home/airlab/seed25/install/mocap4r2_msgs:/home/airlab/seed25/install/mocap4r2_marker_viz_srvs:/home/airlab/seed25/ros_packages/mocap4r2_ws/install/mocap4r2_robot_gt_msgs:/home/airlab/seed25/ros_packages/mocap4r2_ws/install/mocap4r2_marker_viz:/home/airlab/seed25/ros_packages/mocap4r2_ws/install/mocap4r2_marker_publisher:/home/airlab/seed25/ros_packages/mocap4r2_ws/install/mocap4r2_msgs:/home/airlab/seed25/ros_packages/mocap4r2_ws/install/mocap4r2_marker_viz_srvs:/home/airlab/seed25/ros_packages/mocap4r2_ws/install/mocap4r2_control:/home/airlab/seed25/ros_packages/mocap4r2_ws/install/mocap4r2_control_msgs:/home/airlab/seed25/ros_packages/seed_controller_ws/install/mocap_listener:/home/airlab/seed25/ros_packages/mocap4r2_ws/install/mocap4r2cli:/opt/ros/foxy LD_LIBRARY_PATH=/home/airlab/seed25/install/mocap4r2_msgs/lib:/home/airlab/seed25/install/mocap4r2_marker_viz_srvs/lib:/usr/local/cuda-11.4/lib64:/usr/local/cuda-11.4/lib64:/usr/local/cuda-11.4/lib64:/home/airlab/seed25/ros_packages/mocap4r2_ws/install/mocap4r2_robot_gt_msgs/lib:/home/airlab/seed25/ros_packages/mocap4r2_ws/install/mocap4r2_msgs/lib:/home/airlab/seed25/ros_packages/mocap4r2_ws/install/mocap4r2_marker_viz_srvs/lib:/home/airlab/seed25/ros_packages/mocap4r2_ws/install/mocap4r2_control/lib:/home/airlab/seed25/ros_packages/mocap4r2_ws/install/mocap4r2_control_msgs/lib:/opt/ros/foxy/opt/yaml_cpp_vendor/lib:/opt/ros/foxy/opt/rviz_ogre_vendor/lib:/opt/ros/foxy/lib/aarch64-linux-gnu:/opt/ros/foxy/lib:/usr/local/cuda-11.4/lib64 PYTHONPATH=/home/airlab/seed25/install/mocap4r2_msgs/lib/python3.8/site-packages:/home/airlab/seed25/install/mocap4r2_marker_viz_srvs/lib/python3.8/site-packages:${PYTHONPATH} /usr/bin/cmake /home/airlab/seed25/ros_packages/mocap4r2_ws/src/mocap4r2/mocap4r2_marker_viz/mocap4r2_marker_viz -DCMAKE_INSTALL_PREFIX=/home/airlab/seed25/install/mocap4r2_marker_viz
[38.061s] DEBUG:colcon.colcon_core.event_handler.log_command:Invoking command in '/home/airlab/seed25/build/mocap4r2_marker_viz': AMENT_PREFIX_PATH=/home/airlab/seed25/install/mocap4r2_msgs:/home/airlab/seed25/install/mocap4r2_marker_viz_srvs:${AMENT_PREFIX_PATH} CMAKE_PREFIX_PATH=/home/airlab/seed25/install/mocap4r2_msgs:/home/airlab/seed25/install/mocap4r2_marker_viz_srvs:/home/airlab/seed25/ros_packages/mocap4r2_ws/install/mocap4r2_robot_gt_msgs:/home/airlab/seed25/ros_packages/mocap4r2_ws/install/mocap4r2_marker_viz:/home/airlab/seed25/ros_packages/mocap4r2_ws/install/mocap4r2_marker_publisher:/home/airlab/seed25/ros_packages/mocap4r2_ws/install/mocap4r2_msgs:/home/airlab/seed25/ros_packages/mocap4r2_ws/install/mocap4r2_marker_viz_srvs:/home/airlab/seed25/ros_packages/mocap4r2_ws/install/mocap4r2_control:/home/airlab/seed25/ros_packages/mocap4r2_ws/install/mocap4r2_control_msgs:/home/airlab/seed25/ros_packages/seed_controller_ws/install/mocap_listener:/home/airlab/seed25/ros_packages/mocap4r2_ws/install/mocap4r2cli:/opt/ros/foxy LD_LIBRARY_PATH=/home/airlab/seed25/install/mocap4r2_msgs/lib:/home/airlab/seed25/install/mocap4r2_marker_viz_srvs/lib:/usr/local/cuda-11.4/lib64:/usr/local/cuda-11.4/lib64:/usr/local/cuda-11.4/lib64:/home/airlab/seed25/ros_packages/mocap4r2_ws/install/mocap4r2_robot_gt_msgs/lib:/home/airlab/seed25/ros_packages/mocap4r2_ws/install/mocap4r2_msgs/lib:/home/airlab/seed25/ros_packages/mocap4r2_ws/install/mocap4r2_marker_viz_srvs/lib:/home/airlab/seed25/ros_packages/mocap4r2_ws/install/mocap4r2_control/lib:/home/airlab/seed25/ros_packages/mocap4r2_ws/install/mocap4r2_control_msgs/lib:/opt/ros/foxy/opt/yaml_cpp_vendor/lib:/opt/ros/foxy/opt/rviz_ogre_vendor/lib:/opt/ros/foxy/lib/aarch64-linux-gnu:/opt/ros/foxy/lib:/usr/local/cuda-11.4/lib64 PYTHONPATH=/home/airlab/seed25/install/mocap4r2_msgs/lib/python3.8/site-packages:/home/airlab/seed25/install/mocap4r2_marker_viz_srvs/lib/python3.8/site-packages:${PYTHONPATH} /usr/bin/cmake --build /home/airlab/seed25/build/mocap4r2_marker_viz -- -j4 -l4
[39.022s] DEBUG:colcon.colcon_core.event_handler.log_command:Invoked command in '/home/airlab/seed25/build/mocap4r2_robot_gt' returned '0': AMENT_PREFIX_PATH=/home/airlab/seed25/install/mocap4r2_robot_gt_msgs:/home/airlab/seed25/install/mocap4r2_msgs:${AMENT_PREFIX_PATH} CMAKE_PREFIX_PATH=/home/airlab/seed25/install/mocap4r2_robot_gt_msgs:/home/airlab/seed25/install/mocap4r2_msgs:/home/airlab/seed25/ros_packages/mocap4r2_ws/install/mocap4r2_robot_gt_msgs:/home/airlab/seed25/ros_packages/mocap4r2_ws/install/mocap4r2_marker_viz:/home/airlab/seed25/ros_packages/mocap4r2_ws/install/mocap4r2_marker_publisher:/home/airlab/seed25/ros_packages/mocap4r2_ws/install/mocap4r2_msgs:/home/airlab/seed25/ros_packages/mocap4r2_ws/install/mocap4r2_marker_viz_srvs:/home/airlab/seed25/ros_packages/mocap4r2_ws/install/mocap4r2_control:/home/airlab/seed25/ros_packages/mocap4r2_ws/install/mocap4r2_control_msgs:/home/airlab/seed25/ros_packages/seed_controller_ws/install/mocap_listener:/home/airlab/seed25/ros_packages/mocap4r2_ws/install/mocap4r2cli:/opt/ros/foxy LD_LIBRARY_PATH=/home/airlab/seed25/install/mocap4r2_robot_gt_msgs/lib:/home/airlab/seed25/install/mocap4r2_msgs/lib:/usr/local/cuda-11.4/lib64:/usr/local/cuda-11.4/lib64:/usr/local/cuda-11.4/lib64:/home/airlab/seed25/ros_packages/mocap4r2_ws/install/mocap4r2_robot_gt_msgs/lib:/home/airlab/seed25/ros_packages/mocap4r2_ws/install/mocap4r2_msgs/lib:/home/airlab/seed25/ros_packages/mocap4r2_ws/install/mocap4r2_marker_viz_srvs/lib:/home/airlab/seed25/ros_packages/mocap4r2_ws/install/mocap4r2_control/lib:/home/airlab/seed25/ros_packages/mocap4r2_ws/install/mocap4r2_control_msgs/lib:/opt/ros/foxy/opt/yaml_cpp_vendor/lib:/opt/ros/foxy/opt/rviz_ogre_vendor/lib:/opt/ros/foxy/lib/aarch64-linux-gnu:/opt/ros/foxy/lib:/usr/local/cuda-11.4/lib64 PYTHONPATH=/home/airlab/seed25/install/mocap4r2_robot_gt_msgs/lib/python3.8/site-packages:/home/airlab/seed25/install/mocap4r2_msgs/lib/python3.8/site-packages:${PYTHONPATH} /usr/bin/cmake /home/airlab/seed25/ros_packages/mocap4r2_ws/src/mocap4r2/mocap4r2_robot_gt/mocap4r2_robot_gt -DCMAKE_INSTALL_PREFIX=/home/airlab/seed25/install/mocap4r2_robot_gt
[39.024s] DEBUG:colcon.colcon_core.event_handler.log_command:Invoking command in '/home/airlab/seed25/build/mocap4r2_robot_gt': AMENT_PREFIX_PATH=/home/airlab/seed25/install/mocap4r2_robot_gt_msgs:/home/airlab/seed25/install/mocap4r2_msgs:${AMENT_PREFIX_PATH} CMAKE_PREFIX_PATH=/home/airlab/seed25/install/mocap4r2_robot_gt_msgs:/home/airlab/seed25/install/mocap4r2_msgs:/home/airlab/seed25/ros_packages/mocap4r2_ws/install/mocap4r2_robot_gt_msgs:/home/airlab/seed25/ros_packages/mocap4r2_ws/install/mocap4r2_marker_viz:/home/airlab/seed25/ros_packages/mocap4r2_ws/install/mocap4r2_marker_publisher:/home/airlab/seed25/ros_packages/mocap4r2_ws/install/mocap4r2_msgs:/home/airlab/seed25/ros_packages/mocap4r2_ws/install/mocap4r2_marker_viz_srvs:/home/airlab/seed25/ros_packages/mocap4r2_ws/install/mocap4r2_control:/home/airlab/seed25/ros_packages/mocap4r2_ws/install/mocap4r2_control_msgs:/home/airlab/seed25/ros_packages/seed_controller_ws/install/mocap_listener:/home/airlab/seed25/ros_packages/mocap4r2_ws/install/mocap4r2cli:/opt/ros/foxy LD_LIBRARY_PATH=/home/airlab/seed25/install/mocap4r2_robot_gt_msgs/lib:/home/airlab/seed25/install/mocap4r2_msgs/lib:/usr/local/cuda-11.4/lib64:/usr/local/cuda-11.4/lib64:/usr/local/cuda-11.4/lib64:/home/airlab/seed25/ros_packages/mocap4r2_ws/install/mocap4r2_robot_gt_msgs/lib:/home/airlab/seed25/ros_packages/mocap4r2_ws/install/mocap4r2_msgs/lib:/home/airlab/seed25/ros_packages/mocap4r2_ws/install/mocap4r2_marker_viz_srvs/lib:/home/airlab/seed25/ros_packages/mocap4r2_ws/install/mocap4r2_control/lib:/home/airlab/seed25/ros_packages/mocap4r2_ws/install/mocap4r2_control_msgs/lib:/opt/ros/foxy/opt/yaml_cpp_vendor/lib:/opt/ros/foxy/opt/rviz_ogre_vendor/lib:/opt/ros/foxy/lib/aarch64-linux-gnu:/opt/ros/foxy/lib:/usr/local/cuda-11.4/lib64 PYTHONPATH=/home/airlab/seed25/install/mocap4r2_robot_gt_msgs/lib/python3.8/site-packages:/home/airlab/seed25/install/mocap4r2_msgs/lib/python3.8/site-packages:${PYTHONPATH} /usr/bin/cmake --build /home/airlab/seed25/build/mocap4r2_robot_gt -- -j4 -l4
[49.599s] Level 1:colcon.colcon_core.environment:create_environment_scripts_only(mocap4r2_robot_gt)
[49.600s] Level 1:colcon.colcon_core.environment:checking '/home/airlab/seed25/install/mocap4r2_robot_gt' for CMake module files
[49.601s] Level 1:colcon.colcon_core.environment:checking '/home/airlab/seed25/install/mocap4r2_robot_gt' for CMake config files
[49.602s] Level 1:colcon.colcon_core.environment:checking '/home/airlab/seed25/install/mocap4r2_robot_gt/bin'
[49.602s] Level 1:colcon.colcon_core.environment:checking '/home/airlab/seed25/install/mocap4r2_robot_gt/lib/pkgconfig/mocap4r2_robot_gt.pc'
[49.603s] Level 1:colcon.colcon_core.environment:checking '/home/airlab/seed25/install/mocap4r2_robot_gt/lib/python3.8/site-packages'
[49.603s] Level 1:colcon.colcon_core.environment:checking '/home/airlab/seed25/install/mocap4r2_robot_gt/bin'
[49.604s] INFO:colcon.colcon_core.shell:Creating package script '/home/airlab/seed25/install/mocap4r2_robot_gt/share/mocap4r2_robot_gt/package.ps1'
[49.607s] DEBUG:colcon.colcon_core.event_handler.log_command:Invoked command in '/home/airlab/seed25/build/mocap4r2_robot_gt' returned '2': AMENT_PREFIX_PATH=/home/airlab/seed25/install/mocap4r2_robot_gt_msgs:/home/airlab/seed25/install/mocap4r2_msgs:${AMENT_PREFIX_PATH} CMAKE_PREFIX_PATH=/home/airlab/seed25/install/mocap4r2_robot_gt_msgs:/home/airlab/seed25/install/mocap4r2_msgs:/home/airlab/seed25/ros_packages/mocap4r2_ws/install/mocap4r2_robot_gt_msgs:/home/airlab/seed25/ros_packages/mocap4r2_ws/install/mocap4r2_marker_viz:/home/airlab/seed25/ros_packages/mocap4r2_ws/install/mocap4r2_marker_publisher:/home/airlab/seed25/ros_packages/mocap4r2_ws/install/mocap4r2_msgs:/home/airlab/seed25/ros_packages/mocap4r2_ws/install/mocap4r2_marker_viz_srvs:/home/airlab/seed25/ros_packages/mocap4r2_ws/install/mocap4r2_control:/home/airlab/seed25/ros_packages/mocap4r2_ws/install/mocap4r2_control_msgs:/home/airlab/seed25/ros_packages/seed_controller_ws/install/mocap_listener:/home/airlab/seed25/ros_packages/mocap4r2_ws/install/mocap4r2cli:/opt/ros/foxy LD_LIBRARY_PATH=/home/airlab/seed25/install/mocap4r2_robot_gt_msgs/lib:/home/airlab/seed25/install/mocap4r2_msgs/lib:/usr/local/cuda-11.4/lib64:/usr/local/cuda-11.4/lib64:/usr/local/cuda-11.4/lib64:/home/airlab/seed25/ros_packages/mocap4r2_ws/install/mocap4r2_robot_gt_msgs/lib:/home/airlab/seed25/ros_packages/mocap4r2_ws/install/mocap4r2_msgs/lib:/home/airlab/seed25/ros_packages/mocap4r2_ws/install/mocap4r2_marker_viz_srvs/lib:/home/airlab/seed25/ros_packages/mocap4r2_ws/install/mocap4r2_control/lib:/home/airlab/seed25/ros_packages/mocap4r2_ws/install/mocap4r2_control_msgs/lib:/opt/ros/foxy/opt/yaml_cpp_vendor/lib:/opt/ros/foxy/opt/rviz_ogre_vendor/lib:/opt/ros/foxy/lib/aarch64-linux-gnu:/opt/ros/foxy/lib:/usr/local/cuda-11.4/lib64 PYTHONPATH=/home/airlab/seed25/install/mocap4r2_robot_gt_msgs/lib/python3.8/site-packages:/home/airlab/seed25/install/mocap4r2_msgs/lib/python3.8/site-packages:${PYTHONPATH} /usr/bin/cmake --build /home/airlab/seed25/build/mocap4r2_robot_gt -- -j4 -l4
[49.608s] INFO:colcon.colcon_core.shell:Creating package descriptor '/home/airlab/seed25/install/mocap4r2_robot_gt/share/mocap4r2_robot_gt/package.dsv'
[49.609s] INFO:colcon.colcon_core.shell:Creating package script '/home/airlab/seed25/install/mocap4r2_robot_gt/share/mocap4r2_robot_gt/package.sh'
[49.611s] INFO:colcon.colcon_core.shell:Creating package script '/home/airlab/seed25/install/mocap4r2_robot_gt/share/mocap4r2_robot_gt/package.bash'
[49.612s] INFO:colcon.colcon_core.shell:Creating package script '/home/airlab/seed25/install/mocap4r2_robot_gt/share/mocap4r2_robot_gt/package.zsh'
[49.614s] Level 1:colcon.colcon_core.environment:create_file_with_runtime_dependencies(/home/airlab/seed25/install/mocap4r2_robot_gt/share/colcon-core/packages/mocap4r2_robot_gt)
[71.701s] DEBUG:colcon.colcon_parallel_executor.executor.parallel:closing loop
[71.702s] DEBUG:colcon.colcon_parallel_executor.executor.parallel:loop closed
[71.702s] DEBUG:colcon.colcon_parallel_executor.executor.parallel:run_until_complete finished with '2'
[71.703s] DEBUG:colcon.colcon_core.event_reactor:joining thread
[71.718s] INFO:colcon.colcon_core.plugin_system:Skipping extension 'colcon_notification.desktop_notification.terminal_notifier': Not used on non-Darwin systems
[71.719s] INFO:colcon.colcon_core.plugin_system:Skipping extension 'colcon_notification.desktop_notification.win32': Not used on non-Windows systems
[71.719s] INFO:colcon.colcon_notification.desktop_notification:Sending desktop notification using 'notify2'
[71.743s] DEBUG:colcon.colcon_notification.desktop_notification.notify2:Failed to initialize notify2: org.freedesktop.DBus.Error.Spawn.ChildExited: Process org.freedesktop.Notifications exited with status 1
[71.743s] DEBUG:colcon.colcon_core.event_reactor:joined thread
[71.745s] INFO:colcon.colcon_core.shell:Creating prefix script '/home/airlab/seed25/install/local_setup.ps1'
[71.748s] INFO:colcon.colcon_core.shell:Creating prefix util module '/home/airlab/seed25/install/_local_setup_util_ps1.py'
[71.753s] INFO:colcon.colcon_core.shell:Creating prefix chain script '/home/airlab/seed25/install/setup.ps1'
[71.758s] INFO:colcon.colcon_core.shell:Creating prefix script '/home/airlab/seed25/install/local_setup.sh'
[71.760s] INFO:colcon.colcon_core.shell:Creating prefix util module '/home/airlab/seed25/install/_local_setup_util_sh.py'
[71.762s] INFO:colcon.colcon_core.shell:Creating prefix chain script '/home/airlab/seed25/install/setup.sh'
[71.766s] INFO:colcon.colcon_core.shell:Creating prefix script '/home/airlab/seed25/install/local_setup.bash'
[71.768s] INFO:colcon.colcon_core.shell:Creating prefix chain script '/home/airlab/seed25/install/setup.bash'
[71.771s] INFO:colcon.colcon_core.shell:Creating prefix script '/home/airlab/seed25/install/local_setup.zsh'
[71.773s] INFO:colcon.colcon_core.shell:Creating prefix chain script '/home/airlab/seed25/install/setup.zsh'
