ISO-10303-21;
HEADER;
FILE_DESCRIPTION (( 'STEP AP214' ),
    '1' );
FILE_NAME ('SK810.STEP',
    '2021-07-30T19:25:16',
    ( '' ),
    ( '' ),
    'SwSTEP 2.0',
    'SolidWorks 2017',
    '' );
FILE_SCHEMA (( 'AUTOMOTIVE_DESIGN' ));
ENDSEC;

DATA;
#1 = FACE_OUTER_BOUND ( 'NONE', #1335, .T. ) ;
#2 = EDGE_CURVE ( 'NONE', #646, #507, #1435, .T. ) ;
#3 = ORIENTED_EDGE ( 'NONE', *, *, #811, .F. ) ;
#4 = ORIENTED_EDGE ( 'NONE', *, *, #1059, .F. ) ;
#5 = VECTOR ( 'NONE', #626, 1000.000000000000000 ) ;
#6 = DIRECTION ( 'NONE',  ( 0.0000000000000000000, 0.0000000000000000000, 1.000000000000000000 ) ) ;
#7 = COLOUR_RGB ( '',0.7921568627450980000, 0.8196078431372548800, 0.9333333333333333500 ) ;
#8 = VECTOR ( 'NONE', #1504, 1000.000000000000000 ) ;
#9 = CARTESIAN_POINT ( 'NONE',  ( -3.427500000000000200, 1.484823184425858600, -2.952500000000000100 ) ) ;
#10 = PLANE ( 'NONE',  #184 ) ;
#11 = ORIENTED_EDGE ( 'NONE', *, *, #977, .F. ) ;
#12 = CARTESIAN_POINT ( 'NONE',  ( -3.640000000000000600, 1.484823184425858800, 1.500000000000000000 ) ) ;
#13 = EDGE_CURVE ( 'NONE', #1603, #527, #174, .T. ) ;
#15 = CARTESIAN_POINT ( 'NONE',  ( 2.829999999999999600, 0.0000000000000000000, -1.500000000000000000 ) ) ;
#14 = DIRECTION ( 'NONE',  ( -0.0000000000000000000, -0.0000000000000000000, 1.000000000000000000 ) ) ;
#16 = CARTESIAN_POINT ( 'NONE',  ( -3.970000000000000600, 1.154823184425858500, 1.500000000000000000 ) ) ;
#17 = VECTOR ( 'NONE', #260, 1000.000000000000000 ) ;
#18 = CARTESIAN_POINT ( 'NONE',  ( -3.640000000000000600, 1.254823184425858600, 1.500000000000000000 ) ) ;
#19 = AXIS2_PLACEMENT_3D ( 'NONE', #343, #68, #969 ) ;
#20 = CARTESIAN_POINT ( 'NONE',  ( -3.640000000000000600, 1.484823184425858800, 1.500000000000000000 ) ) ;
#21 = VERTEX_POINT ( 'NONE', #1279 ) ;
#22 = ORIENTED_EDGE ( 'NONE', *, *, #1276, .F. ) ;
#23 = AXIS2_PLACEMENT_3D ( 'NONE', #384, #1607, #297 ) ;
#24 = EDGE_CURVE ( 'NONE', #1564, #1078, #682, .T. ) ;
#25 = CYLINDRICAL_SURFACE ( 'NONE', #264, 0.09999999999999982500 ) ;
#26 = EDGE_CURVE ( 'NONE', #615, #1256, #1417, .T. ) ;
#27 =( NAMED_UNIT ( * ) SI_UNIT ( $, .STERADIAN. ) SOLID_ANGLE_UNIT ( ) );
#28 = DIRECTION ( 'NONE',  ( -1.000000000000000000, 0.0000000000000000000, 0.0000000000000000000 ) ) ;
#29 = DIRECTION ( 'NONE',  ( -1.000000000000000000, 0.0000000000000000000, 0.0000000000000000000 ) ) ;
#30 = ORIENTED_EDGE ( 'NONE', *, *, #659, .T. ) ;
#31 = FILL_AREA_STYLE ('',( #1033 ) ) ;
#32 = VECTOR ( 'NONE', #944, 1000.000000000000100 ) ;
#33 = VERTEX_POINT ( 'NONE', #1023 ) ;
#34 = ADVANCED_FACE ( 'NONE', ( #1219 ), #278, .T. ) ;
#35 = VERTEX_POINT ( 'NONE', #150 ) ;
#36 = LINE ( 'NONE', #1224, #1401 ) ;
#37 = CARTESIAN_POINT ( 'NONE',  ( -2.578051137026357700, 2.611377056721489800, 2.853939307322900900 ) ) ;
#38 = LINE ( 'NONE', #827, #1270 ) ;
#39 = CARTESIAN_POINT ( 'NONE',  ( 2.370000000000000100, 0.2030000000000000100, 2.853184897539804000 ) ) ;
#40 = ORIENTED_EDGE ( 'NONE', *, *, #1049, .F. ) ;
#41 = CARTESIAN_POINT ( 'NONE',  ( -3.740000000000000200, 1.154823184425858500, 1.500000000000000000 ) ) ;
#42 = ADVANCED_FACE ( 'NONE', ( #416 ), #273, .F. ) ;
#43 = AXIS2_PLACEMENT_3D ( 'NONE', #175, #692, #310 ) ;
#44 = MANIFOLD_SOLID_BREP ( 'Pin 2', #275 ) ;
#45 = ORIENTED_EDGE ( 'NONE', *, *, #977, .T. ) ;
#46 = EDGE_CURVE ( 'NONE', #773, #456, #77, .T. ) ;
#47 = CARTESIAN_POINT ( 'NONE',  ( -2.578051137026357700, 2.611377056721489800, -2.853939307322900900 ) ) ;
#48 = CARTESIAN_POINT ( 'NONE',  ( 3.740000000000000200, 0.3299999999999999000, -1.500000000000000000 ) ) ;
#49 = LINE ( 'NONE', #621, #168 ) ;
#50 = CARTESIAN_POINT ( 'NONE',  ( 3.640000000000000600, 0.3299999999999999000, 1.500000000000000000 ) ) ;
#51 = EDGE_CURVE ( 'NONE', #954, #1564, #1025, .T. ) ;
#52 = DIRECTION ( 'NONE',  ( 1.000000000000000000, -8.931558118709495600E-016, -0.0000000000000000000 ) ) ;
#53 = FACE_OUTER_BOUND ( 'NONE', #718, .T. ) ;
#54 = ORIENTED_EDGE ( 'NONE', *, *, #946, .F. ) ;
#55 = LINE ( 'NONE', #795, #698 ) ;
#56 = VECTOR ( 'NONE', #1101, 1000.000000000000000 ) ;
#57 = LINE ( 'NONE', #597, #953 ) ;
#58 = ORIENTED_EDGE ( 'NONE', *, *, #1282, .T. ) ;
#59 = CARTESIAN_POINT ( 'NONE',  ( 3.278051137026359600, 2.620000000000000100, 2.853184897539804000 ) ) ;
#60 = DIRECTION ( 'NONE',  ( -0.1300379154054280600, 0.9877360307509836000, 0.08641570524680508600 ) ) ;
#61 = ADVANCED_FACE ( 'NONE', ( #1597 ), #529, .F. ) ;
#62 = CARTESIAN_POINT ( 'NONE',  ( 3.278051137026357400, 2.620000000000000100, -2.853184897539804000 ) ) ;
#63 = EDGE_CURVE ( 'NONE', #857, #205, #565, .T. ) ;
#64 = ORIENTED_EDGE ( 'NONE', *, *, #844, .F. ) ;
#65 = ADVANCED_FACE ( 'NONE', ( #1380 ), #25, .F. ) ;
#66 = CARTESIAN_POINT ( 'NONE',  ( -3.427500000000000200, 1.484823184425858600, 2.952500000000000100 ) ) ;
#67 = AXIS2_PLACEMENT_3D ( 'NONE', #1422, #678, #920 ) ;
#68 = DIRECTION ( 'NONE',  ( 0.0000000000000000000, -0.08715574274765836000, 0.9961946980917455500 ) ) ;
#69 = VECTOR ( 'NONE', #832, 1000.000000000000100 ) ;
#70 = DIRECTION ( 'NONE',  ( -0.1305261922200518200, 0.9914448613738103800, 0.0000000000000000000 ) ) ;
#71 = EDGE_LOOP ( 'NONE', ( #200, #656, #1581, #1159 ) ) ;
#72 = ORIENTED_EDGE ( 'NONE', *, *, #26, .T. ) ;
#73 = CARTESIAN_POINT ( 'NONE',  ( 3.427500000000000200, 1.484823184425858600, 2.952500000000000100 ) ) ;
#74 = CARTESIAN_POINT ( 'NONE',  ( -3.970000000000000600, 0.3299999999999998500, 1.500000000000000000 ) ) ;
#75 = EDGE_LOOP ( 'NONE', ( #918, #413, #751, #717, #922, #22 ) ) ;
#76 = LINE ( 'NONE', #1114, #1501 ) ;
#77 = LINE ( 'NONE', #911, #1524 ) ;
#78 = AXIS2_PLACEMENT_3D ( 'NONE', #894, #131, #1012 ) ;
#79 = LINE ( 'NONE', #1617, #1005 ) ;
#80 = EDGE_CURVE ( 'NONE', #1108, #1118, #359, .T. ) ;
#81 = CARTESIAN_POINT ( 'NONE',  ( -3.427500000000000200, 1.484823184425858600, -2.952500000000000100 ) ) ;
#82 = PLANE ( 'NONE',  #441 ) ;
#83 = CARTESIAN_POINT ( 'NONE',  ( -3.640000000000000600, 0.3299999999999999000, 1.500000000000000000 ) ) ;
#84 = ORIENTED_EDGE ( 'NONE', *, *, #481, .T. ) ;
#85 = DIRECTION ( 'NONE',  ( 0.0000000000000000000, -2.957324292377956600E-015, -1.000000000000000000 ) ) ;
#86 = DIRECTION ( 'NONE',  ( -0.0000000000000000000, -0.0000000000000000000, -1.000000000000000000 ) ) ;
#87 = ORIENTED_EDGE ( 'NONE', *, *, #481, .F. ) ;
#88 = PLANE ( 'NONE',  #1192 ) ;
#89 = ORIENTED_EDGE ( 'NONE', *, *, #26, .F. ) ;
#90 = CARTESIAN_POINT ( 'NONE',  ( 3.427500000000000200, 1.484823184425858600, -1.500000000000000000 ) ) ;
#91 = CARTESIAN_POINT ( 'NONE',  ( 2.369999999999999700, 0.2030000000000000100, 2.952500000000000100 ) ) ;
#92 = DIRECTION ( 'NONE',  ( 1.051572936316229900E-015, -1.000000000000000000, 0.0000000000000000000 ) ) ;
#93 = FACE_OUTER_BOUND ( 'NONE', #1519, .T. ) ;
#94 = SHAPE_DEFINITION_REPRESENTATION ( #283, #284 ) ;
#95 = DIRECTION ( 'NONE',  ( 1.338521200599387000E-016, -1.000000000000000000, 0.0000000000000000000 ) ) ;
#96 = LINE ( 'NONE', #1210, #271 ) ;
#97 = EDGE_CURVE ( 'NONE', #1360, #882, #897, .T. ) ;
#98 = ORIENTED_EDGE ( 'NONE', *, *, #46, .F. ) ;
#99 = ORIENTED_EDGE ( 'NONE', *, *, #293, .T. ) ;
#100 = FACE_OUTER_BOUND ( 'NONE', #825, .T. ) ;
#101 = ORIENTED_EDGE ( 'NONE', *, *, #80, .T. ) ;
#102 = VECTOR ( 'NONE', #446, 1000.000000000000000 ) ;
#103 = LINE ( 'NONE', #968, #294 ) ;
#104 = CARTESIAN_POINT ( 'NONE',  ( -2.369999999999999700, 0.3100000000000000000, -2.853184897539804400 ) ) ;
#105 = DIRECTION ( 'NONE',  ( 0.0000000000000000000, -0.0000000000000000000, -1.000000000000000000 ) ) ;
#106 = DIRECTION ( 'NONE',  ( -0.0000000000000000000, -0.0000000000000000000, -1.000000000000000000 ) ) ;
#107 = EDGE_CURVE ( 'NONE', #1318, #954, #991, .T. ) ;
#108 = ORIENTED_EDGE ( 'NONE', *, *, #1574, .F. ) ;
#109 = EDGE_CURVE ( 'NONE', #882, #171, #1304, .T. ) ;
#110 = CARTESIAN_POINT ( 'NONE',  ( -3.427500000000000200, 0.3496463688517173500, -2.853184897539803500 ) ) ;
#111 = CARTESIAN_POINT ( 'NONE',  ( -3.427500000000000200, 0.2030000000000000100, 2.853184897539804000 ) ) ;
#112 = ORIENTED_EDGE ( 'NONE', *, *, #1010, .T. ) ;
#113 = EDGE_LOOP ( 'NONE', ( #1185, #990, #669, #1420 ) ) ;
#114 = CARTESIAN_POINT ( 'NONE',  ( 3.970000000000000600, 0.3299999999999999600, 1.500000000000000000 ) ) ;
#115 = CARTESIAN_POINT ( 'NONE',  ( 3.278051137026357900, 0.3496463688517173500, 2.853184897539803500 ) ) ;
#116 = VECTOR ( 'NONE', #949, 1000.000000000000100 ) ;
#117 = DIRECTION ( 'NONE',  ( -1.000000000000000000, 0.0000000000000000000, 0.0000000000000000000 ) ) ;
#118 = VERTEX_POINT ( 'NONE', #1309 ) ;
#119 = ORIENTED_EDGE ( 'NONE', *, *, #420, .T. ) ;
#120 = ORIENTED_EDGE ( 'NONE', *, *, #420, .F. ) ;
#121 = VECTOR ( 'NONE', #485, 1000.000000000000100 ) ;
#122 = VECTOR ( 'NONE', #1165, 1000.000000000000000 ) ;
#123 = COLOUR_RGB ( '',1.000000000000000000, 1.000000000000000000, 1.000000000000000000 ) ;
#124 = CARTESIAN_POINT ( 'NONE',  ( -2.369999999999999700, 0.2030000000000000100, 2.952500000000000100 ) ) ;
#125 = DIRECTION ( 'NONE',  ( -0.0000000000000000000, -0.0000000000000000000, -1.000000000000000000 ) ) ;
#126 = EDGE_LOOP ( 'NONE', ( #525, #881, #1529, #165 ) ) ;
#127 = DIRECTION ( 'NONE',  ( -0.0000000000000000000, -0.0000000000000000000, -1.000000000000000000 ) ) ;
#128 = CARTESIAN_POINT ( 'NONE',  ( -2.829999999999999600, 0.0000000000000000000, -1.500000000000000000 ) ) ;
#129 = ORIENTED_EDGE ( 'NONE', *, *, #958, .F. ) ;
#130 = ORIENTED_EDGE ( 'NONE', *, *, #557, .F. ) ;
#131 = DIRECTION ( 'NONE',  ( -1.000000000000000000, -1.734723475976832700E-014, 0.0000000000000000000 ) ) ;
#132 = CARTESIAN_POINT ( 'NONE',  ( 3.640000000000000600, 0.2299999999999999800, 1.500000000000000000 ) ) ;
#133 = APPLICATION_CONTEXT ( 'automotive_design' ) ;
#134 = AXIS2_PLACEMENT_3D ( 'NONE', #840, #336, #1351 ) ;
#135 = CYLINDRICAL_SURFACE ( 'NONE', #852, 0.3300000000000000200 ) ;
#136 = MECHANICAL_DESIGN_GEOMETRIC_PRESENTATION_REPRESENTATION (  '', ( #442 ), #480 ) ;
#137 = EDGE_CURVE ( 'NONE', #1072, #1452, #1123, .T. ) ;
#138 = VECTOR ( 'NONE', #501, 1000.000000000000100 ) ;
#139 = VERTEX_POINT ( 'NONE', #48 ) ;
#140 = ORIENTED_EDGE ( 'NONE', *, *, #559, .T. ) ;
#141 = LINE ( 'NONE', #986, #508 ) ;
#142 = VERTEX_POINT ( 'NONE', #62 ) ;
#143 = DIRECTION ( 'NONE',  ( -0.9990482215818576900, -0.04361938736533797800, 1.289966738741581400E-016 ) ) ;
#144 = VECTOR ( 'NONE', #225, 1000.000000000000000 ) ;
#145 = CARTESIAN_POINT ( 'NONE',  ( 3.970000000000000600, 0.3299999999999999600, -1.500000000000000000 ) ) ;
#146 = EDGE_CURVE ( 'NONE', #170, #372, #1560, .T. ) ;
#147 = DIRECTION ( 'NONE',  ( 0.0000000000000000000, -0.9961946980917455500, 0.08715574274765836000 ) ) ;
#148 = DIRECTION ( 'NONE',  ( 0.0000000000000000000, -2.957324292377956600E-015, 1.000000000000000000 ) ) ;
#149 = ORIENTED_EDGE ( 'NONE', *, *, #1315, .F. ) ;
#150 = CARTESIAN_POINT ( 'NONE',  ( -2.578051137026357700, 2.619999999999998800, -2.853184897539804000 ) ) ;
#151 = CARTESIAN_POINT ( 'NONE',  ( -1.878051137026357700, 2.569999999999999400, -2.952500000000000100 ) ) ;
#152 = EDGE_CURVE ( 'NONE', #1360, #646, #1322, .T. ) ;
#153 = FACE_OUTER_BOUND ( 'NONE', #1535, .T. ) ;
#154 = LINE ( 'NONE', #73, #1242 ) ;
#155 = ORIENTED_EDGE ( 'NONE', *, *, #935, .T. ) ;
#156 = ORIENTED_EDGE ( 'NONE', *, *, #1366, .F. ) ;
#157 = FACE_OUTER_BOUND ( 'NONE', #1629, .T. ) ;
#158 = CARTESIAN_POINT ( 'NONE',  ( -3.640000000000000600, 0.2299999999999999000, 1.500000000000000000 ) ) ;
#159 = ADVANCED_FACE ( 'NONE', ( #341 ), #1183, .F. ) ;
#160 = ORIENTED_EDGE ( 'NONE', *, *, #1184, .T. ) ;
#161 = DIRECTION ( 'NONE',  ( -0.0000000000000000000, -0.0000000000000000000, -1.000000000000000000 ) ) ;
#162 = AXIS2_PLACEMENT_3D ( 'NONE', #1229, #1355, #964 ) ;
#163 = CARTESIAN_POINT ( 'NONE',  ( 3.740000000000000200, 1.154823184425858500, -1.500000000000000000 ) ) ;
#164 = EDGE_CURVE ( 'NONE', #1390, #139, #292, .T. ) ;
#165 = ORIENTED_EDGE ( 'NONE', *, *, #674, .T. ) ;
#166 = UNCERTAINTY_MEASURE_WITH_UNIT (LENGTH_MEASURE( 1.000000000000000100E-005 ), #824, 'distance_accuracy_value', 'NONE');
#167 = DIRECTION ( 'NONE',  ( 1.000000000000000000, 0.0000000000000000000, 0.0000000000000000000 ) ) ;
#168 = VECTOR ( 'NONE', #755, 1000.000000000000000 ) ;
#169 = VECTOR ( 'NONE', #331, 1000.000000000000000 ) ;
#170 = VERTEX_POINT ( 'NONE', #1306 ) ;
#171 = VERTEX_POINT ( 'NONE', #942 ) ;
#172 = LINE ( 'NONE', #381, #1079 ) ;
#173 = ORIENTED_EDGE ( 'NONE', *, *, #1619, .F. ) ;
#174 = LINE ( 'NONE', #551, #1402 ) ;
#175 = CARTESIAN_POINT ( 'NONE',  ( 3.427500000000000200, 1.484823184425858600, 2.952500000000000100 ) ) ;
#176 = VECTOR ( 'NONE', #415, 1000.000000000000100 ) ;
#177 = ADVANCED_FACE ( 'NONE', ( #217 ), #1441, .T. ) ;
#178 = EDGE_CURVE ( 'NONE', #1255, #1376, #458, .T. ) ;
#179 = VERTEX_POINT ( 'NONE', #299 ) ;
#180 = CARTESIAN_POINT ( 'NONE',  ( 2.370000000000000100, 0.2030000000000000100, -2.853184897539804000 ) ) ;
#181 = DIRECTION ( 'NONE',  ( -0.0000000000000000000, -0.0000000000000000000, -1.000000000000000000 ) ) ;
#182 = ADVANCED_FACE ( 'NONE', ( #482 ), #1191, .F. ) ;
#183 = CARTESIAN_POINT ( 'NONE',  ( 3.427500000000000200, 1.484823184425858600, 1.500000000000000000 ) ) ;
#184 = AXIS2_PLACEMENT_3D ( 'NONE', #514, #854, #1354 ) ;
#185 = EDGE_CURVE ( 'NONE', #179, #1424, #258, .T. ) ;
#186 = ORIENTED_EDGE ( 'NONE', *, *, #1298, .F. ) ;
#187 = ORIENTED_EDGE ( 'NONE', *, *, #603, .T. ) ;
#188 = VECTOR ( 'NONE', #988, 1000.000000000000000 ) ;
#189 = VECTOR ( 'NONE', #1206, 1000.000000000000000 ) ;
#190 = CARTESIAN_POINT ( 'NONE',  ( -3.278051137026374300, 0.3496463688517177400, -2.853184897539803500 ) ) ;
#191 = DIRECTION ( 'NONE',  ( -0.0000000000000000000, -0.0000000000000000000, -1.000000000000000000 ) ) ;
#192 = CARTESIAN_POINT ( 'NONE',  ( -3.397219925554902700, 1.254823184425858800, 1.500000000000000000 ) ) ;
#193 = VECTOR ( 'NONE', #600, 1000.000000000000000 ) ;
#194 = ADVANCED_FACE ( 'NONE', ( #861 ), #88, .F. ) ;
#195 = ORIENTED_EDGE ( 'NONE', *, *, #1298, .T. ) ;
#196 = CARTESIAN_POINT ( 'NONE',  ( -2.578051137026356800, 2.569999999999999400, 2.952500000000000100 ) ) ;
#197 = ORIENTED_EDGE ( 'NONE', *, *, #63, .F. ) ;
#198 = LINE ( 'NONE', #637, #782 ) ;
#199 = CARTESIAN_POINT ( 'NONE',  ( 2.369999999999999700, 0.3099999999999982800, 2.952500000000000100 ) ) ;
#200 = ORIENTED_EDGE ( 'NONE', *, *, #1026, .F. ) ;
#201 = DIRECTION ( 'NONE',  ( 0.1300379154054280600, -0.9877360307509836000, 0.08641570524680508600 ) ) ;
#202 = CARTESIAN_POINT ( 'NONE',  ( 3.212810808646157800, 3.115549492609443100, -2.809829934720452700 ) ) ;
#203 = CARTESIAN_POINT ( 'NONE',  ( -3.427500000000000200, 1.484823184425858600, 1.500000000000000000 ) ) ;
#204 = VERTEX_POINT ( 'NONE', #1601 ) ;
#205 = VERTEX_POINT ( 'NONE', #1530 ) ;
#206 = CARTESIAN_POINT ( 'NONE',  ( -3.640000000000000600, 0.0000000000000000000, 1.500000000000000000 ) ) ;
#207 = EDGE_CURVE ( 'NONE', #1118, #1603, #398, .T. ) ;
#208 = EDGE_CURVE ( 'NONE', #808, #1286, #435, .T. ) ;
#209 = PRODUCT_DEFINITION_CONTEXT ( 'detailed design', #133, 'design' ) ;
#210 = LINE ( 'NONE', #1188, #1396 ) ;
#211 = FILL_AREA_STYLE ('',( #1598 ) ) ;
#212 = EDGE_LOOP ( 'NONE', ( #195, #1198, #11, #155 ) ) ;
#213 = CARTESIAN_POINT ( 'NONE',  ( 3.640000000000000600, 0.2299999999999999800, -1.500000000000000000 ) ) ;
#214 = VERTEX_POINT ( 'NONE', #754 ) ;
#215 = VECTOR ( 'NONE', #143, 1000.000000000000100 ) ;
#216 = ORIENTED_EDGE ( 'NONE', *, *, #793, .T. ) ;
#217 = FACE_OUTER_BOUND ( 'NONE', #1345, .T. ) ;
#218 = AXIS2_PLACEMENT_3D ( 'NONE', #110, #980, #993 ) ;
#219 = SURFACE_STYLE_FILL_AREA ( #1177 ) ;
#220 = PRODUCT_DEFINITION ( 'UNKNOWN', '', #1289, #209 ) ;
#221 = EDGE_CURVE ( 'NONE', #1477, #1376, #1361, .T. ) ;
#222 = DIRECTION ( 'NONE',  ( 0.0000000000000000000, 0.0000000000000000000, 1.000000000000000000 ) ) ;
#223 = EDGE_LOOP ( 'NONE', ( #476, #1626, #1246, #101 ) ) ;
#224 = VERTEX_POINT ( 'NONE', #730 ) ;
#225 = DIRECTION ( 'NONE',  ( -0.0000000000000000000, -0.0000000000000000000, -1.000000000000000000 ) ) ;
#226 = EDGE_CURVE ( 'NONE', #1234, #204, #778, .T. ) ;
#227 = CARTESIAN_POINT ( 'NONE',  ( 3.640000000000000600, 1.154823184425858500, -1.500000000000000000 ) ) ;
#228 = CARTESIAN_POINT ( 'NONE',  ( -3.969999999999999800, 1.154823184425858500, 1.500000000000000000 ) ) ;
#229 = DIRECTION ( 'NONE',  ( 0.0000000000000000000, 0.0000000000000000000, 1.000000000000000000 ) ) ;
#230 = DIRECTION ( 'NONE',  ( -0.0000000000000000000, 0.0000000000000000000, -1.000000000000000000 ) ) ;
#231 = ORIENTED_EDGE ( 'NONE', *, *, #1171, .T. ) ;
#232 = CARTESIAN_POINT ( 'NONE',  ( -3.427500000000000200, 2.620000000000000100, -2.853184897539804000 ) ) ;
#233 = CARTESIAN_POINT ( 'NONE',  ( -1.878051137026357700, 2.569999999999999400, -2.952500000000000100 ) ) ;
#234 = LINE ( 'NONE', #1251, #188 ) ;
#235 = CIRCLE ( 'NONE', #1231, 0.3300000000000000200 ) ;
#236 = EDGE_CURVE ( 'NONE', #179, #434, #987, .T. ) ;
#237 = DIRECTION ( 'NONE',  ( 1.000000000000000000, -0.0000000000000000000, -0.0000000000000000000 ) ) ;
#238 = ORIENTED_EDGE ( 'NONE', *, *, #1448, .F. ) ;
#239 = ORIENTED_EDGE ( 'NONE', *, *, #207, .F. ) ;
#240 = VECTOR ( 'NONE', #1239, 1000.000000000000000 ) ;
#241 = AXIS2_PLACEMENT_3D ( 'NONE', #821, #549, #926 ) ;
#242 = EDGE_CURVE ( 'NONE', #808, #1603, #1157, .T. ) ;
#243 = DIRECTION ( 'NONE',  ( 0.0000000000000000000, 1.000000000000000000, 0.0000000000000000000 ) ) ;
#244 = ORIENTED_EDGE ( 'NONE', *, *, #1371, .F. ) ;
#245 = ORIENTED_EDGE ( 'NONE', *, *, #844, .T. ) ;
#246 = DIRECTION ( 'NONE',  ( -0.0000000000000000000, -0.0000000000000000000, -1.000000000000000000 ) ) ;
#247 = DIRECTION ( 'NONE',  ( 0.0000000000000000000, 0.0000000000000000000, 1.000000000000000000 ) ) ;
#248 = AXIS2_PLACEMENT_3D ( 'NONE', #1125, #519, #999 ) ;
#249 = EDGE_CURVE ( 'NONE', #363, #33, #579, .T. ) ;
#250 = FACE_OUTER_BOUND ( 'NONE', #223, .T. ) ;
#251 = DIRECTION ( 'NONE',  ( 0.0000000000000000000, -0.08715574274765836000, -0.9961946980917455500 ) ) ;
#252 = CARTESIAN_POINT ( 'NONE',  ( -2.829999999999999600, 0.2300000000000000100, -1.500000000000000000 ) ) ;
#253 = ORIENTED_EDGE ( 'NONE', *, *, #1490, .F. ) ;
#254 = DIRECTION ( 'NONE',  ( -0.0000000000000000000, -0.0000000000000000000, -1.000000000000000000 ) ) ;
#255 = VERTEX_POINT ( 'NONE', #493 ) ;
#256 = CYLINDRICAL_SURFACE ( 'NONE', #1058, 0.09999999999999982500 ) ;
#257 = ORIENTED_EDGE ( 'NONE', *, *, #272, .F. ) ;
#258 = LINE ( 'NONE', #329, #144 ) ;
#259 = VECTOR ( 'NONE', #689, 1000.000000000000000 ) ;
#260 = DIRECTION ( 'NONE',  ( 1.000000000000000000, -0.0000000000000000000, -0.0000000000000000000 ) ) ;
#261 = CARTESIAN_POINT ( 'NONE',  ( 3.640000000000000600, 1.484823184425858800, 1.500000000000000000 ) ) ;
#262 = ORIENTED_EDGE ( 'NONE', *, *, #397, .T. ) ;
#263 = CARTESIAN_POINT ( 'NONE',  ( 3.640000000000000600, 1.154823184425858500, 1.500000000000000000 ) ) ;
#264 = AXIS2_PLACEMENT_3D ( 'NONE', #804, #1287, #29 ) ;
#265 = CARTESIAN_POINT ( 'NONE',  ( 3.640000000000000600, 1.154823184425858500, -1.500000000000000000 ) ) ;
#266 = CARTESIAN_POINT ( 'NONE',  ( -3.740000000000000200, 1.154823184425858500, 1.500000000000000000 ) ) ;
#267 = ORIENTED_EDGE ( 'NONE', *, *, #733, .F. ) ;
#268 = VECTOR ( 'NONE', #1336, 1000.000000000000000 ) ;
#269 = VECTOR ( 'NONE', #1211, 1000.000000000000000 ) ;
#270 = EDGE_CURVE ( 'NONE', #224, #1330, #875, .T. ) ;
#271 = VECTOR ( 'NONE', #1328, 1000.000000000000000 ) ;
#272 = EDGE_CURVE ( 'NONE', #1559, #886, #1475, .T. ) ;
#273 = PLANE ( 'NONE',  #1440 ) ;
#274 = DIRECTION ( 'NONE',  ( 0.0000000000000000000, -1.000000000000000000, 0.0000000000000000000 ) ) ;
#275 = CLOSED_SHELL ( 'NONE', ( #451, #807, #1200, #1319, #1068, #826, #289, #159, #1305, #42, #1570, #938, #1054, #1164 ) ) ;
#276 = VERTEX_POINT ( 'NONE', #266 ) ;
#277 = FACE_OUTER_BOUND ( 'NONE', #516, .T. ) ;
#278 = PLANE ( 'NONE',  #500 ) ;
#279 = ORIENTED_EDGE ( 'NONE', *, *, #364, .F. ) ;
#280 = CARTESIAN_POINT ( 'NONE',  ( -2.829999999999999600, 0.0000000000000000000, 1.500000000000000000 ) ) ;
#281 = DIRECTION ( 'NONE',  ( -0.0000000000000000000, -0.0000000000000000000, -1.000000000000000000 ) ) ;
#282 = EDGE_LOOP ( 'NONE', ( #1119, #1506, #550, #1508 ) ) ;
#283 = PRODUCT_DEFINITION_SHAPE ( 'NONE', 'NONE',  #220 ) ;
#284 = ADVANCED_BREP_SHAPE_REPRESENTATION ( 'SK810', ( #465, #598, #44, #1392, #1111 ), #934 ) ;
#285 = CIRCLE ( 'NONE', #930, 0.3299999999999995700 ) ;
#286 = SURFACE_SIDE_STYLE ('',( #219 ) ) ;
#287 = VERTEX_POINT ( 'NONE', #1277 ) ;
#288 = EDGE_CURVE ( 'NONE', #675, #1500, #234, .T. ) ;
#289 = ADVANCED_FACE ( 'NONE', ( #53 ), #1460, .F. ) ;
#290 = ORIENTED_EDGE ( 'NONE', *, *, #249, .F. ) ;
#291 = LINE ( 'NONE', #1086, #121 ) ;
#292 = LINE ( 'NONE', #1069, #1099 ) ;
#293 = EDGE_CURVE ( 'NONE', #372, #1215, #1136, .T. ) ;
#294 = VECTOR ( 'NONE', #201, 1000.000000000000100 ) ;
#295 =( NAMED_UNIT ( * ) SI_UNIT ( $, .STERADIAN. ) SOLID_ANGLE_UNIT ( ) );
#296 = CARTESIAN_POINT ( 'NONE',  ( 3.278051137026357900, 2.620000000000000100, 2.952500000000000100 ) ) ;
#297 = DIRECTION ( 'NONE',  ( -1.000000000000000000, 0.0000000000000000000, 0.0000000000000000000 ) ) ;
#298 = ORIENTED_EDGE ( 'NONE', *, *, #1225, .T. ) ;
#299 = CARTESIAN_POINT ( 'NONE',  ( -3.278051137026374300, 0.3496463688517177400, 2.853184897539803500 ) ) ;
#300 = AXIS2_PLACEMENT_3D ( 'NONE', #593, #1479, #617 ) ;
#301 = ORIENTED_EDGE ( 'NONE', *, *, #487, .T. ) ;
#302 = ADVANCED_FACE ( 'NONE', ( #1093 ), #975, .F. ) ;
#303 = CARTESIAN_POINT ( 'NONE',  ( -3.212810808646157800, 3.115549492609443100, -2.809829934720452700 ) ) ;
#304 = EDGE_CURVE ( 'NONE', #33, #142, #1020, .T. ) ;
#305 = DIRECTION ( 'NONE',  ( -0.0000000000000000000, -0.0000000000000000000, -1.000000000000000000 ) ) ;
#306 = CARTESIAN_POINT ( 'NONE',  ( -3.427500000000000200, 2.620000000000000100, 2.853184897539804000 ) ) ;
#307 = EDGE_LOOP ( 'NONE', ( #1082, #945, #506, #585 ) ) ;
#308 = CARTESIAN_POINT ( 'NONE',  ( 3.640000000000000600, 1.254823184425858600, 1.500000000000000000 ) ) ;
#309 = EDGE_CURVE ( 'NONE', #527, #1518, #814, .T. ) ;
#310 = DIRECTION ( 'NONE',  ( -0.1305261922200518200, -0.9914448613738103800, 0.0000000000000000000 ) ) ;
#311 = LINE ( 'NONE', #424, #32 ) ;
#312 = ADVANCED_FACE ( 'NONE', ( #355 ), #82, .F. ) ;
#313 = PRESENTATION_STYLE_ASSIGNMENT (( #612 ) ) ;
#314 = DIRECTION ( 'NONE',  ( -0.0000000000000000000, -1.000000000000000000, -0.0000000000000000000 ) ) ;
#315 = LINE ( 'NONE', #1599, #734 ) ;
#316 = LINE ( 'NONE', #1007, #395 ) ;
#317 = DIRECTION ( 'NONE',  ( 0.0000000000000000000, -0.9961946980917455500, -0.08715574274765836000 ) ) ;
#318 = ORIENTED_EDGE ( 'NONE', *, *, #304, .T. ) ;
#319 = CARTESIAN_POINT ( 'NONE',  ( 2.829999999999999600, 0.2300000000000000100, -1.500000000000000000 ) ) ;
#320 = ORIENTED_EDGE ( 'NONE', *, *, #575, .F. ) ;
#321 = LINE ( 'NONE', #1583, #437 ) ;
#322 = ORIENTED_EDGE ( 'NONE', *, *, #653, .T. ) ;
#323 = DIRECTION ( 'NONE',  ( 1.728122329423404000E-014, -0.9961946980917455500, -0.08715574274765836000 ) ) ;
#324 = EDGE_CURVE ( 'NONE', #21, #615, #663, .T. ) ;
#325 = ADVANCED_FACE ( 'NONE', ( #1434 ), #1590, .F. ) ;
#326 = CARTESIAN_POINT ( 'NONE',  ( -3.278051137026357900, 2.620000000000000100, 2.952500000000000100 ) ) ;
#327 = CARTESIAN_POINT ( 'NONE',  ( -2.369999999999999700, 0.3100000000000000000, 2.952500000000000100 ) ) ;
#328 = DIRECTION ( 'NONE',  ( -0.0000000000000000000, -0.0000000000000000000, -1.000000000000000000 ) ) ;
#329 = CARTESIAN_POINT ( 'NONE',  ( -3.278051137026357900, 0.3496463688517173500, 2.952500000000000100 ) ) ;
#330 = CARTESIAN_POINT ( 'NONE',  ( -2.578051137026357700, 2.619999999999998800, 2.952500000000000100 ) ) ;
#331 = DIRECTION ( 'NONE',  ( -0.0000000000000000000, -0.0000000000000000000, -1.000000000000000000 ) ) ;
#332 = ORIENTED_EDGE ( 'NONE', *, *, #1619, .T. ) ;
#333 = ORIENTED_EDGE ( 'NONE', *, *, #1271, .F. ) ;
#334 = ADVANCED_FACE ( 'NONE', ( #1537 ), #1084, .F. ) ;
#335 = DIRECTION ( 'NONE',  ( -0.0000000000000000000, -0.0000000000000000000, -1.000000000000000000 ) ) ;
#336 = DIRECTION ( 'NONE',  ( 1.020425574104004200E-015, -1.000000000000000000, 0.0000000000000000000 ) ) ;
#337 = EDGE_LOOP ( 'NONE', ( #99, #923, #830, #1284 ) ) ;
#338 = ORIENTED_EDGE ( 'NONE', *, *, #787, .F. ) ;
#339 = FACE_OUTER_BOUND ( 'NONE', #307, .T. ) ;
#340 = EDGE_CURVE ( 'NONE', #1373, #1140, #474, .T. ) ;
#341 = FACE_OUTER_BOUND ( 'NONE', #614, .T. ) ;
#342 = LINE ( 'NONE', #1035, #259 ) ;
#343 = CARTESIAN_POINT ( 'NONE',  ( -3.427500000000000200, 1.484823184425858600, -2.952500000000000100 ) ) ;
#344 = EDGE_LOOP ( 'NONE', ( #1462, #679, #546, #766 ) ) ;
#345 = UNCERTAINTY_MEASURE_WITH_UNIT (LENGTH_MEASURE( 1.000000000000000100E-005 ), #1166, 'distance_accuracy_value', 'NONE');
#346 = CARTESIAN_POINT ( 'NONE',  ( 3.969999999999999800, 1.154823184425858500, -1.500000000000000000 ) ) ;
#347 = DIRECTION ( 'NONE',  ( -1.000000000000000000, 0.0000000000000000000, 0.0000000000000000000 ) ) ;
#348 = DIRECTION ( 'NONE',  ( 1.000000000000000000, 0.0000000000000000000, 0.0000000000000000000 ) ) ;
#349 = DIRECTION ( 'NONE',  ( -0.0000000000000000000, -0.0000000000000000000, -1.000000000000000000 ) ) ;
#350 = DIRECTION ( 'NONE',  ( -0.0000000000000000000, -0.0000000000000000000, -1.000000000000000000 ) ) ;
#351 = DIRECTION ( 'NONE',  ( 1.000000000000000000, 1.338521200599387000E-016, 0.0000000000000000000 ) ) ;
#352 = AXIS2_PLACEMENT_3D ( 'NONE', #1153, #418, #1040 ) ;
#353 = DIRECTION ( 'NONE',  ( -1.000000000000000000, 0.0000000000000000000, 0.0000000000000000000 ) ) ;
#354 = VECTOR ( 'NONE', #880, 1000.000000000000000 ) ;
#355 = FACE_OUTER_BOUND ( 'NONE', #1487, .T. ) ;
#356 = FACE_OUTER_BOUND ( 'NONE', #212, .T. ) ;
#357 = DIRECTION ( 'NONE',  ( 0.0000000000000000000, 1.000000000000000000, 0.0000000000000000000 ) ) ;
#358 = VECTOR ( 'NONE', #536, 1000.000000000000000 ) ;
#359 = LINE ( 'NONE', #280, #1341 ) ;
#360 = AXIS2_PLACEMENT_3D ( 'NONE', #714, #843, #1584 ) ;
#361 = LINE ( 'NONE', #1438, #1062 ) ;
#362 = ORIENTED_EDGE ( 'NONE', *, *, #146, .F. ) ;
#363 = VERTEX_POINT ( 'NONE', #455 ) ;
#364 = EDGE_CURVE ( 'NONE', #1477, #1235, #96, .T. ) ;
#365 = DIRECTION ( 'NONE',  ( 0.0000000000000000000, 0.0000000000000000000, 1.000000000000000000 ) ) ;
#366 = CARTESIAN_POINT ( 'NONE',  ( -2.829999999999999600, 0.0000000000000000000, -1.500000000000000000 ) ) ;
#367 = CARTESIAN_POINT ( 'NONE',  ( 3.640000000000000600, 0.3299999999999999000, -1.500000000000000000 ) ) ;
#368 = DIRECTION ( 'NONE',  ( -0.0000000000000000000, -0.0000000000000000000, -1.000000000000000000 ) ) ;
#369 = ORIENTED_EDGE ( 'NONE', *, *, #898, .F. ) ;
#370 = CARTESIAN_POINT ( 'NONE',  ( -2.578051137026366600, 3.124073301283103000, 2.809084198091444900 ) ) ;
#371 = VECTOR ( 'NONE', #1613, 1000.000000000000000 ) ;
#372 = VERTEX_POINT ( 'NONE', #1205 ) ;
#373 = EDGE_LOOP ( 'NONE', ( #1293, #1109, #941, #609 ) ) ;
#374 = VECTOR ( 'NONE', #1592, 1000.000000000000000 ) ;
#375 = CARTESIAN_POINT ( 'NONE',  ( 3.278051137026357900, 2.620000000000000100, 2.952500000000000100 ) ) ;
#376 = CARTESIAN_POINT ( 'NONE',  ( -1.878051137026357700, 2.569999999999999400, -2.857559330716100900 ) ) ;
#377 = VECTOR ( 'NONE', #537, 1000.000000000000000 ) ;
#378 = CIRCLE ( 'NONE', #758, 0.09999999999999982500 ) ;
#379 = CARTESIAN_POINT ( 'NONE',  ( 3.640000000000000600, 0.0000000000000000000, 1.500000000000000000 ) ) ;
#380 = DIRECTION ( 'NONE',  ( -0.0000000000000000000, -0.0000000000000000000, -1.000000000000000000 ) ) ;
#381 = CARTESIAN_POINT ( 'NONE',  ( 2.829999999999999600, 0.2300000000000000100, -1.500000000000000000 ) ) ;
#382 = ORIENTED_EDGE ( 'NONE', *, *, #389, .T. ) ;
#383 = EDGE_CURVE ( 'NONE', #1452, #205, #315, .T. ) ;
#384 = CARTESIAN_POINT ( 'NONE',  ( -3.640000000000000600, 0.3299999999999999000, 1.500000000000000000 ) ) ;
#385 = CARTESIAN_POINT ( 'NONE',  ( 3.278051137026358800, 0.3496463688517174000, -2.853184897539803500 ) ) ;
#386 = AXIS2_PLACEMENT_3D ( 'NONE', #461, #855, #599 ) ;
#387 = DIRECTION ( 'NONE',  ( -0.0000000000000000000, -0.0000000000000000000, 1.000000000000000000 ) ) ;
#388 = AXIS2_PLACEMENT_3D ( 'NONE', #666, #274, #105 ) ;
#389 = EDGE_CURVE ( 'NONE', #1078, #434, #154, .T. ) ;
#390 = VECTOR ( 'NONE', #349, 1000.000000000000000 ) ;
#391 = FACE_OUTER_BOUND ( 'NONE', #75, .T. ) ;
#392 = VECTOR ( 'NONE', #876, 1000.000000000000100 ) ;
#393 = CARTESIAN_POINT ( 'NONE',  ( -2.578051137026357200, 2.620000000000000100, 2.853184897539804000 ) ) ;
#394 = ORIENTED_EDGE ( 'NONE', *, *, #939, .T. ) ;
#395 = VECTOR ( 'NONE', #779, 1000.000000000000000 ) ;
#396 = ORIENTED_EDGE ( 'NONE', *, *, #270, .T. ) ;
#397 = EDGE_CURVE ( 'NONE', #276, #1072, #583, .T. ) ;
#398 = LINE ( 'NONE', #366, #56 ) ;
#399 = FACE_OUTER_BOUND ( 'NONE', #282, .T. ) ;
#400 = ORIENTED_EDGE ( 'NONE', *, *, #444, .T. ) ;
#401 = DIRECTION ( 'NONE',  ( 0.0000000000000000000, 0.0000000000000000000, 1.000000000000000000 ) ) ;
#402 = ORIENTED_EDGE ( 'NONE', *, *, #727, .T. ) ;
#403 = ORIENTED_EDGE ( 'NONE', *, *, #1089, .F. ) ;
#404 = SURFACE_STYLE_USAGE ( .BOTH. , #664 ) ;
#405 = CARTESIAN_POINT ( 'NONE',  ( 3.397219925554902700, 1.254823184425858800, -1.500000000000000000 ) ) ;
#406 = EDGE_CURVE ( 'NONE', #1255, #1500, #1496, .T. ) ;
#407 = ORIENTED_EDGE ( 'NONE', *, *, #823, .F. ) ;
#408 = ORIENTED_EDGE ( 'NONE', *, *, #540, .T. ) ;
#409 = CARTESIAN_POINT ( 'NONE',  ( -1.878051137026357700, 2.561756862896185500, 2.858280511764574000 ) ) ;
#410 = AXIS2_PLACEMENT_3D ( 'NONE', #888, #652, #1517 ) ;
#411 = LINE ( 'NONE', #375, #642 ) ;
#412 = ORIENTED_EDGE ( 'NONE', *, *, #630, .T. ) ;
#413 = ORIENTED_EDGE ( 'NONE', *, *, #221, .T. ) ;
#414 = FACE_OUTER_BOUND ( 'NONE', #1097, .T. ) ;
#415 = DIRECTION ( 'NONE',  ( -1.728122329423404000E-014, 0.9961946980917455500, -0.08715574274765836000 ) ) ;
#416 = FACE_OUTER_BOUND ( 'NONE', #1181, .T. ) ;
#417 = VECTOR ( 'NONE', #1237, 1000.000000000000000 ) ;
#418 = DIRECTION ( 'NONE',  ( -0.0000000000000000000, -0.0000000000000000000, -1.000000000000000000 ) ) ;
#419 = ADVANCED_FACE ( 'NONE', ( #1398 ), #963, .F. ) ;
#420 = EDGE_CURVE ( 'NONE', #744, #1470, #1116, .T. ) ;
#421 = ORIENTED_EDGE ( 'NONE', *, *, #518, .F. ) ;
#422 = ORIENTED_EDGE ( 'NONE', *, *, #984, .T. ) ;
#423 = ORIENTED_EDGE ( 'NONE', *, *, #383, .F. ) ;
#424 = CARTESIAN_POINT ( 'NONE',  ( -3.397219925554902700, 1.254823184425858800, -1.500000000000000000 ) ) ;
#425 = ORIENTED_EDGE ( 'NONE', *, *, #1348, .F. ) ;
#426 = CARTESIAN_POINT ( 'NONE',  ( -2.578051137026366600, 3.124073301283103000, -2.809084198091444900 ) ) ;
#427 = FACE_OUTER_BOUND ( 'NONE', #584, .T. ) ;
#428 =( NAMED_UNIT ( * ) PLANE_ANGLE_UNIT ( ) SI_UNIT ( $, .RADIAN. ) );
#429 = DIRECTION ( 'NONE',  ( 0.0000000000000000000, 0.0000000000000000000, 1.000000000000000000 ) ) ;
#430 = VECTOR ( 'NONE', #335, 1000.000000000000000 ) ;
#431 = ORIENTED_EDGE ( 'NONE', *, *, #696, .T. ) ;
#432 = ORIENTED_EDGE ( 'NONE', *, *, #1163, .T. ) ;
#433 = VECTOR ( 'NONE', #1533, 1000.000000000000000 ) ;
#434 = VERTEX_POINT ( 'NONE', #1102 ) ;
#435 = LINE ( 'NONE', #639, #1060 ) ;
#436 = AXIS2_PLACEMENT_3D ( 'NONE', #1447, #705, #1426 ) ;
#437 = VECTOR ( 'NONE', #956, 1000.000000000000000 ) ;
#438 = ADVANCED_FACE ( 'NONE', ( #1052 ), #489, .F. ) ;
#439 = DIRECTION ( 'NONE',  ( -0.0000000000000000000, -0.0000000000000000000, -1.000000000000000000 ) ) ;
#440 = VERTEX_POINT ( 'NONE', #104 ) ;
#441 = AXIS2_PLACEMENT_3D ( 'NONE', #327, #449, #839 ) ;
#442 = STYLED_ITEM ( 'NONE', ( #1621 ), #1392 ) ;
#443 = EDGE_CURVE ( 'NONE', #554, #35, #1281, .T. ) ;
#444 = EDGE_CURVE ( 'NONE', #1072, #857, #1317, .T. ) ;
#445 = ADVANCED_FACE ( 'NONE', ( #541 ), #745, .F. ) ;
#446 = DIRECTION ( 'NONE',  ( 1.000000000000000000, -0.0000000000000000000, -0.0000000000000000000 ) ) ;
#447 = ORIENTED_EDGE ( 'NONE', *, *, #935, .F. ) ;
#448 = DIRECTION ( 'NONE',  ( -0.0000000000000000000, -0.0000000000000000000, -1.000000000000000000 ) ) ;
#449 = DIRECTION ( 'NONE',  ( 1.000000000000000000, 0.0000000000000000000, -0.0000000000000000000 ) ) ;
#450 = LINE ( 'NONE', #1569, #116 ) ;
#451 = ADVANCED_FACE ( 'NONE', ( #913 ), #833, .T. ) ;
#452 = CARTESIAN_POINT ( 'NONE',  ( -3.740000000000000200, 0.3299999999999999000, 1.500000000000000000 ) ) ;
#453 = ORIENTED_EDGE ( 'NONE', *, *, #208, .F. ) ;
#454 = ORIENTED_EDGE ( 'NONE', *, *, #364, .T. ) ;
#455 = CARTESIAN_POINT ( 'NONE',  ( 3.278051137026359200, 0.3496463688517175200, -2.853184897539803500 ) ) ;
#456 = VERTEX_POINT ( 'NONE', #1368 ) ;
#457 = VECTOR ( 'NONE', #1254, 1000.000000000000000 ) ;
#458 = LINE ( 'NONE', #1216, #667 ) ;
#459 = VECTOR ( 'NONE', #1331, 1000.000000000000000 ) ;
#460 = DIRECTION ( 'NONE',  ( 0.0000000000000000000, 1.000000000000000000, 0.0000000000000000000 ) ) ;
#461 = CARTESIAN_POINT ( 'NONE',  ( 3.278051137026357900, 0.3496463688517173500, 2.952500000000000100 ) ) ;
#462 = EDGE_LOOP ( 'NONE', ( #1066, #570, #747, #996, #772, #1377, #1491, #298, #1174, #72, #1028, #160 ) ) ;
#463 = DIRECTION ( 'NONE',  ( 0.0000000000000000000, -0.0000000000000000000, 1.000000000000000000 ) ) ;
#464 =( LENGTH_UNIT ( ) NAMED_UNIT ( * ) SI_UNIT ( .MILLI., .METRE. ) );
#465 = MANIFOLD_SOLID_BREP ( 'Housing ', #1386 ) ;
#466 = CARTESIAN_POINT ( 'NONE',  ( -3.640000000000000600, 0.3299999999999999000, -1.500000000000000000 ) ) ;
#467 = EDGE_LOOP ( 'NONE', ( #1245, #1264, #333, #1511 ) ) ;
#468 = EDGE_CURVE ( 'NONE', #214, #142, #623, .T. ) ;
#469 =( NAMED_UNIT ( * ) SI_UNIT ( $, .STERADIAN. ) SOLID_ANGLE_UNIT ( ) );
#470 = CARTESIAN_POINT ( 'NONE',  ( -3.640000000000000600, 1.154823184425858500, 1.500000000000000000 ) ) ;
#471 = CARTESIAN_POINT ( 'NONE',  ( -3.640000000000000600, 0.0000000000000000000, -1.500000000000000000 ) ) ;
#472 = PRESENTATION_STYLE_ASSIGNMENT (( #809 ) ) ;
#473 = CARTESIAN_POINT ( 'NONE',  ( -2.578051137026356800, 2.569999999999999400, -2.952500000000000100 ) ) ;
#474 = LINE ( 'NONE', #1197, #430 ) ;
#475 = AXIS2_PLACEMENT_3D ( 'NONE', #497, #635, #222 ) ;
#476 = ORIENTED_EDGE ( 'NONE', *, *, #207, .T. ) ;
#477 = ORIENTED_EDGE ( 'NONE', *, *, #1171, .F. ) ;
#478 = LINE ( 'NONE', #1606, #374 ) ;
#479 = VERTEX_POINT ( 'NONE', #1628 ) ;
#480 =( GEOMETRIC_REPRESENTATION_CONTEXT ( 3 ) GLOBAL_UNCERTAINTY_ASSIGNED_CONTEXT ( ( #345 ) ) GLOBAL_UNIT_ASSIGNED_CONTEXT ( ( #1166, #428, #295 ) ) REPRESENTATION_CONTEXT ( 'NONE', 'WORKASPACE' ) );
#481 = EDGE_CURVE ( 'NONE', #1470, #607, #693, .T. ) ;
#482 = FACE_OUTER_BOUND ( 'NONE', #1151, .T. ) ;
#483 = LINE ( 'NONE', #1456, #459 ) ;
#484 = CARTESIAN_POINT ( 'NONE',  ( -1.878051137026357700, 2.569999999999999400, 2.857559330716100500 ) ) ;
#485 = DIRECTION ( 'NONE',  ( 0.0000000000000000000, -0.9961946980917455500, -0.08715574274765836000 ) ) ;
#486 = CARTESIAN_POINT ( 'NONE',  ( -3.427500000000000200, 1.484823184425858600, -1.500000000000000000 ) ) ;
#487 = EDGE_CURVE ( 'NONE', #507, #1559, #756, .T. ) ;
#488 = VERTEX_POINT ( 'NONE', #1492 ) ;
#489 = PLANE ( 'NONE',  #475 ) ;
#490 = CARTESIAN_POINT ( 'NONE',  ( -3.640000000000000600, 1.254823184425858600, -1.500000000000000000 ) ) ;
#491 = PLANE ( 'NONE',  #517 ) ;
#492 = PLANE ( 'NONE',  #658 ) ;
#493 = CARTESIAN_POINT ( 'NONE',  ( -1.878051137026357700, 2.569999999999999400, -2.857559330716100500 ) ) ;
#494 = ORIENTED_EDGE ( 'NONE', *, *, #1467, .F. ) ;
#495 = EDGE_LOOP ( 'NONE', ( #794, #216, #796, #976, #817, #845, #408, #932, #1620, #394, #262, #967 ) ) ;
#496 = ORIENTED_EDGE ( 'NONE', *, *, #270, .F. ) ;
#497 = CARTESIAN_POINT ( 'NONE',  ( -3.740000000000000200, 0.3299999999999999000, 1.500000000000000000 ) ) ;
#498 = CARTESIAN_POINT ( 'NONE',  ( -2.578051137026357700, 2.620000000000000100, -2.853184897539804000 ) ) ;
#499 = CARTESIAN_POINT ( 'NONE',  ( 3.969999999999999800, 1.154823184425858500, 1.500000000000000000 ) ) ;
#500 = AXIS2_PLACEMENT_3D ( 'NONE', #1149, #401, #1406 ) ;
#501 = DIRECTION ( 'NONE',  ( 0.0000000000000000000, 0.9961946980917455500, 0.08715574274765836000 ) ) ;
#502 = VECTOR ( 'NONE', #1090, 1000.000000000000000 ) ;
#503 = VECTOR ( 'NONE', #985, 1000.000000000000000 ) ;
#504 = FILL_AREA_STYLE ('',( #1623 ) ) ;
#505 = CARTESIAN_POINT ( 'NONE',  ( -1.878051137026357700, 2.620000000000000100, -2.853184897539803500 ) ) ;
#506 = ORIENTED_EDGE ( 'NONE', *, *, #185, .T. ) ;
#507 = VERTEX_POINT ( 'NONE', #484 ) ;
#508 = VECTOR ( 'NONE', #724, 1000.000000000000000 ) ;
#509 = MECHANICAL_DESIGN_GEOMETRIC_PRESENTATION_REPRESENTATION (  '', ( #1232 ), #903 ) ;
#510 = EDGE_CURVE ( 'NONE', #1167, #118, #285, .T. ) ;
#511 = CARTESIAN_POINT ( 'NONE',  ( 3.640000000000000600, 0.3299999999999999000, -1.500000000000000000 ) ) ;
#512 = ORIENTED_EDGE ( 'NONE', *, *, #879, .F. ) ;
#513 = DIRECTION ( 'NONE',  ( 1.000000000000000000, 0.0000000000000000000, 0.0000000000000000000 ) ) ;
#514 = CARTESIAN_POINT ( 'NONE',  ( -3.427500000000000200, 1.484823184425858600, 1.500000000000000000 ) ) ;
#515 = STYLED_ITEM ( 'NONE', ( #472 ), #598 ) ;
#516 = EDGE_LOOP ( 'NONE', ( #1173, #1087, #595, #1321, #3, #267 ) ) ;
#517 = AXIS2_PLACEMENT_3D ( 'NONE', #124, #651, #895 ) ;
#518 = EDGE_CURVE ( 'NONE', #1518, #761, #1552, .T. ) ;
#519 = DIRECTION ( 'NONE',  ( 1.858632295689436000E-015, -1.000000000000000000, 0.0000000000000000000 ) ) ;
#520 = CARTESIAN_POINT ( 'NONE',  ( -3.640000000000000600, 1.484823184425858800, -1.500000000000000000 ) ) ;
#521 = DIRECTION ( 'NONE',  ( 0.9914448613738121600, -0.1305261922200380000, 0.0000000000000000000 ) ) ;
#522 = LINE ( 'NONE', #1515, #1213 ) ;
#523 = VECTOR ( 'NONE', #983, 1000.000000000000000 ) ;
#524 = ORIENTED_EDGE ( 'NONE', *, *, #1049, .T. ) ;
#525 = ORIENTED_EDGE ( 'NONE', *, *, #1315, .T. ) ;
#526 = LINE ( 'NONE', #16, #1141 ) ;
#527 = VERTEX_POINT ( 'NONE', #868 ) ;
#528 = PLANE ( 'NONE',  #78 ) ;
#529 = CYLINDRICAL_SURFACE ( 'NONE', #352, 0.09999999999999982500 ) ;
#530 = CARTESIAN_POINT ( 'NONE',  ( -3.640000000000000600, -5.421010862427522200E-017, 1.500000000000000000 ) ) ;
#531 = DIRECTION ( 'NONE',  ( 1.000000000000000000, -0.0000000000000000000, -0.0000000000000000000 ) ) ;
#532 = CARTESIAN_POINT ( 'NONE',  ( -3.427500000000000200, 0.2030000000000000100, -2.853184897539804000 ) ) ;
#533 = ORIENTED_EDGE ( 'NONE', *, *, #696, .F. ) ;
#534 = EDGE_CURVE ( 'NONE', #139, #841, #731, .T. ) ;
#535 = EDGE_LOOP ( 'NONE', ( #1057, #369, #892, #1207 ) ) ;
#536 = DIRECTION ( 'NONE',  ( -0.0000000000000000000, -0.0000000000000000000, -1.000000000000000000 ) ) ;
#537 = DIRECTION ( 'NONE',  ( 1.000000000000000000, -0.0000000000000000000, -0.0000000000000000000 ) ) ;
#538 = AXIS2_PLACEMENT_3D ( 'NONE', #511, #127, #513 ) ;
#539 = AXIS2_PLACEMENT_3D ( 'NONE', #326, #720, #1209 ) ;
#540 = EDGE_CURVE ( 'NONE', #1108, #808, #49, .T. ) ;
#541 = FACE_OUTER_BOUND ( 'NONE', #638, .T. ) ;
#542 = LINE ( 'NONE', #471, #189 ) ;
#543 = DIRECTION ( 'NONE',  ( 0.0000000000000000000, 0.0000000000000000000, 1.000000000000000000 ) ) ;
#544 = ORIENTED_EDGE ( 'NONE', *, *, #860, .F. ) ;
#545 = EDGE_LOOP ( 'NONE', ( #120, #712, #64, #1541, #425, #596, #632, #1036, #925, #1180, #1131, #87 ) ) ;
#546 = ORIENTED_EDGE ( 'NONE', *, *, #853, .F. ) ;
#547 = VECTOR ( 'NONE', #869, 1000.000000000000000 ) ;
#548 = DIRECTION ( 'NONE',  ( 0.0000000000000000000, 0.0000000000000000000, 1.000000000000000000 ) ) ;
#549 = DIRECTION ( 'NONE',  ( 0.0000000000000000000, 0.0000000000000000000, 1.000000000000000000 ) ) ;
#550 = ORIENTED_EDGE ( 'NONE', *, *, #97, .T. ) ;
#551 = CARTESIAN_POINT ( 'NONE',  ( -2.829999999999999600, 0.2300000000000000100, -1.500000000000000000 ) ) ;
#552 = ORIENTED_EDGE ( 'NONE', *, *, #727, .F. ) ;
#553 = ADVANCED_FACE ( 'NONE', ( #676 ), #1006, .F. ) ;
#554 = VERTEX_POINT ( 'NONE', #1253 ) ;
#555 = DIRECTION ( 'NONE',  ( 8.931558118709495600E-016, 1.000000000000000000, -0.0000000000000000000 ) ) ;
#556 = FACE_OUTER_BOUND ( 'NONE', #1556, .T. ) ;
#557 = EDGE_CURVE ( 'NONE', #1531, #1518, #1019, .T. ) ;
#558 = DIRECTION ( 'NONE',  ( -1.051572936316229900E-015, -1.000000000000000000, 0.0000000000000000000 ) ) ;
#559 = EDGE_CURVE ( 'NONE', #1564, #142, #411, .T. ) ;
#560 = ORIENTED_EDGE ( 'NONE', *, *, #293, .F. ) ;
#561 = ORIENTED_EDGE ( 'NONE', *, *, #510, .F. ) ;
#562 = VECTOR ( 'NONE', #994, 1000.000000000000000 ) ;
#563 = PLANE ( 'NONE',  #792 ) ;
#564 = ORIENTED_EDGE ( 'NONE', *, *, #443, .T. ) ;
#565 = LINE ( 'NONE', #924, #1268 ) ;
#566 = CIRCLE ( 'NONE', #1314, 0.09999999999999982500 ) ;
#567 = AXIS2_PLACEMENT_3D ( 'NONE', #1382, #6, #641 ) ;
#568 = PLANE ( 'NONE',  #878 ) ;
#569 = EDGE_CURVE ( 'NONE', #1201, #1339, #1333, .T. ) ;
#570 = ORIENTED_EDGE ( 'NONE', *, *, #1448, .T. ) ;
#571 = CARTESIAN_POINT ( 'NONE',  ( 3.969999999999999800, 1.154823184425858500, 1.500000000000000000 ) ) ;
#572 = ADVANCED_FACE ( 'NONE', ( #1513 ), #1259, .F. ) ;
#573 = CARTESIAN_POINT ( 'NONE',  ( -3.969999999999999800, 1.154823184425858500, -1.500000000000000000 ) ) ;
#574 = DIRECTION ( 'NONE',  ( -1.000000000000000000, -1.020425574104004200E-015, -0.0000000000000000000 ) ) ;
#575 = EDGE_CURVE ( 'NONE', #456, #554, #522, .T. ) ;
#576 = DIRECTION ( 'NONE',  ( 0.1305261922200380000, -0.9914448613738121600, 0.0000000000000000000 ) ) ;
#577 = ORIENTED_EDGE ( 'NONE', *, *, #687, .F. ) ;
#578 = DIRECTION ( 'NONE',  ( 1.000000000000000000, 8.931558118709495600E-016, 0.0000000000000000000 ) ) ;
#579 = LINE ( 'NONE', #1625, #392 ) ;
#580 = LINE ( 'NONE', #91, #1156 ) ;
#581 = ADVANCED_FACE ( 'NONE', ( #1 ), #774, .F. ) ;
#582 = CARTESIAN_POINT ( 'NONE',  ( 3.969999999999999800, 1.154823184425858500, 1.500000000000000000 ) ) ;
#583 = CIRCLE ( 'NONE', #820, 0.09999999999999982500 ) ;
#584 = EDGE_LOOP ( 'NONE', ( #494, #382, #432, #971 ) ) ;
#585 = ORIENTED_EDGE ( 'NONE', *, *, #733, .T. ) ;
#586 = FACE_OUTER_BOUND ( 'NONE', #961, .T. ) ;
#587 = PLANE ( 'NONE',  #539 ) ;
#588 = CARTESIAN_POINT ( 'NONE',  ( 2.829999999999999600, 0.0000000000000000000, 1.500000000000000000 ) ) ;
#589 = ADVANCED_FACE ( 'NONE', ( #1168 ), #528, .F. ) ;
#590 = ORIENTED_EDGE ( 'NONE', *, *, #559, .F. ) ;
#591 = DIRECTION ( 'NONE',  ( 0.0000000000000000000, 0.0000000000000000000, 1.000000000000000000 ) ) ;
#592 = DIRECTION ( 'NONE',  ( 0.1305261922200518200, 0.9914448613738103800, 0.0000000000000000000 ) ) ;
#593 = CARTESIAN_POINT ( 'NONE',  ( -3.278051137026357900, 2.620000000000000100, 2.952500000000000100 ) ) ;
#594 = EDGE_CURVE ( 'NONE', #456, #1234, #1593, .T. ) ;
#595 = ORIENTED_EDGE ( 'NONE', *, *, #288, .F. ) ;
#596 = ORIENTED_EDGE ( 'NONE', *, *, #984, .F. ) ;
#597 = CARTESIAN_POINT ( 'NONE',  ( 3.427500000000000200, 1.484823184425858600, 1.500000000000000000 ) ) ;
#598 = MANIFOLD_SOLID_BREP ( 'Pin 1', #1307 ) ;
#599 = DIRECTION ( 'NONE',  ( -0.9990482215818576900, -0.04361938736533797800, 0.0000000000000000000 ) ) ;
#600 = DIRECTION ( 'NONE',  ( -0.0000000000000000000, -0.0000000000000000000, -1.000000000000000000 ) ) ;
#601 =( GEOMETRIC_REPRESENTATION_CONTEXT ( 3 ) GLOBAL_UNCERTAINTY_ASSIGNED_CONTEXT ( ( #1043 ) ) GLOBAL_UNIT_ASSIGNED_CONTEXT ( ( #1122, #636, #1363 ) ) REPRESENTATION_CONTEXT ( 'NONE', 'WORKASPACE' ) );
#602 = LINE ( 'NONE', #41, #716 ) ;
#603 = EDGE_CURVE ( 'NONE', #205, #1140, #311, .T. ) ;
#604 = PLANE ( 'NONE',  #707 ) ;
#605 = ORIENTED_EDGE ( 'NONE', *, *, #674, .F. ) ;
#606 = FILL_AREA_STYLE_COLOUR ( '', #997 ) ;
#607 = VERTEX_POINT ( 'NONE', #1308 ) ;
#608 = LINE ( 'NONE', #115, #215 ) ;
#609 = ORIENTED_EDGE ( 'NONE', *, *, #1566, .T. ) ;
#610 = VECTOR ( 'NONE', #1547, 1000.000000000000000 ) ;
#611 = FACE_OUTER_BOUND ( 'NONE', #344, .T. ) ;
#612 = SURFACE_STYLE_USAGE ( .BOTH. , #1000 ) ;
#613 = CARTESIAN_POINT ( 'NONE',  ( -2.369999999999999700, 0.3100000000000172100, -2.853184897539804400 ) ) ;
#614 = EDGE_LOOP ( 'NONE', ( #422, #512, #1217, #1063 ) ) ;
#615 = VERTEX_POINT ( 'NONE', #588 ) ;
#616 = APPLICATION_PROTOCOL_DEFINITION ( 'draft international standard', 'automotive_design', 1998, #1510 ) ;
#617 = DIRECTION ( 'NONE',  ( 0.0000000000000000000, -0.0000000000000000000, -1.000000000000000000 ) ) ;
#618 = PLANE ( 'NONE',  #684 ) ;
#619 = DIRECTION ( 'NONE',  ( -0.0000000000000000000, -0.0000000000000000000, -1.000000000000000000 ) ) ;
#620 = ORIENTED_EDGE ( 'NONE', *, *, #1105, .F. ) ;
#621 = CARTESIAN_POINT ( 'NONE',  ( -2.829999999999999600, 0.0000000000000000000, 1.500000000000000000 ) ) ;
#622 = DIRECTION ( 'NONE',  ( -1.051572936316229900E-015, -1.000000000000000000, 0.0000000000000000000 ) ) ;
#623 = LINE ( 'NONE', #1374, #354 ) ;
#624 = DIRECTION ( 'NONE',  ( -0.9990482215818578000, 0.04361938736533606900, 0.0000000000000000000 ) ) ;
#625 = VECTOR ( 'NONE', #723, 1000.000000000000000 ) ;
#626 = DIRECTION ( 'NONE',  ( -1.000000000000000000, 0.0000000000000000000, 0.0000000000000000000 ) ) ;
#627 = CARTESIAN_POINT ( 'NONE',  ( -3.278051137026357900, 0.3496463688517173500, 2.853184897539803500 ) ) ;
#628 = VECTOR ( 'NONE', #783, 1000.000000000000000 ) ;
#629 = CARTESIAN_POINT ( 'NONE',  ( 3.640000000000000600, 0.3299999999999999000, 1.500000000000000000 ) ) ;
#630 = EDGE_CURVE ( 'NONE', #1534, #744, #1261, .T. ) ;
#631 = ORIENTED_EDGE ( 'NONE', *, *, #1257, .T. ) ;
#632 = ORIENTED_EDGE ( 'NONE', *, *, #534, .F. ) ;
#633 = VECTOR ( 'NONE', #1388, 1000.000000000000000 ) ;
#634 = ORIENTED_EDGE ( 'NONE', *, *, #468, .F. ) ;
#635 = DIRECTION ( 'NONE',  ( -1.000000000000000000, 0.0000000000000000000, 0.0000000000000000000 ) ) ;
#636 =( NAMED_UNIT ( * ) PLANE_ANGLE_UNIT ( ) SI_UNIT ( $, .RADIAN. ) );
#637 = CARTESIAN_POINT ( 'NONE',  ( -2.369999999999999700, 0.3099999999999997200, 2.853184897539803500 ) ) ;
#638 = EDGE_LOOP ( 'NONE', ( #1263, #290, #1358, #688 ) ) ;
#639 = CARTESIAN_POINT ( 'NONE',  ( -2.829999999999999600, 0.2300000000000000100, 1.500000000000000000 ) ) ;
#640 = ORIENTED_EDGE ( 'NONE', *, *, #309, .T. ) ;
#641 = DIRECTION ( 'NONE',  ( 1.000000000000000000, 0.0000000000000000000, -0.0000000000000000000 ) ) ;
#642 = VECTOR ( 'NONE', #380, 1000.000000000000000 ) ;
#643 = DIRECTION ( 'NONE',  ( 0.0000000000000000000, 0.9961946980917455500, -0.08715574274765836000 ) ) ;
#644 =( LENGTH_UNIT ( ) NAMED_UNIT ( * ) SI_UNIT ( .MILLI., .METRE. ) );
#645 = ORIENTED_EDGE ( 'NONE', *, *, #1490, .T. ) ;
#646 = VERTEX_POINT ( 'NONE', #709 ) ;
#647 = LINE ( 'NONE', #1624, #562 ) ;
#648 = VECTOR ( 'NONE', #323, 1000.000000000000100 ) ;
#649 = FACE_OUTER_BOUND ( 'NONE', #1148, .T. ) ;
#650 = EDGE_CURVE ( 'NONE', #902, #440, #1474, .T. ) ;
#651 = DIRECTION ( 'NONE',  ( 0.0000000000000000000, 1.000000000000000000, 0.0000000000000000000 ) ) ;
#652 = DIRECTION ( 'NONE',  ( -0.0000000000000000000, -0.0000000000000000000, -1.000000000000000000 ) ) ;
#653 = EDGE_CURVE ( 'NONE', #1076, #1330, #1611, .T. ) ;
#654 = UNCERTAINTY_MEASURE_WITH_UNIT (LENGTH_MEASURE( 1.000000000000000100E-005 ), #644, 'distance_accuracy_value', 'NONE');
#655 = EDGE_LOOP ( 'NONE', ( #231, #940, #186, #58 ) ) ;
#656 = ORIENTED_EDGE ( 'NONE', *, *, #46, .T. ) ;
#657 = DIRECTION ( 'NONE',  ( -0.0000000000000000000, -0.0000000000000000000, -1.000000000000000000 ) ) ;
#658 = AXIS2_PLACEMENT_3D ( 'NONE', #1384, #863, #1272 ) ;
#659 = EDGE_CURVE ( 'NONE', #1405, #35, #812, .T. ) ;
#660 = DIRECTION ( 'NONE',  ( 0.0000000000000000000, 0.9961946980917454300, 0.08715574274765873500 ) ) ;
#661 = LINE ( 'NONE', #1311, #1278 ) ;
#662 = LINE ( 'NONE', #1014, #1495 ) ;
#663 = LINE ( 'NONE', #1588, #268 ) ;
#664 = SURFACE_SIDE_STYLE ('',( #700 ) ) ;
#665 = LINE ( 'NONE', #530, #1056 ) ;
#666 = CARTESIAN_POINT ( 'NONE',  ( -2.578051137026356800, 2.569999999999999400, -2.952500000000000100 ) ) ;
#667 = VECTOR ( 'NONE', #979, 1000.000000000000000 ) ;
#668 = FACE_OUTER_BOUND ( 'NONE', #759, .T. ) ;
#669 = ORIENTED_EDGE ( 'NONE', *, *, #787, .T. ) ;
#670 = PRESENTATION_LAYER_ASSIGNMENT (  '', '', ( #1528 ) ) ;
#671 = DIRECTION ( 'NONE',  ( 0.0000000000000000000, 1.000000000000000000, -0.0000000000000000000 ) ) ;
#672 = CARTESIAN_POINT ( 'NONE',  ( -1.878051137026357700, 2.569999999999999400, 2.857559330716100500 ) ) ;
#673 = EDGE_LOOP ( 'NONE', ( #620, #1208, #1001, #1436 ) ) ;
#674 = EDGE_CURVE ( 'NONE', #276, #761, #602, .T. ) ;
#675 = VERTEX_POINT ( 'NONE', #180 ) ;
#676 = FACE_OUTER_BOUND ( 'NONE', #673, .T. ) ;
#677 = ADVANCED_FACE ( 'NONE', ( #556 ), #960, .F. ) ;
#678 = DIRECTION ( 'NONE',  ( -0.0000000000000000000, -0.0000000000000000000, -1.000000000000000000 ) ) ;
#679 = ORIENTED_EDGE ( 'NONE', *, *, #1290, .F. ) ;
#680 = ORIENTED_EDGE ( 'NONE', *, *, #1602, .F. ) ;
#681 = LINE ( 'NONE', #738, #547 ) ;
#682 = LINE ( 'NONE', #785, #122 ) ;
#683 = CARTESIAN_POINT ( 'NONE',  ( -3.640000000000000600, 1.154823184425858500, 1.500000000000000000 ) ) ;
#684 = AXIS2_PLACEMENT_3D ( 'NONE', #499, #864, #92 ) ;
#685 = LINE ( 'NONE', #37, #176 ) ;
#686 = CARTESIAN_POINT ( 'NONE',  ( 3.640000000000000600, 0.0000000000000000000, -1.500000000000000000 ) ) ;
#687 = EDGE_CURVE ( 'NONE', #1452, #1373, #210, .T. ) ;
#688 = ORIENTED_EDGE ( 'NONE', *, *, #1523, .F. ) ;
#689 = DIRECTION ( 'NONE',  ( -0.0000000000000000000, -1.000000000000000000, -0.0000000000000000000 ) ) ;
#690 = ADVANCED_FACE ( 'NONE', ( #250 ), #1430, .F. ) ;
#691 = FILL_AREA_STYLE_COLOUR ( '', #123 ) ;
#692 = DIRECTION ( 'NONE',  ( -0.9914448613738103800, 0.1305261922200518200, 0.0000000000000000000 ) ) ;
#693 = LINE ( 'NONE', #90, #371 ) ;
#694 = CARTESIAN_POINT ( 'NONE',  ( -3.640000000000000600, 1.254823184425858600, 1.500000000000000000 ) ) ;
#695 = VECTOR ( 'NONE', #1458, 1000.000000000000000 ) ;
#696 = EDGE_CURVE ( 'NONE', #179, #773, #661, .T. ) ;
#697 = VECTOR ( 'NONE', #147, 1000.000000000000100 ) ;
#698 = VECTOR ( 'NONE', #1486, 1000.000000000000100 ) ;
#699 = DIRECTION ( 'NONE',  ( 1.000000000000000000, -0.0000000000000000000, -0.0000000000000000000 ) ) ;
#700 = SURFACE_STYLE_FILL_AREA ( #31 ) ;
#701 = FILL_AREA_STYLE ('',( #606 ) ) ;
#702 = CIRCLE ( 'NONE', #241, 0.3300000000000000200 ) ;
#703 = ADVANCED_FACE ( 'NONE', ( #93 ), #1563, .F. ) ;
#704 = EDGE_LOOP ( 'NONE', ( #564, #1415, #1540, #447, #1499, #1549, #1055, #1571 ) ) ;
#705 = DIRECTION ( 'NONE',  ( -1.338521200599387000E-016, -1.000000000000000000, 0.0000000000000000000 ) ) ;
#706 = PRESENTATION_LAYER_ASSIGNMENT (  '', '', ( #851 ) ) ;
#707 = AXIS2_PLACEMENT_3D ( 'NONE', #1349, #1130, #1472 ) ;
#708 = EDGE_CURVE ( 'NONE', #607, #1076, #450, .T. ) ;
#709 = CARTESIAN_POINT ( 'NONE',  ( -1.878051137026357700, 2.620000000000000100, 2.853184897539804000 ) ) ;
#710 = ADVANCED_FACE ( 'NONE', ( #427 ), #813, .F. ) ;
#711 = CARTESIAN_POINT ( 'NONE',  ( -3.640000000000000600, 0.3299999999999999000, 1.500000000000000000 ) ) ;
#712 = ORIENTED_EDGE ( 'NONE', *, *, #1257, .F. ) ;
#713 = UNCERTAINTY_MEASURE_WITH_UNIT (LENGTH_MEASURE( 1.000000000000000100E-005 ), #464, 'distance_accuracy_value', 'NONE');
#714 = CARTESIAN_POINT ( 'NONE',  ( -3.640000000000000600, 0.3299999999999999000, -1.500000000000000000 ) ) ;
#715 = CARTESIAN_POINT ( 'NONE',  ( 3.740000000000000200, 0.3299999999999999000, 1.500000000000000000 ) ) ;
#716 = VECTOR ( 'NONE', #328, 1000.000000000000000 ) ;
#717 = ORIENTED_EDGE ( 'NONE', *, *, #1030, .F. ) ;
#718 = EDGE_LOOP ( 'NONE', ( #914, #129, #156, #789 ) ) ;
#719 = CIRCLE ( 'NONE', #1403, 0.3299999999999995700 ) ;
#720 = DIRECTION ( 'NONE',  ( 0.0000000000000000000, -1.000000000000000000, 0.0000000000000000000 ) ) ;
#721 = VECTOR ( 'NONE', #14, 1000.000000000000000 ) ;
#722 = DIRECTION ( 'NONE',  ( -1.000000000000000000, 0.0000000000000000000, 0.0000000000000000000 ) ) ;
#723 = DIRECTION ( 'NONE',  ( 0.0000000000000000000, -1.000000000000000000, -2.957324292377956600E-015 ) ) ;
#724 = DIRECTION ( 'NONE',  ( -0.0000000000000000000, -0.0000000000000000000, -1.000000000000000000 ) ) ;
#725 = VERTEX_POINT ( 'NONE', #319 ) ;
#726 = DIRECTION ( 'NONE',  ( -1.000000000000000000, 1.020425574104004200E-015, 0.0000000000000000000 ) ) ;
#727 = EDGE_CURVE ( 'NONE', #1286, #527, #834, .T. ) ;
#728 = CARTESIAN_POINT ( 'NONE',  ( 0.0000000000000000000, 0.0000000000000000000, 0.0000000000000000000 ) ) ;
#729 = SURFACE_SIDE_STYLE ('',( #1493 ) ) ;
#730 = CARTESIAN_POINT ( 'NONE',  ( 3.640000000000000600, 1.254823184425858600, 1.500000000000000000 ) ) ;
#731 = CIRCLE ( 'NONE', #538, 0.09999999999999982500 ) ;
#732 = AXIS2_PLACEMENT_3D ( 'NONE', #330, #1193, #831 ) ;
#733 = EDGE_CURVE ( 'NONE', #1424, #440, #877, .T. ) ;
#734 = VECTOR ( 'NONE', #1344, 1000.000000000000000 ) ;
#735 = APPLICATION_PROTOCOL_DEFINITION ( 'draft international standard', 'automotive_design', 1998, #133 ) ;
#736 = ORIENTED_EDGE ( 'NONE', *, *, #650, .T. ) ;
#737 = DIRECTION ( 'NONE',  ( 0.0000000000000000000, 0.9961946980917455500, -0.08715574274765836000 ) ) ;
#738 = CARTESIAN_POINT ( 'NONE',  ( -3.640000000000000600, 0.0000000000000000000, 1.500000000000000000 ) ) ;
#739 = CARTESIAN_POINT ( 'NONE',  ( 3.640000000000000600, 1.154823184425858500, 1.500000000000000000 ) ) ;
#740 = LINE ( 'NONE', #627, #8 ) ;
#741 = ORIENTED_EDGE ( 'NONE', *, *, #1137, .T. ) ;
#742 = VECTOR ( 'NONE', #578, 1000.000000000000000 ) ;
#743 = LINE ( 'NONE', #303, #1362 ) ;
#744 = VERTEX_POINT ( 'NONE', #346 ) ;
#745 = PLANE ( 'NONE',  #218 ) ;
#746 = DIRECTION ( 'NONE',  ( -0.0000000000000000000, -0.0000000000000000000, -1.000000000000000000 ) ) ;
#747 = ORIENTED_EDGE ( 'NONE', *, *, #1271, .T. ) ;
#748 = DIRECTION ( 'NONE',  ( -0.0000000000000000000, -0.0000000000000000000, -1.000000000000000000 ) ) ;
#749 = CARTESIAN_POINT ( 'NONE',  ( 2.829999999999999600, 0.0000000000000000000, 1.500000000000000000 ) ) ;
#750 = CARTESIAN_POINT ( 'NONE',  ( -3.427500000000000200, 1.484823184425858600, 2.952500000000000100 ) ) ;
#751 = ORIENTED_EDGE ( 'NONE', *, *, #178, .F. ) ;
#752 = ORIENTED_EDGE ( 'NONE', *, *, #1457, .F. ) ;
#753 = ORIENTED_EDGE ( 'NONE', *, *, #1602, .T. ) ;
#754 = CARTESIAN_POINT ( 'NONE',  ( -1.878051137026357700, 2.620000000000000100, -2.853184897539804000 ) ) ;
#755 = DIRECTION ( 'NONE',  ( 0.0000000000000000000, 1.000000000000000000, 0.0000000000000000000 ) ) ;
#756 = LINE ( 'NONE', #1243, #390 ) ;
#757 = ORIENTED_EDGE ( 'NONE', *, *, #1484, .T. ) ;
#758 = AXIS2_PLACEMENT_3D ( 'NONE', #50, #805, #167 ) ;
#759 = EDGE_LOOP ( 'NONE', ( #753, #257, #884, #1292 ) ) ;
#760 = EDGE_CURVE ( 'NONE', #1258, #488, #1455, .T. ) ;
#761 = VERTEX_POINT ( 'NONE', #1473 ) ;
#762 = FACE_OUTER_BOUND ( 'NONE', #462, .T. ) ;
#763 = CARTESIAN_POINT ( 'NONE',  ( -3.427500000000000200, 1.484823184425858600, 2.952500000000000100 ) ) ;
#764 = FACE_OUTER_BOUND ( 'NONE', #535, .T. ) ;
#765 = CARTESIAN_POINT ( 'NONE',  ( 3.640000000000000600, 0.0000000000000000000, -1.500000000000000000 ) ) ;
#766 = ORIENTED_EDGE ( 'NONE', *, *, #1147, .T. ) ;
#767 = AXIS2_PLACEMENT_3D ( 'NONE', #763, #251, #643 ) ;
#768 = UNCERTAINTY_MEASURE_WITH_UNIT (LENGTH_MEASURE( 1.000000000000000100E-005 ), #790, 'distance_accuracy_value', 'NONE');
#769 = CARTESIAN_POINT ( 'NONE',  ( -2.829999999999999600, 0.0000000000000000000, 1.500000000000000000 ) ) ;
#770 = AXIS2_PLACEMENT_3D ( 'NONE', #711, #591, #948 ) ;
#771 = EDGE_CURVE ( 'NONE', #1286, #1531, #1576, .T. ) ;
#772 = ORIENTED_EDGE ( 'NONE', *, *, #1574, .T. ) ;
#773 = VERTEX_POINT ( 'NONE', #1223 ) ;
#774 = PLANE ( 'NONE',  #567 ) ;
#775 = CARTESIAN_POINT ( 'NONE',  ( -3.427500000000000200, 0.2030000000000000100, 2.853184897539804000 ) ) ;
#776 =( GEOMETRIC_REPRESENTATION_CONTEXT ( 3 ) GLOBAL_UNCERTAINTY_ASSIGNED_CONTEXT ( ( #768 ) ) GLOBAL_UNIT_ASSIGNED_CONTEXT ( ( #790, #1545, #27 ) ) REPRESENTATION_CONTEXT ( 'NONE', 'WORKASPACE' ) );
#777 = DIRECTION ( 'NONE',  ( -0.0000000000000000000, 0.0000000000000000000, -1.000000000000000000 ) ) ;
#778 = LINE ( 'NONE', #370, #1189 ) ;
#779 = DIRECTION ( 'NONE',  ( -0.0000000000000000000, -0.0000000000000000000, -1.000000000000000000 ) ) ;
#780 = ORIENTED_EDGE ( 'NONE', *, *, #185, .F. ) ;
#781 = ORIENTED_EDGE ( 'NONE', *, *, #242, .T. ) ;
#782 = VECTOR ( 'NONE', #1103, 1000.000000000000000 ) ;
#783 = DIRECTION ( 'NONE',  ( 1.000000000000000000, -0.0000000000000000000, -0.0000000000000000000 ) ) ;
#784 = VECTOR ( 'NONE', #1445, 1000.000000000000000 ) ;
#785 = CARTESIAN_POINT ( 'NONE',  ( 3.279167172431648700, 2.611522869480315600, 2.853926550359505900 ) ) ;
#786 = CARTESIAN_POINT ( 'NONE',  ( 3.640000000000000600, 1.254823184425858600, 1.500000000000000000 ) ) ;
#787 = EDGE_CURVE ( 'NONE', #1376, #675, #580, .T. ) ;
#788 = DIRECTION ( 'NONE',  ( 0.1305261922200380000, 0.9914448613738121600, 0.0000000000000000000 ) ) ;
#789 = ORIENTED_EDGE ( 'NONE', *, *, #1379, .T. ) ;
#790 =( LENGTH_UNIT ( ) NAMED_UNIT ( * ) SI_UNIT ( .MILLI., .METRE. ) );
#791 = PRESENTATION_LAYER_ASSIGNMENT (  '', '', ( #515 ) ) ;
#792 = AXIS2_PLACEMENT_3D ( 'NONE', #1051, #1548, #1169 ) ;
#793 = EDGE_CURVE ( 'NONE', #1373, #1167, #1538, .T. ) ;
#794 = ORIENTED_EDGE ( 'NONE', *, *, #687, .T. ) ;
#795 = CARTESIAN_POINT ( 'NONE',  ( 3.397219925554902700, 1.254823184425858800, 1.500000000000000000 ) ) ;
#796 = ORIENTED_EDGE ( 'NONE', *, *, #510, .T. ) ;
#797 = CARTESIAN_POINT ( 'NONE',  ( 3.640000000000000600, 0.0000000000000000000, 1.500000000000000000 ) ) ;
#798 = ORIENTED_EDGE ( 'NONE', *, *, #443, .F. ) ;
#799 = ORIENTED_EDGE ( 'NONE', *, *, #226, .F. ) ;
#800 = ORIENTED_EDGE ( 'NONE', *, *, #569, .T. ) ;
#801 = VECTOR ( 'NONE', #746, 1000.000000000000000 ) ;
#802 = CARTESIAN_POINT ( 'NONE',  ( -2.578051137026356800, 2.569999999999999400, 2.857559330716100500 ) ) ;
#803 = PRESENTATION_STYLE_ASSIGNMENT (( #404 ) ) ;
#804 = CARTESIAN_POINT ( 'NONE',  ( -3.640000000000000600, 0.3299999999999999000, 1.500000000000000000 ) ) ;
#805 = DIRECTION ( 'NONE',  ( -0.0000000000000000000, -0.0000000000000000000, -1.000000000000000000 ) ) ;
#806 = VERTEX_POINT ( 'NONE', #74 ) ;
#807 = ADVANCED_FACE ( 'NONE', ( #153 ), #847, .F. ) ;
#808 = VERTEX_POINT ( 'NONE', #1332 ) ;
#809 = SURFACE_STYLE_USAGE ( .BOTH. , #1172 ) ;
#810 = EDGE_CURVE ( 'NONE', #1215, #1118, #542, .T. ) ;
#811 = EDGE_CURVE ( 'NONE', #440, #1235, #1240, .T. ) ;
#812 = LINE ( 'NONE', #47, #69 ) ;
#813 = PLANE ( 'NONE',  #43 ) ;
#814 = CIRCLE ( 'NONE', #1124, 0.09999999999999982500 ) ;
#815 = ORIENTED_EDGE ( 'NONE', *, *, #603, .F. ) ;
#816 = ADVANCED_FACE ( 'NONE', ( #910 ), #1591, .F. ) ;
#817 = ORIENTED_EDGE ( 'NONE', *, *, #1419, .T. ) ;
#818 = LINE ( 'NONE', #473, #240 ) ;
#819 = VECTOR ( 'NONE', #1343, 1000.000000000000100 ) ;
#820 = AXIS2_PLACEMENT_3D ( 'NONE', #959, #191, #1070 ) ;
#821 = CARTESIAN_POINT ( 'NONE',  ( 3.640000000000000600, 0.3299999999999999000, 1.500000000000000000 ) ) ;
#822 = PRESENTATION_LAYER_ASSIGNMENT (  '', '', ( #1232 ) ) ;
#823 = EDGE_CURVE ( 'NONE', #1256, #1339, #1190, .T. ) ;
#824 =( LENGTH_UNIT ( ) NAMED_UNIT ( * ) SI_UNIT ( .MILLI., .METRE. ) );
#825 = EDGE_LOOP ( 'NONE', ( #332, #1546, #1471, #1077 ) ) ;
#826 = ADVANCED_FACE ( 'NONE', ( #1411 ), #981, .F. ) ;
#827 = CARTESIAN_POINT ( 'NONE',  ( -3.427500000000000200, 0.3496463688517173500, -2.853184897539803500 ) ) ;
#828 = CARTESIAN_POINT ( 'NONE',  ( -3.640000000000000600, 0.2299999999999999000, 1.500000000000000000 ) ) ;
#829 = ORIENTED_EDGE ( 'NONE', *, *, #24, .F. ) ;
#830 = ORIENTED_EDGE ( 'NONE', *, *, #1419, .F. ) ;
#831 = DIRECTION ( 'NONE',  ( -1.734723475976832700E-014, 1.000000000000000000, 0.0000000000000000000 ) ) ;
#832 = DIRECTION ( 'NONE',  ( -1.728122329423404000E-014, 0.9961946980917455500, 0.08715574274765836000 ) ) ;
#833 = CYLINDRICAL_SURFACE ( 'NONE', #1107, 0.3299999999999995700 ) ;
#834 = LINE ( 'NONE', #828, #269 ) ;
#835 = ADVANCED_FACE ( 'NONE', ( #356 ), #1609, .F. ) ;
#836 = PRESENTATION_STYLE_ASSIGNMENT (( #1228 ) ) ;
#837 = CARTESIAN_POINT ( 'NONE',  ( -2.369999999999999700, 0.2030000000000000100, 2.853184897539804000 ) ) ;
#838 = EDGE_LOOP ( 'NONE', ( #322, #496, #4, #1408 ) ) ;
#839 = DIRECTION ( 'NONE',  ( -0.0000000000000000000, 0.0000000000000000000, -1.000000000000000000 ) ) ;
#840 = CARTESIAN_POINT ( 'NONE',  ( 3.427500000000000200, 1.484823184425858600, 1.500000000000000000 ) ) ;
#841 = VERTEX_POINT ( 'NONE', #213 ) ;
#842 = LINE ( 'NONE', #228, #1003 ) ;
#843 = DIRECTION ( 'NONE',  ( 0.0000000000000000000, 0.0000000000000000000, 1.000000000000000000 ) ) ;
#844 = EDGE_CURVE ( 'NONE', #1339, #1142, #235, .T. ) ;
#845 = ORIENTED_EDGE ( 'NONE', *, *, #860, .T. ) ;
#846 = CARTESIAN_POINT ( 'NONE',  ( -3.640000000000000600, 1.254823184425858600, 1.500000000000000000 ) ) ;
#847 = PLANE ( 'NONE',  #134 ) ;
#848 = CARTESIAN_POINT ( 'NONE',  ( -1.878051137026357700, 2.620000000000000100, 2.853184897539804000 ) ) ;
#849 = ORIENTED_EDGE ( 'NONE', *, *, #13, .F. ) ;
#850 = VERTEX_POINT ( 'NONE', #114 ) ;
#851 = STYLED_ITEM ( 'NONE', ( #836 ), #465 ) ;
#852 = AXIS2_PLACEMENT_3D ( 'NONE', #1065, #125, #896 ) ;
#853 = EDGE_CURVE ( 'NONE', #118, #806, #842, .T. ) ;
#854 = DIRECTION ( 'NONE',  ( -1.020425574104004200E-015, -1.000000000000000000, 0.0000000000000000000 ) ) ;
#855 = DIRECTION ( 'NONE',  ( -0.04361938736533797800, 0.9990482215818576900, 0.0000000000000000000 ) ) ;
#856 = DIRECTION ( 'NONE',  ( -0.0000000000000000000, -0.0000000000000000000, -1.000000000000000000 ) ) ;
#857 = VERTEX_POINT ( 'NONE', #490 ) ;
#858 = ORIENTED_EDGE ( 'NONE', *, *, #13, .T. ) ;
#859 = LINE ( 'NONE', #1230, #1302 ) ;
#860 = EDGE_CURVE ( 'NONE', #1050, #1108, #681, .T. ) ;
#861 = FACE_OUTER_BOUND ( 'NONE', #1461, .T. ) ;
#862 = FACE_OUTER_BOUND ( 'NONE', #838, .T. ) ;
#863 = DIRECTION ( 'NONE',  ( 1.000000000000000000, 0.0000000000000000000, 0.0000000000000000000 ) ) ;
#864 = DIRECTION ( 'NONE',  ( -1.000000000000000000, -1.051572936316229900E-015, 0.0000000000000000000 ) ) ;
#865 = CARTESIAN_POINT ( 'NONE',  ( -2.829999999999999600, 0.2300000000000000100, 1.500000000000000000 ) ) ;
#866 = ORIENTED_EDGE ( 'NONE', *, *, #340, .F. ) ;
#867 = ORIENTED_EDGE ( 'NONE', *, *, #771, .F. ) ;
#868 = CARTESIAN_POINT ( 'NONE',  ( -3.640000000000000600, 0.2299999999999999000, -1.500000000000000000 ) ) ;
#869 = DIRECTION ( 'NONE',  ( 1.000000000000000000, 0.0000000000000000000, 0.0000000000000000000 ) ) ;
#870 = EDGE_CURVE ( 'NONE', #1477, #902, #198, .T. ) ;
#871 = ORIENTED_EDGE ( 'NONE', *, *, #1203, .T. ) ;
#872 = CARTESIAN_POINT ( 'NONE',  ( 3.640000000000000600, 1.154823184425858500, 1.500000000000000000 ) ) ;
#873 = PLANE ( 'NONE',  #1088 ) ;
#874 = MECHANICAL_DESIGN_GEOMETRIC_PRESENTATION_REPRESENTATION (  '', ( #515 ), #1034 ) ;
#875 = LINE ( 'NONE', #1488, #1357 ) ;
#876 = DIRECTION ( 'NONE',  ( 0.1300379154054280600, 0.9877360307509836000, -0.08641570524680508600 ) ) ;
#877 = LINE ( 'NONE', #1067, #502 ) ;
#878 = AXIS2_PLACEMENT_3D ( 'NONE', #81, #1204, #317 ) ;
#879 = EDGE_CURVE ( 'NONE', #21, #725, #647, .T. ) ;
#880 = DIRECTION ( 'NONE',  ( 1.000000000000000000, -0.0000000000000000000, -0.0000000000000000000 ) ) ;
#881 = ORIENTED_EDGE ( 'NONE', *, *, #444, .F. ) ;
#882 = VERTEX_POINT ( 'NONE', #498 ) ;
#883 = DIRECTION ( 'NONE',  ( -1.000000000000000000, 0.0000000000000000000, 0.0000000000000000000 ) ) ;
#884 = ORIENTED_EDGE ( 'NONE', *, *, #998, .F. ) ;
#885 = DIRECTION ( 'NONE',  ( -0.0000000000000000000, -0.0000000000000000000, -1.000000000000000000 ) ) ;
#886 = VERTEX_POINT ( 'NONE', #505 ) ;
#887 = CARTESIAN_POINT ( 'NONE',  ( -1.878051137026357700, 2.620000000000000100, -2.952500000000000100 ) ) ;
#888 = CARTESIAN_POINT ( 'NONE',  ( 3.640000000000000600, 1.154823184425858500, 1.500000000000000000 ) ) ;
#889 = SURFACE_STYLE_FILL_AREA ( #701 ) ;
#890 = CIRCLE ( 'NONE', #410, 0.09999999999999982500 ) ;
#891 = EDGE_LOOP ( 'NONE', ( #338, #1128, #454, #757 ) ) ;
#892 = ORIENTED_EDGE ( 'NONE', *, *, #324, .F. ) ;
#893 = LINE ( 'NONE', #1133, #1218 ) ;
#894 = CARTESIAN_POINT ( 'NONE',  ( -2.578051137026357700, 2.619999999999998800, -2.952500000000000100 ) ) ;
#895 = DIRECTION ( 'NONE',  ( 0.0000000000000000000, -0.0000000000000000000, 1.000000000000000000 ) ) ;
#896 = DIRECTION ( 'NONE',  ( -1.000000000000000000, 0.0000000000000000000, 0.0000000000000000000 ) ) ;
#897 = LINE ( 'NONE', #1565, #1004 ) ;
#898 = EDGE_CURVE ( 'NONE', #615, #1201, #1121, .T. ) ;
#899 = CYLINDRICAL_SURFACE ( 'NONE', #23, 0.3300000000000000200 ) ;
#900 = PLANE ( 'NONE',  #1347 ) ;
#901 = ORIENTED_EDGE ( 'NONE', *, *, #594, .T. ) ;
#902 = VERTEX_POINT ( 'NONE', #1250 ) ;
#903 =( GEOMETRIC_REPRESENTATION_CONTEXT ( 3 ) GLOBAL_UNCERTAINTY_ASSIGNED_CONTEXT ( ( #654 ) ) GLOBAL_UNIT_ASSIGNED_CONTEXT ( ( #644, #1476, #1631 ) ) REPRESENTATION_CONTEXT ( 'NONE', 'WORKASPACE' ) );
#904 = EDGE_CURVE ( 'NONE', #1534, #1594, #719, .T. ) ;
#905 = DIRECTION ( 'NONE',  ( -1.000000000000000000, 0.0000000000000000000, 0.0000000000000000000 ) ) ;
#906 = CARTESIAN_POINT ( 'NONE',  ( 3.640000000000000600, 0.0000000000000000000, 1.500000000000000000 ) ) ;
#907 = ORIENTED_EDGE ( 'NONE', *, *, #1379, .F. ) ;
#908 = CARTESIAN_POINT ( 'NONE',  ( 2.829999999999999600, 0.2300000000000000100, 1.500000000000000000 ) ) ;
#909 = EDGE_LOOP ( 'NONE', ( #780, #431, #972, #995 ) ) ;
#910 = FACE_OUTER_BOUND ( 'NONE', #1196, .T. ) ;
#911 = CARTESIAN_POINT ( 'NONE',  ( -3.279167172431648700, 2.611522869480315600, 2.853926550359505900 ) ) ;
#912 = DIRECTION ( 'NONE',  ( -1.000000000000000000, 0.0000000000000000000, 0.0000000000000000000 ) ) ;
#913 = FACE_OUTER_BOUND ( 'NONE', #916, .T. ) ;
#914 = ORIENTED_EDGE ( 'NONE', *, *, #534, .T. ) ;
#915 = PRODUCT_RELATED_PRODUCT_CATEGORY ( 'part', '', ( #1385 ) ) ;
#916 = EDGE_LOOP ( 'NONE', ( #119, #54, #1300, #412 ) ) ;
#917 = FACE_OUTER_BOUND ( 'NONE', #545, .T. ) ;
#918 = ORIENTED_EDGE ( 'NONE', *, *, #870, .F. ) ;
#919 = DIRECTION ( 'NONE',  ( 0.1300379154054280600, 0.9877360307509837100, -0.08641570524680471100 ) ) ;
#920 = DIRECTION ( 'NONE',  ( -1.000000000000000000, 0.0000000000000000000, 0.0000000000000000000 ) ) ;
#921 = AXIS2_PLACEMENT_3D ( 'NONE', #846, #1325, #962 ) ;
#922 = ORIENTED_EDGE ( 'NONE', *, *, #236, .F. ) ;
#923 = ORIENTED_EDGE ( 'NONE', *, *, #1203, .F. ) ;
#924 = CARTESIAN_POINT ( 'NONE',  ( -3.640000000000000600, 1.254823184425858600, -1.500000000000000000 ) ) ;
#925 = ORIENTED_EDGE ( 'NONE', *, *, #1353, .F. ) ;
#926 = DIRECTION ( 'NONE',  ( -1.000000000000000000, 0.0000000000000000000, 0.0000000000000000000 ) ) ;
#927 = VECTOR ( 'NONE', #1575, 1000.000000000000000 ) ;
#928 = ADVANCED_FACE ( 'NONE', ( #339 ), #1212, .F. ) ;
#929 = CARTESIAN_POINT ( 'NONE',  ( -1.878051137026357700, 3.074453107457798300, 2.813425402533118500 ) ) ;
#930 = AXIS2_PLACEMENT_3D ( 'NONE', #470, #1350, #1478 ) ;
#931 = ORIENTED_EDGE ( 'NONE', *, *, #80, .F. ) ;
#932 = ORIENTED_EDGE ( 'NONE', *, *, #208, .T. ) ;
#933 = VECTOR ( 'NONE', #1013, 1000.000000000000000 ) ;
#934 =( GEOMETRIC_REPRESENTATION_CONTEXT ( 3 ) GLOBAL_UNCERTAINTY_ASSIGNED_CONTEXT ( ( #713 ) ) GLOBAL_UNIT_ASSIGNED_CONTEXT ( ( #464, #1383, #469 ) ) REPRESENTATION_CONTEXT ( 'NONE', 'WORKASPACE' ) );
#935 = EDGE_CURVE ( 'NONE', #214, #255, #291, .T. ) ;
#936 = DIRECTION ( 'NONE',  ( -1.000000000000000000, 0.0000000000000000000, 0.0000000000000000000 ) ) ;
#937 = LINE ( 'NONE', #1589, #784 ) ;
#938 = ADVANCED_FACE ( 'NONE', ( #973 ), #618, .F. ) ;
#939 = EDGE_CURVE ( 'NONE', #1531, #276, #478, .T. ) ;
#940 = ORIENTED_EDGE ( 'NONE', *, *, #1429, .T. ) ;
#941 = ORIENTED_EDGE ( 'NONE', *, *, #406, .T. ) ;
#942 = CARTESIAN_POINT ( 'NONE',  ( -2.578051137026356800, 2.569999999999999400, -2.857559330716100500 ) ) ;
#943 = SURFACE_STYLE_USAGE ( .BOTH. , #286 ) ;
#944 = DIRECTION ( 'NONE',  ( -0.1305261922200380000, 0.9914448613738121600, 0.0000000000000000000 ) ) ;
#945 = ORIENTED_EDGE ( 'NONE', *, *, #1276, .T. ) ;
#946 = EDGE_CURVE ( 'NONE', #1594, #1470, #141, .T. ) ;
#947 = VECTOR ( 'NONE', #305, 1000.000000000000000 ) ;
#948 = DIRECTION ( 'NONE',  ( 1.000000000000000000, 0.0000000000000000000, 0.0000000000000000000 ) ) ;
#949 = DIRECTION ( 'NONE',  ( -0.1305261922200380000, -0.9914448613738121600, -0.0000000000000000000 ) ) ;
#950 = ORIENTED_EDGE ( 'NONE', *, *, #810, .T. ) ;
#951 = AXIS2_PLACEMENT_3D ( 'NONE', #1222, #1580, #592 ) ;
#952 = ORIENTED_EDGE ( 'NONE', *, *, #137, .F. ) ;
#953 = VECTOR ( 'NONE', #574, 1000.000000000000000 ) ;
#954 = VERTEX_POINT ( 'NONE', #848 ) ;
#955 = ADVANCED_FACE ( 'NONE', ( #157 ), #873, .F. ) ;
#956 = DIRECTION ( 'NONE',  ( 1.000000000000000000, -0.0000000000000000000, -0.0000000000000000000 ) ) ;
#957 = AXIS2_PLACEMENT_3D ( 'NONE', #775, #85, #1220 ) ;
#958 = EDGE_CURVE ( 'NONE', #1127, #841, #1416, .T. ) ;
#959 = CARTESIAN_POINT ( 'NONE',  ( -3.640000000000000600, 1.154823184425858500, 1.500000000000000000 ) ) ;
#960 = PLANE ( 'NONE',  #1202 ) ;
#961 = EDGE_LOOP ( 'NONE', ( #1399, #1095, #108, #396 ) ) ;
#962 = DIRECTION ( 'NONE',  ( -1.000000000000000000, -8.931558118709495600E-016, 0.0000000000000000000 ) ) ;
#963 = PLANE ( 'NONE',  #1346 ) ;
#964 = DIRECTION ( 'NONE',  ( 0.0000000000000000000, 0.0000000000000000000, -1.000000000000000000 ) ) ;
#965 = ADVANCED_FACE ( 'NONE', ( #1463 ), #491, .F. ) ;
#966 = ORIENTED_EDGE ( 'NONE', *, *, #1089, .T. ) ;
#967 = ORIENTED_EDGE ( 'NONE', *, *, #137, .T. ) ;
#968 = CARTESIAN_POINT ( 'NONE',  ( -3.361143636214509300, 0.9807965612967288700, -2.908403384360947800 ) ) ;
#969 = DIRECTION ( 'NONE',  ( 0.0000000000000000000, -0.9961946980917455500, -0.08715574274765836000 ) ) ;
#970 = PLANE ( 'NONE',  #732 ) ;
#971 = ORIENTED_EDGE ( 'NONE', *, *, #249, .T. ) ;
#972 = ORIENTED_EDGE ( 'NONE', *, *, #1026, .T. ) ;
#973 = FACE_OUTER_BOUND ( 'NONE', #1410, .T. ) ;
#974 = LINE ( 'NONE', #1375, #417 ) ;
#975 = PLANE ( 'NONE',  #386 ) ;
#976 = ORIENTED_EDGE ( 'NONE', *, *, #853, .T. ) ;
#977 = EDGE_CURVE ( 'NONE', #214, #954, #1437, .T. ) ;
#978 = ORIENTED_EDGE ( 'NONE', *, *, #383, .T. ) ;
#979 = DIRECTION ( 'NONE',  ( 0.0000000000000000000, -1.000000000000000000, 2.957324292377956600E-015 ) ) ;
#980 = DIRECTION ( 'NONE',  ( 0.0000000000000000000, 0.08715574274765874900, 0.9961946980917455500 ) ) ;
#981 = PLANE ( 'NONE',  #162 ) ;
#982 = AXIS2_PLACEMENT_3D ( 'NONE', #1459, #936, #429 ) ;
#983 = DIRECTION ( 'NONE',  ( -0.0000000000000000000, -0.0000000000000000000, -1.000000000000000000 ) ) ;
#984 = EDGE_CURVE ( 'NONE', #841, #725, #172, .T. ) ;
#985 = DIRECTION ( 'NONE',  ( 1.000000000000000000, -0.0000000000000000000, -0.0000000000000000000 ) ) ;
#986 = CARTESIAN_POINT ( 'NONE',  ( 3.640000000000000600, 1.484823184425858800, 1.500000000000000000 ) ) ;
#987 = LINE ( 'NONE', #1106, #628 ) ;
#988 = DIRECTION ( 'NONE',  ( 0.0000000000000000000, 1.000000000000000000, 2.957324292377956600E-015 ) ) ;
#989 = LINE ( 'NONE', #20, #358 ) ;
#990 = ORIENTED_EDGE ( 'NONE', *, *, #178, .T. ) ;
#991 = LINE ( 'NONE', #929, #1039 ) ;
#992 = FACE_OUTER_BOUND ( 'NONE', #1446, .T. ) ;
#993 = DIRECTION ( 'NONE',  ( 0.0000000000000000000, -0.9961946980917454300, 0.08715574274765873500 ) ) ;
#994 = DIRECTION ( 'NONE',  ( -0.0000000000000000000, -0.0000000000000000000, -1.000000000000000000 ) ) ;
#995 = ORIENTED_EDGE ( 'NONE', *, *, #1523, .T. ) ;
#996 = ORIENTED_EDGE ( 'NONE', *, *, #1059, .T. ) ;
#997 = COLOUR_RGB ( '',0.7921568627450980000, 0.8196078431372548800, 0.9333333333333333500 ) ;
#998 = EDGE_CURVE ( 'NONE', #171, #1559, #1481, .T. ) ;
#999 = DIRECTION ( 'NONE',  ( 1.000000000000000000, 1.858632295689436000E-015, 0.0000000000000000000 ) ) ;
#1000 = SURFACE_SIDE_STYLE ('',( #1553 ) ) ;
#1001 = ORIENTED_EDGE ( 'NONE', *, *, #152, .F. ) ;
#1002 = ORIENTED_EDGE ( 'NONE', *, *, #152, .T. ) ;
#1003 = VECTOR ( 'NONE', #622, 1000.000000000000000 ) ;
#1004 = VECTOR ( 'NONE', #181, 1000.000000000000000 ) ;
#1005 = VECTOR ( 'NONE', #368, 1000.000000000000000 ) ;
#1006 = PLANE ( 'NONE',  #767 ) ;
#1007 = CARTESIAN_POINT ( 'NONE',  ( 3.427500000000000200, 1.484823184425858600, 1.500000000000000000 ) ) ;
#1008 = CARTESIAN_POINT ( 'NONE',  ( 3.427500000000000200, 1.484823184425858600, 2.952500000000000100 ) ) ;
#1009 = AXIS2_PLACEMENT_3D ( 'NONE', #66, #1465, #70 ) ;
#1010 = EDGE_CURVE ( 'NONE', #1258, #1390, #76, .T. ) ;
#1011 = ORIENTED_EDGE ( 'NONE', *, *, #557, .T. ) ;
#1012 = DIRECTION ( 'NONE',  ( 1.734723475976832700E-014, -1.000000000000000000, 0.0000000000000000000 ) ) ;
#1013 = DIRECTION ( 'NONE',  ( -0.0000000000000000000, -0.0000000000000000000, 1.000000000000000000 ) ) ;
#1014 = CARTESIAN_POINT ( 'NONE',  ( -3.427500000000000200, 1.484823184425858600, -1.500000000000000000 ) ) ;
#1015 = AXIS2_PLACEMENT_3D ( 'NONE', #196, #460, #463 ) ;
#1016 = CARTESIAN_POINT ( 'NONE',  ( 3.640000000000000600, 1.154823184425858500, 1.500000000000000000 ) ) ;
#1017 = CARTESIAN_POINT ( 'NONE',  ( 2.369999999999999700, 0.3099999999999982800, 2.853184897539803500 ) ) ;
#1018 = PLANE ( 'NONE',  #1627 ) ;
#1019 = LINE ( 'NONE', #1509, #1431 ) ;
#1020 = LINE ( 'NONE', #202, #695 ) ;
#1021 = DIRECTION ( 'NONE',  ( -0.0000000000000000000, -0.0000000000000000000, -1.000000000000000000 ) ) ;
#1022 = VECTOR ( 'NONE', #237, 1000.000000000000000 ) ;
#1023 = CARTESIAN_POINT ( 'NONE',  ( 3.427500000000000200, 1.484823184425858600, -2.952500000000000100 ) ) ;
#1024 = VECTOR ( 'NONE', #1512, 1000.000000000000000 ) ;
#1025 = LINE ( 'NONE', #1031, #377 ) ;
#1026 = EDGE_CURVE ( 'NONE', #773, #479, #1520, .T. ) ;
#1027 = LINE ( 'NONE', #1074, #1342 ) ;
#1028 = ORIENTED_EDGE ( 'NONE', *, *, #1371, .T. ) ;
#1029 = DIRECTION ( 'NONE',  ( 1.000000000000000000, 0.0000000000000000000, 0.0000000000000000000 ) ) ;
#1030 = EDGE_CURVE ( 'NONE', #434, #1255, #608, .T. ) ;
#1031 = CARTESIAN_POINT ( 'NONE',  ( -3.427500000000000200, 2.620000000000000100, 2.853184897539804000 ) ) ;
#1032 = ORIENTED_EDGE ( 'NONE', *, *, #2, .T. ) ;
#1033 = FILL_AREA_STYLE_COLOUR ( '', #7 ) ;
#1034 =( GEOMETRIC_REPRESENTATION_CONTEXT ( 3 ) GLOBAL_UNCERTAINTY_ASSIGNED_CONTEXT ( ( #166 ) ) GLOBAL_UNIT_ASSIGNED_CONTEXT ( ( #824, #1555, #1451 ) ) REPRESENTATION_CONTEXT ( 'NONE', 'WORKASPACE' ) );
#1035 = CARTESIAN_POINT ( 'NONE',  ( 2.829999999999999600, 0.0000000000000000000, -1.500000000000000000 ) ) ;
#1036 = ORIENTED_EDGE ( 'NONE', *, *, #164, .F. ) ;
#1037 = ORIENTED_EDGE ( 'NONE', *, *, #823, .T. ) ;
#1038 = VECTOR ( 'NONE', #1280, 1000.000000000000000 ) ;
#1039 = VECTOR ( 'NONE', #1443, 1000.000000000000100 ) ;
#1040 = DIRECTION ( 'NONE',  ( -1.000000000000000000, 0.0000000000000000000, 0.0000000000000000000 ) ) ;
#1041 = ADVANCED_FACE ( 'NONE', ( #277 ), #1503, .F. ) ;
#1042 = CARTESIAN_POINT ( 'NONE',  ( -2.578051137026357200, 2.620000000000000100, 2.853184897539804000 ) ) ;
#1043 = UNCERTAINTY_MEASURE_WITH_UNIT (LENGTH_MEASURE( 1.000000000000000100E-005 ), #1122, 'distance_accuracy_value', 'NONE');
#1044 = ORIENTED_EDGE ( 'NONE', *, *, #946, .T. ) ;
#1045 = PLANE ( 'NONE',  #1573 ) ;
#1046 = ADVANCED_FACE ( 'NONE', ( #414 ), #1526, .F. ) ;
#1047 = ORIENTED_EDGE ( 'NONE', *, *, #1233, .F. ) ;
#1048 = DIRECTION ( 'NONE',  ( -1.000000000000000000, 0.0000000000000000000, 0.0000000000000000000 ) ) ;
#1049 = EDGE_CURVE ( 'NONE', #1618, #170, #1378, .T. ) ;
#1050 = VERTEX_POINT ( 'NONE', #1409 ) ;
#1051 = CARTESIAN_POINT ( 'NONE',  ( -3.969999999999999800, 1.154823184425858500, 1.500000000000000000 ) ) ;
#1052 = FACE_OUTER_BOUND ( 'NONE', #1064, .T. ) ;
#1053 = ORIENTED_EDGE ( 'NONE', *, *, #810, .F. ) ;
#1054 = ADVANCED_FACE ( 'NONE', ( #762 ), #1536, .F. ) ;
#1055 = ORIENTED_EDGE ( 'NONE', *, *, #1112, .F. ) ;
#1056 = VECTOR ( 'NONE', #657, 1000.000000000000000 ) ;
#1057 = ORIENTED_EDGE ( 'NONE', *, *, #1348, .T. ) ;
#1058 = AXIS2_PLACEMENT_3D ( 'NONE', #1016, #1154, #28 ) ;
#1059 = EDGE_CURVE ( 'NONE', #287, #224, #1175, .T. ) ;
#1060 = VECTOR ( 'NONE', #1367, 1000.000000000000000 ) ;
#1061 = DIRECTION ( 'NONE',  ( -0.9914448613738121600, -0.1305261922200380000, 0.0000000000000000000 ) ) ;
#1062 = VECTOR ( 'NONE', #439, 1000.000000000000000 ) ;
#1063 = ORIENTED_EDGE ( 'NONE', *, *, #958, .T. ) ;
#1064 = EDGE_LOOP ( 'NONE', ( #1274, #605, #1413, #1011 ) ) ;
#1065 = CARTESIAN_POINT ( 'NONE',  ( 3.640000000000000600, 0.3299999999999999000, 1.500000000000000000 ) ) ;
#1066 = ORIENTED_EDGE ( 'NONE', *, *, #904, .T. ) ;
#1067 = CARTESIAN_POINT ( 'NONE',  ( -3.278051137026358800, 0.3496463688517174000, -2.853184897539803500 ) ) ;
#1068 = ADVANCED_FACE ( 'NONE', ( #586 ), #256, .F. ) ;
#1069 = CARTESIAN_POINT ( 'NONE',  ( 3.740000000000000200, 0.3299999999999999000, -1.500000000000000000 ) ) ;
#1070 = DIRECTION ( 'NONE',  ( -1.000000000000000000, 0.0000000000000000000, 0.0000000000000000000 ) ) ;
#1071 = DIRECTION ( 'NONE',  ( -0.1305261922200380000, 0.9914448613738121600, 0.0000000000000000000 ) ) ;
#1072 = VERTEX_POINT ( 'NONE', #18 ) ;
#1073 = ADVANCED_FACE ( 'NONE', ( #1340 ), #1407, .F. ) ;
#1074 = CARTESIAN_POINT ( 'NONE',  ( -1.878051137026357700, 2.620000000000000100, 2.952500000000000100 ) ) ;
#1075 = CARTESIAN_POINT ( 'NONE',  ( -3.427500000000000200, 1.484823184425858600, 2.952500000000000100 ) ) ;
#1076 = VERTEX_POINT ( 'NONE', #405 ) ;
#1077 = ORIENTED_EDGE ( 'NONE', *, *, #340, .T. ) ;
#1078 = VERTEX_POINT ( 'NONE', #1008 ) ;
#1079 = VECTOR ( 'NONE', #1505, 1000.000000000000000 ) ;
#1080 = CARTESIAN_POINT ( 'NONE',  ( -3.427500000000000200, 1.484823184425858600, 2.952500000000000100 ) ) ;
#1081 = LINE ( 'NONE', #385, #819 ) ;
#1082 = ORIENTED_EDGE ( 'NONE', *, *, #650, .F. ) ;
#1083 = CARTESIAN_POINT ( 'NONE',  ( 2.369999999999999700, 0.3099999999999982800, -2.853184897539803500 ) ) ;
#1084 = PLANE ( 'NONE',  #19 ) ;
#1085 = DIRECTION ( 'NONE',  ( -0.0000000000000000000, -1.000000000000000000, -0.0000000000000000000 ) ) ;
#1086 = CARTESIAN_POINT ( 'NONE',  ( -1.878051137026357700, 2.561756862896185500, -2.858280511764574000 ) ) ;
#1087 = ORIENTED_EDGE ( 'NONE', *, *, #1566, .F. ) ;
#1088 = AXIS2_PLACEMENT_3D ( 'NONE', #206, #357, #1238 ) ;
#1089 = EDGE_CURVE ( 'NONE', #35, #1234, #1160, .T. ) ;
#1090 = DIRECTION ( 'NONE',  ( 0.9990482215818578000, -0.04361938736533606900, -1.289966738741524700E-016 ) ) ;
#1091 = CARTESIAN_POINT ( 'NONE',  ( -2.369999999999999700, 0.2030000000000000100, -2.853184897539804000 ) ) ;
#1092 = AXIS2_PLACEMENT_3D ( 'NONE', #683, #1551, #1048 ) ;
#1093 = FACE_OUTER_BOUND ( 'NONE', #373, .T. ) ;
#1094 = PLANE ( 'NONE',  #957 ) ;
#1095 = ORIENTED_EDGE ( 'NONE', *, *, #1010, .F. ) ;
#1096 = CARTESIAN_POINT ( 'NONE',  ( 3.640000000000000600, 0.0000000000000000000, 1.500000000000000000 ) ) ;
#1097 = EDGE_LOOP ( 'NONE', ( #1579, #1145, #1391, #533 ) ) ;
#1098 = LINE ( 'NONE', #1275, #5 ) ;
#1099 = VECTOR ( 'NONE', #314, 1000.000000000000000 ) ;
#1100 = FACE_OUTER_BOUND ( 'NONE', #1152, .T. ) ;
#1101 = DIRECTION ( 'NONE',  ( 0.0000000000000000000, 1.000000000000000000, 0.0000000000000000000 ) ) ;
#1102 = CARTESIAN_POINT ( 'NONE',  ( 3.278051137026358800, 0.3496463688517176300, 2.853184897539803500 ) ) ;
#1103 = DIRECTION ( 'NONE',  ( 0.0000000000000000000, 1.000000000000000000, -2.957324292377956600E-015 ) ) ;
#1104 = ORIENTED_EDGE ( 'NONE', *, *, #1105, .T. ) ;
#1105 = EDGE_CURVE ( 'NONE', #507, #1423, #1098, .T. ) ;
#1106 = CARTESIAN_POINT ( 'NONE',  ( -3.427500000000000200, 0.3496463688517173500, 2.853184897539803500 ) ) ;
#1107 = AXIS2_PLACEMENT_3D ( 'NONE', #872, #748, #883 ) ;
#1108 = VERTEX_POINT ( 'NONE', #769 ) ;
#1109 = ORIENTED_EDGE ( 'NONE', *, *, #1030, .T. ) ;
#1110 = CARTESIAN_POINT ( 'NONE',  ( -2.829999999999999600, 0.2300000000000000100, 1.500000000000000000 ) ) ;
#1111 = AXIS2_PLACEMENT_3D ( 'NONE', #728, #247, #348 ) ;
#1112 = EDGE_CURVE ( 'NONE', #479, #33, #1558, .T. ) ;
#1113 = CARTESIAN_POINT ( 'NONE',  ( -3.740000000000000200, 0.3299999999999999000, -1.500000000000000000 ) ) ;
#1114 = CARTESIAN_POINT ( 'NONE',  ( 3.740000000000000200, 1.154823184425858500, 1.500000000000000000 ) ) ;
#1115 = COLOUR_RGB ( '',0.7921568627450980000, 0.8196078431372548800, 0.9333333333333333500 ) ;
#1116 = CIRCLE ( 'NONE', #1369, 0.3299999999999995700 ) ;
#1117 = CARTESIAN_POINT ( 'NONE',  ( -1.878051137026357700, 3.074453107457798300, -2.813425402533118500 ) ) ;
#1118 = VERTEX_POINT ( 'NONE', #128 ) ;
#1119 = ORIENTED_EDGE ( 'NONE', *, *, #1137, .F. ) ;
#1120 = EDGE_LOOP ( 'NONE', ( #1507, #829, #1252, #1291, #1480, #799, #1372, #98 ) ) ;
#1121 = LINE ( 'NONE', #749, #801 ) ;
#1122 =( LENGTH_UNIT ( ) NAMED_UNIT ( * ) SI_UNIT ( .MILLI., .METRE. ) );
#1123 = LINE ( 'NONE', #694, #742 ) ;
#1124 = AXIS2_PLACEMENT_3D ( 'NONE', #466, #86, #722 ) ;
#1125 = CARTESIAN_POINT ( 'NONE',  ( -1.878051137026357700, 2.620000000000000100, 2.952500000000000100 ) ) ;
#1126 = ORIENTED_EDGE ( 'NONE', *, *, #1457, .T. ) ;
#1127 = VERTEX_POINT ( 'NONE', #1395 ) ;
#1128 = ORIENTED_EDGE ( 'NONE', *, *, #221, .F. ) ;
#1129 = DIRECTION ( 'NONE',  ( -0.0000000000000000000, -0.0000000000000000000, -1.000000000000000000 ) ) ;
#1130 = DIRECTION ( 'NONE',  ( -1.000000000000000000, 0.0000000000000000000, 0.0000000000000000000 ) ) ;
#1131 = ORIENTED_EDGE ( 'NONE', *, *, #708, .F. ) ;
#1132 = CARTESIAN_POINT ( 'NONE',  ( -3.640000000000000600, -5.421010862427522200E-017, -1.500000000000000000 ) ) ;
#1133 = CARTESIAN_POINT ( 'NONE',  ( 3.278051137026357900, 0.3496463688517173500, 2.952500000000000100 ) ) ;
#1134 = VECTOR ( 'NONE', #52, 1000.000000000000000 ) ;
#1135 = DIRECTION ( 'NONE',  ( -1.000000000000000000, 1.020425574104004200E-015, 0.0000000000000000000 ) ) ;
#1136 = CIRCLE ( 'NONE', #360, 0.3300000000000000200 ) ;
#1137 = EDGE_CURVE ( 'NONE', #1423, #171, #859, .T. ) ;
#1138 = ORIENTED_EDGE ( 'NONE', *, *, #272, .T. ) ;
#1139 = CARTESIAN_POINT ( 'NONE',  ( -2.578051137026357700, 2.619999999999998800, -2.952500000000000100 ) ) ;
#1140 = VERTEX_POINT ( 'NONE', #486 ) ;
#1141 = VECTOR ( 'NONE', #619, 1000.000000000000000 ) ;
#1142 = VERTEX_POINT ( 'NONE', #145 ) ;
#1143 = VECTOR ( 'NONE', #448, 1000.000000000000000 ) ;
#1144 = CARTESIAN_POINT ( 'NONE',  ( -3.640000000000000600, 1.154823184425858500, -1.500000000000000000 ) ) ;
#1145 = ORIENTED_EDGE ( 'NONE', *, *, #389, .F. ) ;
#1146 = AXIS2_PLACEMENT_3D ( 'NONE', #1527, #521, #788 ) ;
#1147 = EDGE_CURVE ( 'NONE', #118, #170, #526, .T. ) ;
#1148 = EDGE_LOOP ( 'NONE', ( #245, #752, #244, #1037 ) ) ;
#1149 = CARTESIAN_POINT ( 'NONE',  ( -3.640000000000000600, 1.154823184425858500, 1.500000000000000000 ) ) ;
#1150 = CARTESIAN_POINT ( 'NONE',  ( -3.427500000000000200, 0.3496463688517173500, 2.853184897539803500 ) ) ;
#1151 = EDGE_LOOP ( 'NONE', ( #1539, #1104, #741, #1158 ) ) ;
#1152 = EDGE_LOOP ( 'NONE', ( #320, #901, #403, #798 ) ) ;
#1153 = CARTESIAN_POINT ( 'NONE',  ( -3.640000000000000600, 1.154823184425858500, 1.500000000000000000 ) ) ;
#1154 = DIRECTION ( 'NONE',  ( -0.0000000000000000000, -0.0000000000000000000, -1.000000000000000000 ) ) ;
#1155 = VECTOR ( 'NONE', #1236, 1000.000000000000000 ) ;
#1156 = VECTOR ( 'NONE', #856, 1000.000000000000000 ) ;
#1157 = LINE ( 'NONE', #1110, #523 ) ;
#1158 = ORIENTED_EDGE ( 'NONE', *, *, #998, .T. ) ;
#1159 = ORIENTED_EDGE ( 'NONE', *, *, #1404, .T. ) ;
#1160 = LINE ( 'NONE', #1139, #1265 ) ;
#1161 = DIRECTION ( 'NONE',  ( 1.000000000000000000, 8.931558118709495600E-016, 0.0000000000000000000 ) ) ;
#1162 = ORIENTED_EDGE ( 'NONE', *, *, #226, .T. ) ;
#1163 = EDGE_CURVE ( 'NONE', #434, #363, #893, .T. ) ;
#1164 = ADVANCED_FACE ( 'NONE', ( #917 ), #1018, .T. ) ;
#1165 = DIRECTION ( 'NONE',  ( 0.1300379154054280600, -0.9877360307509837100, 0.08641570524680471100 ) ) ;
#1166 =( LENGTH_UNIT ( ) NAMED_UNIT ( * ) SI_UNIT ( .MILLI., .METRE. ) );
#1167 = VERTEX_POINT ( 'NONE', #12 ) ;
#1168 = FACE_OUTER_BOUND ( 'NONE', #1301, .T. ) ;
#1169 = DIRECTION ( 'NONE',  ( 1.051572936316229900E-015, 1.000000000000000000, 0.0000000000000000000 ) ) ;
#1170 = AXIS2_PLACEMENT_3D ( 'NONE', #532, #148, #1393 ) ;
#1171 = EDGE_CURVE ( 'NONE', #1405, #204, #818, .T. ) ;
#1172 = SURFACE_SIDE_STYLE ('',( #889 ) ) ;
#1173 = ORIENTED_EDGE ( 'NONE', *, *, #1544, .T. ) ;
#1174 = ORIENTED_EDGE ( 'NONE', *, *, #324, .T. ) ;
#1175 = LINE ( 'NONE', #786, #1038 ) ;
#1176 = VECTOR ( 'NONE', #558, 1000.000000000000000 ) ;
#1177 = FILL_AREA_STYLE ('',( #691 ) ) ;
#1178 = EDGE_CURVE ( 'NONE', #287, #1076, #1542, .T. ) ;
#1179 = DIRECTION ( 'NONE',  ( 0.1305261922200518200, -0.9914448613738103800, 0.0000000000000000000 ) ) ;
#1180 = ORIENTED_EDGE ( 'NONE', *, *, #653, .F. ) ;
#1181 = EDGE_LOOP ( 'NONE', ( #800, #407, #89, #1226 ) ) ;
#1182 = CARTESIAN_POINT ( 'NONE',  ( 3.640000000000000600, 1.254823184425858600, -1.500000000000000000 ) ) ;
#1183 = PLANE ( 'NONE',  #436 ) ;
#1184 = EDGE_CURVE ( 'NONE', #850, #1534, #36, .T. ) ;
#1185 = ORIENTED_EDGE ( 'NONE', *, *, #406, .F. ) ;
#1186 = ADVANCED_FACE ( 'NONE', ( #1247 ), #900, .F. ) ;
#1187 = PLANE ( 'NONE',  #921 ) ;
#1188 = CARTESIAN_POINT ( 'NONE',  ( -3.397219925554902700, 1.254823184425858800, 1.500000000000000000 ) ) ;
#1189 = VECTOR ( 'NONE', #1497, 1000.000000000000100 ) ;
#1190 = LINE ( 'NONE', #1096, #193 ) ;
#1191 = PLANE ( 'NONE',  #1015 ) ;
#1192 = AXIS2_PLACEMENT_3D ( 'NONE', #1454, #905, #1622 ) ;
#1193 = DIRECTION ( 'NONE',  ( 1.000000000000000000, 1.734723475976832700E-014, -0.0000000000000000000 ) ) ;
#1194 = ORIENTED_EDGE ( 'NONE', *, *, #630, .F. ) ;
#1195 = EDGE_CURVE ( 'NONE', #1167, #1618, #989, .T. ) ;
#1196 = EDGE_LOOP ( 'NONE', ( #45, #1608, #140, #634 ) ) ;
#1197 = CARTESIAN_POINT ( 'NONE',  ( -3.427500000000000200, 1.484823184425858600, 1.500000000000000000 ) ) ;
#1198 = ORIENTED_EDGE ( 'NONE', *, *, #107, .T. ) ;
#1199 = VECTOR ( 'NONE', #1364, 1000.000000000000000 ) ;
#1200 = ADVANCED_FACE ( 'NONE', ( #1320 ), #1394, .F. ) ;
#1201 = VERTEX_POINT ( 'NONE', #15 ) ;
#1202 = AXIS2_PLACEMENT_3D ( 'NONE', #192, #1061, #576 ) ;
#1203 = EDGE_CURVE ( 'NONE', #1050, #1215, #665, .T. ) ;
#1204 = DIRECTION ( 'NONE',  ( 0.0000000000000000000, -0.08715574274765836000, 0.9961946980917455500 ) ) ;
#1205 = CARTESIAN_POINT ( 'NONE',  ( -3.970000000000000600, 0.3299999999999998500, -1.500000000000000000 ) ) ;
#1206 = DIRECTION ( 'NONE',  ( 1.000000000000000000, 0.0000000000000000000, 0.0000000000000000000 ) ) ;
#1207 = ORIENTED_EDGE ( 'NONE', *, *, #879, .T. ) ;
#1208 = ORIENTED_EDGE ( 'NONE', *, *, #2, .F. ) ;
#1209 = DIRECTION ( 'NONE',  ( 0.0000000000000000000, -0.0000000000000000000, -1.000000000000000000 ) ) ;
#1210 = CARTESIAN_POINT ( 'NONE',  ( -2.369999999999999700, 0.2030000000000000100, 2.952500000000000100 ) ) ;
#1211 = DIRECTION ( 'NONE',  ( -0.0000000000000000000, -0.0000000000000000000, -1.000000000000000000 ) ) ;
#1212 = PLANE ( 'NONE',  #1288 ) ;
#1213 = VECTOR ( 'NONE', #246, 1000.000000000000000 ) ;
#1214 = CARTESIAN_POINT ( 'NONE',  ( 3.969999999999999800, 1.154823184425858500, -1.500000000000000000 ) ) ;
#1215 = VERTEX_POINT ( 'NONE', #1132 ) ;
#1216 = CARTESIAN_POINT ( 'NONE',  ( 2.369999999999999700, 0.3099999999999980000, 2.853184897539803500 ) ) ;
#1217 = ORIENTED_EDGE ( 'NONE', *, *, #1225, .F. ) ;
#1218 = VECTOR ( 'NONE', #106, 1000.000000000000000 ) ;
#1219 = FACE_OUTER_BOUND ( 'NONE', #495, .T. ) ;
#1220 = DIRECTION ( 'NONE',  ( 0.0000000000000000000, 1.000000000000000000, -2.957324292377956600E-015 ) ) ;
#1221 = VECTOR ( 'NONE', #699, 1000.000000000000000 ) ;
#1222 = CARTESIAN_POINT ( 'NONE',  ( -3.278051137026357900, 2.620000000000000100, 2.952500000000000100 ) ) ;
#1223 = CARTESIAN_POINT ( 'NONE',  ( -3.427500000000000200, 1.484823184425858600, 2.952500000000000100 ) ) ;
#1224 = CARTESIAN_POINT ( 'NONE',  ( 3.969999999999999800, 1.154823184425858500, 1.500000000000000000 ) ) ;
#1225 = EDGE_CURVE ( 'NONE', #1127, #21, #1616, .T. ) ;
#1226 = ORIENTED_EDGE ( 'NONE', *, *, #898, .T. ) ;
#1227 = DIRECTION ( 'NONE',  ( 1.000000000000000000, -0.0000000000000000000, -0.0000000000000000000 ) ) ;
#1228 = SURFACE_STYLE_USAGE ( .BOTH. , #729 ) ;
#1229 = CARTESIAN_POINT ( 'NONE',  ( 3.740000000000000200, 0.3299999999999999000, 1.500000000000000000 ) ) ;
#1230 = CARTESIAN_POINT ( 'NONE',  ( -2.578051137026356800, 2.569999999999999400, 2.952500000000000100 ) ) ;
#1231 = AXIS2_PLACEMENT_3D ( 'NONE', #367, #365, #1244 ) ;
#1232 = STYLED_ITEM ( 'NONE', ( #313 ), #284 ) ;
#1233 = EDGE_CURVE ( 'NONE', #1425, #607, #316, .T. ) ;
#1234 = VERTEX_POINT ( 'NONE', #393 ) ;
#1235 = VERTEX_POINT ( 'NONE', #1091 ) ;
#1236 = DIRECTION ( 'NONE',  ( -0.0000000000000000000, -0.0000000000000000000, -1.000000000000000000 ) ) ;
#1237 = DIRECTION ( 'NONE',  ( -1.000000000000000000, 0.0000000000000000000, 0.0000000000000000000 ) ) ;
#1238 = DIRECTION ( 'NONE',  ( 0.0000000000000000000, -0.0000000000000000000, 1.000000000000000000 ) ) ;
#1239 = DIRECTION ( 'NONE',  ( -0.0000000000000000000, -0.0000000000000000000, 1.000000000000000000 ) ) ;
#1240 = LINE ( 'NONE', #613, #625 ) ;
#1241 = VECTOR ( 'NONE', #1085, 1000.000000000000000 ) ;
#1242 = VECTOR ( 'NONE', #1450, 1000.000000000000100 ) ;
#1243 = CARTESIAN_POINT ( 'NONE',  ( -1.878051137026357700, 2.569999999999999400, 2.952500000000000100 ) ) ;
#1244 = DIRECTION ( 'NONE',  ( -1.000000000000000000, 0.0000000000000000000, 0.0000000000000000000 ) ) ;
#1245 = ORIENTED_EDGE ( 'NONE', *, *, #708, .T. ) ;
#1246 = ORIENTED_EDGE ( 'NONE', *, *, #540, .F. ) ;
#1247 = FACE_OUTER_BOUND ( 'NONE', #1329, .T. ) ;
#1248 = DIRECTION ( 'NONE',  ( -0.0000000000000000000, -0.0000000000000000000, -1.000000000000000000 ) ) ;
#1249 = CARTESIAN_POINT ( 'NONE',  ( -3.640000000000000600, 1.254823184425858600, 1.500000000000000000 ) ) ;
#1250 = CARTESIAN_POINT ( 'NONE',  ( -2.369999999999999700, 0.3100000000000000000, 2.853184897539803500 ) ) ;
#1251 = CARTESIAN_POINT ( 'NONE',  ( 2.369999999999999700, 0.3100000000000154300, -2.853184897539804400 ) ) ;
#1252 = ORIENTED_EDGE ( 'NONE', *, *, #51, .F. ) ;
#1253 = CARTESIAN_POINT ( 'NONE',  ( -3.278051137026357900, 2.620000000000000100, -2.853184897539804000 ) ) ;
#1254 = DIRECTION ( 'NONE',  ( 1.000000000000000000, 0.0000000000000000000, -0.0000000000000000000 ) ) ;
#1255 = VERTEX_POINT ( 'NONE', #1017 ) ;
#1256 = VERTEX_POINT ( 'NONE', #379 ) ;
#1257 = EDGE_CURVE ( 'NONE', #1142, #744, #1359, .T. ) ;
#1258 = VERTEX_POINT ( 'NONE', #1365 ) ;
#1259 = PLANE ( 'NONE',  #248 ) ;
#1260 = PRODUCT_CONTEXT ( 'NONE', #1510, 'mechanical' ) ;
#1261 = LINE ( 'NONE', #571, #927 ) ;
#1262 = ORIENTED_EDGE ( 'NONE', *, *, #870, .T. ) ;
#1263 = ORIENTED_EDGE ( 'NONE', *, *, #1112, .T. ) ;
#1264 = ORIENTED_EDGE ( 'NONE', *, *, #1178, .F. ) ;
#1265 = VECTOR ( 'NONE', #387, 1000.000000000000000 ) ;
#1266 = DIRECTION ( 'NONE',  ( 1.000000000000000000, -0.0000000000000000000, -0.0000000000000000000 ) ) ;
#1267 = CARTESIAN_POINT ( 'NONE',  ( -3.427500000000000200, 2.620000000000000100, -2.853184897539804000 ) ) ;
#1268 = VECTOR ( 'NONE', #1161, 1000.000000000000000 ) ;
#1269 = MECHANICAL_DESIGN_GEOMETRIC_PRESENTATION_REPRESENTATION (  '', ( #851 ), #601 ) ;
#1270 = VECTOR ( 'NONE', #1578, 1000.000000000000000 ) ;
#1271 = EDGE_CURVE ( 'NONE', #1425, #287, #55, .T. ) ;
#1272 = DIRECTION ( 'NONE',  ( 0.0000000000000000000, 0.0000000000000000000, -1.000000000000000000 ) ) ;
#1273 = ORIENTED_EDGE ( 'NONE', *, *, #1467, .T. ) ;
#1274 = ORIENTED_EDGE ( 'NONE', *, *, #518, .T. ) ;
#1275 = CARTESIAN_POINT ( 'NONE',  ( -2.578051137026356800, 2.569999999999999400, 2.857559330716100500 ) ) ;
#1276 = EDGE_CURVE ( 'NONE', #902, #179, #740, .T. ) ;
#1277 = CARTESIAN_POINT ( 'NONE',  ( 3.397219925554902700, 1.254823184425858800, 1.500000000000000000 ) ) ;
#1278 = VECTOR ( 'NONE', #60, 1000.000000000000100 ) ;
#1279 = CARTESIAN_POINT ( 'NONE',  ( 2.829999999999999600, 0.2300000000000000100, 1.500000000000000000 ) ) ;
#1280 = DIRECTION ( 'NONE',  ( 1.000000000000000000, -8.931558118709495600E-016, -0.0000000000000000000 ) ) ;
#1281 = LINE ( 'NONE', #232, #503 ) ;
#1282 = EDGE_CURVE ( 'NONE', #255, #1405, #974, .T. ) ;
#1283 = ORIENTED_EDGE ( 'NONE', *, *, #811, .T. ) ;
#1284 = ORIENTED_EDGE ( 'NONE', *, *, #1290, .T. ) ;
#1285 = FACE_OUTER_BOUND ( 'NONE', #909, .T. ) ;
#1286 = VERTEX_POINT ( 'NONE', #158 ) ;
#1287 = DIRECTION ( 'NONE',  ( -0.0000000000000000000, -0.0000000000000000000, -1.000000000000000000 ) ) ;
#1288 = AXIS2_PLACEMENT_3D ( 'NONE', #1352, #1615, #624 ) ;
#1289 = PRODUCT_DEFINITION_FORMATION_WITH_SPECIFIED_SOURCE ( 'ANY', '', #1385, .NOT_KNOWN. ) ;
#1290 = EDGE_CURVE ( 'NONE', #806, #372, #79, .T. ) ;
#1291 = ORIENTED_EDGE ( 'NONE', *, *, #107, .F. ) ;
#1292 = ORIENTED_EDGE ( 'NONE', *, *, #109, .F. ) ;
#1293 = ORIENTED_EDGE ( 'NONE', *, *, #1163, .F. ) ;
#1294 = DIRECTION ( 'NONE',  ( -1.000000000000000000, -1.338521200599387000E-016, 0.0000000000000000000 ) ) ;
#1295 = AXIS2_PLACEMENT_3D ( 'NONE', #629, #1021, #353 ) ;
#1296 = ADVANCED_FACE ( 'NONE', ( #1525 ), #899, .T. ) ;
#1297 = DIRECTION ( 'NONE',  ( -1.000000000000000000, 8.931558118709495600E-016, 0.0000000000000000000 ) ) ;
#1298 = EDGE_CURVE ( 'NONE', #255, #1318, #1381, .T. ) ;
#1299 = VECTOR ( 'NONE', #1266, 1000.000000000000000 ) ;
#1300 = ORIENTED_EDGE ( 'NONE', *, *, #904, .F. ) ;
#1301 = EDGE_LOOP ( 'NONE', ( #966, #1162, #477, #30 ) ) ;
#1302 = VECTOR ( 'NONE', #254, 1000.000000000000000 ) ;
#1303 = CARTESIAN_POINT ( 'NONE',  ( -2.578051137026356800, 2.569999999999999400, -2.857559330716100500 ) ) ;
#1304 = LINE ( 'NONE', #426, #648 ) ;
#1305 = ADVANCED_FACE ( 'NONE', ( #764 ), #492, .F. ) ;
#1306 = CARTESIAN_POINT ( 'NONE',  ( -3.970000000000000600, 1.154823184425858500, -1.500000000000000000 ) ) ;
#1307 = CLOSED_SHELL ( 'NONE', ( #677, #1562, #177, #1327, #1296, #955, #690, #1186, #65, #438, #61, #1453, #34, #581 ) ) ;
#1308 = CARTESIAN_POINT ( 'NONE',  ( 3.427500000000000200, 1.484823184425858600, -1.500000000000000000 ) ) ;
#1309 = CARTESIAN_POINT ( 'NONE',  ( -3.970000000000000600, 1.154823184425858500, 1.500000000000000000 ) ) ;
#1310 = MECHANICAL_DESIGN_GEOMETRIC_PRESENTATION_REPRESENTATION (  '', ( #1528 ), #776 ) ;
#1311 = CARTESIAN_POINT ( 'NONE',  ( -3.427500000000000200, 1.484823184425858600, 2.952500000000000100 ) ) ;
#1312 = AXIS2_PLACEMENT_3D ( 'NONE', #233, #1502, #1614 ) ;
#1313 = DIRECTION ( 'NONE',  ( -0.0000000000000000000, -0.0000000000000000000, -1.000000000000000000 ) ) ;
#1314 = AXIS2_PLACEMENT_3D ( 'NONE', #1428, #281, #1568 ) ;
#1315 = EDGE_CURVE ( 'NONE', #761, #857, #1323, .T. ) ;
#1316 = CARTESIAN_POINT ( 'NONE',  ( 3.640000000000000600, 1.254823184425858600, -1.500000000000000000 ) ) ;
#1317 = LINE ( 'NONE', #1249, #1155 ) ;
#1318 = VERTEX_POINT ( 'NONE', #672 ) ;
#1319 = ADVANCED_FACE ( 'NONE', ( #862 ), #1045, .F. ) ;
#1320 = FACE_OUTER_BOUND ( 'NONE', #467, .T. ) ;
#1321 = ORIENTED_EDGE ( 'NONE', *, *, #1484, .F. ) ;
#1322 = LINE ( 'NONE', #306, #102 ) ;
#1323 = CIRCLE ( 'NONE', #67, 0.09999999999999982500 ) ;
#1324 = EDGE_LOOP ( 'NONE', ( #1604, #1002, #645, #680 ) ) ;
#1325 = DIRECTION ( 'NONE',  ( -8.931558118709495600E-016, 1.000000000000000000, 0.0000000000000000000 ) ) ;
#1326 = DIRECTION ( 'NONE',  ( -0.9914448613738103800, -0.1305261922200518200, 0.0000000000000000000 ) ) ;
#1327 = ADVANCED_FACE ( 'NONE', ( #611 ), #563, .F. ) ;
#1328 = DIRECTION ( 'NONE',  ( -0.0000000000000000000, -0.0000000000000000000, -1.000000000000000000 ) ) ;
#1329 = EDGE_LOOP ( 'NONE', ( #858, #552, #453, #781 ) ) ;
#1330 = VERTEX_POINT ( 'NONE', #1182 ) ;
#1331 = DIRECTION ( 'NONE',  ( 1.000000000000000000, 0.0000000000000000000, 0.0000000000000000000 ) ) ;
#1332 = CARTESIAN_POINT ( 'NONE',  ( -2.829999999999999600, 0.2300000000000000100, 1.500000000000000000 ) ) ;
#1333 = LINE ( 'NONE', #765, #1299 ) ;
#1334 = CARTESIAN_POINT ( 'NONE',  ( -3.397219925554902700, 1.254823184425858800, 1.500000000000000000 ) ) ;
#1335 = EDGE_LOOP ( 'NONE', ( #815, #197, #149, #421, #1585, #849, #239, #1053, #560, #362, #40, #173 ) ) ;
#1336 = DIRECTION ( 'NONE',  ( -0.0000000000000000000, -1.000000000000000000, -0.0000000000000000000 ) ) ;
#1337 = DIRECTION ( 'NONE',  ( -1.000000000000000000, 0.0000000000000000000, 0.0000000000000000000 ) ) ;
#1338 = EDGE_CURVE ( 'NONE', #1423, #1360, #685, .T. ) ;
#1339 = VERTEX_POINT ( 'NONE', #686 ) ;
#1340 = FACE_OUTER_BOUND ( 'NONE', #655, .T. ) ;
#1341 = VECTOR ( 'NONE', #161, 1000.000000000000000 ) ;
#1342 = VECTOR ( 'NONE', #1313, 1000.000000000000000 ) ;
#1343 = DIRECTION ( 'NONE',  ( 0.9990482215818576900, 0.04361938736533797800, 1.289966738741581400E-016 ) ) ;
#1344 = DIRECTION ( 'NONE',  ( -0.0000000000000000000, -0.0000000000000000000, -1.000000000000000000 ) ) ;
#1345 = EDGE_LOOP ( 'NONE', ( #524, #1567, #561, #1595 ) ) ;
#1346 = AXIS2_PLACEMENT_3D ( 'NONE', #1075, #1466, #737 ) ;
#1347 = AXIS2_PLACEMENT_3D ( 'NONE', #865, #95, #351 ) ;
#1348 = EDGE_CURVE ( 'NONE', #725, #1201, #342, .T. ) ;
#1349 = CARTESIAN_POINT ( 'NONE',  ( 2.369999999999999700, 0.3099999999999982800, 2.952500000000000100 ) ) ;
#1350 = DIRECTION ( 'NONE',  ( 0.0000000000000000000, 0.0000000000000000000, 1.000000000000000000 ) ) ;
#1351 = DIRECTION ( 'NONE',  ( 1.000000000000000000, 1.020425574104004200E-015, 0.0000000000000000000 ) ) ;
#1352 = CARTESIAN_POINT ( 'NONE',  ( -3.278051137026357900, 0.3496463688517173500, 2.952500000000000100 ) ) ;
#1353 = EDGE_CURVE ( 'NONE', #1330, #1390, #566, .T. ) ;
#1354 = DIRECTION ( 'NONE',  ( 1.000000000000000000, -1.020425574104004200E-015, 0.0000000000000000000 ) ) ;
#1355 = DIRECTION ( 'NONE',  ( 1.000000000000000000, 0.0000000000000000000, 0.0000000000000000000 ) ) ;
#1356 = VECTOR ( 'NONE', #243, 1000.000000000000000 ) ;
#1357 = VECTOR ( 'NONE', #1248, 1000.000000000000000 ) ;
#1358 = ORIENTED_EDGE ( 'NONE', *, *, #1544, .F. ) ;
#1359 = LINE ( 'NONE', #1214, #1024 ) ;
#1360 = VERTEX_POINT ( 'NONE', #1042 ) ;
#1361 = LINE ( 'NONE', #111, #1022 ) ;
#1362 = VECTOR ( 'NONE', #1554, 1000.000000000000000 ) ;
#1363 =( NAMED_UNIT ( * ) SI_UNIT ( $, .STERADIAN. ) SOLID_ANGLE_UNIT ( ) );
#1364 = DIRECTION ( 'NONE',  ( -0.0000000000000000000, -0.0000000000000000000, -1.000000000000000000 ) ) ;
#1365 = CARTESIAN_POINT ( 'NONE',  ( 3.740000000000000200, 1.154823184425858500, 1.500000000000000000 ) ) ;
#1366 = EDGE_CURVE ( 'NONE', #488, #1127, #378, .T. ) ;
#1367 = DIRECTION ( 'NONE',  ( -1.000000000000000000, -1.338521200599387000E-016, 0.0000000000000000000 ) ) ;
#1368 = CARTESIAN_POINT ( 'NONE',  ( -3.278051137026357900, 2.620000000000000100, 2.853184897539804000 ) ) ;
#1369 = AXIS2_PLACEMENT_3D ( 'NONE', #227, #1605, #117 ) ;
#1370 = AXIS2_PLACEMENT_3D ( 'NONE', #1144, #543, #1029 ) ;
#1371 = EDGE_CURVE ( 'NONE', #1256, #850, #702, .T. ) ;
#1372 = ORIENTED_EDGE ( 'NONE', *, *, #594, .F. ) ;
#1373 = VERTEX_POINT ( 'NONE', #1412 ) ;
#1374 = CARTESIAN_POINT ( 'NONE',  ( -3.427500000000000200, 2.620000000000000100, -2.853184897539804000 ) ) ;
#1375 = CARTESIAN_POINT ( 'NONE',  ( -2.578051137026356800, 2.569999999999999400, -2.857559330716100500 ) ) ;
#1376 = VERTEX_POINT ( 'NONE', #39 ) ;
#1377 = ORIENTED_EDGE ( 'NONE', *, *, #760, .T. ) ;
#1378 = CIRCLE ( 'NONE', #1370, 0.3299999999999995700 ) ;
#1379 = EDGE_CURVE ( 'NONE', #488, #139, #361, .T. ) ;
#1380 = FACE_OUTER_BOUND ( 'NONE', #1557, .T. ) ;
#1381 = LINE ( 'NONE', #151, #721 ) ;
#1382 = CARTESIAN_POINT ( 'NONE',  ( -3.640000000000000600, 1.154823184425858500, -1.500000000000000000 ) ) ;
#1383 =( NAMED_UNIT ( * ) PLANE_ANGLE_UNIT ( ) SI_UNIT ( $, .RADIAN. ) );
#1384 = CARTESIAN_POINT ( 'NONE',  ( 2.829999999999999600, 0.0000000000000000000, 1.500000000000000000 ) ) ;
#1385 = PRODUCT ( 'SK810', 'SK810', '', ( #1260 ) ) ;
#1386 = CLOSED_SHELL ( 'NONE', ( #816, #1464, #325, #1444, #928, #312, #965, #1577, #302, #710, #703, #835, #1073, #589, #1041, #445, #334, #1586, #1046, #419 ) ) ;
#1387 = CARTESIAN_POINT ( 'NONE',  ( -3.427500000000000200, 2.620000000000000100, 2.853184897539804000 ) ) ;
#1388 = DIRECTION ( 'NONE',  ( -0.0000000000000000000, -0.0000000000000000000, -1.000000000000000000 ) ) ;
#1389 = DIRECTION ( 'NONE',  ( -1.000000000000000000, 0.0000000000000000000, 0.0000000000000000000 ) ) ;
#1390 = VERTEX_POINT ( 'NONE', #163 ) ;
#1391 = ORIENTED_EDGE ( 'NONE', *, *, #1550, .F. ) ;
#1392 = MANIFOLD_SOLID_BREP ( 'Pin 1 Mark', #1498 ) ;
#1393 = DIRECTION ( 'NONE',  ( 0.0000000000000000000, -1.000000000000000000, -2.957324292377956600E-015 ) ) ;
#1394 = PLANE ( 'NONE',  #1146 ) ;
#1395 = CARTESIAN_POINT ( 'NONE',  ( 3.640000000000000600, 0.2299999999999999800, 1.500000000000000000 ) ) ;
#1396 = VECTOR ( 'NONE', #1071, 1000.000000000000100 ) ;
#1397 = LINE ( 'NONE', #1267, #1514 ) ;
#1398 = FACE_OUTER_BOUND ( 'NONE', #1120, .T. ) ;
#1399 = ORIENTED_EDGE ( 'NONE', *, *, #1353, .T. ) ;
#1400 = EDGE_LOOP ( 'NONE', ( #1414, #907, #1483, #112 ) ) ;
#1401 = VECTOR ( 'NONE', #1482, 1000.000000000000000 ) ;
#1402 = VECTOR ( 'NONE', #1294, 1000.000000000000000 ) ;
#1403 = AXIS2_PLACEMENT_3D ( 'NONE', #739, #229, #347 ) ;
#1404 = EDGE_CURVE ( 'NONE', #554, #479, #743, .T. ) ;
#1405 = VERTEX_POINT ( 'NONE', #1303 ) ;
#1406 = DIRECTION ( 'NONE',  ( 1.000000000000000000, 0.0000000000000000000, -0.0000000000000000000 ) ) ;
#1407 = PLANE ( 'NONE',  #388 ) ;
#1408 = ORIENTED_EDGE ( 'NONE', *, *, #1178, .T. ) ;
#1409 = CARTESIAN_POINT ( 'NONE',  ( -3.640000000000000600, -5.421010862427522200E-017, 1.500000000000000000 ) ) ;
#1410 = EDGE_LOOP ( 'NONE', ( #631, #1194, #1439, #1126 ) ) ;
#1411 = FACE_OUTER_BOUND ( 'NONE', #1400, .T. ) ;
#1412 = CARTESIAN_POINT ( 'NONE',  ( -3.427500000000000200, 1.484823184425858600, 1.500000000000000000 ) ) ;
#1413 = ORIENTED_EDGE ( 'NONE', *, *, #939, .F. ) ;
#1414 = ORIENTED_EDGE ( 'NONE', *, *, #164, .T. ) ;
#1415 = ORIENTED_EDGE ( 'NONE', *, *, #659, .F. ) ;
#1416 = LINE ( 'NONE', #132, #633 ) ;
#1417 = LINE ( 'NONE', #906, #610 ) ;
#1418 = CIRCLE ( 'NONE', #770, 0.3300000000000000200 ) ;
#1419 = EDGE_CURVE ( 'NONE', #806, #1050, #1418, .T. ) ;
#1420 = ORIENTED_EDGE ( 'NONE', *, *, #288, .T. ) ;
#1421 = ADVANCED_FACE ( 'NONE', ( #668 ), #568, .F. ) ;
#1422 = CARTESIAN_POINT ( 'NONE',  ( -3.640000000000000600, 1.154823184425858500, -1.500000000000000000 ) ) ;
#1423 = VERTEX_POINT ( 'NONE', #802 ) ;
#1424 = VERTEX_POINT ( 'NONE', #190 ) ;
#1425 = VERTEX_POINT ( 'NONE', #183 ) ;
#1426 = DIRECTION ( 'NONE',  ( 1.000000000000000000, -1.338521200599387000E-016, 0.0000000000000000000 ) ) ;
#1427 = AXIS2_PLACEMENT_3D ( 'NONE', #83, #350, #1337 ) ;
#1428 = CARTESIAN_POINT ( 'NONE',  ( 3.640000000000000600, 1.154823184425858500, -1.500000000000000000 ) ) ;
#1429 = EDGE_CURVE ( 'NONE', #204, #1318, #483, .T. ) ;
#1430 = PLANE ( 'NONE',  #982 ) ;
#1431 = VECTOR ( 'NONE', #885, 1000.000000000000000 ) ;
#1432 = ADVANCED_FACE ( 'NONE', ( #399 ), #970, .F. ) ;
#1433 = FACE_OUTER_BOUND ( 'NONE', #113, .T. ) ;
#1434 = FACE_OUTER_BOUND ( 'NONE', #71, .T. ) ;
#1435 = LINE ( 'NONE', #409, #697 ) ;
#1436 = ORIENTED_EDGE ( 'NONE', *, *, #1338, .F. ) ;
#1437 = LINE ( 'NONE', #887, #933 ) ;
#1438 = CARTESIAN_POINT ( 'NONE',  ( 3.740000000000000200, 0.3299999999999999000, 1.500000000000000000 ) ) ;
#1439 = ORIENTED_EDGE ( 'NONE', *, *, #1184, .F. ) ;
#1440 = AXIS2_PLACEMENT_3D ( 'NONE', #797, #671, #548 ) ;
#1441 = CYLINDRICAL_SURFACE ( 'NONE', #1092, 0.3300000000000000200 ) ;
#1442 = CARTESIAN_POINT ( 'NONE',  ( -2.369999999999999700, 0.3100000000000000000, 2.952500000000000100 ) ) ;
#1443 = DIRECTION ( 'NONE',  ( 0.0000000000000000000, 0.9961946980917455500, -0.08715574274765836000 ) ) ;
#1444 = ADVANCED_FACE ( 'NONE', ( #1285 ), #1449, .F. ) ;
#1445 = DIRECTION ( 'NONE',  ( -0.0000000000000000000, -0.0000000000000000000, -1.000000000000000000 ) ) ;
#1446 = EDGE_LOOP ( 'NONE', ( #1521, #423, #952, #400 ) ) ;
#1447 = CARTESIAN_POINT ( 'NONE',  ( 2.829999999999999600, 0.2300000000000000100, 1.500000000000000000 ) ) ;
#1448 = EDGE_CURVE ( 'NONE', #1594, #1425, #57, .T. ) ;
#1449 = PLANE ( 'NONE',  #1009 ) ;
#1450 = DIRECTION ( 'NONE',  ( -0.1300379154054280600, -0.9877360307509836000, -0.08641570524680508600 ) ) ;
#1451 =( NAMED_UNIT ( * ) SI_UNIT ( $, .STERADIAN. ) SOLID_ANGLE_UNIT ( ) );
#1452 = VERTEX_POINT ( 'NONE', #1334 ) ;
#1453 = ADVANCED_FACE ( 'NONE', ( #992 ), #1187, .F. ) ;
#1454 = CARTESIAN_POINT ( 'NONE',  ( -1.878051137026357700, 2.569999999999999400, 2.952500000000000100 ) ) ;
#1455 = LINE ( 'NONE', #715, #1241 ) ;
#1456 = CARTESIAN_POINT ( 'NONE',  ( -2.578051137026356800, 2.569999999999999400, 2.857559330716100500 ) ) ;
#1457 = EDGE_CURVE ( 'NONE', #850, #1142, #1485, .T. ) ;
#1458 = DIRECTION ( 'NONE',  ( -0.1300379154054280600, 0.9877360307509837100, 0.08641570524680471100 ) ) ;
#1459 = CARTESIAN_POINT ( 'NONE',  ( -2.829999999999999600, 0.0000000000000000000, 1.500000000000000000 ) ) ;
#1460 = CYLINDRICAL_SURFACE ( 'NONE', #1295, 0.09999999999999982500 ) ;
#1461 = EDGE_LOOP ( 'NONE', ( #253, #1032, #301, #1138 ) ) ;
#1462 = ORIENTED_EDGE ( 'NONE', *, *, #146, .T. ) ;
#1463 = FACE_OUTER_BOUND ( 'NONE', #891, .T. ) ;
#1464 = ADVANCED_FACE ( 'NONE', ( #1100 ), #587, .F. ) ;
#1465 = DIRECTION ( 'NONE',  ( 0.9914448613738103800, 0.1305261922200518200, -0.0000000000000000000 ) ) ;
#1466 = DIRECTION ( 'NONE',  ( 0.0000000000000000000, -0.08715574274765836000, -0.9961946980917455500 ) ) ;
#1467 = EDGE_CURVE ( 'NONE', #1078, #33, #937, .T. ) ;
#1468 = ORIENTED_EDGE ( 'NONE', *, *, #24, .T. ) ;
#1469 = CARTESIAN_POINT ( 'NONE',  ( 3.640000000000000600, 1.484823184425858800, -1.500000000000000000 ) ) ;
#1470 = VERTEX_POINT ( 'NONE', #1469 ) ;
#1471 = ORIENTED_EDGE ( 'NONE', *, *, #793, .F. ) ;
#1472 = DIRECTION ( 'NONE',  ( 0.0000000000000000000, 0.0000000000000000000, 1.000000000000000000 ) ) ;
#1473 = CARTESIAN_POINT ( 'NONE',  ( -3.740000000000000200, 1.154823184425858500, -1.500000000000000000 ) ) ;
#1474 = LINE ( 'NONE', #1442, #947 ) ;
#1475 = LINE ( 'NONE', #1117, #138 ) ;
#1476 =( NAMED_UNIT ( * ) PLANE_ANGLE_UNIT ( ) SI_UNIT ( $, .RADIAN. ) );
#1477 = VERTEX_POINT ( 'NONE', #837 ) ;
#1478 = DIRECTION ( 'NONE',  ( 1.000000000000000000, 0.0000000000000000000, 0.0000000000000000000 ) ) ;
#1479 = DIRECTION ( 'NONE',  ( 0.0000000000000000000, -1.000000000000000000, 0.0000000000000000000 ) ) ;
#1480 = ORIENTED_EDGE ( 'NONE', *, *, #1429, .F. ) ;
#1481 = LINE ( 'NONE', #1516, #457 ) ;
#1482 = DIRECTION ( 'NONE',  ( -1.051572936316229900E-015, 1.000000000000000000, -0.0000000000000000000 ) ) ;
#1483 = ORIENTED_EDGE ( 'NONE', *, *, #760, .F. ) ;
#1484 = EDGE_CURVE ( 'NONE', #1235, #675, #321, .T. ) ;
#1485 = LINE ( 'NONE', #1587, #1143 ) ;
#1486 = DIRECTION ( 'NONE',  ( -0.1305261922200380000, -0.9914448613738121600, -0.0000000000000000000 ) ) ;
#1487 = EDGE_LOOP ( 'NONE', ( #279, #1262, #736, #1283 ) ) ;
#1488 = CARTESIAN_POINT ( 'NONE',  ( 3.640000000000000600, 1.254823184425858600, 1.500000000000000000 ) ) ;
#1489 = AXIS2_PLACEMENT_3D ( 'NONE', #1150, #1532, #660 ) ;
#1490 = EDGE_CURVE ( 'NONE', #646, #886, #1027, .T. ) ;
#1491 = ORIENTED_EDGE ( 'NONE', *, *, #1366, .T. ) ;
#1492 = CARTESIAN_POINT ( 'NONE',  ( 3.740000000000000200, 0.3299999999999999000, 1.500000000000000000 ) ) ;
#1493 = SURFACE_STYLE_FILL_AREA ( #504 ) ;
#1494 = VECTOR ( 'NONE', #726, 1000.000000000000000 ) ;
#1495 = VECTOR ( 'NONE', #1135, 1000.000000000000000 ) ;
#1496 = LINE ( 'NONE', #199, #169 ) ;
#1497 = DIRECTION ( 'NONE',  ( 1.728122329423404000E-014, -0.9961946980917455500, 0.08715574274765836000 ) ) ;
#1498 = CLOSED_SHELL ( 'NONE', ( #572, #1432, #182, #194, #1421, #553 ) ) ;
#1499 = ORIENTED_EDGE ( 'NONE', *, *, #468, .T. ) ;
#1500 = VERTEX_POINT ( 'NONE', #1083 ) ;
#1501 = VECTOR ( 'NONE', #1630, 1000.000000000000000 ) ;
#1502 = DIRECTION ( 'NONE',  ( 1.000000000000000000, -0.0000000000000000000, 0.0000000000000000000 ) ) ;
#1503 = PLANE ( 'NONE',  #1170 ) ;
#1504 = DIRECTION ( 'NONE',  ( -0.9990482215818578000, 0.04361938736533606900, -1.289966738741524700E-016 ) ) ;
#1505 = DIRECTION ( 'NONE',  ( -1.000000000000000000, 1.338521200599387000E-016, -0.0000000000000000000 ) ) ;
#1506 = ORIENTED_EDGE ( 'NONE', *, *, #1338, .T. ) ;
#1507 = ORIENTED_EDGE ( 'NONE', *, *, #1550, .T. ) ;
#1508 = ORIENTED_EDGE ( 'NONE', *, *, #109, .T. ) ;
#1509 = CARTESIAN_POINT ( 'NONE',  ( -3.740000000000000200, 0.3299999999999999000, 1.500000000000000000 ) ) ;
#1510 = APPLICATION_CONTEXT ( 'automotive_design' ) ;
#1511 = ORIENTED_EDGE ( 'NONE', *, *, #1233, .T. ) ;
#1512 = DIRECTION ( 'NONE',  ( -1.051572936316229900E-015, 1.000000000000000000, -0.0000000000000000000 ) ) ;
#1513 = FACE_OUTER_BOUND ( 'NONE', #1324, .T. ) ;
#1514 = VECTOR ( 'NONE', #1227, 1000.000000000000000 ) ;
#1515 = CARTESIAN_POINT ( 'NONE',  ( -3.278051137026357900, 2.620000000000000100, 2.952500000000000100 ) ) ;
#1516 = CARTESIAN_POINT ( 'NONE',  ( -2.578051137026356800, 2.569999999999999400, -2.857559330716100500 ) ) ;
#1517 = DIRECTION ( 'NONE',  ( 1.000000000000000000, 0.0000000000000000000, 0.0000000000000000000 ) ) ;
#1518 = VERTEX_POINT ( 'NONE', #1572 ) ;
#1519 = EDGE_LOOP ( 'NONE', ( #590, #1468, #1273, #318 ) ) ;
#1520 = LINE ( 'NONE', #750, #1596 ) ;
#1521 = ORIENTED_EDGE ( 'NONE', *, *, #63, .T. ) ;
#1522 = PRESENTATION_LAYER_ASSIGNMENT (  '', '', ( #442 ) ) ;
#1523 = EDGE_CURVE ( 'NONE', #479, #1424, #103, .T. ) ;
#1524 = VECTOR ( 'NONE', #919, 1000.000000000000000 ) ;
#1525 = FACE_OUTER_BOUND ( 'NONE', #337, .T. ) ;
#1526 = PLANE ( 'NONE',  #1489 ) ;
#1527 = CARTESIAN_POINT ( 'NONE',  ( 3.397219925554902700, 1.254823184425858800, 1.500000000000000000 ) ) ;
#1528 = STYLED_ITEM ( 'NONE', ( #803 ), #44 ) ;
#1529 = ORIENTED_EDGE ( 'NONE', *, *, #397, .F. ) ;
#1530 = CARTESIAN_POINT ( 'NONE',  ( -3.397219925554902700, 1.254823184425858800, -1.500000000000000000 ) ) ;
#1531 = VERTEX_POINT ( 'NONE', #452 ) ;
#1532 = DIRECTION ( 'NONE',  ( 0.0000000000000000000, 0.08715574274765874900, -0.9961946980917455500 ) ) ;
#1533 = DIRECTION ( 'NONE',  ( -1.000000000000000000, 1.338521200599387000E-016, -0.0000000000000000000 ) ) ;
#1534 = VERTEX_POINT ( 'NONE', #582 ) ;
#1535 = EDGE_LOOP ( 'NONE', ( #84, #1047, #238, #1044 ) ) ;
#1536 = PLANE ( 'NONE',  #1543 ) ;
#1537 = FACE_OUTER_BOUND ( 'NONE', #704, .T. ) ;
#1538 = LINE ( 'NONE', #203, #1494 ) ;
#1539 = ORIENTED_EDGE ( 'NONE', *, *, #487, .F. ) ;
#1540 = ORIENTED_EDGE ( 'NONE', *, *, #1282, .F. ) ;
#1541 = ORIENTED_EDGE ( 'NONE', *, *, #569, .F. ) ;
#1542 = LINE ( 'NONE', #1610, #1199 ) ;
#1543 = AXIS2_PLACEMENT_3D ( 'NONE', #263, #777, #912 ) ;
#1544 = EDGE_CURVE ( 'NONE', #1424, #363, #38, .T. ) ;
#1545 =( NAMED_UNIT ( * ) PLANE_ANGLE_UNIT ( ) SI_UNIT ( $, .RADIAN. ) );
#1546 = ORIENTED_EDGE ( 'NONE', *, *, #1195, .F. ) ;
#1547 = DIRECTION ( 'NONE',  ( 1.000000000000000000, -0.0000000000000000000, -0.0000000000000000000 ) ) ;
#1548 = DIRECTION ( 'NONE',  ( 1.000000000000000000, -1.051572936316229900E-015, 0.0000000000000000000 ) ) ;
#1549 = ORIENTED_EDGE ( 'NONE', *, *, #304, .F. ) ;
#1550 = EDGE_CURVE ( 'NONE', #773, #1078, #1561, .T. ) ;
#1551 = DIRECTION ( 'NONE',  ( -0.0000000000000000000, -0.0000000000000000000, -1.000000000000000000 ) ) ;
#1552 = LINE ( 'NONE', #1113, #1356 ) ;
#1553 = SURFACE_STYLE_FILL_AREA ( #211 ) ;
#1554 = DIRECTION ( 'NONE',  ( -0.1300379154054280600, -0.9877360307509837100, -0.08641570524680471100 ) ) ;
#1555 =( NAMED_UNIT ( * ) PLANE_ANGLE_UNIT ( ) SI_UNIT ( $, .RADIAN. ) );
#1556 = EDGE_LOOP ( 'NONE', ( #187, #866, #577, #978 ) ) ;
#1557 = EDGE_LOOP ( 'NONE', ( #640, #130, #867, #402 ) ) ;
#1558 = LINE ( 'NONE', #9, #1582 ) ;
#1559 = VERTEX_POINT ( 'NONE', #376 ) ;
#1560 = LINE ( 'NONE', #573, #1176 ) ;
#1561 = LINE ( 'NONE', #1080, #1221 ) ;
#1562 = ADVANCED_FACE ( 'NONE', ( #100 ), #10, .F. ) ;
#1563 = PLANE ( 'NONE',  #1600 ) ;
#1564 = VERTEX_POINT ( 'NONE', #59 ) ;
#1565 = CARTESIAN_POINT ( 'NONE',  ( -2.578051137026357700, 2.619999999999998800, 2.952500000000000100 ) ) ;
#1566 = EDGE_CURVE ( 'NONE', #1500, #363, #1081, .T. ) ;
#1567 = ORIENTED_EDGE ( 'NONE', *, *, #1147, .F. ) ;
#1568 = DIRECTION ( 'NONE',  ( 1.000000000000000000, 0.0000000000000000000, 0.0000000000000000000 ) ) ;
#1569 = CARTESIAN_POINT ( 'NONE',  ( 3.397219925554902700, 1.254823184425858800, -1.500000000000000000 ) ) ;
#1570 = ADVANCED_FACE ( 'NONE', ( #649 ), #135, .T. ) ;
#1571 = ORIENTED_EDGE ( 'NONE', *, *, #1404, .F. ) ;
#1572 = CARTESIAN_POINT ( 'NONE',  ( -3.740000000000000200, 0.3299999999999999000, -1.500000000000000000 ) ) ;
#1573 = AXIS2_PLACEMENT_3D ( 'NONE', #308, #555, #1297 ) ;
#1574 = EDGE_CURVE ( 'NONE', #224, #1258, #890, .T. ) ;
#1575 = DIRECTION ( 'NONE',  ( -0.0000000000000000000, -0.0000000000000000000, -1.000000000000000000 ) ) ;
#1576 = CIRCLE ( 'NONE', #1427, 0.09999999999999982500 ) ;
#1577 = ADVANCED_FACE ( 'NONE', ( #1433 ), #604, .F. ) ;
#1578 = DIRECTION ( 'NONE',  ( 1.000000000000000000, -0.0000000000000000000, -0.0000000000000000000 ) ) ;
#1579 = ORIENTED_EDGE ( 'NONE', *, *, #236, .T. ) ;
#1580 = DIRECTION ( 'NONE',  ( 0.9914448613738103800, -0.1305261922200518200, 0.0000000000000000000 ) ) ;
#1581 = ORIENTED_EDGE ( 'NONE', *, *, #575, .T. ) ;
#1582 = VECTOR ( 'NONE', #531, 1000.000000000000000 ) ;
#1583 = CARTESIAN_POINT ( 'NONE',  ( -3.427500000000000200, 0.2030000000000000100, -2.853184897539804000 ) ) ;
#1584 = DIRECTION ( 'NONE',  ( 1.000000000000000000, 0.0000000000000000000, 0.0000000000000000000 ) ) ;
#1585 = ORIENTED_EDGE ( 'NONE', *, *, #309, .F. ) ;
#1586 = ADVANCED_FACE ( 'NONE', ( #391 ), #1094, .F. ) ;
#1587 = CARTESIAN_POINT ( 'NONE',  ( 3.970000000000000600, 0.3299999999999999600, 1.500000000000000000 ) ) ;
#1588 = CARTESIAN_POINT ( 'NONE',  ( 2.829999999999999600, 0.0000000000000000000, 1.500000000000000000 ) ) ;
#1589 = CARTESIAN_POINT ( 'NONE',  ( 3.427500000000000200, 1.484823184425858600, 2.952500000000000100 ) ) ;
#1590 = PLANE ( 'NONE',  #951 ) ;
#1591 = PLANE ( 'NONE',  #300 ) ;
#1592 = DIRECTION ( 'NONE',  ( 0.0000000000000000000, 1.000000000000000000, 0.0000000000000000000 ) ) ;
#1593 = LINE ( 'NONE', #1387, #17 ) ;
#1594 = VERTEX_POINT ( 'NONE', #261 ) ;
#1595 = ORIENTED_EDGE ( 'NONE', *, *, #1195, .T. ) ;
#1596 = VECTOR ( 'NONE', #1129, 1000.000000000000000 ) ;
#1597 = FACE_OUTER_BOUND ( 'NONE', #126, .T. ) ;
#1598 = FILL_AREA_STYLE_COLOUR ( '', #1115 ) ;
#1599 = CARTESIAN_POINT ( 'NONE',  ( -3.397219925554902700, 1.254823184425858800, 1.500000000000000000 ) ) ;
#1600 = AXIS2_PLACEMENT_3D ( 'NONE', #296, #1326, #1179 ) ;
#1601 = CARTESIAN_POINT ( 'NONE',  ( -2.578051137026356800, 2.569999999999999400, 2.857559330716099600 ) ) ;
#1602 = EDGE_CURVE ( 'NONE', #882, #886, #1397, .T. ) ;
#1603 = VERTEX_POINT ( 'NONE', #252 ) ;
#1604 = ORIENTED_EDGE ( 'NONE', *, *, #97, .F. ) ;
#1605 = DIRECTION ( 'NONE',  ( 0.0000000000000000000, 0.0000000000000000000, 1.000000000000000000 ) ) ;
#1606 = CARTESIAN_POINT ( 'NONE',  ( -3.740000000000000200, 0.3299999999999999000, 1.500000000000000000 ) ) ;
#1607 = DIRECTION ( 'NONE',  ( -0.0000000000000000000, -0.0000000000000000000, -1.000000000000000000 ) ) ;
#1608 = ORIENTED_EDGE ( 'NONE', *, *, #51, .T. ) ;
#1609 = PLANE ( 'NONE',  #1312 ) ;
#1610 = CARTESIAN_POINT ( 'NONE',  ( 3.397219925554902700, 1.254823184425858800, 1.500000000000000000 ) ) ;
#1611 = LINE ( 'NONE', #1316, #1134 ) ;
#1612 = COLOUR_RGB ( '',0.2509803921568627400, 0.2509803921568627400, 0.2509803921568627400 ) ;
#1613 = DIRECTION ( 'NONE',  ( -1.000000000000000000, -1.020425574104004200E-015, -0.0000000000000000000 ) ) ;
#1614 = DIRECTION ( 'NONE',  ( 0.0000000000000000000, 0.0000000000000000000, -1.000000000000000000 ) ) ;
#1615 = DIRECTION ( 'NONE',  ( 0.04361938736533606900, 0.9990482215818578000, -0.0000000000000000000 ) ) ;
#1616 = LINE ( 'NONE', #908, #433 ) ;
#1617 = CARTESIAN_POINT ( 'NONE',  ( -3.970000000000000600, 0.3299999999999998500, 1.500000000000000000 ) ) ;
#1618 = VERTEX_POINT ( 'NONE', #520 ) ;
#1619 = EDGE_CURVE ( 'NONE', #1140, #1618, #662, .T. ) ;
#1620 = ORIENTED_EDGE ( 'NONE', *, *, #771, .T. ) ;
#1621 = PRESENTATION_STYLE_ASSIGNMENT (( #943 ) ) ;
#1622 = DIRECTION ( 'NONE',  ( 0.0000000000000000000, 0.0000000000000000000, 1.000000000000000000 ) ) ;
#1623 = FILL_AREA_STYLE_COLOUR ( '', #1612 ) ;
#1624 = CARTESIAN_POINT ( 'NONE',  ( 2.829999999999999600, 0.2300000000000000100, 1.500000000000000000 ) ) ;
#1625 = CARTESIAN_POINT ( 'NONE',  ( 3.361143636214509300, 0.9807965612967288700, -2.908403384360947800 ) ) ;
#1626 = ORIENTED_EDGE ( 'NONE', *, *, #242, .F. ) ;
#1627 = AXIS2_PLACEMENT_3D ( 'NONE', #265, #230, #1389 ) ;
#1628 = CARTESIAN_POINT ( 'NONE',  ( -3.427500000000000200, 1.484823184425858600, -2.952500000000000100 ) ) ;
#1629 = EDGE_LOOP ( 'NONE', ( #950, #931, #544, #871 ) ) ;
#1630 = DIRECTION ( 'NONE',  ( -0.0000000000000000000, -0.0000000000000000000, -1.000000000000000000 ) ) ;
#1631 =( NAMED_UNIT ( * ) SI_UNIT ( $, .STERADIAN. ) SOLID_ANGLE_UNIT ( ) );
ENDSEC;
END-ISO-10303-21;
