ISO-10303-21;
HEADER;
FILE_DESCRIPTION (( 'STEP AP214' ),
    '1' );
FILE_NAME ('MMBZ5245B-7-F.STEP',
    '2022-04-22T22:03:36',
    ( '' ),
    ( '' ),
    'SwSTEP 2.0',
    'SolidWorks 2017',
    '' );
FILE_SCHEMA (( 'AUTOMOTIVE_DESIGN' ));
ENDSEC;

DATA;
#1 = DIRECTION ( 'NONE',  ( -0.0000000000000000000, -0.0000000000000000000, -1.000000000000000000 ) ) ;
#2 = ORIENTED_EDGE ( 'NONE', *, *, #1080, .T. ) ;
#3 = CARTESIAN_POINT ( 'NONE',  ( -1.212500000000003000, 0.2499999999999999400, 1.149999999999999700 ) ) ;
#4 = ORIENTED_EDGE ( 'NONE', *, *, #1693, .T. ) ;
#5 = ORIENTED_EDGE ( 'NONE', *, *, #1245, .F. ) ;
#6 = CARTESIAN_POINT ( 'NONE',  ( -0.8625000000000002700, 0.6999999999999997300, 0.7499999999999997800 ) ) ;
#7 = ORIENTED_EDGE ( 'NONE', *, *, #1748, .F. ) ;
#8 = ORIENTED_EDGE ( 'NONE', *, *, #247, .T. ) ;
#9 = DIRECTION ( 'NONE',  ( -0.0000000000000000000, 0.0000000000000000000, 1.000000000000000000 ) ) ;
#10 = PRODUCT_DEFINITION_CONTEXT ( 'detailed design', #188, 'design' ) ;
#11 = EDGE_CURVE ( 'NONE', #885, #709, #802, .T. ) ;
#12 = AXIS2_PLACEMENT_3D ( 'NONE', #1784, #822, #954 ) ;
#13 = DIRECTION ( 'NONE',  ( -7.318364664277278000E-015, -1.000000000000000000, 0.0000000000000000000 ) ) ;
#14 = PLANE ( 'NONE',  #388 ) ;
#15 = FACE_OUTER_BOUND ( 'NONE', #1601, .T. ) ;
#16 = VECTOR ( 'NONE', #267, 1000.000000000000000 ) ;
#17 = EDGE_CURVE ( 'NONE', #24, #49, #1445, .T. ) ;
#18 = DIRECTION ( 'NONE',  ( 0.0000000000000000000, 1.000000000000000000, 0.0000000000000000000 ) ) ;
#19 = AXIS2_PLACEMENT_3D ( 'NONE', #1723, #471, #1578 ) ;
#20 = DIRECTION ( 'NONE',  ( 1.000000000000000000, 0.0000000000000000000, 0.0000000000000000000 ) ) ;
#21 = ORIENTED_EDGE ( 'NONE', *, *, #42, .F. ) ;
#22 = SURFACE_STYLE_USAGE ( .BOTH. , #838 ) ;
#23 = VERTEX_POINT ( 'NONE', #256 ) ;
#24 = VERTEX_POINT ( 'NONE', #1651 ) ;
#25 = DIRECTION ( 'NONE',  ( 0.0000000000000000000, -1.000000000000000000, 0.0000000000000000000 ) ) ;
#26 = VERTEX_POINT ( 'NONE', #523 ) ;
#27 = ORIENTED_EDGE ( 'NONE', *, *, #876, .T. ) ;
#28 = VECTOR ( 'NONE', #407, 1000.000000000000000 ) ;
#29 = ORIENTED_EDGE ( 'NONE', *, *, #861, .F. ) ;
#30 = CARTESIAN_POINT ( 'NONE',  ( -0.7735509528937303300, 0.5499999999999998200, 1.149999999999999700 ) ) ;
#31 = STYLED_ITEM ( 'NONE', ( #418 ), #1518 ) ;
#32 = DIRECTION ( 'NONE',  ( -0.0000000000000000000, -0.0000000000000000000, -1.000000000000000000 ) ) ;
#33 = DIRECTION ( 'NONE',  ( 1.000000000000000000, 0.0000000000000000000, 0.0000000000000000000 ) ) ;
#34 = CYLINDRICAL_SURFACE ( 'NONE', #655, 0.2500000000000013900 ) ;
#35 = LINE ( 'NONE', #854, #1582 ) ;
#36 = PLANE ( 'NONE',  #929 ) ;
#37 = DIRECTION ( 'NONE',  ( 0.1736481776669303300, -0.9848077530122081300, 0.0000000000000000000 ) ) ;
#38 = CARTESIAN_POINT ( 'NONE',  ( -1.412500000000001400, 0.0000000000000000000, -0.7500000000000002200 ) ) ;
#39 = LINE ( 'NONE', #1425, #334 ) ;
#40 =( NAMED_UNIT ( * ) PLANE_ANGLE_UNIT ( ) SI_UNIT ( $, .RADIAN. ) );
#41 = LINE ( 'NONE', #980, #920 ) ;
#42 = EDGE_CURVE ( 'NONE', #1056, #559, #1586, .T. ) ;
#43 = CIRCLE ( 'NONE', #963, 0.1000000000000013500 ) ;
#44 = CARTESIAN_POINT ( 'NONE',  ( -0.8000000000000000400, 0.6999999999999997300, 1.480000000000000400 ) ) ;
#45 = AXIS2_PLACEMENT_3D ( 'NONE', #205, #1303, #1315 ) ;
#46 = CARTESIAN_POINT ( 'NONE',  ( -0.7030201606103441100, 0.1499999999999999700, -1.383020160610344500 ) ) ;
#47 = ORIENTED_EDGE ( 'NONE', *, *, #209, .T. ) ;
#48 = UNCERTAINTY_MEASURE_WITH_UNIT (LENGTH_MEASURE( 1.000000000000000100E-005 ), #727, 'distance_accuracy_value', 'NONE');
#49 = VERTEX_POINT ( 'NONE', #1665 ) ;
#50 = DIRECTION ( 'NONE',  ( -0.1710878697460358800, 0.9702875252478138100, 0.1710878697460358800 ) ) ;
#51 = CARTESIAN_POINT ( 'NONE',  ( 6.703963833975624600E-016, 0.5500000000000008200, -0.2000000000000002100 ) ) ;
#52 = EDGE_LOOP ( 'NONE', ( #1198, #515, #1428, #1248 ) ) ;
#53 = EDGE_LOOP ( 'NONE', ( #1230, #427, #1455, #1703 ) ) ;
#54 = EDGE_CURVE ( 'NONE', #1141, #886, #698, .T. ) ;
#55 = ADVANCED_FACE ( 'NONE', ( #649 ), #391, .T. ) ;
#56 = AXIS2_PLACEMENT_3D ( 'NONE', #882, #482, #193 ) ;
#57 = VECTOR ( 'NONE', #1530, 1000.000000000000000 ) ;
#58 = LINE ( 'NONE', #1109, #540 ) ;
#59 = LINE ( 'NONE', #175, #1441 ) ;
#60 = VERTEX_POINT ( 'NONE', #1212 ) ;
#61 = DIRECTION ( 'NONE',  ( -1.000000000000000000, -1.218902515268293700E-015, 0.0000000000000000000 ) ) ;
#62 = DIRECTION ( 'NONE',  ( 0.0000000000000000000, 0.1736481776669307200, 0.9848077530122080200 ) ) ;
#63 = VECTOR ( 'NONE', #801, 1000.000000000000000 ) ;
#64 = AXIS2_PLACEMENT_3D ( 'NONE', #829, #1397, #1407 ) ;
#65 = DIRECTION ( 'NONE',  ( 0.9848077530122080200, 0.1736481776669307200, 0.0000000000000000000 ) ) ;
#66 = DIRECTION ( 'NONE',  ( -1.000000000000000000, -0.0000000000000000000, -0.0000000000000000000 ) ) ;
#67 = ORIENTED_EDGE ( 'NONE', *, *, #85, .T. ) ;
#68 = PRESENTATION_LAYER_ASSIGNMENT (  '', '', ( #1204 ) ) ;
#69 = ORIENTED_EDGE ( 'NONE', *, *, #384, .F. ) ;
#70 = EDGE_LOOP ( 'NONE', ( #644, #1021, #481, #1094 ) ) ;
#71 = VERTEX_POINT ( 'NONE', #956 ) ;
#72 = EDGE_LOOP ( 'NONE', ( #770, #1001, #776, #362 ) ) ;
#73 = CARTESIAN_POINT ( 'NONE',  ( 0.8625000000000002700, 0.5499999999999997100, -0.2000000000000002100 ) ) ;
#74 = VERTEX_POINT ( 'NONE', #136 ) ;
#75 = EDGE_CURVE ( 'NONE', #107, #1451, #1666, .T. ) ;
#76 = CARTESIAN_POINT ( 'NONE',  ( -0.9625000000000018000, 0.2500000000000000000, 1.149999999999999700 ) ) ;
#77 = DIRECTION ( 'NONE',  ( 1.000000000000000000, 7.047314121155897900E-015, 0.0000000000000000000 ) ) ;
#78 = EDGE_CURVE ( 'NONE', #105, #213, #238, .T. ) ;
#79 = AXIS2_PLACEMENT_3D ( 'NONE', #821, #147, #20 ) ;
#80 = ORIENTED_EDGE ( 'NONE', *, *, #286, .F. ) ;
#81 = DIRECTION ( 'NONE',  ( -0.0000000000000000000, -0.0000000000000000000, -1.000000000000000000 ) ) ;
#82 = VECTOR ( 'NONE', #1511, 1000.000000000000000 ) ;
#83 = DIRECTION ( 'NONE',  ( 0.0000000000000000000, 0.0000000000000000000, 1.000000000000000000 ) ) ;
#84 = VECTOR ( 'NONE', #1560, 999.9999999999998900 ) ;
#85 = EDGE_CURVE ( 'NONE', #633, #683, #461, .T. ) ;
#86 = DIRECTION ( 'NONE',  ( -0.0000000000000000000, 1.000000000000000000, 0.0000000000000000000 ) ) ;
#87 = EDGE_LOOP ( 'NONE', ( #1367, #1040, #1205, #132 ) ) ;
#88 = VERTEX_POINT ( 'NONE', #264 ) ;
#89 = EDGE_LOOP ( 'NONE', ( #843, #1491, #1704, #1189 ) ) ;
#90 = ORIENTED_EDGE ( 'NONE', *, *, #689, .T. ) ;
#91 = ORIENTED_EDGE ( 'NONE', *, *, #437, .F. ) ;
#92 = CARTESIAN_POINT ( 'NONE',  ( -1.212500000000004800, -1.409462824231155800E-015, -0.7500000000000002200 ) ) ;
#93 = VECTOR ( 'NONE', #81, 1000.000000000000000 ) ;
#94 = DIRECTION ( 'NONE',  ( -1.011922027653137700E-014, 1.000000000000000000, 0.0000000000000000000 ) ) ;
#95 = FACE_OUTER_BOUND ( 'NONE', #1390, .T. ) ;
#96 = CARTESIAN_POINT ( 'NONE',  ( -0.6561699981503794600, -0.1157004746053354300, -0.7500000000000002200 ) ) ;
#97 =( GEOMETRIC_REPRESENTATION_CONTEXT ( 3 ) GLOBAL_UNCERTAINTY_ASSIGNED_CONTEXT ( ( #1386 ) ) GLOBAL_UNIT_ASSIGNED_CONTEXT ( ( #194, #40, #1164 ) ) REPRESENTATION_CONTEXT ( 'NONE', 'WORKASPACE' ) );
#98 = LINE ( 'NONE', #585, #1061 ) ;
#99 = ORIENTED_EDGE ( 'NONE', *, *, #902, .F. ) ;
#100 = CARTESIAN_POINT ( 'NONE',  ( 0.8625000000000002700, 0.4499999999999983500, 0.1999999999999997600 ) ) ;
#101 = LINE ( 'NONE', #893, #596 ) ;
#102 = VECTOR ( 'NONE', #317, 1000.000000000000000 ) ;
#103 = EDGE_CURVE ( 'NONE', #1708, #673, #438, .T. ) ;
#104 = ORIENTED_EDGE ( 'NONE', *, *, #142, .F. ) ;
#105 = VERTEX_POINT ( 'NONE', #1092 ) ;
#106 = ORIENTED_EDGE ( 'NONE', *, *, #1380, .F. ) ;
#107 = VERTEX_POINT ( 'NONE', #941 ) ;
#108 = ORIENTED_EDGE ( 'NONE', *, *, #1661, .F. ) ;
#109 = CARTESIAN_POINT ( 'NONE',  ( -0.4500000000000000100, 1.399999999999999900, -1.255000000000000800 ) ) ;
#110 = ORIENTED_EDGE ( 'NONE', *, *, #1135, .T. ) ;
#111 = LINE ( 'NONE', #1505, #349 ) ;
#112 = CARTESIAN_POINT ( 'NONE',  ( -1.057097118173316500E-015, 0.1499999999999900000, 0.1999999999999997600 ) ) ;
#113 = DIRECTION ( 'NONE',  ( 0.0000000000000000000, -1.000000000000000000, 0.0000000000000000000 ) ) ;
#114 = EDGE_CURVE ( 'NONE', #608, #1460, #139, .T. ) ;
#115 = CLOSED_SHELL ( 'NONE', ( #1250, #1647, #1667, #1215, #716, #558, #1239, #883, #666, #831, #795, #812, #1365, #992 ) ) ;
#116 = ADVANCED_BREP_SHAPE_REPRESENTATION ( 'MMBZ5245B-7-F', ( #1351, #1518, #1214, #1243, #1411, #464 ), #806 ) ;
#117 = DIRECTION ( 'NONE',  ( -0.0000000000000000000, 1.000000000000000000, -0.0000000000000000000 ) ) ;
#118 = PRESENTATION_LAYER_ASSIGNMENT (  '', '', ( #989 ) ) ;
#119 = ADVANCED_FACE ( 'NONE', ( #185 ), #825, .T. ) ;
#120 = DIRECTION ( 'NONE',  ( 0.1710878697460358800, -0.9702875252478138100, 0.1710878697460358800 ) ) ;
#121 = CARTESIAN_POINT ( 'NONE',  ( -1.057097118173316500E-015, 0.1499999999999900000, -0.2000000000000002100 ) ) ;
#122 = FACE_OUTER_BOUND ( 'NONE', #1083, .T. ) ;
#123 = FACE_OUTER_BOUND ( 'NONE', #300, .T. ) ;
#124 = DIRECTION ( 'NONE',  ( 0.1736481776669307200, 0.9848077530122080200, 0.0000000000000000000 ) ) ;
#125 = LINE ( 'NONE', #604, #355 ) ;
#126 = CARTESIAN_POINT ( 'NONE',  ( -1.412500000000000300, 0.1499999999999999700, -1.150000000000000100 ) ) ;
#127 = ORIENTED_EDGE ( 'NONE', *, *, #345, .F. ) ;
#128 = DIRECTION ( 'NONE',  ( -1.000000000000000000, -7.047314121155913700E-015, 0.0000000000000000000 ) ) ;
#129 = VERTEX_POINT ( 'NONE', #556 ) ;
#130 = VERTEX_POINT ( 'NONE', #1404 ) ;
#131 = ORIENTED_EDGE ( 'NONE', *, *, #1059, .F. ) ;
#132 = ORIENTED_EDGE ( 'NONE', *, *, #881, .T. ) ;
#133 = PLANE ( 'NONE',  #12 ) ;
#134 = LINE ( 'NONE', #617, #1210 ) ;
#135 = DIRECTION ( 'NONE',  ( 0.0000000000000000000, -0.0000000000000000000, -1.000000000000000000 ) ) ;
#136 = CARTESIAN_POINT ( 'NONE',  ( -1.412500000000001400, 0.0000000000000000000, -0.7500000000000002200 ) ) ;
#137 = CARTESIAN_POINT ( 'NONE',  ( 0.0000000000000000000, 0.0000000000000000000, -0.2000000000000002100 ) ) ;
#138 = FACE_OUTER_BOUND ( 'NONE', #713, .T. ) ;
#139 = LINE ( 'NONE', #243, #224 ) ;
#140 = DIRECTION ( 'NONE',  ( 1.000000000000000000, 7.047314121155897900E-015, 0.0000000000000000000 ) ) ;
#141 = ADVANCED_FACE ( 'NONE', ( #206 ), #1547, .T. ) ;
#142 = EDGE_CURVE ( 'NONE', #662, #320, #1374, .T. ) ;
#143 = ORIENTED_EDGE ( 'NONE', *, *, #820, .F. ) ;
#144 =( NAMED_UNIT ( * ) PLANE_ANGLE_UNIT ( ) SI_UNIT ( $, .RADIAN. ) );
#145 = CARTESIAN_POINT ( 'NONE',  ( -0.8000000000000000400, 0.6999999999999997300, 1.480000000000000400 ) ) ;
#146 = VECTOR ( 'NONE', #493, 1000.000000000000000 ) ;
#147 = DIRECTION ( 'NONE',  ( -0.0000000000000000000, 0.0000000000000000000, 1.000000000000000000 ) ) ;
#148 = DIRECTION ( 'NONE',  ( 0.1736481776669303300, -0.9848077530122081300, 0.0000000000000000000 ) ) ;
#149 = CIRCLE ( 'NONE', #1176, 0.2500000000000013300 ) ;
#150 = ADVANCED_FACE ( 'NONE', ( #1081 ), #289, .T. ) ;
#151 = DIRECTION ( 'NONE',  ( -0.0000000000000000000, -0.0000000000000000000, -1.000000000000000000 ) ) ;
#152 = ORIENTED_EDGE ( 'NONE', *, *, #528, .T. ) ;
#153 = CARTESIAN_POINT ( 'NONE',  ( -0.4500000000000000100, 1.399999999999999900, -1.130000000000000300 ) ) ;
#154 = ORIENTED_EDGE ( 'NONE', *, *, #488, .F. ) ;
#155 = CARTESIAN_POINT ( 'NONE',  ( -0.8000000000000000400, 0.6999999999999997300, -1.480000000000000400 ) ) ;
#156 = ORIENTED_EDGE ( 'NONE', *, *, #1014, .T. ) ;
#157 = ORIENTED_EDGE ( 'NONE', *, *, #638, .T. ) ;
#158 = PRESENTATION_STYLE_ASSIGNMENT (( #470 ) ) ;
#159 = PLANE ( 'NONE',  #510 ) ;
#160 = ADVANCED_FACE ( 'NONE', ( #1464 ), #411, .T. ) ;
#161 = DIRECTION ( 'NONE',  ( -0.0000000000000000000, -0.0000000000000000000, -1.000000000000000000 ) ) ;
#162 = LINE ( 'NONE', #1258, #1581 ) ;
#163 = DIRECTION ( 'NONE',  ( 1.000000000000000000, 0.0000000000000000000, 0.0000000000000000000 ) ) ;
#164 = CARTESIAN_POINT ( 'NONE',  ( 1.214306433183761800E-015, 0.7000000000000011800, -0.2000000000000002100 ) ) ;
#165 = EDGE_CURVE ( 'NONE', #105, #1125, #265, .T. ) ;
#166 = DIRECTION ( 'NONE',  ( -1.000000000000000000, 7.047314121155897900E-015, 0.0000000000000000000 ) ) ;
#167 = FACE_OUTER_BOUND ( 'NONE', #1622, .T. ) ;
#168 = EDGE_CURVE ( 'NONE', #297, #886, #984, .T. ) ;
#169 = ADVANCED_FACE ( 'NONE', ( #568 ), #691, .F. ) ;
#170 = AXIS2_PLACEMENT_3D ( 'NONE', #1587, #1156, #328 ) ;
#171 = FACE_OUTER_BOUND ( 'NONE', #865, .T. ) ;
#172 = DIRECTION ( 'NONE',  ( -1.000000000000000000, 0.0000000000000000000, 0.0000000000000000000 ) ) ;
#173 = DIRECTION ( 'NONE',  ( 1.000000000000000000, -0.0000000000000000000, -0.0000000000000000000 ) ) ;
#174 = FACE_OUTER_BOUND ( 'NONE', #1093, .T. ) ;
#175 = CARTESIAN_POINT ( 'NONE',  ( 1.097754699641515800E-015, 0.1499999999999896400, 1.149999999999999700 ) ) ;
#176 = ORIENTED_EDGE ( 'NONE', *, *, #312, .T. ) ;
#177 = ORIENTED_EDGE ( 'NONE', *, *, #103, .T. ) ;
#178 = ORIENTED_EDGE ( 'NONE', *, *, #1713, .F. ) ;
#179 = ORIENTED_EDGE ( 'NONE', *, *, #1757, .T. ) ;
#180 = CARTESIAN_POINT ( 'NONE',  ( 0.8625000000000002700, 0.4499999999999983500, -0.2000000000000002100 ) ) ;
#181 = VERTEX_POINT ( 'NONE', #30 ) ;
#182 = DIRECTION ( 'NONE',  ( -0.1710878697460358800, -0.9702875252478138100, 0.1710878697460358800 ) ) ;
#183 = EDGE_CURVE ( 'NONE', #1279, #908, #35, .T. ) ;
#184 = LINE ( 'NONE', #506, #588 ) ;
#185 = FACE_OUTER_BOUND ( 'NONE', #327, .T. ) ;
#186 = DIRECTION ( 'NONE',  ( -0.0000000000000000000, 0.0000000000000000000, -1.000000000000000000 ) ) ;
#187 = VECTOR ( 'NONE', #1443, 1000.000000000000000 ) ;
#188 = APPLICATION_CONTEXT ( 'automotive_design' ) ;
#189 = CARTESIAN_POINT ( 'NONE',  ( -0.6561699981503794600, -0.1157004746053354300, -1.150000000000000100 ) ) ;
#190 = EDGE_CURVE ( 'NONE', #868, #662, #1262, .T. ) ;
#191 = AXIS2_PLACEMENT_3D ( 'NONE', #383, #242, #1362 ) ;
#192 = PRESENTATION_STYLE_ASSIGNMENT (( #719 ) ) ;
#193 = DIRECTION ( 'NONE',  ( 1.000000000000000000, 0.0000000000000000000, 0.0000000000000000000 ) ) ;
#194 =( LENGTH_UNIT ( ) NAMED_UNIT ( * ) SI_UNIT ( .MILLI., .METRE. ) );
#195 = ORIENTED_EDGE ( 'NONE', *, *, #1155, .F. ) ;
#196 = DIRECTION ( 'NONE',  ( 0.0000000000000000000, -0.0000000000000000000, -1.000000000000000000 ) ) ;
#197 = DIRECTION ( 'NONE',  ( 0.0000000000000000000, 1.000000000000000000, 0.0000000000000000000 ) ) ;
#198 = VERTEX_POINT ( 'NONE', #704 ) ;
#199 = ORIENTED_EDGE ( 'NONE', *, *, #1328, .T. ) ;
#200 = ORIENTED_EDGE ( 'NONE', *, *, #1536, .F. ) ;
#201 = EDGE_CURVE ( 'NONE', #1360, #1340, #1352, .T. ) ;
#202 = CARTESIAN_POINT ( 'NONE',  ( 0.6561699981503794600, -0.1157004746053354300, 0.1999999999999997600 ) ) ;
#203 = CARTESIAN_POINT ( 'NONE',  ( -0.4500000000000000100, 1.450000000000000000, -1.130000000000000300 ) ) ;
#204 = CYLINDRICAL_SURFACE ( 'NONE', #414, 0.1000000000000014500 ) ;
#205 = CARTESIAN_POINT ( 'NONE',  ( -7.015129880516877100E-029, -9.954331196132715900E-015, -0.7500000000000002200 ) ) ;
#206 = FACE_OUTER_BOUND ( 'NONE', #542, .T. ) ;
#207 = CARTESIAN_POINT ( 'NONE',  ( 1.212500000000003000, 0.2499999999999999400, 0.1999999999999997600 ) ) ;
#208 = VECTOR ( 'NONE', #117, 1000.000000000000000 ) ;
#209 = EDGE_CURVE ( 'NONE', #71, #105, #1290, .T. ) ;
#210 = DIRECTION ( 'NONE',  ( -0.0000000000000000000, 0.0000000000000000000, 1.000000000000000000 ) ) ;
#211 = STYLED_ITEM ( 'NONE', ( #192 ), #1351 ) ;
#212 = EDGE_LOOP ( 'NONE', ( #199, #359, #1488, #404 ) ) ;
#213 = VERTEX_POINT ( 'NONE', #6 ) ;
#214 = DIRECTION ( 'NONE',  ( -0.0000000000000000000, -0.0000000000000000000, 1.000000000000000000 ) ) ;
#215 = ORIENTED_EDGE ( 'NONE', *, *, #779, .T. ) ;
#216 = EDGE_LOOP ( 'NONE', ( #1054, #665, #1475, #684 ) ) ;
#217 = VERTEX_POINT ( 'NONE', #1113 ) ;
#218 = CARTESIAN_POINT ( 'NONE',  ( -0.4500000000000000100, 1.399999999999999900, -1.130000000000000300 ) ) ;
#219 = CARTESIAN_POINT ( 'NONE',  ( -0.8000000000000000400, 0.6999999999999997300, -1.150000000000000100 ) ) ;
#220 = CIRCLE ( 'NONE', #1053, 0.1000000000000013500 ) ;
#221 = DIRECTION ( 'NONE',  ( -1.000000000000000000, 7.047314121155897900E-015, 0.0000000000000000000 ) ) ;
#222 = DIRECTION ( 'NONE',  ( 0.0000000000000000000, 1.000000000000000000, 0.0000000000000000000 ) ) ;
#223 = AXIS2_PLACEMENT_3D ( 'NONE', #325, #197, #1009 ) ;
#224 = VECTOR ( 'NONE', #1676, 1000.000000000000000 ) ;
#225 = ORIENTED_EDGE ( 'NONE', *, *, #1638, .F. ) ;
#226 = DIRECTION ( 'NONE',  ( -1.000000000000000000, 0.0000000000000000000, 0.0000000000000000000 ) ) ;
#227 = LINE ( 'NONE', #1462, #1296 ) ;
#228 =( NAMED_UNIT ( * ) PLANE_ANGLE_UNIT ( ) SI_UNIT ( $, .RADIAN. ) );
#229 = CYLINDRICAL_SURFACE ( 'NONE', #1070, 0.1250000000000003300 ) ;
#230 = EDGE_CURVE ( 'NONE', #1037, #1376, #1234, .T. ) ;
#231 = PRODUCT ( 'MMBZ5245B-7-F', 'MMBZ5245B-7-F', '', ( #1444 ) ) ;
#232 = COLOUR_RGB ( '',0.2509803921568627400, 0.2509803921568627400, 0.2509803921568627400 ) ;
#233 = AXIS2_PLACEMENT_3D ( 'NONE', #96, #782, #1788 ) ;
#234 = ORIENTED_EDGE ( 'NONE', *, *, #678, .F. ) ;
#235 = ORIENTED_EDGE ( 'NONE', *, *, #1052, .F. ) ;
#236 = ORIENTED_EDGE ( 'NONE', *, *, #1751, .T. ) ;
#237 = ORIENTED_EDGE ( 'NONE', *, *, #396, .T. ) ;
#238 = LINE ( 'NONE', #1792, #800 ) ;
#239 = DIRECTION ( 'NONE',  ( -0.0000000000000000000, -0.0000000000000000000, -1.000000000000000000 ) ) ;
#240 = AXIS2_PLACEMENT_3D ( 'NONE', #848, #18, #294 ) ;
#241 = ADVANCED_FACE ( 'NONE', ( #1643 ), #1271, .T. ) ;
#242 = DIRECTION ( 'NONE',  ( 1.000000000000000000, 0.0000000000000000000, -0.0000000000000000000 ) ) ;
#243 = CARTESIAN_POINT ( 'NONE',  ( 0.7735509528937303300, 0.5499999999999998200, 0.1999999999999997600 ) ) ;
#244 = VECTOR ( 'NONE', #66, 1000.000000000000000 ) ;
#245 = DIRECTION ( 'NONE',  ( -0.1736481776669303300, -0.9848077530122081300, 0.0000000000000000000 ) ) ;
#246 = DIRECTION ( 'NONE',  ( -1.000000000000000000, 0.0000000000000000000, 0.0000000000000000000 ) ) ;
#247 = EDGE_CURVE ( 'NONE', #871, #129, #1197, .T. ) ;
#248 = VECTOR ( 'NONE', #50, 1000.000000000000000 ) ;
#249 = AXIS2_PLACEMENT_3D ( 'NONE', #1104, #552, #416 ) ;
#250 = ORIENTED_EDGE ( 'NONE', *, *, #638, .F. ) ;
#251 = ORIENTED_EDGE ( 'NONE', *, *, #54, .F. ) ;
#252 = AXIS2_PLACEMENT_3D ( 'NONE', #890, #210, #771 ) ;
#253 = DIRECTION ( 'NONE',  ( 0.0000000000000000000, 0.0000000000000000000, 1.000000000000000000 ) ) ;
#254 = VERTEX_POINT ( 'NONE', #1257 ) ;
#255 = VERTEX_POINT ( 'NONE', #423 ) ;
#256 = CARTESIAN_POINT ( 'NONE',  ( 0.8625000000000002700, 0.6999999999999996200, 0.1999999999999997600 ) ) ;
#257 = ORIENTED_EDGE ( 'NONE', *, *, #168, .T. ) ;
#258 = CARTESIAN_POINT ( 'NONE',  ( 1.412500000000001400, 2.205814986324163900E-021, 0.1999999999999997600 ) ) ;
#259 = PRODUCT_DEFINITION_SHAPE ( 'NONE', 'NONE',  #275 ) ;
#260 = ADVANCED_FACE ( 'NONE', ( #287 ), #1599, .T. ) ;
#261 = LINE ( 'NONE', #976, #981 ) ;
#262 = VECTOR ( 'NONE', #933, 1000.000000000000000 ) ;
#263 = DIRECTION ( 'NONE',  ( -0.0000000000000000000, -0.0000000000000000000, -1.000000000000000000 ) ) ;
#264 = CARTESIAN_POINT ( 'NONE',  ( -0.7735509528937303300, 0.5499999999999998200, -1.150000000000000100 ) ) ;
#265 = LINE ( 'NONE', #839, #1556 ) ;
#266 = ORIENTED_EDGE ( 'NONE', *, *, #1173, .F. ) ;
#267 = DIRECTION ( 'NONE',  ( -1.000000000000000000, 0.0000000000000000000, 0.0000000000000000000 ) ) ;
#268 = FACE_OUTER_BOUND ( 'NONE', #1249, .T. ) ;
#269 = DIRECTION ( 'NONE',  ( 1.000000000000000000, 0.0000000000000000000, -0.0000000000000000000 ) ) ;
#270 = COLOUR_RGB ( '',0.7921568627450980000, 0.8196078431372548800, 0.9333333333333333500 ) ;
#271 = VECTOR ( 'NONE', #738, 1000.000000000000000 ) ;
#272 = CARTESIAN_POINT ( 'NONE',  ( 0.7030201606103441100, 0.1499999999999999700, 1.383020160610344500 ) ) ;
#273 = ORIENTED_EDGE ( 'NONE', *, *, #1713, .T. ) ;
#274 = DIRECTION ( 'NONE',  ( -1.000000000000000000, 7.318364664277278000E-015, 0.0000000000000000000 ) ) ;
#275 = PRODUCT_DEFINITION ( 'UNKNOWN', '', #936, #10 ) ;
#276 = EDGE_LOOP ( 'NONE', ( #308, #641, #777, #581 ) ) ;
#277 = EDGE_LOOP ( 'NONE', ( #972, #733, #472, #1639 ) ) ;
#278 =( GEOMETRIC_REPRESENTATION_CONTEXT ( 3 ) GLOBAL_UNCERTAINTY_ASSIGNED_CONTEXT ( ( #1100 ) ) GLOBAL_UNIT_ASSIGNED_CONTEXT ( ( #912, #478, #758 ) ) REPRESENTATION_CONTEXT ( 'NONE', 'WORKASPACE' ) );
#279 = ORIENTED_EDGE ( 'NONE', *, *, #820, .T. ) ;
#280 = DIRECTION ( 'NONE',  ( 0.0000000000000000000, 0.9848077530122080200, 0.1736481776669307200 ) ) ;
#281 = ADVANCED_FACE ( 'NONE', ( #695 ), #1003, .F. ) ;
#282 = ORIENTED_EDGE ( 'NONE', *, *, #1193, .F. ) ;
#283 = DIRECTION ( 'NONE',  ( -0.0000000000000000000, 0.0000000000000000000, 1.000000000000000000 ) ) ;
#284 = SURFACE_STYLE_FILL_AREA ( #682 ) ;
#285 = CARTESIAN_POINT ( 'NONE',  ( -0.8625000000000002700, 0.4499999999999983500, -1.150000000000000100 ) ) ;
#286 = EDGE_CURVE ( 'NONE', #1654, #1432, #98, .T. ) ;
#287 = FACE_OUTER_BOUND ( 'NONE', #1119, .T. ) ;
#288 = PLANE ( 'NONE',  #834 ) ;
#289 = PLANE ( 'NONE',  #616 ) ;
#290 = DIRECTION ( 'NONE',  ( -0.0000000000000000000, 0.0000000000000000000, 1.000000000000000000 ) ) ;
#291 = DIRECTION ( 'NONE',  ( -0.0000000000000000000, -0.0000000000000000000, 1.000000000000000000 ) ) ;
#292 = FACE_OUTER_BOUND ( 'NONE', #1388, .T. ) ;
#293 = LINE ( 'NONE', #525, #988 ) ;
#294 = DIRECTION ( 'NONE',  ( 0.0000000000000000000, 0.0000000000000000000, 1.000000000000000000 ) ) ;
#295 = CARTESIAN_POINT ( 'NONE',  ( -0.8000000000000000400, 0.6999999999999997300, 1.149999999999999700 ) ) ;
#296 = CARTESIAN_POINT ( 'NONE',  ( -1.112500000000001800, 0.2500000000000000000, 0.7499999999999997800 ) ) ;
#297 = VERTEX_POINT ( 'NONE', #1299 ) ;
#298 = ORIENTED_EDGE ( 'NONE', *, *, #372, .T. ) ;
#299 = DIRECTION ( 'NONE',  ( -0.0000000000000000000, -0.0000000000000000000, -1.000000000000000000 ) ) ;
#300 = EDGE_LOOP ( 'NONE', ( #376, #1036, #1302, #176 ) ) ;
#301 = AXIS2_PLACEMENT_3D ( 'NONE', #465, #1130, #1438 ) ;
#302 =( NAMED_UNIT ( * ) PLANE_ANGLE_UNIT ( ) SI_UNIT ( $, .RADIAN. ) );
#303 = CARTESIAN_POINT ( 'NONE',  ( -0.8000000000000000400, 0.6999999999999997300, 1.480000000000000400 ) ) ;
#304 = PLANE ( 'NONE',  #1217 ) ;
#305 = CIRCLE ( 'NONE', #772, 0.1000000000000013500 ) ;
#306 = CIRCLE ( 'NONE', #718, 0.1000000000000013500 ) ;
#307 = CARTESIAN_POINT ( 'NONE',  ( 0.8000000000000001600, 0.6999999999999998400, -0.2000000000000002100 ) ) ;
#308 = ORIENTED_EDGE ( 'NONE', *, *, #230, .F. ) ;
#309 = CARTESIAN_POINT ( 'NONE',  ( -1.212500000000004800, -1.409462824231155800E-015, 1.149999999999999700 ) ) ;
#310 = DIRECTION ( 'NONE',  ( -1.000000000000000000, 7.318364664277278000E-015, 0.0000000000000000000 ) ) ;
#311 = VECTOR ( 'NONE', #1163, 1000.000000000000000 ) ;
#312 = EDGE_CURVE ( 'NONE', #181, #1125, #1399, .T. ) ;
#313 = AXIS2_PLACEMENT_3D ( 'NONE', #336, #347, #1743 ) ;
#314 = PLANE ( 'NONE',  #1004 ) ;
#315 = FILL_AREA_STYLE ('',( #836 ) ) ;
#316 = LINE ( 'NONE', #352, #835 ) ;
#317 = DIRECTION ( 'NONE',  ( -7.228014483236698300E-015, -1.000000000000000000, 0.0000000000000000000 ) ) ;
#318 = VERTEX_POINT ( 'NONE', #446 ) ;
#319 = ORIENTED_EDGE ( 'NONE', *, *, #1748, .T. ) ;
#320 = VERTEX_POINT ( 'NONE', #591 ) ;
#321 = EDGE_CURVE ( 'NONE', #255, #1192, #1527, .T. ) ;
#322 = DIRECTION ( 'NONE',  ( -0.1710878697460358800, 0.9702875252478138100, -0.1710878697460358800 ) ) ;
#323 = ORIENTED_EDGE ( 'NONE', *, *, #1384, .F. ) ;
#324 = DIRECTION ( 'NONE',  ( -1.000000000000000000, 0.0000000000000000000, 0.0000000000000000000 ) ) ;
#325 = CARTESIAN_POINT ( 'NONE',  ( -0.4500000000000000100, 1.399999999999999900, -1.130000000000000300 ) ) ;
#326 = AXIS2_PLACEMENT_3D ( 'NONE', #911, #530, #83 ) ;
#327 = EDGE_LOOP ( 'NONE', ( #626, #1227, #1512, #1741 ) ) ;
#328 = DIRECTION ( 'NONE',  ( -0.0000000000000000000, 0.0000000000000000000, -1.000000000000000000 ) ) ;
#329 = VECTOR ( 'NONE', #1439, 1000.000000000000000 ) ;
#330 = DIRECTION ( 'NONE',  ( 0.0000000000000000000, 0.0000000000000000000, 1.000000000000000000 ) ) ;
#331 = VECTOR ( 'NONE', #804, 1000.000000000000000 ) ;
#332 = CARTESIAN_POINT ( 'NONE',  ( 1.112500000000002000, 0.0000000000000000000, 0.1999999999999997600 ) ) ;
#333 = EDGE_CURVE ( 'NONE', #1460, #1391, #412, .T. ) ;
#334 = VECTOR ( 'NONE', #1273, 1000.000000000000000 ) ;
#335 = CARTESIAN_POINT ( 'NONE',  ( 0.0000000000000000000, 0.0000000000000000000, -0.7500000000000002200 ) ) ;
#336 = CARTESIAN_POINT ( 'NONE',  ( -0.4500000000000000100, 1.399999999999999900, -1.130000000000000300 ) ) ;
#337 = LINE ( 'NONE', #1064, #1506 ) ;
#338 =( GEOMETRIC_REPRESENTATION_CONTEXT ( 3 ) GLOBAL_UNCERTAINTY_ASSIGNED_CONTEXT ( ( #1590 ) ) GLOBAL_UNIT_ASSIGNED_CONTEXT ( ( #1768, #228, #507 ) ) REPRESENTATION_CONTEXT ( 'NONE', 'WORKASPACE' ) );
#339 = CARTESIAN_POINT ( 'NONE',  ( 1.112500000000002000, 0.2499999999999999400, 0.1999999999999997600 ) ) ;
#340 = ORIENTED_EDGE ( 'NONE', *, *, #1042, .F. ) ;
#341 = CARTESIAN_POINT ( 'NONE',  ( -0.9625000000000018000, 0.4499999999999983500, -0.7500000000000002200 ) ) ;
#342 = ORIENTED_EDGE ( 'NONE', *, *, #632, .T. ) ;
#343 = VERTEX_POINT ( 'NONE', #1288 ) ;
#344 = EDGE_LOOP ( 'NONE', ( #1435, #627 ) ) ;
#345 = EDGE_CURVE ( 'NONE', #26, #1030, #1103, .T. ) ;
#346 = CARTESIAN_POINT ( 'NONE',  ( 0.8000000000000000400, 0.6999999999999997300, 1.480000000000000400 ) ) ;
#347 = DIRECTION ( 'NONE',  ( -0.0000000000000000000, 1.000000000000000000, -0.0000000000000000000 ) ) ;
#348 = AXIS2_PLACEMENT_3D ( 'NONE', #180, #1575, #1427 ) ;
#349 = VECTOR ( 'NONE', #651, 1000.000000000000000 ) ;
#350 = PLANE ( 'NONE',  #1035 ) ;
#351 = ORIENTED_EDGE ( 'NONE', *, *, #1108, .T. ) ;
#352 = CARTESIAN_POINT ( 'NONE',  ( -0.9625000000000018000, 0.4499999999999983500, 1.149999999999999700 ) ) ;
#353 = CARTESIAN_POINT ( 'NONE',  ( -0.9625000000000018000, 0.4499999999999983500, 1.149999999999999700 ) ) ;
#354 = EDGE_CURVE ( 'NONE', #868, #631, #59, .T. ) ;
#355 = VECTOR ( 'NONE', #1592, 999.9999999999998900 ) ;
#356 = ORIENTED_EDGE ( 'NONE', *, *, #808, .T. ) ;
#357 = DIRECTION ( 'NONE',  ( -1.000000000000000000, 0.0000000000000000000, 0.0000000000000000000 ) ) ;
#358 = ORIENTED_EDGE ( 'NONE', *, *, #17, .T. ) ;
#359 = ORIENTED_EDGE ( 'NONE', *, *, #1213, .F. ) ;
#360 = DIRECTION ( 'NONE',  ( 1.000000000000000000, 1.011922027653137700E-014, -0.0000000000000000000 ) ) ;
#361 = EDGE_LOOP ( 'NONE', ( #1276, #904, #1657, #110 ) ) ;
#362 = ORIENTED_EDGE ( 'NONE', *, *, #833, .T. ) ;
#363 = VECTOR ( 'NONE', #797, 1000.000000000000000 ) ;
#364 = AXIS2_PLACEMENT_3D ( 'NONE', #687, #809, #1085 ) ;
#365 = CYLINDRICAL_SURFACE ( 'NONE', #669, 0.1000000000000013500 ) ;
#366 = VECTOR ( 'NONE', #1499, 1000.000000000000000 ) ;
#367 = FILL_AREA_STYLE ('',( #1050 ) ) ;
#368 = VECTOR ( 'NONE', #605, 1000.000000000000000 ) ;
#369 = EDGE_LOOP ( 'NONE', ( #1308, #1515, #1637, #1055 ) ) ;
#370 = SURFACE_STYLE_USAGE ( .BOTH. , #511 ) ;
#371 = PLANE ( 'NONE',  #191 ) ;
#372 = EDGE_CURVE ( 'NONE', #1030, #88, #1783, .T. ) ;
#373 = FACE_OUTER_BOUND ( 'NONE', #1282, .T. ) ;
#374 = ADVANCED_FACE ( 'NONE', ( #15 ), #1148, .T. ) ;
#375 = DIRECTION ( 'NONE',  ( -0.0000000000000000000, -0.0000000000000000000, -1.000000000000000000 ) ) ;
#376 = ORIENTED_EDGE ( 'NONE', *, *, #165, .F. ) ;
#377 = ORIENTED_EDGE ( 'NONE', *, *, #786, .F. ) ;
#378 = DIRECTION ( 'NONE',  ( 0.0000000000000000000, 1.000000000000000000, 0.0000000000000000000 ) ) ;
#379 = ORIENTED_EDGE ( 'NONE', *, *, #1474, .T. ) ;
#380 = ORIENTED_EDGE ( 'NONE', *, *, #1265, .T. ) ;
#381 = DIRECTION ( 'NONE',  ( 0.0000000000000000000, 0.9848077530122080200, -0.1736481776669307200 ) ) ;
#382 = ADVANCED_FACE ( 'NONE', ( #1789 ), #304, .T. ) ;
#383 = CARTESIAN_POINT ( 'NONE',  ( -0.9625000000000018000, 0.0000000000000000000, 1.149999999999999700 ) ) ;
#384 = EDGE_CURVE ( 'NONE', #1600, #908, #1268, .T. ) ;
#385 = PLANE ( 'NONE',  #233 ) ;
#386 = LINE ( 'NONE', #1701, #1373 ) ;
#387 = DIRECTION ( 'NONE',  ( 0.0000000000000000000, 1.000000000000000000, 0.0000000000000000000 ) ) ;
#388 = AXIS2_PLACEMENT_3D ( 'NONE', #1546, #1122, #703 ) ;
#389 = ORIENTED_EDGE ( 'NONE', *, *, #75, .F. ) ;
#390 = DIRECTION ( 'NONE',  ( -0.0000000000000000000, -0.0000000000000000000, -1.000000000000000000 ) ) ;
#391 = PLANE ( 'NONE',  #1398 ) ;
#392 = ADVANCED_FACE ( 'NONE', ( #171 ), #1153, .T. ) ;
#393 = VECTOR ( 'NONE', #725, 1000.000000000000000 ) ;
#394 = DIRECTION ( 'NONE',  ( 1.000000000000000000, 0.0000000000000000000, 0.0000000000000000000 ) ) ;
#395 = ORIENTED_EDGE ( 'NONE', *, *, #408, .T. ) ;
#396 = EDGE_CURVE ( 'NONE', #535, #844, #921, .T. ) ;
#397 = MECHANICAL_DESIGN_GEOMETRIC_PRESENTATION_REPRESENTATION (  '', ( #989 ), #1359 ) ;
#398 = DIRECTION ( 'NONE',  ( 0.0000000000000000000, -0.1736481776669307200, -0.9848077530122080200 ) ) ;
#399 = EDGE_LOOP ( 'NONE', ( #496, #1224, #379, #395 ) ) ;
#400 = ORIENTED_EDGE ( 'NONE', *, *, #748, .F. ) ;
#401 = ADVANCED_FACE ( 'NONE', ( #987 ), #1718, .F. ) ;
#402 = DIRECTION ( 'NONE',  ( 1.000000000000000000, 0.0000000000000000000, -0.0000000000000000000 ) ) ;
#403 = CARTESIAN_POINT ( 'NONE',  ( -0.8625000000000002700, 0.4499999999999983500, 1.149999999999999700 ) ) ;
#404 = ORIENTED_EDGE ( 'NONE', *, *, #1508, .T. ) ;
#405 = LINE ( 'NONE', #778, #363 ) ;
#406 = DIRECTION ( 'NONE',  ( 0.0000000000000000000, -1.000000000000000000, 0.0000000000000000000 ) ) ;
#407 = DIRECTION ( 'NONE',  ( -0.0000000000000000000, -0.0000000000000000000, -1.000000000000000000 ) ) ;
#408 = EDGE_CURVE ( 'NONE', #1677, #1142, #1157, .T. ) ;
#409 = LINE ( 'NONE', #982, #1478 ) ;
#410 = VECTOR ( 'NONE', #151, 1000.000000000000000 ) ;
#411 = PLANE ( 'NONE',  #705 ) ;
#412 = LINE ( 'NONE', #51, #1765 ) ;
#413 = ADVANCED_FACE ( 'NONE', ( #469 ), #898, .F. ) ;
#414 = AXIS2_PLACEMENT_3D ( 'NONE', #1617, #1046, #357 ) ;
#415 = ORIENTED_EDGE ( 'NONE', *, *, #455, .F. ) ;
#416 = DIRECTION ( 'NONE',  ( -1.000000000000000000, 0.0000000000000000000, 0.0000000000000000000 ) ) ;
#417 = DIRECTION ( 'NONE',  ( -1.000000000000000000, -0.0000000000000000000, -0.0000000000000000000 ) ) ;
#418 = PRESENTATION_STYLE_ASSIGNMENT (( #370 ) ) ;
#419 = CARTESIAN_POINT ( 'NONE',  ( 0.0000000000000000000, 0.6999999999999997300, 1.149999999999999700 ) ) ;
#420 = FACE_OUTER_BOUND ( 'NONE', #762, .T. ) ;
#421 = VERTEX_POINT ( 'NONE', #452 ) ;
#422 = DIRECTION ( 'NONE',  ( -0.0000000000000000000, 0.0000000000000000000, -1.000000000000000000 ) ) ;
#423 = CARTESIAN_POINT ( 'NONE',  ( -0.9625000000000018000, 0.2500000000000000000, -0.7500000000000002200 ) ) ;
#424 = ORIENTED_EDGE ( 'NONE', *, *, #441, .F. ) ;
#425 = VERTEX_POINT ( 'NONE', #341 ) ;
#426 = ORIENTED_EDGE ( 'NONE', *, *, #321, .T. ) ;
#427 = ORIENTED_EDGE ( 'NONE', *, *, #408, .F. ) ;
#428 = DIRECTION ( 'NONE',  ( 0.0000000000000000000, 0.1736481776669307200, -0.9848077530122080200 ) ) ;
#429 = ORIENTED_EDGE ( 'NONE', *, *, #1732, .T. ) ;
#430 = LINE ( 'NONE', #1044, #1127 ) ;
#431 = DIRECTION ( 'NONE',  ( -0.0000000000000000000, 0.0000000000000000000, 1.000000000000000000 ) ) ;
#432 = CARTESIAN_POINT ( 'NONE',  ( 1.412499999999999900, 0.1499999999999999700, 0.1999999999999997600 ) ) ;
#433 = ADVANCED_FACE ( 'NONE', ( #122 ), #676, .F. ) ;
#434 = CARTESIAN_POINT ( 'NONE',  ( 0.8625000000000002700, 0.5499999999999997100, 0.1999999999999997600 ) ) ;
#435 =( LENGTH_UNIT ( ) NAMED_UNIT ( * ) SI_UNIT ( .MILLI., .METRE. ) );
#436 = LINE ( 'NONE', #561, #1714 ) ;
#437 = EDGE_CURVE ( 'NONE', #1616, #949, #546, .T. ) ;
#438 = CIRCLE ( 'NONE', #1476, 0.1250000000000003300 ) ;
#439 = CARTESIAN_POINT ( 'NONE',  ( -0.6561699981503794600, -0.1157004746053354300, -0.7500000000000002200 ) ) ;
#440 = ORIENTED_EDGE ( 'NONE', *, *, #1536, .T. ) ;
#441 = EDGE_CURVE ( 'NONE', #198, #1616, #1563, .T. ) ;
#442 = AXIS2_PLACEMENT_3D ( 'NONE', #1168, #618, #1031 ) ;
#443 = DIRECTION ( 'NONE',  ( -0.0000000000000000000, -0.0000000000000000000, -1.000000000000000000 ) ) ;
#444 = FACE_OUTER_BOUND ( 'NONE', #1140, .T. ) ;
#445 = FILL_AREA_STYLE_COLOUR ( '', #232 ) ;
#446 = CARTESIAN_POINT ( 'NONE',  ( 0.9625000000000018000, 0.2500000000000000000, 0.1999999999999997600 ) ) ;
#447 = COLOUR_RGB ( '',1.000000000000000000, 1.000000000000000000, 1.000000000000000000 ) ;
#448 = FACE_OUTER_BOUND ( 'NONE', #1275, .T. ) ;
#449 = CARTESIAN_POINT ( 'NONE',  ( -0.8000000000000000400, 0.6999999999999997300, -1.480000000000000400 ) ) ;
#450 = ORIENTED_EDGE ( 'NONE', *, *, #455, .T. ) ;
#451 = EDGE_LOOP ( 'NONE', ( #953, #592, #1570, #1400 ) ) ;
#452 = CARTESIAN_POINT ( 'NONE',  ( -0.4500000000000000100, 1.399999999999999900, -1.255000000000000800 ) ) ;
#453 = ORIENTED_EDGE ( 'NONE', *, *, #1295, .F. ) ;
#454 = ORIENTED_EDGE ( 'NONE', *, *, #808, .F. ) ;
#455 = EDGE_CURVE ( 'NONE', #683, #1616, #1534, .T. ) ;
#456 = EDGE_LOOP ( 'NONE', ( #819, #127, #1417, #1169 ) ) ;
#457 = DIRECTION ( 'NONE',  ( 1.000000000000000000, -7.228014483236698300E-015, 0.0000000000000000000 ) ) ;
#458 = PLANE ( 'NONE',  #1461 ) ;
#459 = LINE ( 'NONE', #1521, #1194 ) ;
#460 = VECTOR ( 'NONE', #526, 1000.000000000000000 ) ;
#461 = LINE ( 'NONE', #1646, #637 ) ;
#462 = DIRECTION ( 'NONE',  ( 0.0000000000000000000, -1.000000000000000000, 0.0000000000000000000 ) ) ;
#463 = ORIENTED_EDGE ( 'NONE', *, *, #354, .F. ) ;
#464 = AXIS2_PLACEMENT_3D ( 'NONE', #1535, #1145, #1006 ) ;
#465 = CARTESIAN_POINT ( 'NONE',  ( 1.097754699641515800E-015, 0.1499999999999896400, 1.149999999999999700 ) ) ;
#466 = DIRECTION ( 'NONE',  ( -1.000000000000000000, -0.0000000000000000000, -0.0000000000000000000 ) ) ;
#467 = CIRCLE ( 'NONE', #1348, 0.2500000000000013300 ) ;
#468 = MECHANICAL_DESIGN_GEOMETRIC_PRESENTATION_REPRESENTATION (  '', ( #211 ), #1028 ) ;
#469 = FACE_OUTER_BOUND ( 'NONE', #89, .T. ) ;
#470 = SURFACE_STYLE_USAGE ( .BOTH. , #1167 ) ;
#471 = DIRECTION ( 'NONE',  ( 0.0000000000000000000, 1.000000000000000000, 0.0000000000000000000 ) ) ;
#472 = ORIENTED_EDGE ( 'NONE', *, *, #796, .T. ) ;
#473 = ORIENTED_EDGE ( 'NONE', *, *, #796, .F. ) ;
#474 = EDGE_CURVE ( 'NONE', #1654, #1056, #622, .T. ) ;
#475 = DIRECTION ( 'NONE',  ( 0.0000000000000000000, -0.0000000000000000000, -1.000000000000000000 ) ) ;
#476 = VERTEX_POINT ( 'NONE', #1739 ) ;
#477 = ORIENTED_EDGE ( 'NONE', *, *, #1638, .T. ) ;
#478 =( NAMED_UNIT ( * ) PLANE_ANGLE_UNIT ( ) SI_UNIT ( $, .RADIAN. ) );
#479 = DIRECTION ( 'NONE',  ( -7.047314121155897900E-015, 1.000000000000000000, 0.0000000000000000000 ) ) ;
#480 = AXIS2_PLACEMENT_3D ( 'NONE', #1604, #1612, #611 ) ;
#481 = ORIENTED_EDGE ( 'NONE', *, *, #1059, .T. ) ;
#482 = DIRECTION ( 'NONE',  ( -0.0000000000000000000, 0.0000000000000000000, 1.000000000000000000 ) ) ;
#483 = VECTOR ( 'NONE', #120, 1000.000000000000000 ) ;
#484 = CIRCLE ( 'NONE', #1571, 0.1000000000000013500 ) ;
#485 = CARTESIAN_POINT ( 'NONE',  ( -1.112500000000001800, 0.2500000000000000000, 1.149999999999999700 ) ) ;
#486 = VECTOR ( 'NONE', #934, 1000.000000000000000 ) ;
#487 = ORIENTED_EDGE ( 'NONE', *, *, #1554, .T. ) ;
#488 = EDGE_CURVE ( 'NONE', #816, #1179, #1320, .T. ) ;
#489 = PLANE ( 'NONE',  #798 ) ;
#490 = CARTESIAN_POINT ( 'NONE',  ( 0.8000000000000000400, 0.1499999999999999700, 1.383020160610344500 ) ) ;
#491 = VECTOR ( 'NONE', #1110, 1000.000000000000000 ) ;
#492 = STYLED_ITEM ( 'NONE', ( #158 ), #1411 ) ;
#493 = DIRECTION ( 'NONE',  ( -1.000000000000000000, 7.318364664277278000E-015, 0.0000000000000000000 ) ) ;
#494 = FACE_OUTER_BOUND ( 'NONE', #747, .T. ) ;
#495 = DIRECTION ( 'NONE',  ( 0.0000000000000000000, 1.000000000000000000, 0.0000000000000000000 ) ) ;
#496 = ORIENTED_EDGE ( 'NONE', *, *, #632, .F. ) ;
#497 = VERTEX_POINT ( 'NONE', #1735 ) ;
#498 = ORIENTED_EDGE ( 'NONE', *, *, #577, .F. ) ;
#499 = ORIENTED_EDGE ( 'NONE', *, *, #902, .T. ) ;
#500 = ORIENTED_EDGE ( 'NONE', *, *, #1620, .T. ) ;
#501 = SURFACE_STYLE_FILL_AREA ( #623 ) ;
#502 = DIRECTION ( 'NONE',  ( -0.1710878697460358800, -0.9702875252478138100, -0.1710878697460358800 ) ) ;
#503 = PRESENTATION_LAYER_ASSIGNMENT (  '', '', ( #211 ) ) ;
#504 = FACE_OUTER_BOUND ( 'NONE', #1602, .T. ) ;
#505 = VECTOR ( 'NONE', #1501, 1000.000000000000000 ) ;
#506 = CARTESIAN_POINT ( 'NONE',  ( -0.4500000000000000100, 1.399999999999999900, -1.005000000000000100 ) ) ;
#507 =( NAMED_UNIT ( * ) SI_UNIT ( $, .STERADIAN. ) SOLID_ANGLE_UNIT ( ) );
#508 = EDGE_CURVE ( 'NONE', #1744, #1105, #1468, .T. ) ;
#509 = CIRCLE ( 'NONE', #480, 0.1000000000000013500 ) ;
#510 = AXIS2_PLACEMENT_3D ( 'NONE', #1115, #290, #1252 ) ;
#511 = SURFACE_SIDE_STYLE ('',( #1594 ) ) ;
#512 = VERTEX_POINT ( 'NONE', #736 ) ;
#513 = CLOSED_SHELL ( 'NONE', ( #1221, #1520, #281, #374 ) ) ;
#514 = VERTEX_POINT ( 'NONE', #1716 ) ;
#515 = ORIENTED_EDGE ( 'NONE', *, *, #1265, .F. ) ;
#516 = ORIENTED_EDGE ( 'NONE', *, *, #652, .T. ) ;
#517 = DIRECTION ( 'NONE',  ( 0.0000000000000000000, 0.0000000000000000000, 1.000000000000000000 ) ) ;
#518 = EDGE_LOOP ( 'NONE', ( #642, #1424, #681, #426 ) ) ;
#519 = EDGE_CURVE ( 'NONE', #1432, #1037, #1695, .T. ) ;
#520 = AXIS2_PLACEMENT_3D ( 'NONE', #1764, #646, #927 ) ;
#521 = LINE ( 'NONE', #1335, #410 ) ;
#522 = CARTESIAN_POINT ( 'NONE',  ( -0.6677547644686510100, 1.450000000000000000, 1.480000000000000400 ) ) ;
#523 = CARTESIAN_POINT ( 'NONE',  ( -0.8000000000000000400, 0.6999999999999997300, -0.7500000000000002200 ) ) ;
#524 = ADVANCED_FACE ( 'NONE', ( #1011 ), #1088, .F. ) ;
#525 = CARTESIAN_POINT ( 'NONE',  ( 7.015129880516877100E-029, -9.954331196132715900E-015, 0.1999999999999997600 ) ) ;
#526 = DIRECTION ( 'NONE',  ( 1.000000000000000000, 7.047314121155912900E-015, 0.0000000000000000000 ) ) ;
#527 = CARTESIAN_POINT ( 'NONE',  ( -1.112500000000001800, 0.2500000000000000000, -0.7500000000000002200 ) ) ;
#528 = EDGE_CURVE ( 'NONE', #1744, #425, #1337, .T. ) ;
#529 = VECTOR ( 'NONE', #239, 1000.000000000000000 ) ;
#530 = DIRECTION ( 'NONE',  ( 0.0000000000000000000, 1.000000000000000000, 0.0000000000000000000 ) ) ;
#531 = ORIENTED_EDGE ( 'NONE', *, *, #916, .F. ) ;
#532 = ORIENTED_EDGE ( 'NONE', *, *, #333, .F. ) ;
#533 = ORIENTED_EDGE ( 'NONE', *, *, #805, .F. ) ;
#534 = ORIENTED_EDGE ( 'NONE', *, *, #488, .T. ) ;
#535 = VERTEX_POINT ( 'NONE', #434 ) ;
#536 = CARTESIAN_POINT ( 'NONE',  ( 0.0000000000000000000, 0.6999999999999997300, 1.149999999999999700 ) ) ;
#537 = FACE_OUTER_BOUND ( 'NONE', #212, .T. ) ;
#538 = CARTESIAN_POINT ( 'NONE',  ( -0.4500000000000000100, 1.450000000000000000, -1.130000000000000300 ) ) ;
#539 = EDGE_CURVE ( 'NONE', #1471, #74, #729, .T. ) ;
#540 = VECTOR ( 'NONE', #1, 1000.000000000000000 ) ;
#541 = CARTESIAN_POINT ( 'NONE',  ( -1.112500000000001800, 0.4499999999999983500, 1.149999999999999700 ) ) ;
#542 = EDGE_LOOP ( 'NONE', ( #1154, #453, #4, #1453 ) ) ;
#543 = FILL_AREA_STYLE_COLOUR ( '', #783 ) ;
#544 = LINE ( 'NONE', #1436, #187 ) ;
#545 = DIRECTION ( 'NONE',  ( -0.0000000000000000000, -0.0000000000000000000, -1.000000000000000000 ) ) ;
#546 = LINE ( 'NONE', #624, #1649 ) ;
#547 = CARTESIAN_POINT ( 'NONE',  ( 1.097754699641515800E-015, 0.1499999999999896400, -1.150000000000000100 ) ) ;
#548 = DIRECTION ( 'NONE',  ( -0.0000000000000000000, -0.0000000000000000000, -1.000000000000000000 ) ) ;
#549 = DIRECTION ( 'NONE',  ( 1.000000000000000000, 0.0000000000000000000, -0.0000000000000000000 ) ) ;
#550 = ORIENTED_EDGE ( 'NONE', *, *, #1442, .T. ) ;
#551 = PRESENTATION_LAYER_ASSIGNMENT (  '', '', ( #31 ) ) ;
#552 = DIRECTION ( 'NONE',  ( -0.0000000000000000000, -0.0000000000000000000, -1.000000000000000000 ) ) ;
#553 = EDGE_LOOP ( 'NONE', ( #1615, #946, #917, #686 ) ) ;
#554 = VERTEX_POINT ( 'NONE', #296 ) ;
#555 = FILL_AREA_STYLE_COLOUR ( '', #1232 ) ;
#556 = CARTESIAN_POINT ( 'NONE',  ( -0.6677547644686510100, 1.450000000000000000, -1.347754764468651400 ) ) ;
#557 = ORIENTED_EDGE ( 'NONE', *, *, #847, .T. ) ;
#558 = ADVANCED_FACE ( 'NONE', ( #807 ), #654, .T. ) ;
#559 = VERTEX_POINT ( 'NONE', #46 ) ;
#560 = COLOUR_RGB ( '',0.7921568627450980000, 0.8196078431372548800, 0.9333333333333333500 ) ;
#561 = CARTESIAN_POINT ( 'NONE',  ( -6.703963833975624600E-016, 0.5500000000000008200, -0.7500000000000002200 ) ) ;
#562 = CARTESIAN_POINT ( 'NONE',  ( 1.212500000000003000, 0.2499999999999999400, -0.2000000000000002100 ) ) ;
#563 = EDGE_CURVE ( 'NONE', #514, #88, #39, .T. ) ;
#564 = STYLED_ITEM ( 'NONE', ( #1242 ), #116 ) ;
#565 =( NAMED_UNIT ( * ) SI_UNIT ( $, .STERADIAN. ) SOLID_ANGLE_UNIT ( ) );
#566 = VECTOR ( 'NONE', #1082, 1000.000000000000000 ) ;
#567 = CARTESIAN_POINT ( 'NONE',  ( -1.212500000000003700, 0.1499999999999985000, -0.7500000000000002200 ) ) ;
#568 = FACE_OUTER_BOUND ( 'NONE', #887, .T. ) ;
#569 = CARTESIAN_POINT ( 'NONE',  ( 1.212500000000003000, 0.2499999999999999400, 0.1999999999999997600 ) ) ;
#570 = DIRECTION ( 'NONE',  ( 0.0000000000000000000, 0.0000000000000000000, 1.000000000000000000 ) ) ;
#571 = CARTESIAN_POINT ( 'NONE',  ( -0.9625000000000018000, 0.0000000000000000000, -0.7500000000000002200 ) ) ;
#572 = DIRECTION ( 'NONE',  ( -0.0000000000000000000, 0.0000000000000000000, 1.000000000000000000 ) ) ;
#573 = FACE_OUTER_BOUND ( 'NONE', #889, .T. ) ;
#574 = DIRECTION ( 'NONE',  ( -1.000000000000000000, 0.0000000000000000000, 0.0000000000000000000 ) ) ;
#575 = CARTESIAN_POINT ( 'NONE',  ( 1.112500000000002000, 0.2499999999999999400, -0.2000000000000002100 ) ) ;
#576 = DIRECTION ( 'NONE',  ( 0.1736481776669303300, -0.9848077530122081300, 0.0000000000000000000 ) ) ;
#577 = EDGE_CURVE ( 'NONE', #645, #74, #1334, .T. ) ;
#578 = ORIENTED_EDGE ( 'NONE', *, *, #1095, .T. ) ;
#579 = ORIENTED_EDGE ( 'NONE', *, *, #577, .T. ) ;
#580 = AXIS2_PLACEMENT_3D ( 'NONE', #1287, #1418, #590 ) ;
#581 = ORIENTED_EDGE ( 'NONE', *, *, #678, .T. ) ;
#582 = CLOSED_SHELL ( 'NONE', ( #413, #1717, #697, #612, #401, #1507, #1073, #524, #943, #1497, #141, #1383, #160, #1020 ) ) ;
#583 = DIRECTION ( 'NONE',  ( 1.000000000000000000, -1.734723475976799600E-015, 0.0000000000000000000 ) ) ;
#584 = CARTESIAN_POINT ( 'NONE',  ( -1.112500000000001800, 0.0000000000000000000, 1.149999999999999700 ) ) ;
#585 = CARTESIAN_POINT ( 'NONE',  ( 0.8000000000000000400, 0.6999999999999997300, 1.480000000000000400 ) ) ;
#586 = VECTOR ( 'NONE', #1254, 1000.000000000000000 ) ;
#587 = CARTESIAN_POINT ( 'NONE',  ( -1.212500000000003700, 0.1499999999999985000, 0.7499999999999997800 ) ) ;
#588 = VECTOR ( 'NONE', #1509, 1000.000000000000000 ) ;
#589 = VECTOR ( 'NONE', #466, 1000.000000000000000 ) ;
#590 = DIRECTION ( 'NONE',  ( 1.000000000000000000, 0.0000000000000000000, 0.0000000000000000000 ) ) ;
#591 = CARTESIAN_POINT ( 'NONE',  ( -1.412500000000000300, 0.1499999999999999700, 0.7499999999999997800 ) ) ;
#592 = ORIENTED_EDGE ( 'NONE', *, *, #1466, .F. ) ;
#593 = EDGE_CURVE ( 'NONE', #1068, #841, #1611, .T. ) ;
#594 = PRESENTATION_LAYER_ASSIGNMENT (  '', '', ( #492 ) ) ;
#595 = DIRECTION ( 'NONE',  ( 7.228014483236698300E-015, 1.000000000000000000, 0.0000000000000000000 ) ) ;
#596 = VECTOR ( 'NONE', #221, 1000.000000000000000 ) ;
#597 = VECTOR ( 'NONE', #1477, 1000.000000000000000 ) ;
#598 = LINE ( 'NONE', #1387, #208 ) ;
#599 = VECTOR ( 'NONE', #61, 1000.000000000000000 ) ;
#600 = EDGE_CURVE ( 'NONE', #1376, #814, #1377, .T. ) ;
#601 = PLANE ( 'NONE',  #1447 ) ;
#602 = ORIENTED_EDGE ( 'NONE', *, *, #1585, .T. ) ;
#603 = ORIENTED_EDGE ( 'NONE', *, *, #1725, .T. ) ;
#604 = CARTESIAN_POINT ( 'NONE',  ( 0.6561699981503794600, -0.1157004746053354300, 0.1999999999999997600 ) ) ;
#605 = DIRECTION ( 'NONE',  ( -0.0000000000000000000, -0.0000000000000000000, -1.000000000000000000 ) ) ;
#606 = ORIENTED_EDGE ( 'NONE', *, *, #1380, .T. ) ;
#607 = AXIS2_PLACEMENT_3D ( 'NONE', #1207, #674, #671 ) ;
#608 = VERTEX_POINT ( 'NONE', #1420 ) ;
#609 = UNCERTAINTY_MEASURE_WITH_UNIT (LENGTH_MEASURE( 1.000000000000000100E-005 ), #1697, 'distance_accuracy_value', 'NONE');
#610 = ORIENTED_EDGE ( 'NONE', *, *, #1579, .T. ) ;
#611 = DIRECTION ( 'NONE',  ( 1.000000000000000000, 0.0000000000000000000, 0.0000000000000000000 ) ) ;
#612 = ADVANCED_FACE ( 'NONE', ( #167 ), #964, .T. ) ;
#613 = DIRECTION ( 'NONE',  ( 0.0000000000000000000, -0.0000000000000000000, 1.000000000000000000 ) ) ;
#614 = FACE_OUTER_BOUND ( 'NONE', #1574, .T. ) ;
#615 = CARTESIAN_POINT ( 'NONE',  ( -1.412500000000001400, 1.020957045757184700E-014, 1.149999999999999700 ) ) ;
#616 = AXIS2_PLACEMENT_3D ( 'NONE', #145, #1107, #1561 ) ;
#617 = CARTESIAN_POINT ( 'NONE',  ( -0.9625000000000018000, -0.0000000000000000000, -1.150000000000000100 ) ) ;
#618 = DIRECTION ( 'NONE',  ( 1.218902515268293700E-015, 1.000000000000000000, -0.0000000000000000000 ) ) ;
#619 = AXIS2_PLACEMENT_3D ( 'NONE', #853, #1256, #1263 ) ;
#620 = VECTOR ( 'NONE', #291, 1000.000000000000000 ) ;
#621 = CARTESIAN_POINT ( 'NONE',  ( 0.9625000000000018000, 0.2500000000000000000, -0.2000000000000002100 ) ) ;
#622 = LINE ( 'NONE', #490, #244 ) ;
#623 = FILL_AREA_STYLE ('',( #1312 ) ) ;
#624 = CARTESIAN_POINT ( 'NONE',  ( 7.015129880516877100E-029, -9.954331196132715900E-015, -0.2000000000000002100 ) ) ;
#625 = LINE ( 'NONE', #303, #248 ) ;
#626 = ORIENTED_EDGE ( 'NONE', *, *, #975, .T. ) ;
#627 = ORIENTED_EDGE ( 'NONE', *, *, #1767, .F. ) ;
#628 = EDGE_CURVE ( 'NONE', #88, #1105, #1787, .T. ) ;
#629 = PLANE ( 'NONE',  #45 ) ;
#630 = ORIENTED_EDGE ( 'NONE', *, *, #1596, .F. ) ;
#631 = VERTEX_POINT ( 'NONE', #851 ) ;
#632 = EDGE_CURVE ( 'NONE', #1492, #1142, #788, .T. ) ;
#633 = VERTEX_POINT ( 'NONE', #863 ) ;
#634 = CARTESIAN_POINT ( 'NONE',  ( -1.412500000000001400, 1.020957045757184700E-014, 0.7499999999999997800 ) ) ;
#635 = CIRCLE ( 'NONE', #899, 0.2500000000000013900 ) ;
#636 = PLANE ( 'NONE',  #1237 ) ;
#637 = VECTOR ( 'NONE', #1087, 1000.000000000000000 ) ;
#638 = EDGE_CURVE ( 'NONE', #74, #908, #1136, .T. ) ;
#639 = VECTOR ( 'NONE', #1266, 1000.000000000000000 ) ;
#640 = LINE ( 'NONE', #439, #84 ) ;
#641 = ORIENTED_EDGE ( 'NONE', *, *, #965, .F. ) ;
#642 = ORIENTED_EDGE ( 'NONE', *, *, #1442, .F. ) ;
#643 = VERTEX_POINT ( 'NONE', #307 ) ;
#644 = ORIENTED_EDGE ( 'NONE', *, *, #1314, .F. ) ;
#645 = VERTEX_POINT ( 'NONE', #1565 ) ;
#646 = DIRECTION ( 'NONE',  ( 1.218902515268293700E-015, -1.000000000000000000, 0.0000000000000000000 ) ) ;
#647 = AXIS2_PLACEMENT_3D ( 'NONE', #538, #1369, #517 ) ;
#648 = LINE ( 'NONE', #1690, #874 ) ;
#649 = FACE_OUTER_BOUND ( 'NONE', #1465, .T. ) ;
#650 = DIRECTION ( 'NONE',  ( 1.000000000000000000, 0.0000000000000000000, 0.0000000000000000000 ) ) ;
#651 = DIRECTION ( 'NONE',  ( -1.000000000000000000, -1.218902515268293700E-015, 0.0000000000000000000 ) ) ;
#652 = EDGE_CURVE ( 'NONE', #1655, #476, #1316, .T. ) ;
#653 = MECHANICAL_DESIGN_GEOMETRIC_PRESENTATION_REPRESENTATION (  '', ( #564 ), #97 ) ;
#654 = CYLINDRICAL_SURFACE ( 'NONE', #692, 0.2500000000000013300 ) ;
#655 = AXIS2_PLACEMENT_3D ( 'NONE', #755, #668, #226 ) ;
#656 = CARTESIAN_POINT ( 'NONE',  ( -1.412500000000001400, 0.0000000000000000000, 1.149999999999999700 ) ) ;
#657 = ADVANCED_FACE ( 'NONE', ( #444 ), #314, .F. ) ;
#658 = CARTESIAN_POINT ( 'NONE',  ( -0.7030201606103441100, 0.1499999999999999700, 1.480000000000000400 ) ) ;
#659 = ORIENTED_EDGE ( 'NONE', *, *, #628, .F. ) ;
#660 = ORIENTED_EDGE ( 'NONE', *, *, #85, .F. ) ;
#661 = ORIENTED_EDGE ( 'NONE', *, *, #667, .T. ) ;
#662 = VERTEX_POINT ( 'NONE', #587 ) ;
#663 = VECTOR ( 'NONE', #583, 1000.000000000000000 ) ;
#664 = CARTESIAN_POINT ( 'NONE',  ( -0.7735509528937303300, 0.5499999999999998200, 0.7499999999999997800 ) ) ;
#665 = ORIENTED_EDGE ( 'NONE', *, *, #593, .F. ) ;
#666 = ADVANCED_FACE ( 'NONE', ( #857 ), #1151, .T. ) ;
#667 = EDGE_CURVE ( 'NONE', #631, #1548, #1047, .T. ) ;
#668 = DIRECTION ( 'NONE',  ( -0.0000000000000000000, -0.0000000000000000000, -1.000000000000000000 ) ) ;
#669 = AXIS2_PLACEMENT_3D ( 'NONE', #1065, #263, #955 ) ;
#670 = LINE ( 'NONE', #634, #566 ) ;
#671 = DIRECTION ( 'NONE',  ( 1.000000000000000000, 0.0000000000000000000, 0.0000000000000000000 ) ) ;
#672 = CARTESIAN_POINT ( 'NONE',  ( -1.212500000000003700, 0.1499999999999985000, -1.150000000000000100 ) ) ;
#673 = VERTEX_POINT ( 'NONE', #888 ) ;
#674 = DIRECTION ( 'NONE',  ( -0.0000000000000000000, 0.0000000000000000000, 1.000000000000000000 ) ) ;
#675 = DIRECTION ( 'NONE',  ( 1.000000000000000000, 0.0000000000000000000, 0.0000000000000000000 ) ) ;
#676 = CYLINDRICAL_SURFACE ( 'NONE', #313, 0.1250000000000003300 ) ;
#677 = DIRECTION ( 'NONE',  ( 1.000000000000000000, 0.0000000000000000000, 0.0000000000000000000 ) ) ;
#678 = EDGE_CURVE ( 'NONE', #559, #1376, #1770, .T. ) ;
#679 = AXIS2_PLACEMENT_3D ( 'NONE', #335, #1613, #1458 ) ;
#680 = CARTESIAN_POINT ( 'NONE',  ( 1.212500000000004800, -1.409462824231155800E-015, -0.2000000000000002100 ) ) ;
#681 = ORIENTED_EDGE ( 'NONE', *, *, #1033, .T. ) ;
#682 = FILL_AREA_STYLE ('',( #543 ) ) ;
#683 = VERTEX_POINT ( 'NONE', #621 ) ;
#684 = ORIENTED_EDGE ( 'NONE', *, *, #345, .T. ) ;
#685 = DIRECTION ( 'NONE',  ( 0.1710878697460358800, 0.9702875252478138100, -0.1710878697460358800 ) ) ;
#686 = ORIENTED_EDGE ( 'NONE', *, *, #441, .T. ) ;
#687 = CARTESIAN_POINT ( 'NONE',  ( -0.4500000000000000100, 1.399999999999999900, -1.130000000000000300 ) ) ;
#688 = ORIENTED_EDGE ( 'NONE', *, *, #881, .F. ) ;
#689 = EDGE_CURVE ( 'NONE', #1360, #885, #1354, .T. ) ;
#690 = CARTESIAN_POINT ( 'NONE',  ( -0.4500000000000000100, 1.450000000000000000, -1.005000000000000100 ) ) ;
#691 = PLANE ( 'NONE',  #849 ) ;
#692 = AXIS2_PLACEMENT_3D ( 'NONE', #1414, #32, #172 ) ;
#693 = DIRECTION ( 'NONE',  ( 0.0000000000000000000, -0.0000000000000000000, -1.000000000000000000 ) ) ;
#694 = VECTOR ( 'NONE', #1079, 1000.000000000000000 ) ;
#695 = FACE_OUTER_BOUND ( 'NONE', #344, .T. ) ;
#696 = CARTESIAN_POINT ( 'NONE',  ( -7.015129880516877100E-029, -9.954331196132715900E-015, 0.7499999999999997800 ) ) ;
#697 = ADVANCED_FACE ( 'NONE', ( #268 ), #1038, .F. ) ;
#698 = LINE ( 'NONE', #121, #486 ) ;
#699 = DIRECTION ( 'NONE',  ( -0.0000000000000000000, -0.0000000000000000000, -1.000000000000000000 ) ) ;
#700 = CARTESIAN_POINT ( 'NONE',  ( 1.212500000000003000, 0.2499999999999999400, 0.1999999999999997600 ) ) ;
#701 = DIRECTION ( 'NONE',  ( 0.0000000000000000000, 1.000000000000000000, 0.0000000000000000000 ) ) ;
#702 = UNCERTAINTY_MEASURE_WITH_UNIT (LENGTH_MEASURE( 1.000000000000000100E-005 ), #435, 'distance_accuracy_value', 'NONE');
#703 = DIRECTION ( 'NONE',  ( 7.228014483236698300E-015, 1.000000000000000000, 0.0000000000000000000 ) ) ;
#704 = CARTESIAN_POINT ( 'NONE',  ( 1.212500000000004800, -1.409462824231155800E-015, 0.1999999999999997600 ) ) ;
#705 = AXIS2_PLACEMENT_3D ( 'NONE', #983, #572, #1553 ) ;
#706 = DIRECTION ( 'NONE',  ( -0.0000000000000000000, -0.0000000000000000000, -1.000000000000000000 ) ) ;
#707 = AXIS2_PLACEMENT_3D ( 'NONE', #1730, #1147, #324 ) ;
#708 = DIRECTION ( 'NONE',  ( -0.0000000000000000000, -0.0000000000000000000, -1.000000000000000000 ) ) ;
#709 = VERTEX_POINT ( 'NONE', #76 ) ;
#710 = ORIENTED_EDGE ( 'NONE', *, *, #861, .T. ) ;
#711 = CARTESIAN_POINT ( 'NONE',  ( -0.6677547644686510100, 1.450000000000000000, 1.347754764468651400 ) ) ;
#712 = CARTESIAN_POINT ( 'NONE',  ( -1.212500000000003700, 0.1499999999999985000, 1.149999999999999700 ) ) ;
#713 = EDGE_LOOP ( 'NONE', ( #7, #1408, #152, #1731 ) ) ;
#714 = ORIENTED_EDGE ( 'NONE', *, *, #1346, .F. ) ;
#715 = ORIENTED_EDGE ( 'NONE', *, *, #717, .F. ) ;
#716 = ADVANCED_FACE ( 'NONE', ( #292 ), #629, .T. ) ;
#717 = EDGE_CURVE ( 'NONE', #1677, #793, #1199, .T. ) ;
#718 = AXIS2_PLACEMENT_3D ( 'NONE', #562, #1542, #33 ) ;
#719 = SURFACE_STYLE_USAGE ( .BOTH. , #1568 ) ;
#720 = CARTESIAN_POINT ( 'NONE',  ( -0.8625000000000002700, 0.5499999999999997100, 1.149999999999999700 ) ) ;
#721 = LINE ( 'NONE', #1219, #1330 ) ;
#722 = EDGE_CURVE ( 'NONE', #60, #868, #509, .T. ) ;
#723 = AXIS2_PLACEMENT_3D ( 'NONE', #1569, #62, #1446 ) ;
#724 = VECTOR ( 'NONE', #548, 1000.000000000000000 ) ;
#725 = DIRECTION ( 'NONE',  ( -1.000000000000000000, 7.047314121155897900E-015, 0.0000000000000000000 ) ) ;
#726 = ORIENTED_EDGE ( 'NONE', *, *, #11, .F. ) ;
#727 =( LENGTH_UNIT ( ) NAMED_UNIT ( * ) SI_UNIT ( .MILLI., .METRE. ) );
#728 = DIRECTION ( 'NONE',  ( 0.0000000000000000000, -0.0000000000000000000, -1.000000000000000000 ) ) ;
#729 = LINE ( 'NONE', #872, #393 ) ;
#730 = VECTOR ( 'NONE', #1008, 1000.000000000000000 ) ;
#731 =( NAMED_UNIT ( * ) PLANE_ANGLE_UNIT ( ) SI_UNIT ( $, .RADIAN. ) );
#732 = DIRECTION ( 'NONE',  ( 0.0000000000000000000, 1.000000000000000000, 0.0000000000000000000 ) ) ;
#733 = ORIENTED_EDGE ( 'NONE', *, *, #1776, .T. ) ;
#734 = ORIENTED_EDGE ( 'NONE', *, *, #1213, .T. ) ;
#735 = ORIENTED_EDGE ( 'NONE', *, *, #1328, .F. ) ;
#736 = CARTESIAN_POINT ( 'NONE',  ( 0.8000000000000001600, 0.6999999999999998400, 0.1999999999999997600 ) ) ;
#737 = EDGE_LOOP ( 'NONE', ( #603, #1658, #1019, #864 ) ) ;
#738 = DIRECTION ( 'NONE',  ( -0.0000000000000000000, -0.0000000000000000000, -1.000000000000000000 ) ) ;
#739 = DIRECTION ( 'NONE',  ( 1.000000000000000000, 0.0000000000000000000, 0.0000000000000000000 ) ) ;
#740 = FACE_OUTER_BOUND ( 'NONE', #70, .T. ) ;
#741 = FACE_OUTER_BOUND ( 'NONE', #518, .T. ) ;
#742 = LINE ( 'NONE', #522, #366 ) ;
#743 = AXIS2_PLACEMENT_3D ( 'NONE', #285, #1244, #1681 ) ;
#744 = VECTOR ( 'NONE', #1712, 1000.000000000000000 ) ;
#745 = CARTESIAN_POINT ( 'NONE',  ( -0.8625000000000002700, 0.5499999999999997100, 0.7499999999999997800 ) ) ;
#746 = DIRECTION ( 'NONE',  ( 0.1736481776669307200, -0.9848077530122080200, 0.0000000000000000000 ) ) ;
#747 = EDGE_LOOP ( 'NONE', ( #602, #926, #1246, #516 ) ) ;
#748 = EDGE_CURVE ( 'NONE', #1548, #343, #544, .T. ) ;
#749 = MECHANICAL_DESIGN_GEOMETRIC_PRESENTATION_REPRESENTATION (  '', ( #1204 ), #1402 ) ;
#750 = DIRECTION ( 'NONE',  ( 0.0000000000000000000, -1.000000000000000000, 0.0000000000000000000 ) ) ;
#751 = APPLICATION_PROTOCOL_DEFINITION ( 'draft international standard', 'automotive_design', 1998, #188 ) ;
#752 = CARTESIAN_POINT ( 'NONE',  ( -0.8625000000000002700, 0.5499999999999997100, -0.7500000000000002200 ) ) ;
#753 = FACE_OUTER_BOUND ( 'NONE', #1300, .T. ) ;
#754 = EDGE_CURVE ( 'NONE', #793, #1305, #1671, .T. ) ;
#755 = CARTESIAN_POINT ( 'NONE',  ( -0.8625000000000002700, 0.4499999999999983500, -0.7500000000000002200 ) ) ;
#756 = SURFACE_SIDE_STYLE ('',( #1449 ) ) ;
#757 = ORIENTED_EDGE ( 'NONE', *, *, #1002, .T. ) ;
#758 =( NAMED_UNIT ( * ) SI_UNIT ( $, .STERADIAN. ) SOLID_ANGLE_UNIT ( ) );
#759 = DIRECTION ( 'NONE',  ( -0.0000000000000000000, -0.0000000000000000000, -1.000000000000000000 ) ) ;
#760 = ORIENTED_EDGE ( 'NONE', *, *, #78, .T. ) ;
#761 = AXIS2_PLACEMENT_3D ( 'NONE', #1533, #1551, #1096 ) ;
#762 = EDGE_LOOP ( 'NONE', ( #1326, #1597, #200, #792 ) ) ;
#763 = ORIENTED_EDGE ( 'NONE', *, *, #103, .F. ) ;
#764 = ORIENTED_EDGE ( 'NONE', *, *, #1596, .T. ) ;
#765 = DIRECTION ( 'NONE',  ( 0.0000000000000000000, -0.0000000000000000000, -1.000000000000000000 ) ) ;
#766 = DIRECTION ( 'NONE',  ( 0.0000000000000000000, 0.0000000000000000000, 1.000000000000000000 ) ) ;
#767 = FACE_OUTER_BOUND ( 'NONE', #456, .T. ) ;
#768 = CARTESIAN_POINT ( 'NONE',  ( 1.212500000000003700, 0.1499999999999985500, 0.1999999999999997600 ) ) ;
#769 = EDGE_CURVE ( 'NONE', #497, #1141, #1630, .T. ) ;
#770 = ORIENTED_EDGE ( 'NONE', *, *, #1423, .F. ) ;
#771 = DIRECTION ( 'NONE',  ( 1.000000000000000000, 0.0000000000000000000, 0.0000000000000000000 ) ) ;
#772 = AXIS2_PLACEMENT_3D ( 'NONE', #1786, #135, #394 ) ;
#773 = LINE ( 'NONE', #957, #146 ) ;
#774 = DIRECTION ( 'NONE',  ( -0.0000000000000000000, -0.0000000000000000000, -1.000000000000000000 ) ) ;
#775 = ORIENTED_EDGE ( 'NONE', *, *, #75, .T. ) ;
#776 = ORIENTED_EDGE ( 'NONE', *, *, #1346, .T. ) ;
#777 = ORIENTED_EDGE ( 'NONE', *, *, #1776, .F. ) ;
#778 = CARTESIAN_POINT ( 'NONE',  ( 0.7531663053212217500, 0.9656070811772822200, -1.433166305321221800 ) ) ;
#779 = EDGE_CURVE ( 'NONE', #1192, #1279, #467, .T. ) ;
#780 = AXIS2_PLACEMENT_3D ( 'NONE', #218, #495, #330 ) ;
#781 = VERTEX_POINT ( 'NONE', #1454 ) ;
#782 = DIRECTION ( 'NONE',  ( 0.9848077530122081300, 0.1736481776669303000, -0.0000000000000000000 ) ) ;
#783 = COLOUR_RGB ( '',0.7921568627450980000, 0.8196078431372548800, 0.9333333333333333500 ) ;
#784 = VECTOR ( 'NONE', #685, 1000.000000000000000 ) ;
#785 = DIRECTION ( 'NONE',  ( -7.047314121155897900E-015, -1.000000000000000000, 0.0000000000000000000 ) ) ;
#786 = EDGE_CURVE ( 'NONE', #1253, #49, #227, .T. ) ;
#787 = AXIS2_PLACEMENT_3D ( 'NONE', #137, #283, #677 ) ;
#788 = CIRCLE ( 'NONE', #348, 0.2500000000000013900 ) ;
#789 = FACE_BOUND ( 'NONE', #1746, .T. ) ;
#790 = CARTESIAN_POINT ( 'NONE',  ( -0.4500000000000000100, 1.399999999999999900, -1.130000000000000300 ) ) ;
#791 = ORIENTED_EDGE ( 'NONE', *, *, #628, .T. ) ;
#792 = ORIENTED_EDGE ( 'NONE', *, *, #916, .T. ) ;
#793 = VERTEX_POINT ( 'NONE', #1595 ) ;
#794 = ORIENTED_EDGE ( 'NONE', *, *, #1295, .T. ) ;
#795 = ADVANCED_FACE ( 'NONE', ( #1181 ), #601, .F. ) ;
#796 = EDGE_CURVE ( 'NONE', #217, #1654, #1692, .T. ) ;
#797 = DIRECTION ( 'NONE',  ( 0.1710878697460358800, -0.9702875252478138100, -0.1710878697460358800 ) ) ;
#798 = AXIS2_PLACEMENT_3D ( 'NONE', #202, #1041, #1738 ) ;
#799 = CARTESIAN_POINT ( 'NONE',  ( 1.212500000000003700, 0.1499999999999985500, -0.2000000000000002100 ) ) ;
#800 = VECTOR ( 'NONE', #246, 1000.000000000000000 ) ;
#801 = DIRECTION ( 'NONE',  ( 0.0000000000000000000, -1.000000000000000000, 0.0000000000000000000 ) ) ;
#802 = LINE ( 'NONE', #962, #1502 ) ;
#803 = CARTESIAN_POINT ( 'NONE',  ( -1.112500000000001800, 0.0000000000000000000, 1.149999999999999700 ) ) ;
#804 = DIRECTION ( 'NONE',  ( -0.0000000000000000000, -0.0000000000000000000, -1.000000000000000000 ) ) ;
#805 = EDGE_CURVE ( 'NONE', #1323, #1548, #101, .T. ) ;
#806 =( GEOMETRIC_REPRESENTATION_CONTEXT ( 3 ) GLOBAL_UNCERTAINTY_ASSIGNED_CONTEXT ( ( #702 ) ) GLOBAL_UNIT_ASSIGNED_CONTEXT ( ( #435, #302, #1710 ) ) REPRESENTATION_CONTEXT ( 'NONE', 'WORKASPACE' ) );
#807 = FACE_OUTER_BOUND ( 'NONE', #87, .T. ) ;
#808 = EDGE_CURVE ( 'NONE', #781, #645, #773, .T. ) ;
#809 = DIRECTION ( 'NONE',  ( 0.0000000000000000000, 1.000000000000000000, 0.0000000000000000000 ) ) ;
#810 = LINE ( 'NONE', #1779, #82 ) ;
#811 = CARTESIAN_POINT ( 'NONE',  ( 0.0000000000000000000, 0.0000000000000000000, 1.149999999999999700 ) ) ;
#812 = ADVANCED_FACE ( 'NONE', ( #932 ), #34, .T. ) ;
#813 = CARTESIAN_POINT ( 'NONE',  ( 0.9625000000000018000, 0.4499999999999983500, 0.1999999999999997600 ) ) ;
#814 = VERTEX_POINT ( 'NONE', #1663 ) ;
#815 = ORIENTED_EDGE ( 'NONE', *, *, #1725, .F. ) ;
#816 = VERTEX_POINT ( 'NONE', #952 ) ;
#817 = EDGE_LOOP ( 'NONE', ( #997, #1361, #764, #273 ) ) ;
#818 = VECTOR ( 'NONE', #1790, 1000.000000000000000 ) ;
#819 = ORIENTED_EDGE ( 'NONE', *, *, #372, .F. ) ;
#820 = EDGE_CURVE ( 'NONE', #320, #343, #670, .T. ) ;
#821 = CARTESIAN_POINT ( 'NONE',  ( -0.8625000000000002700, 0.4499999999999983500, 0.7499999999999997800 ) ) ;
#822 = DIRECTION ( 'NONE',  ( 0.9848077530122081300, 0.1736481776669303000, -0.0000000000000000000 ) ) ;
#823 = VECTOR ( 'NONE', #706, 1000.000000000000000 ) ;
#824 = SURFACE_STYLE_USAGE ( .BOTH. , #1672 ) ;
#825 = CYLINDRICAL_SURFACE ( 'NONE', #1684, 0.2500000000000013900 ) ;
#826 = DIRECTION ( 'NONE',  ( 0.0000000000000000000, -0.0000000000000000000, -1.000000000000000000 ) ) ;
#827 = ORIENTED_EDGE ( 'NONE', *, *, #1155, .T. ) ;
#828 =( NAMED_UNIT ( * ) PLANE_ANGLE_UNIT ( ) SI_UNIT ( $, .RADIAN. ) );
#829 = CARTESIAN_POINT ( 'NONE',  ( 1.214306433183761800E-015, 0.7000000000000011800, 0.1999999999999997600 ) ) ;
#830 = AXIS2_PLACEMENT_3D ( 'NONE', #1393, #701, #1566 ) ;
#831 = ADVANCED_FACE ( 'NONE', ( #767 ), #385, .T. ) ;
#832 = CARTESIAN_POINT ( 'NONE',  ( 1.412500000000001400, 2.205814986324163900E-021, -0.2000000000000002100 ) ) ;
#833 = EDGE_CURVE ( 'NONE', #1209, #949, #896, .T. ) ;
#834 = AXIS2_PLACEMENT_3D ( 'NONE', #571, #402, #422 ) ;
#835 = VECTOR ( 'NONE', #905, 1000.000000000000000 ) ;
#836 = FILL_AREA_STYLE_COLOUR ( '', #270 ) ;
#837 = ORIENTED_EDGE ( 'NONE', *, *, #1732, .F. ) ;
#838 = SURFACE_SIDE_STYLE ('',( #1027 ) ) ;
#839 = CARTESIAN_POINT ( 'NONE',  ( -0.6561699981503794600, -0.1157004746053354300, 0.7499999999999997800 ) ) ;
#840 = VERTEX_POINT ( 'NONE', #672 ) ;
#841 = VERTEX_POINT ( 'NONE', #1653 ) ;
#842 = CARTESIAN_POINT ( 'NONE',  ( 0.0000000000000000000, 0.1499999999999999700, 0.0000000000000000000 ) ) ;
#843 = ORIENTED_EDGE ( 'NONE', *, *, #333, .T. ) ;
#844 = VERTEX_POINT ( 'NONE', #813 ) ;
#845 = DIRECTION ( 'NONE',  ( 0.0000000000000000000, -0.0000000000000000000, -1.000000000000000000 ) ) ;
#846 = ORIENTED_EDGE ( 'NONE', *, *, #928, .F. ) ;
#847 = EDGE_CURVE ( 'NONE', #1707, #1179, #184, .T. ) ;
#848 = CARTESIAN_POINT ( 'NONE',  ( -0.4500000000000000100, 1.399999999999999900, -1.130000000000000300 ) ) ;
#849 = AXIS2_PLACEMENT_3D ( 'NONE', #1698, #1123, #1531 ) ;
#850 = CARTESIAN_POINT ( 'NONE',  ( 1.112500000000002000, 0.0000000000000000000, 0.1999999999999997600 ) ) ;
#851 = CARTESIAN_POINT ( 'NONE',  ( -1.412500000000000300, 0.1499999999999999700, 1.149999999999999700 ) ) ;
#852 = LINE ( 'NONE', #109, #262 ) ;
#853 = CARTESIAN_POINT ( 'NONE',  ( 1.212500000000003000, 0.2499999999999999400, 0.1999999999999997600 ) ) ;
#854 = CARTESIAN_POINT ( 'NONE',  ( -7.015129880516877100E-029, -9.954331196132715900E-015, -1.150000000000000100 ) ) ;
#855 = ADVANCED_FACE ( 'NONE', ( #1642 ), #350, .T. ) ;
#856 = DIRECTION ( 'NONE',  ( 0.0000000000000000000, 0.0000000000000000000, -1.000000000000000000 ) ) ;
#857 = FACE_OUTER_BOUND ( 'NONE', #1325, .T. ) ;
#858 = PLANE ( 'NONE',  #1629 ) ;
#859 = CARTESIAN_POINT ( 'NONE',  ( -6.703963833975624600E-016, 0.5500000000000008200, 0.7499999999999997800 ) ) ;
#860 = CARTESIAN_POINT ( 'NONE',  ( -0.8000000000000000400, 0.6999999999999997300, -0.7500000000000002200 ) ) ;
#861 = EDGE_CURVE ( 'NONE', #631, #320, #1624, .T. ) ;
#862 = VECTOR ( 'NONE', #1689, 1000.000000000000000 ) ;
#863 = CARTESIAN_POINT ( 'NONE',  ( 0.9625000000000018000, 0.4499999999999983500, -0.2000000000000002100 ) ) ;
#864 = ORIENTED_EDGE ( 'NONE', *, *, #1457, .T. ) ;
#865 = EDGE_LOOP ( 'NONE', ( #1255, #1727, #996, #380 ) ) ;
#866 = ORIENTED_EDGE ( 'NONE', *, *, #183, .F. ) ;
#867 = CARTESIAN_POINT ( 'NONE',  ( -0.8000000000000000400, 1.450000000000000000, -1.347754764468651400 ) ) ;
#868 = VERTEX_POINT ( 'NONE', #1049 ) ;
#869 = ORIENTED_EDGE ( 'NONE', *, *, #847, .F. ) ;
#870 = CYLINDRICAL_SURFACE ( 'NONE', #1721, 0.1000000000000013500 ) ;
#871 = VERTEX_POINT ( 'NONE', #1327 ) ;
#872 = CARTESIAN_POINT ( 'NONE',  ( -7.015129880516877100E-029, -9.954331196132715900E-015, -0.7500000000000002200 ) ) ;
#873 = CIRCLE ( 'NONE', #780, 0.1250000000000003300 ) ;
#874 = VECTOR ( 'NONE', #269, 1000.000000000000000 ) ;
#875 = LINE ( 'NONE', #92, #505 ) ;
#876 = EDGE_CURVE ( 'NONE', #978, #1228, #1498, .T. ) ;
#877 = AXIS2_PLACEMENT_3D ( 'NONE', #100, #1196, #650 ) ;
#878 = VECTOR ( 'NONE', #417, 1000.000000000000000 ) ;
#879 = CARTESIAN_POINT ( 'NONE',  ( -0.8625000000000002700, 0.6999999999999997300, -0.7500000000000002200 ) ) ;
#880 = VECTOR ( 'NONE', #1609, 1000.000000000000000 ) ;
#881 = EDGE_CURVE ( 'NONE', #1471, #1279, #875, .T. ) ;
#882 = CARTESIAN_POINT ( 'NONE',  ( -0.8625000000000002700, 0.4499999999999983500, 1.149999999999999700 ) ) ;
#883 = ADVANCED_FACE ( 'NONE', ( #138 ), #204, .F. ) ;
#884 = DIRECTION ( 'NONE',  ( -0.0000000000000000000, 0.0000000000000000000, -1.000000000000000000 ) ) ;
#885 = VERTEX_POINT ( 'NONE', #353 ) ;
#886 = VERTEX_POINT ( 'NONE', #1076 ) ;
#887 = EDGE_LOOP ( 'NONE', ( #1541, #1364, #1543, #906, #1292, #1669, #775, #1389, #429, #143, #104, #815 ) ) ;
#888 = CARTESIAN_POINT ( 'NONE',  ( -0.4500000000000000100, 1.399999999999999900, -1.005000000000000100 ) ) ;
#889 = EDGE_LOOP ( 'NONE', ( #1680, #1051, #1171, #358 ) ) ;
#890 = CARTESIAN_POINT ( 'NONE',  ( 1.212500000000003000, 0.2499999999999999400, -0.2000000000000002100 ) ) ;
#891 = ORIENTED_EDGE ( 'NONE', *, *, #1405, .T. ) ;
#892 = LINE ( 'NONE', #897, #1605 ) ;
#893 = CARTESIAN_POINT ( 'NONE',  ( -7.015129880516877100E-029, -9.954331196132715900E-015, 1.149999999999999700 ) ) ;
#894 = LINE ( 'NONE', #803, #1687 ) ;
#895 = EDGE_CURVE ( 'NONE', #814, #1432, #721, .T. ) ;
#896 = LINE ( 'NONE', #258, #1078 ) ;
#897 = CARTESIAN_POINT ( 'NONE',  ( 1.412500000000001400, 1.429339864060058700E-014, -0.2000000000000002100 ) ) ;
#898 = PLANE ( 'NONE',  #442 ) ;
#899 = AXIS2_PLACEMENT_3D ( 'NONE', #1682, #431, #1247 ) ;
#900 = CARTESIAN_POINT ( 'NONE',  ( -0.8000000000000000400, 0.6999999999999997300, -1.480000000000000400 ) ) ;
#901 = CARTESIAN_POINT ( 'NONE',  ( 1.112500000000002000, 0.4499999999999982900, 0.1999999999999997600 ) ) ;
#902 = EDGE_CURVE ( 'NONE', #1068, #130, #958, .T. ) ;
#903 = SURFACE_STYLE_FILL_AREA ( #1577 ) ;
#904 = ORIENTED_EDGE ( 'NONE', *, *, #1493, .F. ) ;
#905 = DIRECTION ( 'NONE',  ( -0.0000000000000000000, -0.0000000000000000000, -1.000000000000000000 ) ) ;
#906 = ORIENTED_EDGE ( 'NONE', *, *, #165, .T. ) ;
#907 = ORIENTED_EDGE ( 'NONE', *, *, #528, .F. ) ;
#908 = VERTEX_POINT ( 'NONE', #1331 ) ;
#909 = LINE ( 'NONE', #547, #818 ) ;
#910 = ORIENTED_EDGE ( 'NONE', *, *, #876, .F. ) ;
#911 = CARTESIAN_POINT ( 'NONE',  ( -0.4500000000000000100, 1.450000000000000000, -1.130000000000000300 ) ) ;
#912 =( LENGTH_UNIT ( ) NAMED_UNIT ( * ) SI_UNIT ( .MILLI., .METRE. ) );
#913 = LINE ( 'NONE', #1350, #483 ) ;
#914 = FACE_OUTER_BOUND ( 'NONE', #1544, .T. ) ;
#915 = CARTESIAN_POINT ( 'NONE',  ( -1.412500000000000300, 0.1499999999999999700, 1.149999999999999700 ) ) ;
#916 = EDGE_CURVE ( 'NONE', #130, #1253, #521, .T. ) ;
#917 = ORIENTED_EDGE ( 'NONE', *, *, #1632, .F. ) ;
#918 = CARTESIAN_POINT ( 'NONE',  ( 1.412500000000001400, 1.429339864060058700E-014, 0.1999999999999997600 ) ) ;
#919 = VECTOR ( 'NONE', #462, 1000.000000000000000 ) ;
#920 = VECTOR ( 'NONE', #1000, 1000.000000000000000 ) ;
#921 = CIRCLE ( 'NONE', #938, 0.1000000000000014500 ) ;
#922 = FACE_OUTER_BOUND ( 'NONE', #1489, .T. ) ;
#923 = CLOSED_SHELL ( 'NONE', ( #1791, #1772, #150, #392, #1416, #1394, #382, #1685, #855, #241, #974, #433, #260 ) ) ;
#924 = PRESENTATION_LAYER_ASSIGNMENT (  '', '', ( #564 ) ) ;
#925 = ORIENTED_EDGE ( 'NONE', *, *, #1150, .T. ) ;
#926 = ORIENTED_EDGE ( 'NONE', *, *, #1457, .F. ) ;
#927 = DIRECTION ( 'NONE',  ( 1.000000000000000000, 1.218902515268293700E-015, 0.0000000000000000000 ) ) ;
#928 = EDGE_CURVE ( 'NONE', #255, #1471, #1007, .T. ) ;
#929 = AXIS2_PLACEMENT_3D ( 'NONE', #1722, #1293, #186 ) ;
#930 = ORIENTED_EDGE ( 'NONE', *, *, #1670, .T. ) ;
#931 = ADVANCED_FACE ( 'NONE', ( #1463 ), #1378, .F. ) ;
#932 = FACE_OUTER_BOUND ( 'NONE', #1301, .T. ) ;
#933 = DIRECTION ( 'NONE',  ( 0.0000000000000000000, 1.000000000000000000, 0.0000000000000000000 ) ) ;
#934 = DIRECTION ( 'NONE',  ( 1.000000000000000000, 7.047314121155912900E-015, 0.0000000000000000000 ) ) ;
#935 = EDGE_CURVE ( 'NONE', #23, #1492, #162, .T. ) ;
#936 = PRODUCT_DEFINITION_FORMATION_WITH_SPECIFIED_SOURCE ( 'ANY', '', #231, .NOT_KNOWN. ) ;
#937 = VECTOR ( 'NONE', #274, 1000.000000000000000 ) ;
#938 = AXIS2_PLACEMENT_3D ( 'NONE', #1431, #728, #739 ) ;
#939 = CARTESIAN_POINT ( 'NONE',  ( -1.212500000000003000, 0.2499999999999999400, -1.150000000000000100 ) ) ;
#940 = CARTESIAN_POINT ( 'NONE',  ( 1.112500000000002000, 0.4499999999999982900, -0.2000000000000002100 ) ) ;
#941 = CARTESIAN_POINT ( 'NONE',  ( -0.9625000000000018000, 0.4499999999999983500, 0.7499999999999997800 ) ) ;
#942 = VECTOR ( 'NONE', #856, 1000.000000000000000 ) ;
#943 = ADVANCED_FACE ( 'NONE', ( #1607 ), #1679, .T. ) ;
#944 = CARTESIAN_POINT ( 'NONE',  ( -0.8000000000000000400, 0.6999999999999997300, -1.480000000000000400 ) ) ;
#945 = EDGE_LOOP ( 'NONE', ( #440, #925, #356, #579, #1759, #846, #1549, #907, #1636, #1774, #179, #499 ) ) ;
#946 = ORIENTED_EDGE ( 'NONE', *, *, #833, .F. ) ;
#947 = DIRECTION ( 'NONE',  ( -0.0000000000000000000, -0.0000000000000000000, -1.000000000000000000 ) ) ;
#948 = UNCERTAINTY_MEASURE_WITH_UNIT (LENGTH_MEASURE( 1.000000000000000100E-005 ), #1406, 'distance_accuracy_value', 'NONE');
#949 = VERTEX_POINT ( 'NONE', #832 ) ;
#950 = ORIENTED_EDGE ( 'NONE', *, *, #1405, .F. ) ;
#951 = EDGE_CURVE ( 'NONE', #793, #497, #484, .T. ) ;
#952 = CARTESIAN_POINT ( 'NONE',  ( -0.4500000000000000100, 1.450000000000000000, -1.255000000000000800 ) ) ;
#953 = ORIENTED_EDGE ( 'NONE', *, *, #230, .T. ) ;
#954 = DIRECTION ( 'NONE',  ( -0.1736481776669302800, 0.9848077530122080200, 0.0000000000000000000 ) ) ;
#955 = DIRECTION ( 'NONE',  ( -1.000000000000000000, 0.0000000000000000000, 0.0000000000000000000 ) ) ;
#956 = CARTESIAN_POINT ( 'NONE',  ( -0.8000000000000000400, 0.6999999999999997300, 1.149999999999999700 ) ) ;
#957 = CARTESIAN_POINT ( 'NONE',  ( 1.097754699641515800E-015, 0.1499999999999896400, -0.7500000000000002200 ) ) ;
#958 = CIRCLE ( 'NONE', #761, 0.2500000000000013900 ) ;
#959 = CARTESIAN_POINT ( 'NONE',  ( -1.212500000000003000, 0.2499999999999999400, -0.7500000000000002200 ) ) ;
#960 = ORIENTED_EDGE ( 'NONE', *, *, #114, .F. ) ;
#961 = CARTESIAN_POINT ( 'NONE',  ( -0.4500000000000000100, 1.450000000000000000, -1.005000000000000100 ) ) ;
#962 = CARTESIAN_POINT ( 'NONE',  ( -0.9625000000000018000, 0.0000000000000000000, 1.149999999999999700 ) ) ;
#963 = AXIS2_PLACEMENT_3D ( 'NONE', #1558, #845, #985 ) ;
#964 = CYLINDRICAL_SURFACE ( 'NONE', #1539, 0.2500000000000013300 ) ;
#965 = EDGE_CURVE ( 'NONE', #217, #1037, #1479, .T. ) ;
#966 = DIRECTION ( 'NONE',  ( 0.0000000000000000000, -0.0000000000000000000, -1.000000000000000000 ) ) ;
#967 = FACE_OUTER_BOUND ( 'NONE', #1773, .T. ) ;
#968 = FILL_AREA_STYLE ('',( #555 ) ) ;
#969 = CIRCLE ( 'NONE', #580, 0.1000000000000014500 ) ;
#970 = DIRECTION ( 'NONE',  ( 1.000000000000000000, 0.0000000000000000000, 0.0000000000000000000 ) ) ;
#971 = CARTESIAN_POINT ( 'NONE',  ( 1.214306433183761800E-015, 0.7000000000000011800, 0.1999999999999997600 ) ) ;
#972 = ORIENTED_EDGE ( 'NONE', *, *, #42, .T. ) ;
#973 = ORIENTED_EDGE ( 'NONE', *, *, #1193, .T. ) ;
#974 = ADVANCED_FACE ( 'NONE', ( #1195 ), #979, .T. ) ;
#975 = EDGE_CURVE ( 'NONE', #213, #476, #1261, .T. ) ;
#976 = CARTESIAN_POINT ( 'NONE',  ( 0.9625000000000018000, 0.4499999999999983500, 0.1999999999999997600 ) ) ;
#977 = DIRECTION ( 'NONE',  ( 0.0000000000000000000, -0.9848077530122080200, -0.1736481776669307200 ) ) ;
#978 = VERTEX_POINT ( 'NONE', #1241 ) ;
#979 = PLANE ( 'NONE',  #1495 ) ;
#980 = CARTESIAN_POINT ( 'NONE',  ( 0.0000000000000000000, 0.6999999999999997300, -0.7500000000000002200 ) ) ;
#981 = VECTOR ( 'NONE', #699, 1000.000000000000000 ) ;
#982 = CARTESIAN_POINT ( 'NONE',  ( -0.9625000000000018000, 0.4499999999999983500, -0.7500000000000002200 ) ) ;
#983 = CARTESIAN_POINT ( 'NONE',  ( 0.0000000000000000000, 0.0000000000000000000, 0.1999999999999997600 ) ) ;
#984 = LINE ( 'NONE', #432, #1178 ) ;
#985 = DIRECTION ( 'NONE',  ( 1.000000000000000000, 0.0000000000000000000, 0.0000000000000000000 ) ) ;
#986 = EDGE_CURVE ( 'NONE', #709, #1451, #58, .T. ) ;
#987 = FACE_OUTER_BOUND ( 'NONE', #553, .T. ) ;
#988 = VECTOR ( 'NONE', #140, 1000.000000000000000 ) ;
#989 = STYLED_ITEM ( 'NONE', ( #1734 ), #1243 ) ;
#990 = DIRECTION ( 'NONE',  ( -1.000000000000000000, 0.0000000000000000000, 0.0000000000000000000 ) ) ;
#991 = APPLICATION_CONTEXT ( 'automotive_design' ) ;
#992 = ADVANCED_FACE ( 'NONE', ( #1216 ), #159, .F. ) ;
#993 = DIRECTION ( 'NONE',  ( -0.0000000000000000000, -0.0000000000000000000, -1.000000000000000000 ) ) ;
#994 = DIRECTION ( 'NONE',  ( -0.0000000000000000000, -0.0000000000000000000, -1.000000000000000000 ) ) ;
#995 = ORIENTED_EDGE ( 'NONE', *, *, #1180, .T. ) ;
#996 = ORIENTED_EDGE ( 'NONE', *, *, #1203, .F. ) ;
#997 = ORIENTED_EDGE ( 'NONE', *, *, #1370, .F. ) ;
#998 = EDGE_LOOP ( 'NONE', ( #377, #1072, #1559, #298, #791, #319, #550, #215, #1452, #69, #108, #1285 ) ) ;
#999 = DIRECTION ( 'NONE',  ( -0.0000000000000000000, 0.0000000000000000000, 1.000000000000000000 ) ) ;
#1000 = DIRECTION ( 'NONE',  ( -1.000000000000000000, 0.0000000000000000000, 0.0000000000000000000 ) ) ;
#1001 = ORIENTED_EDGE ( 'NONE', *, *, #168, .F. ) ;
#1002 = EDGE_CURVE ( 'NONE', #781, #840, #1421, .T. ) ;
#1003 = PLANE ( 'NONE',  #19 ) ;
#1004 = AXIS2_PLACEMENT_3D ( 'NONE', #1291, #457, #595 ) ;
#1005 = DIRECTION ( 'NONE',  ( -0.0000000000000000000, -0.0000000000000000000, -1.000000000000000000 ) ) ;
#1006 = DIRECTION ( 'NONE',  ( 1.000000000000000000, 0.0000000000000000000, 0.0000000000000000000 ) ) ;
#1007 = CIRCLE ( 'NONE', #1184, 0.2500000000000013300 ) ;
#1008 = DIRECTION ( 'NONE',  ( -0.0000000000000000000, 1.000000000000000000, -0.0000000000000000000 ) ) ;
#1009 = DIRECTION ( 'NONE',  ( 0.0000000000000000000, -0.0000000000000000000, 1.000000000000000000 ) ) ;
#1010 = CARTESIAN_POINT ( 'NONE',  ( -1.412500000000001400, 1.020957045757184700E-014, -0.7500000000000002200 ) ) ;
#1011 = FACE_OUTER_BOUND ( 'NONE', #369, .T. ) ;
#1012 = DIRECTION ( 'NONE',  ( 1.000000000000000000, 0.0000000000000000000, -0.0000000000000000000 ) ) ;
#1013 = CARTESIAN_POINT ( 'NONE',  ( -0.8000000000000000400, 0.6999999999999997300, 1.480000000000000400 ) ) ;
#1014 = EDGE_CURVE ( 'NONE', #514, #1744, #436, .T. ) ;
#1015 = SHAPE_DEFINITION_REPRESENTATION ( #259, #116 ) ;
#1016 = VECTOR ( 'NONE', #1270, 1000.000000000000000 ) ;
#1017 = EDGE_LOOP ( 'NONE', ( #1619, #1572, #557, #154 ) ) ;
#1018 = DIRECTION ( 'NONE',  ( 0.1710878697460358800, 0.9702875252478138100, 0.1710878697460358800 ) ) ;
#1019 = ORIENTED_EDGE ( 'NONE', *, *, #722, .F. ) ;
#1020 = ADVANCED_FACE ( 'NONE', ( #1131 ), #1516, .F. ) ;
#1021 = ORIENTED_EDGE ( 'NONE', *, *, #312, .F. ) ;
#1022 = ORIENTED_EDGE ( 'NONE', *, *, #1740, .T. ) ;
#1023 = CARTESIAN_POINT ( 'NONE',  ( -6.703963833975624600E-016, 0.5500000000000008200, -0.7500000000000002200 ) ) ;
#1024 = LINE ( 'NONE', #485, #93 ) ;
#1025 = CARTESIAN_POINT ( 'NONE',  ( 0.8000000000000001600, 0.6999999999999998400, 0.1999999999999997600 ) ) ;
#1026 = DIRECTION ( 'NONE',  ( 1.000000000000000000, -1.218902515268293700E-015, 0.0000000000000000000 ) ) ;
#1027 = SURFACE_STYLE_FILL_AREA ( #968 ) ;
#1028 =( GEOMETRIC_REPRESENTATION_CONTEXT ( 3 ) GLOBAL_UNCERTAINTY_ASSIGNED_CONTEXT ( ( #48 ) ) GLOBAL_UNIT_ASSIGNED_CONTEXT ( ( #727, #731, #1583 ) ) REPRESENTATION_CONTEXT ( 'NONE', 'WORKASPACE' ) );
#1029 = DIRECTION ( 'NONE',  ( 1.000000000000000000, 0.0000000000000000000, 0.0000000000000000000 ) ) ;
#1030 = VERTEX_POINT ( 'NONE', #219 ) ;
#1031 = DIRECTION ( 'NONE',  ( -1.000000000000000000, 1.218902515268293700E-015, 0.0000000000000000000 ) ) ;
#1032 = VECTOR ( 'NONE', #322, 1000.000000000000000 ) ;
#1033 = EDGE_CURVE ( 'NONE', #425, #255, #386, .T. ) ;
#1034 = PLANE ( 'NONE',  #679 ) ;
#1035 = AXIS2_PLACEMENT_3D ( 'NONE', #1749, #1752, #124 ) ;
#1036 = ORIENTED_EDGE ( 'NONE', *, *, #209, .F. ) ;
#1037 = VERTEX_POINT ( 'NONE', #1668 ) ;
#1038 = PLANE ( 'NONE',  #170 ) ;
#1039 = ORIENTED_EDGE ( 'NONE', *, *, #1121, .T. ) ;
#1040 = ORIENTED_EDGE ( 'NONE', *, *, #321, .F. ) ;
#1041 = DIRECTION ( 'NONE',  ( 0.9848077530122081300, -0.1736481776669303000, 0.0000000000000000000 ) ) ;
#1042 = EDGE_CURVE ( 'NONE', #643, #1460, #1782, .T. ) ;
#1043 = VECTOR ( 'NONE', #245, 999.9999999999998900 ) ;
#1044 = CARTESIAN_POINT ( 'NONE',  ( -0.7133576648442598900, 1.191373100177972200, -1.393357664844260500 ) ) ;
#1045 = VECTOR ( 'NONE', #1781, 1000.000000000000000 ) ;
#1046 = DIRECTION ( 'NONE',  ( -0.0000000000000000000, -0.0000000000000000000, -1.000000000000000000 ) ) ;
#1047 = LINE ( 'NONE', #615, #311 ) ;
#1048 = PLANE ( 'NONE',  #520 ) ;
#1049 = CARTESIAN_POINT ( 'NONE',  ( -1.212500000000003700, 0.1499999999999985000, 1.149999999999999700 ) ) ;
#1050 = FILL_AREA_STYLE_COLOUR ( '', #447 ) ;
#1051 = ORIENTED_EDGE ( 'NONE', *, *, #1002, .F. ) ;
#1052 = EDGE_CURVE ( 'NONE', #497, #297, #1664, .T. ) ;
#1053 = AXIS2_PLACEMENT_3D ( 'NONE', #939, #1635, #1480 ) ;
#1054 = ORIENTED_EDGE ( 'NONE', *, *, #1401, .T. ) ;
#1055 = ORIENTED_EDGE ( 'NONE', *, *, #769, .T. ) ;
#1056 = VERTEX_POINT ( 'NONE', #1780 ) ;
#1057 = ORIENTED_EDGE ( 'NONE', *, *, #1567, .T. ) ;
#1058 = DIRECTION ( 'NONE',  ( 0.0000000000000000000, 0.0000000000000000000, 1.000000000000000000 ) ) ;
#1059 = EDGE_CURVE ( 'NONE', #181, #1360, #111, .T. ) ;
#1060 = VECTOR ( 'NONE', #173, 1000.000000000000000 ) ;
#1061 = VECTOR ( 'NONE', #1018, 1000.000000000000000 ) ;
#1062 = VECTOR ( 'NONE', #947, 1000.000000000000000 ) ;
#1063 = VECTOR ( 'NONE', #1005, 1000.000000000000000 ) ;
#1064 = CARTESIAN_POINT ( 'NONE',  ( 0.9625000000000018000, 0.0000000000000000000, 0.1999999999999997600 ) ) ;
#1065 = CARTESIAN_POINT ( 'NONE',  ( -1.212500000000003000, 0.2499999999999999400, 1.149999999999999700 ) ) ;
#1066 = EDGE_CURVE ( 'NONE', #1340, #107, #1525, .T. ) ;
#1067 = ORIENTED_EDGE ( 'NONE', *, *, #1306, .F. ) ;
#1068 = VERTEX_POINT ( 'NONE', #1659 ) ;
#1069 = DIRECTION ( 'NONE',  ( 1.000000000000000000, 0.0000000000000000000, 0.0000000000000000000 ) ) ;
#1070 = AXIS2_PLACEMENT_3D ( 'NONE', #790, #222, #1058 ) ;
#1071 = ORIENTED_EDGE ( 'NONE', *, *, #1052, .T. ) ;
#1072 = ORIENTED_EDGE ( 'NONE', *, *, #1180, .F. ) ;
#1073 = ADVANCED_FACE ( 'NONE', ( #95 ), #1355, .T. ) ;
#1074 = DIRECTION ( 'NONE',  ( -7.047314121155913700E-015, 1.000000000000000000, 0.0000000000000000000 ) ) ;
#1075 = DIRECTION ( 'NONE',  ( -0.0000000000000000000, -0.0000000000000000000, -1.000000000000000000 ) ) ;
#1076 = CARTESIAN_POINT ( 'NONE',  ( 1.412499999999999900, 0.1499999999999999700, -0.2000000000000002100 ) ) ;
#1077 = CARTESIAN_POINT ( 'NONE',  ( 1.097754699641515800E-015, 0.1499999999999896400, -0.7500000000000002200 ) ) ;
#1078 = VECTOR ( 'NONE', #774, 1000.000000000000000 ) ;
#1079 = DIRECTION ( 'NONE',  ( 1.000000000000000000, -1.218902515268293700E-015, 0.0000000000000000000 ) ) ;
#1080 = EDGE_CURVE ( 'NONE', #421, #816, #852, .T. ) ;
#1081 = FACE_OUTER_BOUND ( 'NONE', #52, .T. ) ;
#1082 = DIRECTION ( 'NONE',  ( -7.228014483236698300E-015, -1.000000000000000000, 0.0000000000000000000 ) ) ;
#1083 = EDGE_LOOP ( 'NONE', ( #1170, #950, #477, #827 ) ) ;
#1084 = AXIS2_PLACEMENT_3D ( 'NONE', #207, #1709, #990 ) ;
#1085 = DIRECTION ( 'NONE',  ( 0.0000000000000000000, 0.0000000000000000000, 1.000000000000000000 ) ) ;
#1086 = CARTESIAN_POINT ( 'NONE',  ( 6.703963833975624600E-016, 0.5500000000000008200, 0.1999999999999997600 ) ) ;
#1087 = DIRECTION ( 'NONE',  ( 0.0000000000000000000, -1.000000000000000000, 0.0000000000000000000 ) ) ;
#1088 = CYLINDRICAL_SURFACE ( 'NONE', #1084, 0.1000000000000013500 ) ;
#1089 = PLANE ( 'NONE',  #1523 ) ;
#1090 = ADVANCED_FACE ( 'NONE', ( #914 ), #371, .T. ) ;
#1091 = ORIENTED_EDGE ( 'NONE', *, *, #986, .T. ) ;
#1092 = CARTESIAN_POINT ( 'NONE',  ( -0.8000000000000000400, 0.6999999999999997300, 0.7499999999999997800 ) ) ;
#1093 = EDGE_LOOP ( 'NONE', ( #8, #578, #1678, #1760 ) ) ;
#1094 = ORIENTED_EDGE ( 'NONE', *, *, #201, .T. ) ;
#1095 = EDGE_CURVE ( 'NONE', #129, #1206, #742, .T. ) ;
#1096 = DIRECTION ( 'NONE',  ( 1.000000000000000000, 0.0000000000000000000, 0.0000000000000000000 ) ) ;
#1097 = ORIENTED_EDGE ( 'NONE', *, *, #748, .T. ) ;
#1098 = DIRECTION ( 'NONE',  ( -1.000000000000000000, 0.0000000000000000000, 0.0000000000000000000 ) ) ;
#1099 = FACE_OUTER_BOUND ( 'NONE', #361, .T. ) ;
#1100 = UNCERTAINTY_MEASURE_WITH_UNIT (LENGTH_MEASURE( 1.000000000000000100E-005 ), #912, 'distance_accuracy_value', 'NONE');
#1101 = DIRECTION ( 'NONE',  ( 0.0000000000000000000, -0.1736481776669307200, 0.9848077530122080200 ) ) ;
#1102 = CYLINDRICAL_SURFACE ( 'NONE', #249, 0.1000000000000014500 ) ;
#1103 = LINE ( 'NONE', #860, #368 ) ;
#1104 = CARTESIAN_POINT ( 'NONE',  ( 0.8625000000000002700, 0.4499999999999983500, 0.1999999999999997600 ) ) ;
#1105 = VERTEX_POINT ( 'NONE', #1650 ) ;
#1106 = CARTESIAN_POINT ( 'NONE',  ( -0.9625000000000018000, 0.2500000000000000000, -1.150000000000000100 ) ) ;
#1107 = DIRECTION ( 'NONE',  ( -0.9848077530122080200, 0.1736481776669307200, 0.0000000000000000000 ) ) ;
#1108 = EDGE_CURVE ( 'NONE', #608, #535, #1289, .T. ) ;
#1109 = CARTESIAN_POINT ( 'NONE',  ( -0.9625000000000018000, 0.2500000000000000000, 1.149999999999999700 ) ) ;
#1110 = DIRECTION ( 'NONE',  ( 1.000000000000000000, -1.734723475976799600E-015, 0.0000000000000000000 ) ) ;
#1111 = CYLINDRICAL_SURFACE ( 'NONE', #1769, 0.2500000000000013300 ) ;
#1112 = ADVANCED_FACE ( 'NONE', ( #1623 ), #365, .F. ) ;
#1113 = CARTESIAN_POINT ( 'NONE',  ( 0.7030201606103441100, 0.1499999999999999700, -1.383020160610344500 ) ) ;
#1114 = LINE ( 'NONE', #44, #1486 ) ;
#1115 = CARTESIAN_POINT ( 'NONE',  ( 0.0000000000000000000, 0.0000000000000000000, -1.150000000000000100 ) ) ;
#1116 = CLOSED_SHELL ( 'NONE', ( #1297, #1112, #1304, #657, #1545, #1532, #1090, #1272, #1487, #1555, #931, #119, #55, #169 ) ) ;
#1117 = CARTESIAN_POINT ( 'NONE',  ( -0.8000000000000000400, 0.6999999999999997300, 1.480000000000000400 ) ) ;
#1118 = CARTESIAN_POINT ( 'NONE',  ( -0.8000000000000000400, 0.1499999999999999700, -1.383020160610344500 ) ) ;
#1119 = EDGE_LOOP ( 'NONE', ( #891, #177 ) ) ;
#1120 = ORIENTED_EDGE ( 'NONE', *, *, #1608, .T. ) ;
#1121 = EDGE_CURVE ( 'NONE', #1655, #60, #894, .T. ) ;
#1122 = DIRECTION ( 'NONE',  ( 1.000000000000000000, -7.228014483236698300E-015, 0.0000000000000000000 ) ) ;
#1123 = DIRECTION ( 'NONE',  ( -0.0000000000000000000, 0.0000000000000000000, 1.000000000000000000 ) ) ;
#1124 = ORIENTED_EDGE ( 'NONE', *, *, #667, .F. ) ;
#1125 = VERTEX_POINT ( 'NONE', #664 ) ;
#1126 = LINE ( 'NONE', #1238, #28 ) ;
#1127 = VECTOR ( 'NONE', #502, 1000.000000000000000 ) ;
#1128 = CARTESIAN_POINT ( 'NONE',  ( 0.8000000000000000400, 0.6999999999999997300, 1.480000000000000400 ) ) ;
#1129 = CARTESIAN_POINT ( 'NONE',  ( -0.8625000000000002700, 0.5499999999999997100, -0.7500000000000002200 ) ) ;
#1130 = DIRECTION ( 'NONE',  ( -7.318364664277278000E-015, -1.000000000000000000, 0.0000000000000000000 ) ) ;
#1131 = FACE_OUTER_BOUND ( 'NONE', #1429, .T. ) ;
#1132 = DIRECTION ( 'NONE',  ( -0.0000000000000000000, 1.000000000000000000, -0.0000000000000000000 ) ) ;
#1133 = FACE_OUTER_BOUND ( 'NONE', #276, .T. ) ;
#1134 = CARTESIAN_POINT ( 'NONE',  ( -0.4500000000000000100, 1.450000000000000000, -1.130000000000000300 ) ) ;
#1135 = EDGE_CURVE ( 'NONE', #1166, #1432, #913, .T. ) ;
#1136 = LINE ( 'NONE', #38, #1063 ) ;
#1137 = CYLINDRICAL_SURFACE ( 'NONE', #1485, 0.2500000000000013900 ) ;
#1138 = DIRECTION ( 'NONE',  ( -0.0000000000000000000, -0.0000000000000000000, -1.000000000000000000 ) ) ;
#1139 = LINE ( 'NONE', #1280, #730 ) ;
#1140 = EDGE_LOOP ( 'NONE', ( #279, #400, #1124, #710 ) ) ;
#1141 = VERTEX_POINT ( 'NONE', #799 ) ;
#1142 = VERTEX_POINT ( 'NONE', #940 ) ;
#1143 = ORIENTED_EDGE ( 'NONE', *, *, #1632, .T. ) ;
#1144 = CARTESIAN_POINT ( 'NONE',  ( -1.112500000000001800, 0.4499999999999983500, 1.149999999999999700 ) ) ;
#1145 = DIRECTION ( 'NONE',  ( 0.0000000000000000000, 0.0000000000000000000, 1.000000000000000000 ) ) ;
#1146 = ORIENTED_EDGE ( 'NONE', *, *, #1554, .F. ) ;
#1147 = DIRECTION ( 'NONE',  ( -0.0000000000000000000, -0.0000000000000000000, -1.000000000000000000 ) ) ;
#1148 = PLANE ( 'NONE',  #1319 ) ;
#1149 = LINE ( 'NONE', #1158, #1347 ) ;
#1150 = EDGE_CURVE ( 'NONE', #24, #781, #305, .T. ) ;
#1151 = PLANE ( 'NONE',  #1251 ) ;
#1152 = CYLINDRICAL_SURFACE ( 'NONE', #240, 0.1250000000000003300 ) ;
#1153 = PLANE ( 'NONE',  #723 ) ;
#1154 = ORIENTED_EDGE ( 'NONE', *, *, #1740, .F. ) ;
#1155 = EDGE_CURVE ( 'NONE', #1228, #978, #1395, .T. ) ;
#1156 = DIRECTION ( 'NONE',  ( 1.000000000000000000, 0.0000000000000000000, -0.0000000000000000000 ) ) ;
#1157 = LINE ( 'NONE', #901, #1591 ) ;
#1158 = CARTESIAN_POINT ( 'NONE',  ( 0.0000000000000000000, 0.6999999999999997300, -1.150000000000000100 ) ) ;
#1159 = CARTESIAN_POINT ( 'NONE',  ( -0.7735509528937303300, 0.5499999999999998200, 1.149999999999999700 ) ) ;
#1160 = AXIS2_PLACEMENT_3D ( 'NONE', #1222, #1074, #128 ) ;
#1161 = LINE ( 'NONE', #1503, #63 ) ;
#1162 = VECTOR ( 'NONE', #1403, 1000.000000000000000 ) ;
#1163 = DIRECTION ( 'NONE',  ( -7.228014483236698300E-015, -1.000000000000000000, 0.0000000000000000000 ) ) ;
#1164 =( NAMED_UNIT ( * ) SI_UNIT ( $, .STERADIAN. ) SOLID_ANGLE_UNIT ( ) );
#1165 = ORIENTED_EDGE ( 'NONE', *, *, #1423, .T. ) ;
#1166 = VERTEX_POINT ( 'NONE', #1771 ) ;
#1167 = SURFACE_SIDE_STYLE ('',( #501 ) ) ;
#1168 = CARTESIAN_POINT ( 'NONE',  ( 6.703963833975624600E-016, 0.5500000000000008200, 0.1999999999999997600 ) ) ;
#1169 = ORIENTED_EDGE ( 'NONE', *, *, #563, .T. ) ;
#1170 = ORIENTED_EDGE ( 'NONE', *, *, #1277, .F. ) ;
#1171 = ORIENTED_EDGE ( 'NONE', *, *, #1150, .F. ) ;
#1172 = DIRECTION ( 'NONE',  ( 1.000000000000000000, 1.218902515268293700E-015, 0.0000000000000000000 ) ) ;
#1173 = EDGE_CURVE ( 'NONE', #318, #683, #1311, .T. ) ;
#1174 = CARTESIAN_POINT ( 'NONE',  ( -1.212500000000003000, 0.2499999999999999400, 0.7499999999999997800 ) ) ;
#1175 = DIRECTION ( 'NONE',  ( -1.000000000000000000, -7.047314121155897900E-015, 0.0000000000000000000 ) ) ;
#1176 = AXIS2_PLACEMENT_3D ( 'NONE', #1174, #196, #1742 ) ;
#1177 = DIRECTION ( 'NONE',  ( -0.0000000000000000000, -0.0000000000000000000, -1.000000000000000000 ) ) ;
#1178 = VECTOR ( 'NONE', #994, 1000.000000000000000 ) ;
#1179 = VERTEX_POINT ( 'NONE', #961 ) ;
#1180 = EDGE_CURVE ( 'NONE', #841, #1253, #635, .T. ) ;
#1181 = FACE_OUTER_BOUND ( 'NONE', #216, .T. ) ;
#1182 = CIRCLE ( 'NONE', #1726, 0.1250000000000003300 ) ;
#1183 = EDGE_CURVE ( 'NONE', #71, #181, #459, .T. ) ;
#1184 = AXIS2_PLACEMENT_3D ( 'NONE', #1392, #1540, #1385 ) ;
#1185 = LINE ( 'NONE', #696, #862 ) ;
#1186 = ORIENTED_EDGE ( 'NONE', *, *, #1670, .F. ) ;
#1187 = DIRECTION ( 'NONE',  ( 1.000000000000000000, 0.0000000000000000000, 0.0000000000000000000 ) ) ;
#1188 = ORIENTED_EDGE ( 'NONE', *, *, #895, .F. ) ;
#1189 = ORIENTED_EDGE ( 'NONE', *, *, #114, .T. ) ;
#1190 = EDGE_LOOP ( 'NONE', ( #1490, #80, #473, #1341 ) ) ;
#1191 = CARTESIAN_POINT ( 'NONE',  ( -1.212500000000003000, 0.2499999999999999400, 1.149999999999999700 ) ) ;
#1192 = VERTEX_POINT ( 'NONE', #1106 ) ;
#1193 = EDGE_CURVE ( 'NONE', #318, #198, #1372, .T. ) ;
#1194 = VECTOR ( 'NONE', #148, 999.9999999999998900 ) ;
#1195 = FACE_OUTER_BOUND ( 'NONE', #277, .T. ) ;
#1196 = DIRECTION ( 'NONE',  ( 0.0000000000000000000, -0.0000000000000000000, -1.000000000000000000 ) ) ;
#1197 = LINE ( 'NONE', #867, #589 ) ;
#1198 = ORIENTED_EDGE ( 'NONE', *, *, #600, .T. ) ;
#1199 = LINE ( 'NONE', #332, #919 ) ;
#1200 = CARTESIAN_POINT ( 'NONE',  ( 0.8625000000000002700, 0.6999999999999996200, -0.2000000000000002100 ) ) ;
#1201 = CARTESIAN_POINT ( 'NONE',  ( 0.8625000000000002700, 0.4499999999999983500, 0.1999999999999997600 ) ) ;
#1202 = ORIENTED_EDGE ( 'NONE', *, *, #1693, .F. ) ;
#1203 = EDGE_CURVE ( 'NONE', #1206, #1166, #648, .T. ) ;
#1204 = STYLED_ITEM ( 'NONE', ( #1259 ), #1214 ) ;
#1205 = ORIENTED_EDGE ( 'NONE', *, *, #928, .T. ) ;
#1206 = VERTEX_POINT ( 'NONE', #711 ) ;
#1207 = CARTESIAN_POINT ( 'NONE',  ( -0.8625000000000002700, 0.4499999999999983500, 0.7499999999999997800 ) ) ;
#1208 = VERTEX_POINT ( 'NONE', #1240 ) ;
#1209 = VERTEX_POINT ( 'NONE', #1396 ) ;
#1210 = VECTOR ( 'NONE', #1329, 1000.000000000000000 ) ;
#1211 = DIRECTION ( 'NONE',  ( 1.000000000000000000, -7.047314121155897900E-015, 0.0000000000000000000 ) ) ;
#1212 = CARTESIAN_POINT ( 'NONE',  ( -1.112500000000001800, 0.2500000000000000000, 1.149999999999999700 ) ) ;
#1213 = EDGE_CURVE ( 'NONE', #844, #633, #261, .T. ) ;
#1214 = MANIFOLD_SOLID_BREP ( 'LPattern1[2]', #1116 ) ;
#1215 = ADVANCED_FACE ( 'NONE', ( #504 ), #14, .F. ) ;
#1216 = FACE_OUTER_BOUND ( 'NONE', #998, .T. ) ;
#1217 = AXIS2_PLACEMENT_3D ( 'NONE', #1013, #1593, #746 ) ;
#1218 = CARTESIAN_POINT ( 'NONE',  ( -0.4500000000000000100, 1.399999999999999900, -1.255000000000000800 ) ) ;
#1219 = CARTESIAN_POINT ( 'NONE',  ( -0.8000000000000000400, 0.6999999999999997300, 1.480000000000000400 ) ) ;
#1220 = CARTESIAN_POINT ( 'NONE',  ( -0.4500000000000000100, 1.450000000000000000, -1.130000000000000300 ) ) ;
#1221 = ADVANCED_FACE ( 'NONE', ( #614 ), #1152, .T. ) ;
#1222 = CARTESIAN_POINT ( 'NONE',  ( -1.057097118173316500E-015, 0.1499999999999900000, 0.1999999999999997600 ) ) ;
#1223 = EDGE_CURVE ( 'NONE', #1166, #871, #1580, .T. ) ;
#1224 = ORIENTED_EDGE ( 'NONE', *, *, #935, .F. ) ;
#1225 = ORIENTED_EDGE ( 'NONE', *, *, #1277, .T. ) ;
#1226 = PLANE ( 'NONE',  #1278 ) ;
#1227 = ORIENTED_EDGE ( 'NONE', *, *, #652, .F. ) ;
#1228 = VERTEX_POINT ( 'NONE', #690 ) ;
#1229 = ORIENTED_EDGE ( 'NONE', *, *, #722, .T. ) ;
#1230 = ORIENTED_EDGE ( 'NONE', *, *, #1567, .F. ) ;
#1231 = CARTESIAN_POINT ( 'NONE',  ( 1.112500000000002000, 0.4499999999999982900, 0.1999999999999997600 ) ) ;
#1232 = COLOUR_RGB ( '',0.7921568627450980000, 0.8196078431372548800, 0.9333333333333333500 ) ;
#1233 = VECTOR ( 'NONE', #1366, 1000.000000000000000 ) ;
#1234 = LINE ( 'NONE', #155, #878 ) ;
#1235 = ORIENTED_EDGE ( 'NONE', *, *, #951, .F. ) ;
#1236 = EDGE_CURVE ( 'NONE', #425, #254, #409, .T. ) ;
#1237 = AXIS2_PLACEMENT_3D ( 'NONE', #1621, #86, #1610 ) ;
#1238 = CARTESIAN_POINT ( 'NONE',  ( -0.8625000000000002700, 0.6999999999999997300, 1.149999999999999700 ) ) ;
#1239 = ADVANCED_FACE ( 'NONE', ( #741 ), #288, .T. ) ;
#1240 = CARTESIAN_POINT ( 'NONE',  ( -0.8625000000000002700, 0.6999999999999997300, 1.149999999999999700 ) ) ;
#1241 = CARTESIAN_POINT ( 'NONE',  ( -0.4500000000000000100, 1.450000000000000000, -1.255000000000000800 ) ) ;
#1242 = PRESENTATION_STYLE_ASSIGNMENT (( #1737 ) ) ;
#1243 = MANIFOLD_SOLID_BREP ( 'Boss-Extrude4[1]', #115 ) ;
#1244 = DIRECTION ( 'NONE',  ( -0.0000000000000000000, 0.0000000000000000000, 1.000000000000000000 ) ) ;
#1245 = EDGE_CURVE ( 'NONE', #645, #1600, #1440, .T. ) ;
#1246 = ORIENTED_EDGE ( 'NONE', *, *, #1121, .F. ) ;
#1247 = DIRECTION ( 'NONE',  ( 1.000000000000000000, 0.0000000000000000000, 0.0000000000000000000 ) ) ;
#1248 = ORIENTED_EDGE ( 'NONE', *, *, #1466, .T. ) ;
#1249 = EDGE_LOOP ( 'NONE', ( #67, #266, #1146, #734 ) ) ;
#1250 = ADVANCED_FACE ( 'NONE', ( #420 ), #36, .F. ) ;
#1251 = AXIS2_PLACEMENT_3D ( 'NONE', #1023, #1448, #1172 ) ;
#1252 = DIRECTION ( 'NONE',  ( 1.000000000000000000, 0.0000000000000000000, 0.0000000000000000000 ) ) ;
#1253 = VERTEX_POINT ( 'NONE', #1422 ) ;
#1254 = DIRECTION ( 'NONE',  ( -0.0000000000000000000, -0.0000000000000000000, -1.000000000000000000 ) ) ;
#1255 = ORIENTED_EDGE ( 'NONE', *, *, #895, .T. ) ;
#1256 = DIRECTION ( 'NONE',  ( -0.0000000000000000000, 0.0000000000000000000, 1.000000000000000000 ) ) ;
#1257 = CARTESIAN_POINT ( 'NONE',  ( -0.9625000000000018000, 0.4499999999999983500, -1.150000000000000100 ) ) ;
#1258 = CARTESIAN_POINT ( 'NONE',  ( 0.8625000000000002700, 0.6999999999999996200, 0.1999999999999997600 ) ) ;
#1259 = PRESENTATION_STYLE_ASSIGNMENT (( #22 ) ) ;
#1260 = CARTESIAN_POINT ( 'NONE',  ( -0.8000000000000000400, 0.6999999999999997300, -1.480000000000000400 ) ) ;
#1261 = CIRCLE ( 'NONE', #79, 0.2500000000000013900 ) ;
#1262 = LINE ( 'NONE', #712, #1715 ) ;
#1263 = DIRECTION ( 'NONE',  ( 1.000000000000000000, 0.0000000000000000000, 0.0000000000000000000 ) ) ;
#1264 = DIRECTION ( 'NONE',  ( -1.000000000000000000, 0.0000000000000000000, 0.0000000000000000000 ) ) ;
#1265 = EDGE_CURVE ( 'NONE', #1206, #814, #1114, .T. ) ;
#1266 = DIRECTION ( 'NONE',  ( -7.228014483236698300E-015, -1.000000000000000000, 0.0000000000000000000 ) ) ;
#1267 = CARTESIAN_POINT ( 'NONE',  ( -1.212500000000004800, -1.409462824231155800E-015, 0.7499999999999997800 ) ) ;
#1268 = LINE ( 'NONE', #1584, #102 ) ;
#1269 = FACE_OUTER_BOUND ( 'NONE', #451, .T. ) ;
#1270 = DIRECTION ( 'NONE',  ( 1.011922027653137700E-014, -1.000000000000000000, 0.0000000000000000000 ) ) ;
#1271 = PLANE ( 'NONE',  #1699 ) ;
#1272 = ADVANCED_FACE ( 'NONE', ( #373 ), #1358, .F. ) ;
#1273 = DIRECTION ( 'NONE',  ( -0.0000000000000000000, -0.0000000000000000000, -1.000000000000000000 ) ) ;
#1274 = CARTESIAN_POINT ( 'NONE',  ( -1.212500000000004800, -1.409462824231155800E-015, 1.149999999999999700 ) ) ;
#1275 = EDGE_LOOP ( 'NONE', ( #1724, #29, #463, #1627 ) ) ;
#1276 = ORIENTED_EDGE ( 'NONE', *, *, #519, .T. ) ;
#1277 = EDGE_CURVE ( 'NONE', #1708, #978, #1139, .T. ) ;
#1278 = AXIS2_PLACEMENT_3D ( 'NONE', #1077, #13, #1368 ) ;
#1279 = VERTEX_POINT ( 'NONE', #1430 ) ;
#1280 = CARTESIAN_POINT ( 'NONE',  ( -0.4500000000000000100, 1.399999999999999900, -1.255000000000000800 ) ) ;
#1281 = CARTESIAN_POINT ( 'NONE',  ( 7.015129880516877100E-029, -9.954331196132715900E-015, 0.1999999999999997600 ) ) ;
#1282 = EDGE_LOOP ( 'NONE', ( #1618, #1344, #90, #1434 ) ) ;
#1283 = ORIENTED_EDGE ( 'NONE', *, *, #11, .T. ) ;
#1284 = AXIS2_PLACEMENT_3D ( 'NONE', #419, #406, #693 ) ;
#1285 = ORIENTED_EDGE ( 'NONE', *, *, #1483, .F. ) ;
#1286 = CIRCLE ( 'NONE', #830, 0.1250000000000003300 ) ;
#1287 = CARTESIAN_POINT ( 'NONE',  ( 0.8625000000000002700, 0.4499999999999983500, -0.2000000000000002100 ) ) ;
#1288 = CARTESIAN_POINT ( 'NONE',  ( -1.412500000000001400, 0.0000000000000000000, 0.7499999999999997800 ) ) ;
#1289 = LINE ( 'NONE', #1086, #694 ) ;
#1290 = LINE ( 'NONE', #295, #724 ) ;
#1291 = CARTESIAN_POINT ( 'NONE',  ( -1.412500000000001400, 1.020957045757184700E-014, 1.149999999999999700 ) ) ;
#1292 = ORIENTED_EDGE ( 'NONE', *, *, #1314, .T. ) ;
#1293 = DIRECTION ( 'NONE',  ( 1.000000000000000000, 0.0000000000000000000, -0.0000000000000000000 ) ) ;
#1294 = CARTESIAN_POINT ( 'NONE',  ( 0.6561699981503794600, -0.1157004746053354300, -0.2000000000000002100 ) ) ;
#1295 = EDGE_CURVE ( 'NONE', #512, #643, #1756, .T. ) ;
#1296 = VECTOR ( 'NONE', #750, 1000.000000000000000 ) ;
#1297 = ADVANCED_FACE ( 'NONE', ( #494 ), #458, .F. ) ;
#1298 = PLANE ( 'NONE',  #301 ) ;
#1299 = CARTESIAN_POINT ( 'NONE',  ( 1.412499999999999900, 0.1499999999999999700, 0.1999999999999997600 ) ) ;
#1300 = EDGE_LOOP ( 'NONE', ( #837, #178, #1745, #1097 ) ) ;
#1301 = EDGE_LOOP ( 'NONE', ( #995, #531, #99, #1409 ) ) ;
#1302 = ORIENTED_EDGE ( 'NONE', *, *, #1183, .T. ) ;
#1303 = DIRECTION ( 'NONE',  ( -7.047314121155897900E-015, -1.000000000000000000, 0.0000000000000000000 ) ) ;
#1304 = ADVANCED_FACE ( 'NONE', ( #448 ), #1298, .F. ) ;
#1305 = VERTEX_POINT ( 'NONE', #575 ) ;
#1306 = EDGE_CURVE ( 'NONE', #512, #608, #125, .T. ) ;
#1307 = DIRECTION ( 'NONE',  ( -1.000000000000000000, 0.0000000000000000000, 0.0000000000000000000 ) ) ;
#1308 = ORIENTED_EDGE ( 'NONE', *, *, #1751, .F. ) ;
#1309 = MECHANICAL_DESIGN_GEOMETRIC_PRESENTATION_REPRESENTATION (  '', ( #492 ), #278 ) ;
#1310 = DIRECTION ( 'NONE',  ( 0.0000000000000000000, -1.000000000000000000, 0.0000000000000000000 ) ) ;
#1311 = LINE ( 'NONE', #1645, #1641 ) ;
#1312 = FILL_AREA_STYLE_COLOUR ( '', #560 ) ;
#1313 = CARTESIAN_POINT ( 'NONE',  ( 1.212500000000004800, -1.409462824231155800E-015, 0.1999999999999997600 ) ) ;
#1314 = EDGE_CURVE ( 'NONE', #1125, #1340, #1510, .T. ) ;
#1315 = DIRECTION ( 'NONE',  ( 1.000000000000000000, -7.047314121155897900E-015, 0.0000000000000000000 ) ) ;
#1316 = LINE ( 'NONE', #1144, #1481 ) ;
#1317 = DIRECTION ( 'NONE',  ( 1.011922027653137700E-014, -1.000000000000000000, 0.0000000000000000000 ) ) ;
#1318 = DIRECTION ( 'NONE',  ( -0.0000000000000000000, -0.0000000000000000000, -1.000000000000000000 ) ) ;
#1319 = AXIS2_PLACEMENT_3D ( 'NONE', #1134, #732, #613 ) ;
#1320 = CIRCLE ( 'NONE', #1761, 0.1250000000000003300 ) ;
#1321 = LINE ( 'NONE', #1342, #529 ) ;
#1322 = CARTESIAN_POINT ( 'NONE',  ( -1.212500000000003000, 0.2499999999999999400, -1.150000000000000100 ) ) ;
#1323 = VERTEX_POINT ( 'NONE', #309 ) ;
#1324 = DIRECTION ( 'NONE',  ( -0.1736481776669307200, 0.9848077530122080200, 0.0000000000000000000 ) ) ;
#1325 = EDGE_LOOP ( 'NONE', ( #659, #1750, #156, #1728 ) ) ;
#1326 = ORIENTED_EDGE ( 'NONE', *, *, #786, .T. ) ;
#1327 = CARTESIAN_POINT ( 'NONE',  ( 0.6677547644686510100, 1.450000000000000000, -1.347754764468651400 ) ) ;
#1328 = EDGE_CURVE ( 'NONE', #1391, #633, #969, .T. ) ;
#1329 = DIRECTION ( 'NONE',  ( 0.0000000000000000000, -1.000000000000000000, 0.0000000000000000000 ) ) ;
#1330 = VECTOR ( 'NONE', #1187, 1000.000000000000000 ) ;
#1331 = CARTESIAN_POINT ( 'NONE',  ( -1.412500000000001400, 0.0000000000000000000, -1.150000000000000100 ) ) ;
#1332 = VECTOR ( 'NONE', #299, 1000.000000000000000 ) ;
#1333 = CARTESIAN_POINT ( 'NONE',  ( -1.112500000000001800, 0.0000000000000000000, -0.7500000000000002200 ) ) ;
#1334 = LINE ( 'NONE', #1010, #639 ) ;
#1335 = CARTESIAN_POINT ( 'NONE',  ( -1.112500000000001800, 0.4499999999999983500, -0.7500000000000002200 ) ) ;
#1336 = AXIS2_PLACEMENT_3D ( 'NONE', #3, #966, #1069 ) ;
#1337 = CIRCLE ( 'NONE', #1736, 0.1000000000000014500 ) ;
#1338 = DIRECTION ( 'NONE',  ( -1.000000000000000000, 0.0000000000000000000, 0.0000000000000000000 ) ) ;
#1339 = EDGE_CURVE ( 'NONE', #26, #514, #640, .T. ) ;
#1340 = VERTEX_POINT ( 'NONE', #745 ) ;
#1341 = ORIENTED_EDGE ( 'NONE', *, *, #965, .T. ) ;
#1342 = CARTESIAN_POINT ( 'NONE',  ( 0.8625000000000002700, 0.5499999999999997100, 0.1999999999999997600 ) ) ;
#1343 = LINE ( 'NONE', #536, #16 ) ;
#1344 = ORIENTED_EDGE ( 'NONE', *, *, #201, .F. ) ;
#1345 = ORIENTED_EDGE ( 'NONE', *, *, #689, .F. ) ;
#1346 = EDGE_CURVE ( 'NONE', #297, #1209, #1538, .T. ) ;
#1347 = VECTOR ( 'NONE', #1307, 1000.000000000000000 ) ;
#1348 = AXIS2_PLACEMENT_3D ( 'NONE', #1322, #765, #1029 ) ;
#1349 = DIRECTION ( 'NONE',  ( -0.0000000000000000000, -0.0000000000000000000, -1.000000000000000000 ) ) ;
#1350 = CARTESIAN_POINT ( 'NONE',  ( 0.8000000000000000400, 0.6999999999999997300, 1.480000000000000400 ) ) ;
#1351 = MANIFOLD_SOLID_BREP ( 'Housing', #923 ) ;
#1352 = LINE ( 'NONE', #720, #1332 ) ;
#1353 = CARTESIAN_POINT ( 'NONE',  ( -1.212500000000004800, -1.409462824231155800E-015, -0.7500000000000002200 ) ) ;
#1354 = CIRCLE ( 'NONE', #56, 0.1000000000000014500 ) ;
#1355 = PLANE ( 'NONE',  #1160 ) ;
#1356 = DIRECTION ( 'NONE',  ( 0.0000000000000000000, 0.0000000000000000000, 1.000000000000000000 ) ) ;
#1357 = CIRCLE ( 'NONE', #364, 0.1250000000000003300 ) ;
#1358 = CYLINDRICAL_SURFACE ( 'NONE', #707, 0.1000000000000014500 ) ;
#1359 =( GEOMETRIC_REPRESENTATION_CONTEXT ( 3 ) GLOBAL_UNCERTAINTY_ASSIGNED_CONTEXT ( ( #609 ) ) GLOBAL_UNIT_ASSIGNED_CONTEXT ( ( #1697, #144, #1537 ) ) REPRESENTATION_CONTEXT ( 'NONE', 'WORKASPACE' ) );
#1360 = VERTEX_POINT ( 'NONE', #1705 ) ;
#1361 = ORIENTED_EDGE ( 'NONE', *, *, #986, .F. ) ;
#1362 = DIRECTION ( 'NONE',  ( -0.0000000000000000000, 0.0000000000000000000, -1.000000000000000000 ) ) ;
#1363 = ORIENTED_EDGE ( 'NONE', *, *, #1042, .T. ) ;
#1364 = ORIENTED_EDGE ( 'NONE', *, *, #975, .F. ) ;
#1365 = ADVANCED_FACE ( 'NONE', ( #1382 ), #1034, .T. ) ;
#1366 = DIRECTION ( 'NONE',  ( -0.0000000000000000000, -0.0000000000000000000, -1.000000000000000000 ) ) ;
#1367 = ORIENTED_EDGE ( 'NONE', *, *, #779, .F. ) ;
#1368 = DIRECTION ( 'NONE',  ( 1.000000000000000000, -7.318364664277278000E-015, 0.0000000000000000000 ) ) ;
#1369 = DIRECTION ( 'NONE',  ( 0.0000000000000000000, 1.000000000000000000, 0.0000000000000000000 ) ) ;
#1370 = EDGE_CURVE ( 'NONE', #1451, #1766, #149, .T. ) ;
#1371 = AXIS2_PLACEMENT_3D ( 'NONE', #153, #1132, #570 ) ;
#1372 = CIRCLE ( 'NONE', #619, 0.2500000000000013300 ) ;
#1373 = VECTOR ( 'NONE', #1470, 1000.000000000000000 ) ;
#1374 = LINE ( 'NONE', #1683, #937 ) ;
#1375 = DIRECTION ( 'NONE',  ( -0.0000000000000000000, 0.0000000000000000000, 1.000000000000000000 ) ) ;
#1376 = VERTEX_POINT ( 'NONE', #900 ) ;
#1377 = LINE ( 'NONE', #1117, #620 ) ;
#1378 = PLANE ( 'NONE',  #1284 ) ;
#1379 = FACE_OUTER_BOUND ( 'NONE', #817, .T. ) ;
#1380 = EDGE_CURVE ( 'NONE', #1056, #814, #625, .T. ) ;
#1381 = LINE ( 'NONE', #1118, #1060 ) ;
#1382 = FACE_OUTER_BOUND ( 'NONE', #945, .T. ) ;
#1383 = ADVANCED_FACE ( 'NONE', ( #922 ), #489, .F. ) ;
#1384 = EDGE_CURVE ( 'NONE', #885, #107, #316, .T. ) ;
#1385 = DIRECTION ( 'NONE',  ( 1.000000000000000000, 0.0000000000000000000, 0.0000000000000000000 ) ) ;
#1386 = UNCERTAINTY_MEASURE_WITH_UNIT (LENGTH_MEASURE( 1.000000000000000100E-005 ), #194, 'distance_accuracy_value', 'NONE');
#1387 = CARTESIAN_POINT ( 'NONE',  ( -0.4500000000000000100, 1.399999999999999900, -1.005000000000000100 ) ) ;
#1388 = EDGE_LOOP ( 'NONE', ( #866, #688, #1656, #157 ) ) ;
#1389 = ORIENTED_EDGE ( 'NONE', *, *, #1370, .T. ) ;
#1390 = EDGE_LOOP ( 'NONE', ( #251, #1513, #1071, #257 ) ) ;
#1391 = VERTEX_POINT ( 'NONE', #73 ) ;
#1392 = CARTESIAN_POINT ( 'NONE',  ( -1.212500000000003000, 0.2499999999999999400, -0.7500000000000002200 ) ) ;
#1393 = CARTESIAN_POINT ( 'NONE',  ( -0.4500000000000000100, 1.399999999999999900, -1.130000000000000300 ) ) ;
#1394 = ADVANCED_FACE ( 'NONE', ( #789, #174 ), #636, .T. ) ;
#1395 = CIRCLE ( 'NONE', #647, 0.1250000000000003300 ) ;
#1396 = CARTESIAN_POINT ( 'NONE',  ( 1.412500000000001400, 2.205814986324163900E-021, 0.1999999999999997600 ) ) ;
#1397 = DIRECTION ( 'NONE',  ( 1.734723475976799800E-015, 1.000000000000000000, -0.0000000000000000000 ) ) ;
#1398 = AXIS2_PLACEMENT_3D ( 'NONE', #811, #1775, #675 ) ;
#1399 = LINE ( 'NONE', #1159, #744 ) ;
#1400 = ORIENTED_EDGE ( 'NONE', *, *, #1493, .T. ) ;
#1401 = EDGE_CURVE ( 'NONE', #1030, #841, #1149, .T. ) ;
#1402 =( GEOMETRIC_REPRESENTATION_CONTEXT ( 3 ) GLOBAL_UNCERTAINTY_ASSIGNED_CONTEXT ( ( #948 ) ) GLOBAL_UNIT_ASSIGNED_CONTEXT ( ( #1406, #828, #565 ) ) REPRESENTATION_CONTEXT ( 'NONE', 'WORKASPACE' ) );
#1403 = DIRECTION ( 'NONE',  ( -0.0000000000000000000, -0.0000000000000000000, -1.000000000000000000 ) ) ;
#1404 = CARTESIAN_POINT ( 'NONE',  ( -1.112500000000001800, 0.4499999999999983500, -0.7500000000000002200 ) ) ;
#1405 = EDGE_CURVE ( 'NONE', #673, #1708, #873, .T. ) ;
#1406 =( LENGTH_UNIT ( ) NAMED_UNIT ( * ) SI_UNIT ( .MILLI., .METRE. ) );
#1407 = DIRECTION ( 'NONE',  ( -1.000000000000000000, 1.734723475976799800E-015, 0.0000000000000000000 ) ) ;
#1408 = ORIENTED_EDGE ( 'NONE', *, *, #508, .F. ) ;
#1409 = ORIENTED_EDGE ( 'NONE', *, *, #593, .T. ) ;
#1410 = AXIS2_PLACEMENT_3D ( 'NONE', #850, #549, #1524 ) ;
#1411 = MANIFOLD_SOLID_BREP ( 'LPattern1[3]', #582 ) ;
#1412 = ORIENTED_EDGE ( 'NONE', *, *, #1579, .F. ) ;
#1413 = EDGE_LOOP ( 'NONE', ( #1188, #106, #1573, #1576 ) ) ;
#1414 = CARTESIAN_POINT ( 'NONE',  ( -1.212500000000003000, 0.2499999999999999400, -0.7500000000000002200 ) ) ;
#1415 = CARTESIAN_POINT ( 'NONE',  ( -0.4500000000000000100, 1.399999999999999900, -1.005000000000000100 ) ) ;
#1416 = ADVANCED_FACE ( 'NONE', ( #1099 ), #1450, .T. ) ;
#1417 = ORIENTED_EDGE ( 'NONE', *, *, #1339, .T. ) ;
#1418 = DIRECTION ( 'NONE',  ( 0.0000000000000000000, -0.0000000000000000000, -1.000000000000000000 ) ) ;
#1419 = CARTESIAN_POINT ( 'NONE',  ( 0.8000000000000000400, 0.6999999999999997300, 1.480000000000000400 ) ) ;
#1420 = CARTESIAN_POINT ( 'NONE',  ( 0.7735509528937303300, 0.5499999999999998200, 0.1999999999999997600 ) ) ;
#1421 = LINE ( 'NONE', #567, #823 ) ;
#1422 = CARTESIAN_POINT ( 'NONE',  ( -1.112500000000001800, 0.4499999999999983500, -1.150000000000000100 ) ) ;
#1423 = EDGE_CURVE ( 'NONE', #886, #949, #892, .T. ) ;
#1424 = ORIENTED_EDGE ( 'NONE', *, *, #1236, .F. ) ;
#1425 = CARTESIAN_POINT ( 'NONE',  ( -0.7735509528937303300, 0.5499999999999998200, -0.7500000000000002200 ) ) ;
#1426 = VECTOR ( 'NONE', #443, 1000.000000000000000 ) ;
#1427 = DIRECTION ( 'NONE',  ( 1.000000000000000000, 0.0000000000000000000, 0.0000000000000000000 ) ) ;
#1428 = ORIENTED_EDGE ( 'NONE', *, *, #1095, .F. ) ;
#1429 = EDGE_LOOP ( 'NONE', ( #532, #340, #1022, #342, #1057, #236, #1517, #1165, #91, #415, #660, #735 ) ) ;
#1430 = CARTESIAN_POINT ( 'NONE',  ( -1.212500000000004800, -1.409462824231155800E-015, -1.150000000000000100 ) ) ;
#1431 = CARTESIAN_POINT ( 'NONE',  ( 0.8625000000000002700, 0.4499999999999983500, 0.1999999999999997600 ) ) ;
#1432 = VERTEX_POINT ( 'NONE', #1598 ) ;
#1433 = AXIS2_PLACEMENT_3D ( 'NONE', #918, #360, #94 ) ;
#1434 = ORIENTED_EDGE ( 'NONE', *, *, #1384, .T. ) ;
#1435 = ORIENTED_EDGE ( 'NONE', *, *, #1620, .F. ) ;
#1436 = CARTESIAN_POINT ( 'NONE',  ( -1.412500000000001400, 0.0000000000000000000, 1.149999999999999700 ) ) ;
#1437 = FACE_OUTER_BOUND ( 'NONE', #399, .T. ) ;
#1438 = DIRECTION ( 'NONE',  ( 1.000000000000000000, -7.318364664277278000E-015, 0.0000000000000000000 ) ) ;
#1439 = DIRECTION ( 'NONE',  ( -0.0000000000000000000, -0.0000000000000000000, -1.000000000000000000 ) ) ;
#1440 = LINE ( 'NONE', #1675, #1162 ) ;
#1441 = VECTOR ( 'NONE', #310, 1000.000000000000000 ) ;
#1442 = EDGE_CURVE ( 'NONE', #254, #1192, #134, .T. ) ;
#1443 = DIRECTION ( 'NONE',  ( -0.0000000000000000000, -0.0000000000000000000, -1.000000000000000000 ) ) ;
#1444 = PRODUCT_CONTEXT ( 'NONE', #991, 'mechanical' ) ;
#1445 = LINE ( 'NONE', #527, #1062 ) ;
#1446 = DIRECTION ( 'NONE',  ( 0.0000000000000000000, -0.9848077530122080200, 0.1736481776669307200 ) ) ;
#1447 = AXIS2_PLACEMENT_3D ( 'NONE', #1733, #1310, #475 ) ;
#1448 = DIRECTION ( 'NONE',  ( 1.218902515268293700E-015, -1.000000000000000000, 0.0000000000000000000 ) ) ;
#1449 = SURFACE_STYLE_FILL_AREA ( #315 ) ;
#1450 = PLANE ( 'NONE',  #1526 ) ;
#1451 = VERTEX_POINT ( 'NONE', #1606 ) ;
#1452 = ORIENTED_EDGE ( 'NONE', *, *, #183, .T. ) ;
#1453 = ORIENTED_EDGE ( 'NONE', *, *, #935, .T. ) ;
#1454 = CARTESIAN_POINT ( 'NONE',  ( -1.212500000000003700, 0.1499999999999985000, -0.7500000000000002200 ) ) ;
#1455 = ORIENTED_EDGE ( 'NONE', *, *, #717, .T. ) ;
#1456 = ORIENTED_EDGE ( 'NONE', *, *, #600, .F. ) ;
#1457 = EDGE_CURVE ( 'NONE', #60, #554, #1024, .T. ) ;
#1458 = DIRECTION ( 'NONE',  ( 1.000000000000000000, 0.0000000000000000000, 0.0000000000000000000 ) ) ;
#1459 = DIRECTION ( 'NONE',  ( 0.0000000000000000000, 1.000000000000000000, 0.0000000000000000000 ) ) ;
#1460 = VERTEX_POINT ( 'NONE', #1467 ) ;
#1461 = AXIS2_PLACEMENT_3D ( 'NONE', #584, #1012, #884 ) ;
#1462 = CARTESIAN_POINT ( 'NONE',  ( -1.112500000000001800, -0.0000000000000000000, -1.150000000000000100 ) ) ;
#1463 = FACE_OUTER_BOUND ( 'NONE', #1778, .T. ) ;
#1464 = FACE_OUTER_BOUND ( 'NONE', #1514, .T. ) ;
#1465 = EDGE_LOOP ( 'NONE', ( #1039, #1229, #1660, #661, #533, #630, #726, #1345, #131, #1762, #930, #1120 ) ) ;
#1466 = EDGE_CURVE ( 'NONE', #129, #1376, #430, .T. ) ;
#1467 = CARTESIAN_POINT ( 'NONE',  ( 0.7735509528937303300, 0.5499999999999998200, -0.2000000000000002100 ) ) ;
#1468 = LINE ( 'NONE', #752, #1634 ) ;
#1469 = FACE_OUTER_BOUND ( 'NONE', #72, .T. ) ;
#1470 = DIRECTION ( 'NONE',  ( 0.0000000000000000000, -1.000000000000000000, 0.0000000000000000000 ) ) ;
#1471 = VERTEX_POINT ( 'NONE', #1353 ) ;
#1472 = EDGE_LOOP ( 'NONE', ( #1456, #234, #21, #606 ) ) ;
#1473 = ORIENTED_EDGE ( 'NONE', *, *, #1173, .T. ) ;
#1474 = EDGE_CURVE ( 'NONE', #23, #1677, #1662, .T. ) ;
#1475 = ORIENTED_EDGE ( 'NONE', *, *, #1757, .F. ) ;
#1476 = AXIS2_PLACEMENT_3D ( 'NONE', #1522, #378, #1356 ) ;
#1477 = DIRECTION ( 'NONE',  ( 0.0000000000000000000, -1.000000000000000000, 0.0000000000000000000 ) ) ;
#1478 = VECTOR ( 'NONE', #993, 1000.000000000000000 ) ;
#1479 = LINE ( 'NONE', #1686, #784 ) ;
#1480 = DIRECTION ( 'NONE',  ( 1.000000000000000000, 0.0000000000000000000, 0.0000000000000000000 ) ) ;
#1481 = VECTOR ( 'NONE', #1138, 1000.000000000000000 ) ;
#1482 = PLANE ( 'NONE',  #1633 ) ;
#1483 = EDGE_CURVE ( 'NONE', #49, #840, #220, .T. ) ;
#1484 = CIRCLE ( 'NONE', #1694, 0.2500000000000013900 ) ;
#1485 = AXIS2_PLACEMENT_3D ( 'NONE', #1201, #1349, #1755 ) ;
#1486 = VECTOR ( 'NONE', #182, 1000.000000000000000 ) ;
#1487 = ADVANCED_FACE ( 'NONE', ( #740 ), #1048, .T. ) ;
#1488 = ORIENTED_EDGE ( 'NONE', *, *, #396, .F. ) ;
#1489 = EDGE_LOOP ( 'NONE', ( #1363, #960, #1067, #794 ) ) ;
#1490 = ORIENTED_EDGE ( 'NONE', *, *, #519, .F. ) ;
#1491 = ORIENTED_EDGE ( 'NONE', *, *, #1508, .F. ) ;
#1492 = VERTEX_POINT ( 'NONE', #1200 ) ;
#1493 = EDGE_CURVE ( 'NONE', #871, #1037, #405, .T. ) ;
#1494 = PRODUCT_RELATED_PRODUCT_CATEGORY ( 'part', '', ( #231 ) ) ;
#1495 = AXIS2_PLACEMENT_3D ( 'NONE', #842, #25, #826 ) ;
#1496 = DIRECTION ( 'NONE',  ( -0.0000000000000000000, -0.0000000000000000000, -1.000000000000000000 ) ) ;
#1497 = ADVANCED_FACE ( 'NONE', ( #1437 ), #1137, .T. ) ;
#1498 = CIRCLE ( 'NONE', #326, 0.1250000000000003300 ) ;
#1499 = DIRECTION ( 'NONE',  ( -0.0000000000000000000, -0.0000000000000000000, 1.000000000000000000 ) ) ;
#1500 = CARTESIAN_POINT ( 'NONE',  ( -0.9625000000000018000, -0.0000000000000000000, 0.7499999999999997800 ) ) ;
#1501 = DIRECTION ( 'NONE',  ( -0.0000000000000000000, -0.0000000000000000000, -1.000000000000000000 ) ) ;
#1502 = VECTOR ( 'NONE', #113, 1000.000000000000000 ) ;
#1503 = CARTESIAN_POINT ( 'NONE',  ( -1.112500000000001800, -0.0000000000000000000, 0.7499999999999997800 ) ) ;
#1504 = VECTOR ( 'NONE', #214, 1000.000000000000000 ) ;
#1505 = CARTESIAN_POINT ( 'NONE',  ( -6.703963833975624600E-016, 0.5500000000000008200, 1.149999999999999700 ) ) ;
#1506 = VECTOR ( 'NONE', #1625, 1000.000000000000000 ) ;
#1507 = ADVANCED_FACE ( 'NONE', ( #1469 ), #1644, .T. ) ;
#1508 = EDGE_CURVE ( 'NONE', #535, #1391, #1321, .T. ) ;
#1509 = DIRECTION ( 'NONE',  ( 0.0000000000000000000, 1.000000000000000000, 0.0000000000000000000 ) ) ;
#1510 = LINE ( 'NONE', #859, #599 ) ;
#1511 = DIRECTION ( 'NONE',  ( 0.0000000000000000000, -1.000000000000000000, 0.0000000000000000000 ) ) ;
#1512 = ORIENTED_EDGE ( 'NONE', *, *, #1608, .F. ) ;
#1513 = ORIENTED_EDGE ( 'NONE', *, *, #769, .F. ) ;
#1514 = EDGE_LOOP ( 'NONE', ( #351, #237, #487, #973, #1143, #714, #235, #1235, #715, #1758, #1202, #1603 ) ) ;
#1515 = ORIENTED_EDGE ( 'NONE', *, *, #754, .F. ) ;
#1516 = PLANE ( 'NONE',  #787 ) ;
#1517 = ORIENTED_EDGE ( 'NONE', *, *, #54, .T. ) ;
#1518 = MANIFOLD_SOLID_BREP ( 'Pin 1 Mark', #513 ) ;
#1519 = CARTESIAN_POINT ( 'NONE',  ( -0.8625000000000002700, 0.4499999999999983500, 1.149999999999999700 ) ) ;
#1520 = ADVANCED_FACE ( 'NONE', ( #1754 ), #229, .T. ) ;
#1521 = CARTESIAN_POINT ( 'NONE',  ( -0.6561699981503794600, -0.1157004746053354300, 1.149999999999999700 ) ) ;
#1522 = CARTESIAN_POINT ( 'NONE',  ( -0.4500000000000000100, 1.399999999999999900, -1.130000000000000300 ) ) ;
#1523 = AXIS2_PLACEMENT_3D ( 'NONE', #944, #398, #381 ) ;
#1524 = DIRECTION ( 'NONE',  ( -0.0000000000000000000, 0.0000000000000000000, -1.000000000000000000 ) ) ;
#1525 = CIRCLE ( 'NONE', #607, 0.1000000000000014500 ) ;
#1526 = AXIS2_PLACEMENT_3D ( 'NONE', #346, #65, #1324 ) ;
#1527 = LINE ( 'NONE', #1706, #329 ) ;
#1528 = DIRECTION ( 'NONE',  ( 1.000000000000000000, 0.0000000000000000000, 0.0000000000000000000 ) ) ;
#1529 = ORIENTED_EDGE ( 'NONE', *, *, #1245, .T. ) ;
#1530 = DIRECTION ( 'NONE',  ( -0.0000000000000000000, 0.0000000000000000000, -1.000000000000000000 ) ) ;
#1531 = DIRECTION ( 'NONE',  ( 1.000000000000000000, 0.0000000000000000000, 0.0000000000000000000 ) ) ;
#1532 = ADVANCED_FACE ( 'NONE', ( #1379 ), #1111, .T. ) ;
#1533 = CARTESIAN_POINT ( 'NONE',  ( -0.8625000000000002700, 0.4499999999999983500, -0.7500000000000002200 ) ) ;
#1534 = CIRCLE ( 'NONE', #252, 0.2500000000000013300 ) ;
#1535 = CARTESIAN_POINT ( 'NONE',  ( 0.0000000000000000000, 0.0000000000000000000, 0.0000000000000000000 ) ) ;
#1536 = EDGE_CURVE ( 'NONE', #130, #24, #1719, .T. ) ;
#1537 =( NAMED_UNIT ( * ) SI_UNIT ( $, .STERADIAN. ) SOLID_ANGLE_UNIT ( ) );
#1538 = LINE ( 'NONE', #1711, #1016 ) ;
#1539 = AXIS2_PLACEMENT_3D ( 'NONE', #569, #708, #574 ) ;
#1540 = DIRECTION ( 'NONE',  ( 0.0000000000000000000, -0.0000000000000000000, -1.000000000000000000 ) ) ;
#1541 = ORIENTED_EDGE ( 'NONE', *, *, #1585, .F. ) ;
#1542 = DIRECTION ( 'NONE',  ( -0.0000000000000000000, 0.0000000000000000000, 1.000000000000000000 ) ) ;
#1543 = ORIENTED_EDGE ( 'NONE', *, *, #78, .F. ) ;
#1544 = EDGE_LOOP ( 'NONE', ( #389, #323, #1283, #1091 ) ) ;
#1545 = ADVANCED_FACE ( 'NONE', ( #753 ), #1482, .T. ) ;
#1546 = CARTESIAN_POINT ( 'NONE',  ( -1.412500000000001400, 1.020957045757184700E-014, -0.7500000000000002200 ) ) ;
#1547 = PLANE ( 'NONE',  #64 ) ;
#1548 = VERTEX_POINT ( 'NONE', #656 ) ;
#1549 = ORIENTED_EDGE ( 'NONE', *, *, #1033, .F. ) ;
#1550 = LINE ( 'NONE', #164, #663 ) ;
#1551 = DIRECTION ( 'NONE',  ( -0.0000000000000000000, 0.0000000000000000000, 1.000000000000000000 ) ) ;
#1552 = CARTESIAN_POINT ( 'NONE',  ( 0.6677547644686510100, 1.450000000000000000, 1.480000000000000400 ) ) ;
#1553 = DIRECTION ( 'NONE',  ( 1.000000000000000000, 0.0000000000000000000, 0.0000000000000000000 ) ) ;
#1554 = EDGE_CURVE ( 'NONE', #844, #318, #337, .T. ) ;
#1555 = ADVANCED_FACE ( 'NONE', ( #123 ), #133, .T. ) ;
#1556 = VECTOR ( 'NONE', #576, 999.9999999999998900 ) ;
#1557 = CARTESIAN_POINT ( 'NONE',  ( -6.703963833975624600E-016, 0.5500000000000008200, -1.150000000000000100 ) ) ;
#1558 = CARTESIAN_POINT ( 'NONE',  ( -1.212500000000003000, 0.2499999999999999400, 0.7499999999999997800 ) ) ;
#1559 = ORIENTED_EDGE ( 'NONE', *, *, #1401, .F. ) ;
#1560 = DIRECTION ( 'NONE',  ( 0.1736481776669303300, -0.9848077530122081300, 0.0000000000000000000 ) ) ;
#1561 = DIRECTION ( 'NONE',  ( -0.1736481776669307200, -0.9848077530122080200, 0.0000000000000000000 ) ) ;
#1562 = VECTOR ( 'NONE', #1702, 1000.000000000000000 ) ;
#1563 = LINE ( 'NONE', #1313, #1753 ) ;
#1564 = FACE_OUTER_BOUND ( 'NONE', #1777, .T. ) ;
#1565 = CARTESIAN_POINT ( 'NONE',  ( -1.412500000000000300, 0.1499999999999999700, -0.7500000000000002200 ) ) ;
#1566 = DIRECTION ( 'NONE',  ( 0.0000000000000000000, 0.0000000000000000000, 1.000000000000000000 ) ) ;
#1567 = EDGE_CURVE ( 'NONE', #1142, #1305, #810, .T. ) ;
#1568 = SURFACE_SIDE_STYLE ('',( #903 ) ) ;
#1569 = CARTESIAN_POINT ( 'NONE',  ( -0.8000000000000000400, 0.6999999999999997300, 1.480000000000000400 ) ) ;
#1570 = ORIENTED_EDGE ( 'NONE', *, *, #247, .F. ) ;
#1571 = AXIS2_PLACEMENT_3D ( 'NONE', #700, #9, #970 ) ;
#1572 = ORIENTED_EDGE ( 'NONE', *, *, #1767, .T. ) ;
#1573 = ORIENTED_EDGE ( 'NONE', *, *, #474, .F. ) ;
#1574 = EDGE_LOOP ( 'NONE', ( #500, #2, #1412, #869 ) ) ;
#1575 = DIRECTION ( 'NONE',  ( 0.0000000000000000000, -0.0000000000000000000, -1.000000000000000000 ) ) ;
#1576 = ORIENTED_EDGE ( 'NONE', *, *, #286, .T. ) ;
#1577 = FILL_AREA_STYLE ('',( #445 ) ) ;
#1578 = DIRECTION ( 'NONE',  ( 0.0000000000000000000, -0.0000000000000000000, 1.000000000000000000 ) ) ;
#1579 = EDGE_CURVE ( 'NONE', #1179, #816, #1182, .T. ) ;
#1580 = LINE ( 'NONE', #1552, #57 ) ;
#1581 = VECTOR ( 'NONE', #545, 1000.000000000000000 ) ;
#1582 = VECTOR ( 'NONE', #166, 1000.000000000000000 ) ;
#1583 =( NAMED_UNIT ( * ) SI_UNIT ( $, .STERADIAN. ) SOLID_ANGLE_UNIT ( ) );
#1584 = CARTESIAN_POINT ( 'NONE',  ( -1.412500000000001400, 1.020957045757184700E-014, -1.150000000000000100 ) ) ;
#1585 = EDGE_CURVE ( 'NONE', #476, #554, #1161, .T. ) ;
#1586 = LINE ( 'NONE', #658, #331 ) ;
#1587 = CARTESIAN_POINT ( 'NONE',  ( 0.9625000000000018000, 0.0000000000000000000, 0.1999999999999997600 ) ) ;
#1588 = VECTOR ( 'NONE', #1177, 1000.000000000000000 ) ;
#1589 = APPLICATION_PROTOCOL_DEFINITION ( 'draft international standard', 'automotive_design', 1998, #991 ) ;
#1590 = UNCERTAINTY_MEASURE_WITH_UNIT (LENGTH_MEASURE( 1.000000000000000100E-005 ), #1768, 'distance_accuracy_value', 'NONE');
#1591 = VECTOR ( 'NONE', #1614, 1000.000000000000000 ) ;
#1592 = DIRECTION ( 'NONE',  ( -0.1736481776669303300, -0.9848077530122081300, 0.0000000000000000000 ) ) ;
#1593 = DIRECTION ( 'NONE',  ( -0.9848077530122080200, -0.1736481776669307200, 0.0000000000000000000 ) ) ;
#1594 = SURFACE_STYLE_FILL_AREA ( #367 ) ;
#1595 = CARTESIAN_POINT ( 'NONE',  ( 1.112500000000002000, 0.2499999999999999400, 0.1999999999999997600 ) ) ;
#1596 = EDGE_CURVE ( 'NONE', #709, #1323, #1696, .T. ) ;
#1597 = ORIENTED_EDGE ( 'NONE', *, *, #17, .F. ) ;
#1598 = CARTESIAN_POINT ( 'NONE',  ( 0.8000000000000000400, 0.6999999999999997300, 1.480000000000000400 ) ) ;
#1599 = PLANE ( 'NONE',  #223 ) ;
#1600 = VERTEX_POINT ( 'NONE', #126 ) ;
#1601 = EDGE_LOOP ( 'NONE', ( #610, #534 ) ) ;
#1602 = EDGE_LOOP ( 'NONE', ( #1729, #250, #498, #1529 ) ) ;
#1603 = ORIENTED_EDGE ( 'NONE', *, *, #1306, .T. ) ;
#1604 = CARTESIAN_POINT ( 'NONE',  ( -1.212500000000003000, 0.2499999999999999400, 1.149999999999999700 ) ) ;
#1605 = VECTOR ( 'NONE', #1317, 1000.000000000000000 ) ;
#1606 = CARTESIAN_POINT ( 'NONE',  ( -0.9625000000000018000, 0.2500000000000000000, 0.7499999999999997800 ) ) ;
#1607 = FACE_OUTER_BOUND ( 'NONE', #53, .T. ) ;
#1608 = EDGE_CURVE ( 'NONE', #1208, #1655, #1484, .T. ) ;
#1609 = DIRECTION ( 'NONE',  ( -0.0000000000000000000, -0.0000000000000000000, -1.000000000000000000 ) ) ;
#1610 = DIRECTION ( 'NONE',  ( 0.0000000000000000000, -0.0000000000000000000, 1.000000000000000000 ) ) ;
#1611 = LINE ( 'NONE', #879, #1426 ) ;
#1612 = DIRECTION ( 'NONE',  ( 0.0000000000000000000, -0.0000000000000000000, -1.000000000000000000 ) ) ;
#1613 = DIRECTION ( 'NONE',  ( -0.0000000000000000000, 0.0000000000000000000, 1.000000000000000000 ) ) ;
#1614 = DIRECTION ( 'NONE',  ( -0.0000000000000000000, -0.0000000000000000000, -1.000000000000000000 ) ) ;
#1615 = ORIENTED_EDGE ( 'NONE', *, *, #437, .T. ) ;
#1616 = VERTEX_POINT ( 'NONE', #680 ) ;
#1617 = CARTESIAN_POINT ( 'NONE',  ( -0.8625000000000002700, 0.4499999999999983500, -0.7500000000000002200 ) ) ;
#1618 = ORIENTED_EDGE ( 'NONE', *, *, #1066, .F. ) ;
#1619 = ORIENTED_EDGE ( 'NONE', *, *, #1080, .F. ) ;
#1620 = EDGE_CURVE ( 'NONE', #1707, #421, #1357, .T. ) ;
#1621 = CARTESIAN_POINT ( 'NONE',  ( 0.0000000000000000000, 1.450000000000000000, 0.0000000000000000000 ) ) ;
#1622 = EDGE_LOOP ( 'NONE', ( #450, #424, #282, #1473 ) ) ;
#1623 = FACE_OUTER_BOUND ( 'NONE', #737, .T. ) ;
#1624 = LINE ( 'NONE', #915, #1233 ) ;
#1625 = DIRECTION ( 'NONE',  ( 0.0000000000000000000, -1.000000000000000000, 0.0000000000000000000 ) ) ;
#1626 = VECTOR ( 'NONE', #37, 999.9999999999998900 ) ;
#1627 = ORIENTED_EDGE ( 'NONE', *, *, #190, .T. ) ;
#1628 = CARTESIAN_POINT ( 'NONE',  ( 0.7030201606103441100, 0.1499999999999999700, -1.480000000000000400 ) ) ;
#1629 = AXIS2_PLACEMENT_3D ( 'NONE', #1260, #428, #280 ) ;
#1630 = LINE ( 'NONE', #768, #880 ) ;
#1631 = CARTESIAN_POINT ( 'NONE',  ( -7.015129880516877100E-029, -9.954331196132715900E-015, 1.149999999999999700 ) ) ;
#1632 = EDGE_CURVE ( 'NONE', #198, #1209, #293, .T. ) ;
#1633 = AXIS2_PLACEMENT_3D ( 'NONE', #1631, #785, #1211 ) ;
#1634 = VECTOR ( 'NONE', #759, 1000.000000000000000 ) ;
#1635 = DIRECTION ( 'NONE',  ( 0.0000000000000000000, -0.0000000000000000000, -1.000000000000000000 ) ) ;
#1636 = ORIENTED_EDGE ( 'NONE', *, *, #1014, .F. ) ;
#1637 = ORIENTED_EDGE ( 'NONE', *, *, #951, .T. ) ;
#1638 = EDGE_CURVE ( 'NONE', #673, #1228, #598, .T. ) ;
#1639 = ORIENTED_EDGE ( 'NONE', *, *, #474, .T. ) ;
#1640 = DIRECTION ( 'NONE',  ( 0.0000000000000000000, -1.000000000000000000, 0.0000000000000000000 ) ) ;
#1641 = VECTOR ( 'NONE', #390, 1000.000000000000000 ) ;
#1642 = FACE_OUTER_BOUND ( 'NONE', #1190, .T. ) ;
#1643 = FACE_OUTER_BOUND ( 'NONE', #1413, .T. ) ;
#1644 = PLANE ( 'NONE',  #1433 ) ;
#1645 = CARTESIAN_POINT ( 'NONE',  ( 0.9625000000000018000, 0.2500000000000000000, 0.1999999999999997600 ) ) ;
#1646 = CARTESIAN_POINT ( 'NONE',  ( 0.9625000000000018000, 0.0000000000000000000, -0.2000000000000002100 ) ) ;
#1647 = ADVANCED_FACE ( 'NONE', ( #573 ), #870, .F. ) ;
#1648 = EDGE_CURVE ( 'NONE', #1208, #213, #1126, .T. ) ;
#1649 = VECTOR ( 'NONE', #77, 1000.000000000000000 ) ;
#1650 = CARTESIAN_POINT ( 'NONE',  ( -0.8625000000000002700, 0.5499999999999997100, -1.150000000000000100 ) ) ;
#1651 = CARTESIAN_POINT ( 'NONE',  ( -1.112500000000001800, 0.2500000000000000000, -0.7500000000000002200 ) ) ;
#1652 = LINE ( 'NONE', #1274, #586 ) ;
#1653 = CARTESIAN_POINT ( 'NONE',  ( -0.8625000000000002700, 0.6999999999999997300, -1.150000000000000100 ) ) ;
#1654 = VERTEX_POINT ( 'NONE', #272 ) ;
#1655 = VERTEX_POINT ( 'NONE', #541 ) ;
#1656 = ORIENTED_EDGE ( 'NONE', *, *, #539, .T. ) ;
#1657 = ORIENTED_EDGE ( 'NONE', *, *, #1223, .F. ) ;
#1658 = ORIENTED_EDGE ( 'NONE', *, *, #190, .F. ) ;
#1659 = CARTESIAN_POINT ( 'NONE',  ( -0.8625000000000002700, 0.6999999999999997300, -0.7500000000000002200 ) ) ;
#1660 = ORIENTED_EDGE ( 'NONE', *, *, #354, .T. ) ;
#1661 = EDGE_CURVE ( 'NONE', #840, #1600, #909, .T. ) ;
#1662 = CIRCLE ( 'NONE', #877, 0.2500000000000013900 ) ;
#1663 = CARTESIAN_POINT ( 'NONE',  ( -0.8000000000000000400, 0.6999999999999997300, 1.480000000000000400 ) ) ;
#1664 = LINE ( 'NONE', #112, #460 ) ;
#1665 = CARTESIAN_POINT ( 'NONE',  ( -1.112500000000001800, 0.2500000000000000000, -1.150000000000000100 ) ) ;
#1666 = LINE ( 'NONE', #1500, #1045 ) ;
#1667 = ADVANCED_FACE ( 'NONE', ( #967 ), #1226, .F. ) ;
#1668 = CARTESIAN_POINT ( 'NONE',  ( 0.8000000000000000400, 0.6999999999999997300, -1.480000000000000400 ) ) ;
#1669 = ORIENTED_EDGE ( 'NONE', *, *, #1066, .T. ) ;
#1670 = EDGE_CURVE ( 'NONE', #71, #1208, #1343, .T. ) ;
#1671 = LINE ( 'NONE', #339, #1588 ) ;
#1672 = SURFACE_SIDE_STYLE ('',( #284 ) ) ;
#1673 = AXIS2_PLACEMENT_3D ( 'NONE', #1281, #479, #1175 ) ;
#1674 = ORIENTED_EDGE ( 'NONE', *, *, #1648, .F. ) ;
#1675 = CARTESIAN_POINT ( 'NONE',  ( -1.412500000000000300, 0.1499999999999999700, -0.7500000000000002200 ) ) ;
#1676 = DIRECTION ( 'NONE',  ( -0.0000000000000000000, -0.0000000000000000000, -1.000000000000000000 ) ) ;
#1677 = VERTEX_POINT ( 'NONE', #1231 ) ;
#1678 = ORIENTED_EDGE ( 'NONE', *, *, #1203, .T. ) ;
#1679 = PLANE ( 'NONE',  #1410 ) ;
#1680 = ORIENTED_EDGE ( 'NONE', *, *, #1483, .T. ) ;
#1681 = DIRECTION ( 'NONE',  ( 1.000000000000000000, 0.0000000000000000000, 0.0000000000000000000 ) ) ;
#1682 = CARTESIAN_POINT ( 'NONE',  ( -0.8625000000000002700, 0.4499999999999983500, -1.150000000000000100 ) ) ;
#1683 = CARTESIAN_POINT ( 'NONE',  ( 1.097754699641515800E-015, 0.1499999999999896400, 0.7499999999999997800 ) ) ;
#1684 = AXIS2_PLACEMENT_3D ( 'NONE', #403, #1075, #1264 ) ;
#1685 = ADVANCED_FACE ( 'NONE', ( #1133 ), #1089, .T. ) ;
#1686 = CARTESIAN_POINT ( 'NONE',  ( 0.8000000000000000400, 0.6999999999999997300, -1.480000000000000400 ) ) ;
#1687 = VECTOR ( 'NONE', #1640, 1000.000000000000000 ) ;
#1688 = MECHANICAL_DESIGN_GEOMETRIC_PRESENTATION_REPRESENTATION (  '', ( #31 ), #338 ) ;
#1689 = DIRECTION ( 'NONE',  ( -1.000000000000000000, 7.047314121155897900E-015, 0.0000000000000000000 ) ) ;
#1690 = CARTESIAN_POINT ( 'NONE',  ( -0.8000000000000000400, 1.450000000000000000, 1.347754764468651400 ) ) ;
#1691 = DIRECTION ( 'NONE',  ( -1.000000000000000000, -1.218902515268293700E-015, 0.0000000000000000000 ) ) ;
#1692 = LINE ( 'NONE', #1628, #1504 ) ;
#1693 = EDGE_CURVE ( 'NONE', #512, #23, #1763, .T. ) ;
#1694 = AXIS2_PLACEMENT_3D ( 'NONE', #1519, #1375, #1528 ) ;
#1695 = LINE ( 'NONE', #1128, #942 ) ;
#1696 = CIRCLE ( 'NONE', #1336, 0.2500000000000013300 ) ;
#1697 =( LENGTH_UNIT ( ) NAMED_UNIT ( * ) SI_UNIT ( .MILLI., .METRE. ) );
#1698 = CARTESIAN_POINT ( 'NONE',  ( 0.0000000000000000000, 0.0000000000000000000, 0.7499999999999997800 ) ) ;
#1699 = AXIS2_PLACEMENT_3D ( 'NONE', #1419, #1101, #977 ) ;
#1700 = CIRCLE ( 'NONE', #743, 0.1000000000000014500 ) ;
#1701 = CARTESIAN_POINT ( 'NONE',  ( -0.9625000000000018000, 0.0000000000000000000, -0.7500000000000002200 ) ) ;
#1702 = DIRECTION ( 'NONE',  ( -1.000000000000000000, -1.218902515268293700E-015, 0.0000000000000000000 ) ) ;
#1703 = ORIENTED_EDGE ( 'NONE', *, *, #754, .T. ) ;
#1704 = ORIENTED_EDGE ( 'NONE', *, *, #1108, .F. ) ;
#1705 = CARTESIAN_POINT ( 'NONE',  ( -0.8625000000000002700, 0.5499999999999997100, 1.149999999999999700 ) ) ;
#1706 = CARTESIAN_POINT ( 'NONE',  ( -0.9625000000000018000, 0.2500000000000000000, -0.7500000000000002200 ) ) ;
#1707 = VERTEX_POINT ( 'NONE', #1415 ) ;
#1708 = VERTEX_POINT ( 'NONE', #1218 ) ;
#1709 = DIRECTION ( 'NONE',  ( -0.0000000000000000000, -0.0000000000000000000, -1.000000000000000000 ) ) ;
#1710 =( NAMED_UNIT ( * ) SI_UNIT ( $, .STERADIAN. ) SOLID_ANGLE_UNIT ( ) );
#1711 = CARTESIAN_POINT ( 'NONE',  ( 1.412500000000001400, 1.429339864060058700E-014, 0.1999999999999997600 ) ) ;
#1712 = DIRECTION ( 'NONE',  ( -0.0000000000000000000, -0.0000000000000000000, -1.000000000000000000 ) ) ;
#1713 = EDGE_CURVE ( 'NONE', #1323, #1766, #1652, .T. ) ;
#1714 = VECTOR ( 'NONE', #1691, 1000.000000000000000 ) ;
#1715 = VECTOR ( 'NONE', #161, 1000.000000000000000 ) ;
#1716 = CARTESIAN_POINT ( 'NONE',  ( -0.7735509528937303300, 0.5499999999999998200, -0.7500000000000002200 ) ) ;
#1717 = ADVANCED_FACE ( 'NONE', ( #537 ), #1102, .F. ) ;
#1718 = PLANE ( 'NONE',  #1673 ) ;
#1719 = LINE ( 'NONE', #1333, #597 ) ;
#1720 = CARTESIAN_POINT ( 'NONE',  ( -0.8625000000000002700, 0.4499999999999983500, -0.7500000000000002200 ) ) ;
#1721 = AXIS2_PLACEMENT_3D ( 'NONE', #959, #1496, #1098 ) ;
#1722 = CARTESIAN_POINT ( 'NONE',  ( -1.112500000000001800, 0.0000000000000000000, -0.7500000000000002200 ) ) ;
#1723 = CARTESIAN_POINT ( 'NONE',  ( -0.4500000000000000100, 1.399999999999999900, -1.130000000000000300 ) ) ;
#1724 = ORIENTED_EDGE ( 'NONE', *, *, #142, .T. ) ;
#1725 = EDGE_CURVE ( 'NONE', #554, #662, #43, .T. ) ;
#1726 = AXIS2_PLACEMENT_3D ( 'NONE', #1220, #387, #253 ) ;
#1727 = ORIENTED_EDGE ( 'NONE', *, *, #1135, .F. ) ;
#1728 = ORIENTED_EDGE ( 'NONE', *, *, #508, .T. ) ;
#1729 = ORIENTED_EDGE ( 'NONE', *, *, #384, .T. ) ;
#1730 = CARTESIAN_POINT ( 'NONE',  ( -0.8625000000000002700, 0.4499999999999983500, 1.149999999999999700 ) ) ;
#1731 = ORIENTED_EDGE ( 'NONE', *, *, #1236, .T. ) ;
#1732 = EDGE_CURVE ( 'NONE', #1766, #343, #1185, .T. ) ;
#1733 = CARTESIAN_POINT ( 'NONE',  ( 0.0000000000000000000, 0.6999999999999997300, -0.7500000000000002200 ) ) ;
#1734 = PRESENTATION_STYLE_ASSIGNMENT (( #824 ) ) ;
#1735 = CARTESIAN_POINT ( 'NONE',  ( 1.212500000000003700, 0.1499999999999985500, 0.1999999999999997600 ) ) ;
#1736 = AXIS2_PLACEMENT_3D ( 'NONE', #1720, #999, #163 ) ;
#1737 = SURFACE_STYLE_USAGE ( .BOTH. , #756 ) ;
#1738 = DIRECTION ( 'NONE',  ( 0.1736481776669302800, 0.9848077530122080200, 0.0000000000000000000 ) ) ;
#1739 = CARTESIAN_POINT ( 'NONE',  ( -1.112500000000001800, 0.4499999999999983500, 0.7499999999999997800 ) ) ;
#1740 = EDGE_CURVE ( 'NONE', #643, #1492, #1550, .T. ) ;
#1741 = ORIENTED_EDGE ( 'NONE', *, *, #1648, .T. ) ;
#1742 = DIRECTION ( 'NONE',  ( 1.000000000000000000, 0.0000000000000000000, 0.0000000000000000000 ) ) ;
#1743 = DIRECTION ( 'NONE',  ( 0.0000000000000000000, 0.0000000000000000000, 1.000000000000000000 ) ) ;
#1744 = VERTEX_POINT ( 'NONE', #1129 ) ;
#1745 = ORIENTED_EDGE ( 'NONE', *, *, #805, .T. ) ;
#1746 = EDGE_LOOP ( 'NONE', ( #195, #910 ) ) ;
#1747 = CYLINDRICAL_SURFACE ( 'NONE', #1371, 0.1250000000000003300 ) ;
#1748 = EDGE_CURVE ( 'NONE', #1105, #254, #1700, .T. ) ;
#1749 = CARTESIAN_POINT ( 'NONE',  ( 0.8000000000000000400, 0.6999999999999997300, -1.480000000000000400 ) ) ;
#1750 = ORIENTED_EDGE ( 'NONE', *, *, #563, .F. ) ;
#1751 = EDGE_CURVE ( 'NONE', #1305, #1141, #306, .T. ) ;
#1752 = DIRECTION ( 'NONE',  ( 0.9848077530122080200, -0.1736481776669307200, 0.0000000000000000000 ) ) ;
#1753 = VECTOR ( 'NONE', #1318, 1000.000000000000000 ) ;
#1754 = FACE_OUTER_BOUND ( 'NONE', #1017, .T. ) ;
#1755 = DIRECTION ( 'NONE',  ( -1.000000000000000000, 0.0000000000000000000, 0.0000000000000000000 ) ) ;
#1756 = LINE ( 'NONE', #1025, #271 ) ;
#1757 = EDGE_CURVE ( 'NONE', #26, #1068, #41, .T. ) ;
#1758 = ORIENTED_EDGE ( 'NONE', *, *, #1474, .F. ) ;
#1759 = ORIENTED_EDGE ( 'NONE', *, *, #539, .F. ) ;
#1760 = ORIENTED_EDGE ( 'NONE', *, *, #1223, .T. ) ;
#1761 = AXIS2_PLACEMENT_3D ( 'NONE', #203, #1459, #766 ) ;
#1762 = ORIENTED_EDGE ( 'NONE', *, *, #1183, .F. ) ;
#1763 = LINE ( 'NONE', #971, #491 ) ;
#1764 = CARTESIAN_POINT ( 'NONE',  ( -6.703963833975624600E-016, 0.5500000000000008200, 1.149999999999999700 ) ) ;
#1765 = VECTOR ( 'NONE', #1026, 1000.000000000000000 ) ;
#1766 = VERTEX_POINT ( 'NONE', #1267 ) ;
#1767 = EDGE_CURVE ( 'NONE', #421, #1707, #1286, .T. ) ;
#1768 =( LENGTH_UNIT ( ) NAMED_UNIT ( * ) SI_UNIT ( .MILLI., .METRE. ) );
#1769 = AXIS2_PLACEMENT_3D ( 'NONE', #1191, #375, #1338 ) ;
#1770 = LINE ( 'NONE', #449, #1032 ) ;
#1771 = CARTESIAN_POINT ( 'NONE',  ( 0.6677547644686510100, 1.450000000000000000, 1.347754764468651400 ) ) ;
#1772 = ADVANCED_FACE ( 'NONE', ( #1269 ), #858, .T. ) ;
#1773 = EDGE_LOOP ( 'NONE', ( #1785, #5, #454, #757 ) ) ;
#1774 = ORIENTED_EDGE ( 'NONE', *, *, #1339, .F. ) ;
#1775 = DIRECTION ( 'NONE',  ( -0.0000000000000000000, 0.0000000000000000000, 1.000000000000000000 ) ) ;
#1776 = EDGE_CURVE ( 'NONE', #559, #217, #1381, .T. ) ;
#1777 = EDGE_LOOP ( 'NONE', ( #763, #1225, #27, #225 ) ) ;
#1778 = EDGE_LOOP ( 'NONE', ( #760, #1674, #1186, #47 ) ) ;
#1779 = CARTESIAN_POINT ( 'NONE',  ( 1.112500000000002000, 0.0000000000000000000, -0.2000000000000002100 ) ) ;
#1780 = CARTESIAN_POINT ( 'NONE',  ( -0.7030201606103441100, 0.1499999999999999700, 1.383020160610344500 ) ) ;
#1781 = DIRECTION ( 'NONE',  ( 0.0000000000000000000, -1.000000000000000000, 0.0000000000000000000 ) ) ;
#1782 = LINE ( 'NONE', #1294, #1043 ) ;
#1783 = LINE ( 'NONE', #189, #1626 ) ;
#1784 = CARTESIAN_POINT ( 'NONE',  ( -0.6561699981503794600, -0.1157004746053354300, 1.149999999999999700 ) ) ;
#1785 = ORIENTED_EDGE ( 'NONE', *, *, #1661, .T. ) ;
#1786 = CARTESIAN_POINT ( 'NONE',  ( -1.212500000000003000, 0.2499999999999999400, -0.7500000000000002200 ) ) ;
#1787 = LINE ( 'NONE', #1557, #1562 ) ;
#1788 = DIRECTION ( 'NONE',  ( -0.1736481776669302800, 0.9848077530122080200, 0.0000000000000000000 ) ) ;
#1789 = FACE_OUTER_BOUND ( 'NONE', #1472, .T. ) ;
#1790 = DIRECTION ( 'NONE',  ( -1.000000000000000000, 7.318364664277278000E-015, 0.0000000000000000000 ) ) ;
#1791 = ADVANCED_FACE ( 'NONE', ( #1564 ), #1747, .F. ) ;
#1792 = CARTESIAN_POINT ( 'NONE',  ( 0.0000000000000000000, 0.6999999999999997300, 0.7499999999999997800 ) ) ;
ENDSEC;
END-ISO-10303-21;
