[0.463s] DEBUG:colcon:Command line arguments: ['/usr/bin/colcon', 'build']
[0.463s] DEBUG:colcon:Parsed command line arguments: Namespace(allow_overriding=[], ament_cmake_args=None, base_paths=['.'], build_base='build', catkin_cmake_args=None, catkin_skip_building_tests=False, cmake_args=None, cmake_clean_cache=False, cmake_clean_first=False, cmake_force_configure=False, cmake_target=None, cmake_target_skip_unavailable=False, continue_on_error=False, event_handlers=None, executor='parallel', ignore_user_meta=False, install_base='install', log_base=None, log_level=None, main=<bound method BuildVerb.main of <colcon_core.verb.build.BuildVerb object at 0xffff83040f70>>, merge_install=False, metas=['./colcon.meta'], mixin=None, mixin_files=None, mixin_verb=('build',), packages_above=None, packages_above_and_dependencies=None, packages_above_depth=None, packages_end=None, packages_ignore=None, packages_ignore_regex=None, packages_select=None, packages_select_build_failed=False, packages_select_by_dep=None, packages_select_regex=None, packages_select_test_failures=False, packages_skip=None, packages_skip_build_finished=False, packages_skip_by_dep=None, packages_skip_regex=None, packages_skip_test_passed=False, packages_skip_up_to=None, packages_start=None, packages_up_to=None, packages_up_to_regex=None, parallel_workers=4, paths=None, symlink_install=False, test_result_base=None, verb_extension=<colcon_core.verb.build.BuildVerb object at 0xffff83040f70>, verb_name='build', verb_parser=<colcon_mixin.mixin.mixin_argument.MixinArgumentDecorator object at 0xffff830504c0>)
[0.816s] Level 1:colcon.colcon_core.package_discovery:discover_packages(colcon_meta) check parameters
[0.816s] Level 1:colcon.colcon_core.package_discovery:discover_packages(recursive) check parameters
[0.816s] Level 1:colcon.colcon_core.package_discovery:discover_packages(ignore) check parameters
[0.816s] Level 1:colcon.colcon_core.package_discovery:discover_packages(path) check parameters
[0.816s] Level 1:colcon.colcon_core.package_discovery:discover_packages(colcon_meta) discover
[0.817s] Level 1:colcon.colcon_core.package_discovery:discover_packages(recursive) discover
[0.817s] INFO:colcon.colcon_core.package_discovery:Crawling recursively for packages in '/home/airlab/seed25/ros_packages/mocap4r2_ws'
[0.817s] Level 1:colcon.colcon_core.package_identification:_identify(.) by extensions ['ignore', 'ignore_ament_install']
[0.817s] Level 1:colcon.colcon_core.package_identification:_identify(.) by extension 'ignore'
[0.818s] Level 1:colcon.colcon_core.package_identification:_identify(.) by extension 'ignore_ament_install'
[0.818s] Level 1:colcon.colcon_core.package_identification:_identify(.) by extensions ['colcon_pkg']
[0.818s] Level 1:colcon.colcon_core.package_identification:_identify(.) by extension 'colcon_pkg'
[0.818s] Level 1:colcon.colcon_core.package_identification:_identify(.) by extensions ['colcon_meta']
[0.818s] Level 1:colcon.colcon_core.package_identification:_identify(.) by extension 'colcon_meta'
[0.818s] Level 1:colcon.colcon_core.package_identification:_identify(.) by extensions ['ros']
[0.818s] Level 1:colcon.colcon_core.package_identification:_identify(.) by extension 'ros'
[0.842s] Level 1:colcon.colcon_core.package_identification:_identify(.) by extensions ['cmake', 'python']
[0.842s] Level 1:colcon.colcon_core.package_identification:_identify(.) by extension 'cmake'
[0.842s] Level 1:colcon.colcon_core.package_identification:_identify(.) by extension 'python'
[0.842s] Level 1:colcon.colcon_core.package_identification:_identify(.) by extensions ['python_setup_py']
[0.842s] Level 1:colcon.colcon_core.package_identification:_identify(.) by extension 'python_setup_py'
[0.843s] Level 1:colcon.colcon_core.package_identification:_identify(build) by extensions ['ignore', 'ignore_ament_install']
[0.843s] Level 1:colcon.colcon_core.package_identification:_identify(build) by extension 'ignore'
[0.843s] Level 1:colcon.colcon_core.package_identification:_identify(build) ignored
[0.843s] Level 1:colcon.colcon_core.package_identification:_identify(install) by extensions ['ignore', 'ignore_ament_install']
[0.843s] Level 1:colcon.colcon_core.package_identification:_identify(install) by extension 'ignore'
[0.844s] Level 1:colcon.colcon_core.package_identification:_identify(install) ignored
[0.844s] Level 1:colcon.colcon_core.package_identification:_identify(log) by extensions ['ignore', 'ignore_ament_install']
[0.844s] Level 1:colcon.colcon_core.package_identification:_identify(log) by extension 'ignore'
[0.844s] Level 1:colcon.colcon_core.package_identification:_identify(log) ignored
[0.844s] Level 1:colcon.colcon_core.package_identification:_identify(src) by extensions ['ignore', 'ignore_ament_install']
[0.845s] Level 1:colcon.colcon_core.package_identification:_identify(src) by extension 'ignore'
[0.845s] Level 1:colcon.colcon_core.package_identification:_identify(src) by extension 'ignore_ament_install'
[0.845s] Level 1:colcon.colcon_core.package_identification:_identify(src) by extensions ['colcon_pkg']
[0.845s] Level 1:colcon.colcon_core.package_identification:_identify(src) by extension 'colcon_pkg'
[0.845s] Level 1:colcon.colcon_core.package_identification:_identify(src) by extensions ['colcon_meta']
[0.845s] Level 1:colcon.colcon_core.package_identification:_identify(src) by extension 'colcon_meta'
[0.845s] Level 1:colcon.colcon_core.package_identification:_identify(src) by extensions ['ros']
[0.845s] Level 1:colcon.colcon_core.package_identification:_identify(src) by extension 'ros'
[0.845s] Level 1:colcon.colcon_core.package_identification:_identify(src) by extensions ['cmake', 'python']
[0.845s] Level 1:colcon.colcon_core.package_identification:_identify(src) by extension 'cmake'
[0.846s] Level 1:colcon.colcon_core.package_identification:_identify(src) by extension 'python'
[0.846s] Level 1:colcon.colcon_core.package_identification:_identify(src) by extensions ['python_setup_py']
[0.846s] Level 1:colcon.colcon_core.package_identification:_identify(src) by extension 'python_setup_py'
[0.846s] Level 1:colcon.colcon_core.package_identification:_identify(src/mocap4r2) by extensions ['ignore', 'ignore_ament_install']
[0.846s] Level 1:colcon.colcon_core.package_identification:_identify(src/mocap4r2) by extension 'ignore'
[0.846s] Level 1:colcon.colcon_core.package_identification:_identify(src/mocap4r2) by extension 'ignore_ament_install'
[0.846s] Level 1:colcon.colcon_core.package_identification:_identify(src/mocap4r2) by extensions ['colcon_pkg']
[0.846s] Level 1:colcon.colcon_core.package_identification:_identify(src/mocap4r2) by extension 'colcon_pkg'
[0.847s] Level 1:colcon.colcon_core.package_identification:_identify(src/mocap4r2) by extensions ['colcon_meta']
[0.847s] Level 1:colcon.colcon_core.package_identification:_identify(src/mocap4r2) by extension 'colcon_meta'
[0.847s] Level 1:colcon.colcon_core.package_identification:_identify(src/mocap4r2) by extensions ['ros']
[0.847s] Level 1:colcon.colcon_core.package_identification:_identify(src/mocap4r2) by extension 'ros'
[0.847s] Level 1:colcon.colcon_core.package_identification:_identify(src/mocap4r2) by extensions ['cmake', 'python']
[0.847s] Level 1:colcon.colcon_core.package_identification:_identify(src/mocap4r2) by extension 'cmake'
[0.847s] Level 1:colcon.colcon_core.package_identification:_identify(src/mocap4r2) by extension 'python'
[0.847s] Level 1:colcon.colcon_core.package_identification:_identify(src/mocap4r2) by extensions ['python_setup_py']
[0.847s] Level 1:colcon.colcon_core.package_identification:_identify(src/mocap4r2) by extension 'python_setup_py'
[0.848s] Level 1:colcon.colcon_core.package_identification:_identify(src/mocap4r2/mocap4r2_control) by extensions ['ignore', 'ignore_ament_install']
[0.848s] Level 1:colcon.colcon_core.package_identification:_identify(src/mocap4r2/mocap4r2_control) by extension 'ignore'
[0.848s] Level 1:colcon.colcon_core.package_identification:_identify(src/mocap4r2/mocap4r2_control) by extension 'ignore_ament_install'
[0.848s] Level 1:colcon.colcon_core.package_identification:_identify(src/mocap4r2/mocap4r2_control) by extensions ['colcon_pkg']
[0.848s] Level 1:colcon.colcon_core.package_identification:_identify(src/mocap4r2/mocap4r2_control) by extension 'colcon_pkg'
[0.848s] Level 1:colcon.colcon_core.package_identification:_identify(src/mocap4r2/mocap4r2_control) by extensions ['colcon_meta']
[0.848s] Level 1:colcon.colcon_core.package_identification:_identify(src/mocap4r2/mocap4r2_control) by extension 'colcon_meta'
[0.848s] Level 1:colcon.colcon_core.package_identification:_identify(src/mocap4r2/mocap4r2_control) by extensions ['ros']
[0.848s] Level 1:colcon.colcon_core.package_identification:_identify(src/mocap4r2/mocap4r2_control) by extension 'ros'
[0.849s] Level 1:colcon.colcon_core.package_identification:_identify(src/mocap4r2/mocap4r2_control) by extensions ['cmake', 'python']
[0.849s] Level 1:colcon.colcon_core.package_identification:_identify(src/mocap4r2/mocap4r2_control) by extension 'cmake'
[0.849s] Level 1:colcon.colcon_core.package_identification:_identify(src/mocap4r2/mocap4r2_control) by extension 'python'
[0.849s] Level 1:colcon.colcon_core.package_identification:_identify(src/mocap4r2/mocap4r2_control) by extensions ['python_setup_py']
[0.849s] Level 1:colcon.colcon_core.package_identification:_identify(src/mocap4r2/mocap4r2_control) by extension 'python_setup_py'
[0.849s] Level 1:colcon.colcon_core.package_identification:_identify(src/mocap4r2/mocap4r2_control/mocap4r2_control) by extensions ['ignore', 'ignore_ament_install']
[0.849s] Level 1:colcon.colcon_core.package_identification:_identify(src/mocap4r2/mocap4r2_control/mocap4r2_control) by extension 'ignore'
[0.849s] Level 1:colcon.colcon_core.package_identification:_identify(src/mocap4r2/mocap4r2_control/mocap4r2_control) by extension 'ignore_ament_install'
[0.850s] Level 1:colcon.colcon_core.package_identification:_identify(src/mocap4r2/mocap4r2_control/mocap4r2_control) by extensions ['colcon_pkg']
[0.850s] Level 1:colcon.colcon_core.package_identification:_identify(src/mocap4r2/mocap4r2_control/mocap4r2_control) by extension 'colcon_pkg'
[0.850s] Level 1:colcon.colcon_core.package_identification:_identify(src/mocap4r2/mocap4r2_control/mocap4r2_control) by extensions ['colcon_meta']
[0.850s] Level 1:colcon.colcon_core.package_identification:_identify(src/mocap4r2/mocap4r2_control/mocap4r2_control) by extension 'colcon_meta'
[0.850s] Level 1:colcon.colcon_core.package_identification:_identify(src/mocap4r2/mocap4r2_control/mocap4r2_control) by extensions ['ros']
[0.850s] Level 1:colcon.colcon_core.package_identification:_identify(src/mocap4r2/mocap4r2_control/mocap4r2_control) by extension 'ros'
[0.855s] DEBUG:colcon.colcon_core.package_identification:Package 'src/mocap4r2/mocap4r2_control/mocap4r2_control' with type 'ros.ament_cmake' and name 'mocap4r2_control'
[0.856s] Level 1:colcon.colcon_core.package_identification:_identify(src/mocap4r2/mocap4r2_control/mocap4r2_control_msgs) by extensions ['ignore', 'ignore_ament_install']
[0.856s] Level 1:colcon.colcon_core.package_identification:_identify(src/mocap4r2/mocap4r2_control/mocap4r2_control_msgs) by extension 'ignore'
[0.856s] Level 1:colcon.colcon_core.package_identification:_identify(src/mocap4r2/mocap4r2_control/mocap4r2_control_msgs) by extension 'ignore_ament_install'
[0.856s] Level 1:colcon.colcon_core.package_identification:_identify(src/mocap4r2/mocap4r2_control/mocap4r2_control_msgs) by extensions ['colcon_pkg']
[0.856s] Level 1:colcon.colcon_core.package_identification:_identify(src/mocap4r2/mocap4r2_control/mocap4r2_control_msgs) by extension 'colcon_pkg'
[0.856s] Level 1:colcon.colcon_core.package_identification:_identify(src/mocap4r2/mocap4r2_control/mocap4r2_control_msgs) by extensions ['colcon_meta']
[0.856s] Level 1:colcon.colcon_core.package_identification:_identify(src/mocap4r2/mocap4r2_control/mocap4r2_control_msgs) by extension 'colcon_meta'
[0.857s] Level 1:colcon.colcon_core.package_identification:_identify(src/mocap4r2/mocap4r2_control/mocap4r2_control_msgs) by extensions ['ros']
[0.857s] Level 1:colcon.colcon_core.package_identification:_identify(src/mocap4r2/mocap4r2_control/mocap4r2_control_msgs) by extension 'ros'
[0.859s] DEBUG:colcon.colcon_core.package_identification:Package 'src/mocap4r2/mocap4r2_control/mocap4r2_control_msgs' with type 'ros.ament_cmake' and name 'mocap4r2_control_msgs'
[0.859s] Level 1:colcon.colcon_core.package_identification:_identify(src/mocap4r2/mocap4r2_control/rqt_mocap4r2_control) by extensions ['ignore', 'ignore_ament_install']
[0.859s] Level 1:colcon.colcon_core.package_identification:_identify(src/mocap4r2/mocap4r2_control/rqt_mocap4r2_control) by extension 'ignore'
[0.859s] Level 1:colcon.colcon_core.package_identification:_identify(src/mocap4r2/mocap4r2_control/rqt_mocap4r2_control) by extension 'ignore_ament_install'
[0.859s] Level 1:colcon.colcon_core.package_identification:_identify(src/mocap4r2/mocap4r2_control/rqt_mocap4r2_control) by extensions ['colcon_pkg']
[0.859s] Level 1:colcon.colcon_core.package_identification:_identify(src/mocap4r2/mocap4r2_control/rqt_mocap4r2_control) by extension 'colcon_pkg'
[0.860s] Level 1:colcon.colcon_core.package_identification:_identify(src/mocap4r2/mocap4r2_control/rqt_mocap4r2_control) by extensions ['colcon_meta']
[0.860s] Level 1:colcon.colcon_core.package_identification:_identify(src/mocap4r2/mocap4r2_control/rqt_mocap4r2_control) by extension 'colcon_meta'
[0.860s] Level 1:colcon.colcon_core.package_identification:_identify(src/mocap4r2/mocap4r2_control/rqt_mocap4r2_control) by extensions ['ros']
[0.860s] Level 1:colcon.colcon_core.package_identification:_identify(src/mocap4r2/mocap4r2_control/rqt_mocap4r2_control) by extension 'ros'
[0.862s] DEBUG:colcon.colcon_core.package_identification:Package 'src/mocap4r2/mocap4r2_control/rqt_mocap4r2_control' with type 'ros.ament_cmake' and name 'rqt_mocap4r2_control'
[0.862s] Level 1:colcon.colcon_core.package_identification:_identify(src/mocap4r2/mocap4r2_dummy_driver) by extensions ['ignore', 'ignore_ament_install']
[0.862s] Level 1:colcon.colcon_core.package_identification:_identify(src/mocap4r2/mocap4r2_dummy_driver) by extension 'ignore'
[0.862s] Level 1:colcon.colcon_core.package_identification:_identify(src/mocap4r2/mocap4r2_dummy_driver) by extension 'ignore_ament_install'
[0.863s] Level 1:colcon.colcon_core.package_identification:_identify(src/mocap4r2/mocap4r2_dummy_driver) by extensions ['colcon_pkg']
[0.863s] Level 1:colcon.colcon_core.package_identification:_identify(src/mocap4r2/mocap4r2_dummy_driver) by extension 'colcon_pkg'
[0.863s] Level 1:colcon.colcon_core.package_identification:_identify(src/mocap4r2/mocap4r2_dummy_driver) by extensions ['colcon_meta']
[0.863s] Level 1:colcon.colcon_core.package_identification:_identify(src/mocap4r2/mocap4r2_dummy_driver) by extension 'colcon_meta'
[0.863s] Level 1:colcon.colcon_core.package_identification:_identify(src/mocap4r2/mocap4r2_dummy_driver) by extensions ['ros']
[0.863s] Level 1:colcon.colcon_core.package_identification:_identify(src/mocap4r2/mocap4r2_dummy_driver) by extension 'ros'
[0.865s] DEBUG:colcon.colcon_core.package_identification:Package 'src/mocap4r2/mocap4r2_dummy_driver' with type 'ros.ament_cmake' and name 'mocap4r2_dummy_driver'
[0.865s] Level 1:colcon.colcon_core.package_identification:_identify(src/mocap4r2/mocap4r2_marker_viz) by extensions ['ignore', 'ignore_ament_install']
[0.865s] Level 1:colcon.colcon_core.package_identification:_identify(src/mocap4r2/mocap4r2_marker_viz) by extension 'ignore'
[0.865s] Level 1:colcon.colcon_core.package_identification:_identify(src/mocap4r2/mocap4r2_marker_viz) by extension 'ignore_ament_install'
[0.865s] Level 1:colcon.colcon_core.package_identification:_identify(src/mocap4r2/mocap4r2_marker_viz) by extensions ['colcon_pkg']
[0.865s] Level 1:colcon.colcon_core.package_identification:_identify(src/mocap4r2/mocap4r2_marker_viz) by extension 'colcon_pkg'
[0.866s] Level 1:colcon.colcon_core.package_identification:_identify(src/mocap4r2/mocap4r2_marker_viz) by extensions ['colcon_meta']
[0.866s] Level 1:colcon.colcon_core.package_identification:_identify(src/mocap4r2/mocap4r2_marker_viz) by extension 'colcon_meta'
[0.866s] Level 1:colcon.colcon_core.package_identification:_identify(src/mocap4r2/mocap4r2_marker_viz) by extensions ['ros']
[0.866s] Level 1:colcon.colcon_core.package_identification:_identify(src/mocap4r2/mocap4r2_marker_viz) by extension 'ros'
[0.866s] Level 1:colcon.colcon_core.package_identification:_identify(src/mocap4r2/mocap4r2_marker_viz) by extensions ['cmake', 'python']
[0.866s] Level 1:colcon.colcon_core.package_identification:_identify(src/mocap4r2/mocap4r2_marker_viz) by extension 'cmake'
[0.866s] Level 1:colcon.colcon_core.package_identification:_identify(src/mocap4r2/mocap4r2_marker_viz) by extension 'python'
[0.866s] Level 1:colcon.colcon_core.package_identification:_identify(src/mocap4r2/mocap4r2_marker_viz) by extensions ['python_setup_py']
[0.866s] Level 1:colcon.colcon_core.package_identification:_identify(src/mocap4r2/mocap4r2_marker_viz) by extension 'python_setup_py'
[0.867s] Level 1:colcon.colcon_core.package_identification:_identify(src/mocap4r2/mocap4r2_marker_viz/mocap4r2_marker_publisher) by extensions ['ignore', 'ignore_ament_install']
[0.867s] Level 1:colcon.colcon_core.package_identification:_identify(src/mocap4r2/mocap4r2_marker_viz/mocap4r2_marker_publisher) by extension 'ignore'
[0.867s] Level 1:colcon.colcon_core.package_identification:_identify(src/mocap4r2/mocap4r2_marker_viz/mocap4r2_marker_publisher) by extension 'ignore_ament_install'
[0.867s] Level 1:colcon.colcon_core.package_identification:_identify(src/mocap4r2/mocap4r2_marker_viz/mocap4r2_marker_publisher) by extensions ['colcon_pkg']
[0.867s] Level 1:colcon.colcon_core.package_identification:_identify(src/mocap4r2/mocap4r2_marker_viz/mocap4r2_marker_publisher) by extension 'colcon_pkg'
[0.867s] Level 1:colcon.colcon_core.package_identification:_identify(src/mocap4r2/mocap4r2_marker_viz/mocap4r2_marker_publisher) by extensions ['colcon_meta']
[0.867s] Level 1:colcon.colcon_core.package_identification:_identify(src/mocap4r2/mocap4r2_marker_viz/mocap4r2_marker_publisher) by extension 'colcon_meta'
[0.867s] Level 1:colcon.colcon_core.package_identification:_identify(src/mocap4r2/mocap4r2_marker_viz/mocap4r2_marker_publisher) by extensions ['ros']
[0.867s] Level 1:colcon.colcon_core.package_identification:_identify(src/mocap4r2/mocap4r2_marker_viz/mocap4r2_marker_publisher) by extension 'ros'
[0.869s] DEBUG:colcon.colcon_core.package_identification:Package 'src/mocap4r2/mocap4r2_marker_viz/mocap4r2_marker_publisher' with type 'ros.ament_cmake' and name 'mocap4r2_marker_publisher'
[0.869s] Level 1:colcon.colcon_core.package_identification:_identify(src/mocap4r2/mocap4r2_marker_viz/mocap4r2_marker_viz) by extensions ['ignore', 'ignore_ament_install']
[0.869s] Level 1:colcon.colcon_core.package_identification:_identify(src/mocap4r2/mocap4r2_marker_viz/mocap4r2_marker_viz) by extension 'ignore'
[0.869s] Level 1:colcon.colcon_core.package_identification:_identify(src/mocap4r2/mocap4r2_marker_viz/mocap4r2_marker_viz) by extension 'ignore_ament_install'
[0.869s] Level 1:colcon.colcon_core.package_identification:_identify(src/mocap4r2/mocap4r2_marker_viz/mocap4r2_marker_viz) by extensions ['colcon_pkg']
[0.870s] Level 1:colcon.colcon_core.package_identification:_identify(src/mocap4r2/mocap4r2_marker_viz/mocap4r2_marker_viz) by extension 'colcon_pkg'
[0.870s] Level 1:colcon.colcon_core.package_identification:_identify(src/mocap4r2/mocap4r2_marker_viz/mocap4r2_marker_viz) by extensions ['colcon_meta']
[0.870s] Level 1:colcon.colcon_core.package_identification:_identify(src/mocap4r2/mocap4r2_marker_viz/mocap4r2_marker_viz) by extension 'colcon_meta'
[0.870s] Level 1:colcon.colcon_core.package_identification:_identify(src/mocap4r2/mocap4r2_marker_viz/mocap4r2_marker_viz) by extensions ['ros']
[0.870s] Level 1:colcon.colcon_core.package_identification:_identify(src/mocap4r2/mocap4r2_marker_viz/mocap4r2_marker_viz) by extension 'ros'
[0.871s] DEBUG:colcon.colcon_core.package_identification:Package 'src/mocap4r2/mocap4r2_marker_viz/mocap4r2_marker_viz' with type 'ros.ament_cmake' and name 'mocap4r2_marker_viz'
[0.872s] Level 1:colcon.colcon_core.package_identification:_identify(src/mocap4r2/mocap4r2_marker_viz/mocap4r2_marker_viz_srvs) by extensions ['ignore', 'ignore_ament_install']
[0.872s] Level 1:colcon.colcon_core.package_identification:_identify(src/mocap4r2/mocap4r2_marker_viz/mocap4r2_marker_viz_srvs) by extension 'ignore'
[0.872s] Level 1:colcon.colcon_core.package_identification:_identify(src/mocap4r2/mocap4r2_marker_viz/mocap4r2_marker_viz_srvs) by extension 'ignore_ament_install'
[0.872s] Level 1:colcon.colcon_core.package_identification:_identify(src/mocap4r2/mocap4r2_marker_viz/mocap4r2_marker_viz_srvs) by extensions ['colcon_pkg']
[0.872s] Level 1:colcon.colcon_core.package_identification:_identify(src/mocap4r2/mocap4r2_marker_viz/mocap4r2_marker_viz_srvs) by extension 'colcon_pkg'
[0.872s] Level 1:colcon.colcon_core.package_identification:_identify(src/mocap4r2/mocap4r2_marker_viz/mocap4r2_marker_viz_srvs) by extensions ['colcon_meta']
[0.872s] Level 1:colcon.colcon_core.package_identification:_identify(src/mocap4r2/mocap4r2_marker_viz/mocap4r2_marker_viz_srvs) by extension 'colcon_meta'
[0.873s] Level 1:colcon.colcon_core.package_identification:_identify(src/mocap4r2/mocap4r2_marker_viz/mocap4r2_marker_viz_srvs) by extensions ['ros']
[0.873s] Level 1:colcon.colcon_core.package_identification:_identify(src/mocap4r2/mocap4r2_marker_viz/mocap4r2_marker_viz_srvs) by extension 'ros'
[0.874s] DEBUG:colcon.colcon_core.package_identification:Package 'src/mocap4r2/mocap4r2_marker_viz/mocap4r2_marker_viz_srvs' with type 'ros.ament_cmake' and name 'mocap4r2_marker_viz_srvs'
[0.874s] Level 1:colcon.colcon_core.package_identification:_identify(src/mocap4r2/mocap4r2_robot_gt) by extensions ['ignore', 'ignore_ament_install']
[0.874s] Level 1:colcon.colcon_core.package_identification:_identify(src/mocap4r2/mocap4r2_robot_gt) by extension 'ignore'
[0.874s] Level 1:colcon.colcon_core.package_identification:_identify(src/mocap4r2/mocap4r2_robot_gt) by extension 'ignore_ament_install'
[0.874s] Level 1:colcon.colcon_core.package_identification:_identify(src/mocap4r2/mocap4r2_robot_gt) by extensions ['colcon_pkg']
[0.875s] Level 1:colcon.colcon_core.package_identification:_identify(src/mocap4r2/mocap4r2_robot_gt) by extension 'colcon_pkg'
[0.875s] Level 1:colcon.colcon_core.package_identification:_identify(src/mocap4r2/mocap4r2_robot_gt) by extensions ['colcon_meta']
[0.875s] Level 1:colcon.colcon_core.package_identification:_identify(src/mocap4r2/mocap4r2_robot_gt) by extension 'colcon_meta'
[0.875s] Level 1:colcon.colcon_core.package_identification:_identify(src/mocap4r2/mocap4r2_robot_gt) by extensions ['ros']
[0.875s] Level 1:colcon.colcon_core.package_identification:_identify(src/mocap4r2/mocap4r2_robot_gt) by extension 'ros'
[0.875s] Level 1:colcon.colcon_core.package_identification:_identify(src/mocap4r2/mocap4r2_robot_gt) by extensions ['cmake', 'python']
[0.875s] Level 1:colcon.colcon_core.package_identification:_identify(src/mocap4r2/mocap4r2_robot_gt) by extension 'cmake'
[0.875s] Level 1:colcon.colcon_core.package_identification:_identify(src/mocap4r2/mocap4r2_robot_gt) by extension 'python'
[0.875s] Level 1:colcon.colcon_core.package_identification:_identify(src/mocap4r2/mocap4r2_robot_gt) by extensions ['python_setup_py']
[0.875s] Level 1:colcon.colcon_core.package_identification:_identify(src/mocap4r2/mocap4r2_robot_gt) by extension 'python_setup_py'
[0.876s] Level 1:colcon.colcon_core.package_identification:_identify(src/mocap4r2/mocap4r2_robot_gt/mocap4r2_robot_gt) by extensions ['ignore', 'ignore_ament_install']
[0.876s] Level 1:colcon.colcon_core.package_identification:_identify(src/mocap4r2/mocap4r2_robot_gt/mocap4r2_robot_gt) by extension 'ignore'
[0.876s] Level 1:colcon.colcon_core.package_identification:_identify(src/mocap4r2/mocap4r2_robot_gt/mocap4r2_robot_gt) by extension 'ignore_ament_install'
[0.876s] Level 1:colcon.colcon_core.package_identification:_identify(src/mocap4r2/mocap4r2_robot_gt/mocap4r2_robot_gt) by extensions ['colcon_pkg']
[0.876s] Level 1:colcon.colcon_core.package_identification:_identify(src/mocap4r2/mocap4r2_robot_gt/mocap4r2_robot_gt) by extension 'colcon_pkg'
[0.877s] Level 1:colcon.colcon_core.package_identification:_identify(src/mocap4r2/mocap4r2_robot_gt/mocap4r2_robot_gt) by extensions ['colcon_meta']
[0.877s] Level 1:colcon.colcon_core.package_identification:_identify(src/mocap4r2/mocap4r2_robot_gt/mocap4r2_robot_gt) by extension 'colcon_meta'
[0.877s] Level 1:colcon.colcon_core.package_identification:_identify(src/mocap4r2/mocap4r2_robot_gt/mocap4r2_robot_gt) by extensions ['ros']
[0.877s] Level 1:colcon.colcon_core.package_identification:_identify(src/mocap4r2/mocap4r2_robot_gt/mocap4r2_robot_gt) by extension 'ros'
[0.879s] DEBUG:colcon.colcon_core.package_identification:Package 'src/mocap4r2/mocap4r2_robot_gt/mocap4r2_robot_gt' with type 'ros.ament_cmake' and name 'mocap4r2_robot_gt'
[0.879s] Level 1:colcon.colcon_core.package_identification:_identify(src/mocap4r2/mocap4r2_robot_gt/mocap4r2_robot_gt_msgs) by extensions ['ignore', 'ignore_ament_install']
[0.879s] Level 1:colcon.colcon_core.package_identification:_identify(src/mocap4r2/mocap4r2_robot_gt/mocap4r2_robot_gt_msgs) by extension 'ignore'
[0.879s] Level 1:colcon.colcon_core.package_identification:_identify(src/mocap4r2/mocap4r2_robot_gt/mocap4r2_robot_gt_msgs) by extension 'ignore_ament_install'
[0.879s] Level 1:colcon.colcon_core.package_identification:_identify(src/mocap4r2/mocap4r2_robot_gt/mocap4r2_robot_gt_msgs) by extensions ['colcon_pkg']
[0.879s] Level 1:colcon.colcon_core.package_identification:_identify(src/mocap4r2/mocap4r2_robot_gt/mocap4r2_robot_gt_msgs) by extension 'colcon_pkg'
[0.880s] Level 1:colcon.colcon_core.package_identification:_identify(src/mocap4r2/mocap4r2_robot_gt/mocap4r2_robot_gt_msgs) by extensions ['colcon_meta']
[0.880s] Level 1:colcon.colcon_core.package_identification:_identify(src/mocap4r2/mocap4r2_robot_gt/mocap4r2_robot_gt_msgs) by extension 'colcon_meta'
[0.880s] Level 1:colcon.colcon_core.package_identification:_identify(src/mocap4r2/mocap4r2_robot_gt/mocap4r2_robot_gt_msgs) by extensions ['ros']
[0.880s] Level 1:colcon.colcon_core.package_identification:_identify(src/mocap4r2/mocap4r2_robot_gt/mocap4r2_robot_gt_msgs) by extension 'ros'
[0.881s] DEBUG:colcon.colcon_core.package_identification:Package 'src/mocap4r2/mocap4r2_robot_gt/mocap4r2_robot_gt_msgs' with type 'ros.ament_cmake' and name 'mocap4r2_robot_gt_msgs'
[0.882s] Level 1:colcon.colcon_core.package_identification:_identify(src/mocap4r2/mocap4r2cli) by extensions ['ignore', 'ignore_ament_install']
[0.882s] Level 1:colcon.colcon_core.package_identification:_identify(src/mocap4r2/mocap4r2cli) by extension 'ignore'
[0.882s] Level 1:colcon.colcon_core.package_identification:_identify(src/mocap4r2/mocap4r2cli) by extension 'ignore_ament_install'
[0.882s] Level 1:colcon.colcon_core.package_identification:_identify(src/mocap4r2/mocap4r2cli) by extensions ['colcon_pkg']
[0.882s] Level 1:colcon.colcon_core.package_identification:_identify(src/mocap4r2/mocap4r2cli) by extension 'colcon_pkg'
[0.882s] Level 1:colcon.colcon_core.package_identification:_identify(src/mocap4r2/mocap4r2cli) by extensions ['colcon_meta']
[0.882s] Level 1:colcon.colcon_core.package_identification:_identify(src/mocap4r2/mocap4r2cli) by extension 'colcon_meta'
[0.883s] Level 1:colcon.colcon_core.package_identification:_identify(src/mocap4r2/mocap4r2cli) by extensions ['ros']
[0.883s] Level 1:colcon.colcon_core.package_identification:_identify(src/mocap4r2/mocap4r2cli) by extension 'ros'
[0.884s] DEBUG:colcon.colcon_core.package_identification:Package 'src/mocap4r2/mocap4r2cli' with type 'ros.ament_python' and name 'mocap4r2cli'
[0.884s] Level 1:colcon.colcon_core.package_identification:_identify(src/mocap4ros2_optitrack) by extensions ['ignore', 'ignore_ament_install']
[0.884s] Level 1:colcon.colcon_core.package_identification:_identify(src/mocap4ros2_optitrack) by extension 'ignore'
[0.884s] Level 1:colcon.colcon_core.package_identification:_identify(src/mocap4ros2_optitrack) by extension 'ignore_ament_install'
[0.884s] Level 1:colcon.colcon_core.package_identification:_identify(src/mocap4ros2_optitrack) by extensions ['colcon_pkg']
[0.884s] Level 1:colcon.colcon_core.package_identification:_identify(src/mocap4ros2_optitrack) by extension 'colcon_pkg'
[0.884s] Level 1:colcon.colcon_core.package_identification:_identify(src/mocap4ros2_optitrack) by extensions ['colcon_meta']
[0.885s] Level 1:colcon.colcon_core.package_identification:_identify(src/mocap4ros2_optitrack) by extension 'colcon_meta'
[0.885s] Level 1:colcon.colcon_core.package_identification:_identify(src/mocap4ros2_optitrack) by extensions ['ros']
[0.885s] Level 1:colcon.colcon_core.package_identification:_identify(src/mocap4ros2_optitrack) by extension 'ros'
[0.885s] Level 1:colcon.colcon_core.package_identification:_identify(src/mocap4ros2_optitrack) by extensions ['cmake', 'python']
[0.885s] Level 1:colcon.colcon_core.package_identification:_identify(src/mocap4ros2_optitrack) by extension 'cmake'
[0.885s] Level 1:colcon.colcon_core.package_identification:_identify(src/mocap4ros2_optitrack) by extension 'python'
[0.885s] Level 1:colcon.colcon_core.package_identification:_identify(src/mocap4ros2_optitrack) by extensions ['python_setup_py']
[0.885s] Level 1:colcon.colcon_core.package_identification:_identify(src/mocap4ros2_optitrack) by extension 'python_setup_py'
[0.885s] Level 1:colcon.colcon_core.package_identification:_identify(src/mocap4ros2_optitrack/mocap4r2_optitrack_driver) by extensions ['ignore', 'ignore_ament_install']
[0.886s] Level 1:colcon.colcon_core.package_identification:_identify(src/mocap4ros2_optitrack/mocap4r2_optitrack_driver) by extension 'ignore'
[0.886s] Level 1:colcon.colcon_core.package_identification:_identify(src/mocap4ros2_optitrack/mocap4r2_optitrack_driver) by extension 'ignore_ament_install'
[0.886s] Level 1:colcon.colcon_core.package_identification:_identify(src/mocap4ros2_optitrack/mocap4r2_optitrack_driver) by extensions ['colcon_pkg']
[0.886s] Level 1:colcon.colcon_core.package_identification:_identify(src/mocap4ros2_optitrack/mocap4r2_optitrack_driver) by extension 'colcon_pkg'
[0.886s] Level 1:colcon.colcon_core.package_identification:_identify(src/mocap4ros2_optitrack/mocap4r2_optitrack_driver) by extensions ['colcon_meta']
[0.886s] Level 1:colcon.colcon_core.package_identification:_identify(src/mocap4ros2_optitrack/mocap4r2_optitrack_driver) by extension 'colcon_meta'
[0.886s] Level 1:colcon.colcon_core.package_identification:_identify(src/mocap4ros2_optitrack/mocap4r2_optitrack_driver) by extensions ['ros']
[0.886s] Level 1:colcon.colcon_core.package_identification:_identify(src/mocap4ros2_optitrack/mocap4r2_optitrack_driver) by extension 'ros'
[0.888s] DEBUG:colcon.colcon_core.package_identification:Package 'src/mocap4ros2_optitrack/mocap4r2_optitrack_driver' with type 'ros.ament_cmake' and name 'mocap4r2_optitrack_driver'
[0.888s] Level 1:colcon.colcon_core.package_identification:_identify(src/mocap_msgs) by extensions ['ignore', 'ignore_ament_install']
[0.888s] Level 1:colcon.colcon_core.package_identification:_identify(src/mocap_msgs) by extension 'ignore'
[0.888s] Level 1:colcon.colcon_core.package_identification:_identify(src/mocap_msgs) by extension 'ignore_ament_install'
[0.889s] Level 1:colcon.colcon_core.package_identification:_identify(src/mocap_msgs) by extensions ['colcon_pkg']
[0.889s] Level 1:colcon.colcon_core.package_identification:_identify(src/mocap_msgs) by extension 'colcon_pkg'
[0.889s] Level 1:colcon.colcon_core.package_identification:_identify(src/mocap_msgs) by extensions ['colcon_meta']
[0.889s] Level 1:colcon.colcon_core.package_identification:_identify(src/mocap_msgs) by extension 'colcon_meta'
[0.889s] Level 1:colcon.colcon_core.package_identification:_identify(src/mocap_msgs) by extensions ['ros']
[0.889s] Level 1:colcon.colcon_core.package_identification:_identify(src/mocap_msgs) by extension 'ros'
[0.891s] DEBUG:colcon.colcon_core.package_identification:Package 'src/mocap_msgs' with type 'ros.ament_cmake' and name 'mocap4r2_msgs'
[0.891s] Level 1:colcon.colcon_core.package_discovery:discover_packages(recursive) using defaults
[0.891s] Level 1:colcon.colcon_core.package_discovery:discover_packages(ignore) discover
[0.891s] Level 1:colcon.colcon_core.package_discovery:discover_packages(ignore) using defaults
[0.891s] Level 1:colcon.colcon_core.package_discovery:discover_packages(path) discover
[0.891s] Level 1:colcon.colcon_core.package_discovery:discover_packages(path) using defaults
[0.959s] Level 1:colcon.colcon_core.package_discovery:discover_packages(prefix_path) check parameters
[0.959s] Level 1:colcon.colcon_core.package_discovery:discover_packages(prefix_path) discover
[0.962s] WARNING:colcon.colcon_ros.prefix_path.ament:The path '/home/airlab/seed25/ros_packages/mocap4r2_ws/install/mocap4r2_marker_viz' in the environment variable AMENT_PREFIX_PATH doesn't exist
[0.962s] WARNING:colcon.colcon_ros.prefix_path.catkin:The path '/home/airlab/seed25/ros_packages/mocap4r2_ws/install/mocap4r2_marker_viz' in the environment variable CMAKE_PREFIX_PATH doesn't exist
[0.965s] DEBUG:colcon.colcon_installed_package_information.package_discovery:Found 7 installed packages in /home/airlab/seed25/ros_packages/mocap4r2_ws/install
[0.967s] DEBUG:colcon.colcon_installed_package_information.package_discovery:Found 259 installed packages in /opt/ros/foxy
[0.970s] Level 1:colcon.colcon_core.package_discovery:discover_packages(prefix_path) using defaults
[1.094s] Level 5:colcon.colcon_core.verb:set package 'mocap4r2_control_msgs' build argument 'cmake_args' from command line to 'None'
[1.095s] Level 5:colcon.colcon_core.verb:set package 'mocap4r2_control_msgs' build argument 'cmake_target' from command line to 'None'
[1.095s] Level 5:colcon.colcon_core.verb:set package 'mocap4r2_control_msgs' build argument 'cmake_target_skip_unavailable' from command line to 'False'
[1.095s] Level 5:colcon.colcon_core.verb:set package 'mocap4r2_control_msgs' build argument 'cmake_clean_cache' from command line to 'False'
[1.095s] Level 5:colcon.colcon_core.verb:set package 'mocap4r2_control_msgs' build argument 'cmake_clean_first' from command line to 'False'
[1.095s] Level 5:colcon.colcon_core.verb:set package 'mocap4r2_control_msgs' build argument 'cmake_force_configure' from command line to 'False'
[1.095s] Level 5:colcon.colcon_core.verb:set package 'mocap4r2_control_msgs' build argument 'ament_cmake_args' from command line to 'None'
[1.095s] Level 5:colcon.colcon_core.verb:set package 'mocap4r2_control_msgs' build argument 'catkin_cmake_args' from command line to 'None'
[1.095s] Level 5:colcon.colcon_core.verb:set package 'mocap4r2_control_msgs' build argument 'catkin_skip_building_tests' from command line to 'False'
[1.095s] DEBUG:colcon.colcon_core.verb:Building package 'mocap4r2_control_msgs' with the following arguments: {'ament_cmake_args': None, 'build_base': '/home/airlab/seed25/ros_packages/mocap4r2_ws/build/mocap4r2_control_msgs', 'catkin_cmake_args': None, 'catkin_skip_building_tests': False, 'cmake_args': None, 'cmake_clean_cache': False, 'cmake_clean_first': False, 'cmake_force_configure': False, 'cmake_target': None, 'cmake_target_skip_unavailable': False, 'install_base': '/home/airlab/seed25/ros_packages/mocap4r2_ws/install/mocap4r2_control_msgs', 'merge_install': False, 'path': '/home/airlab/seed25/ros_packages/mocap4r2_ws/src/mocap4r2/mocap4r2_control/mocap4r2_control_msgs', 'symlink_install': False, 'test_result_base': None}
[1.096s] Level 5:colcon.colcon_core.verb:set package 'mocap4r2_marker_viz_srvs' build argument 'cmake_args' from command line to 'None'
[1.096s] Level 5:colcon.colcon_core.verb:set package 'mocap4r2_marker_viz_srvs' build argument 'cmake_target' from command line to 'None'
[1.096s] Level 5:colcon.colcon_core.verb:set package 'mocap4r2_marker_viz_srvs' build argument 'cmake_target_skip_unavailable' from command line to 'False'
[1.096s] Level 5:colcon.colcon_core.verb:set package 'mocap4r2_marker_viz_srvs' build argument 'cmake_clean_cache' from command line to 'False'
[1.096s] Level 5:colcon.colcon_core.verb:set package 'mocap4r2_marker_viz_srvs' build argument 'cmake_clean_first' from command line to 'False'
[1.096s] Level 5:colcon.colcon_core.verb:set package 'mocap4r2_marker_viz_srvs' build argument 'cmake_force_configure' from command line to 'False'
[1.096s] Level 5:colcon.colcon_core.verb:set package 'mocap4r2_marker_viz_srvs' build argument 'ament_cmake_args' from command line to 'None'
[1.096s] Level 5:colcon.colcon_core.verb:set package 'mocap4r2_marker_viz_srvs' build argument 'catkin_cmake_args' from command line to 'None'
[1.097s] Level 5:colcon.colcon_core.verb:set package 'mocap4r2_marker_viz_srvs' build argument 'catkin_skip_building_tests' from command line to 'False'
[1.097s] DEBUG:colcon.colcon_core.verb:Building package 'mocap4r2_marker_viz_srvs' with the following arguments: {'ament_cmake_args': None, 'build_base': '/home/airlab/seed25/ros_packages/mocap4r2_ws/build/mocap4r2_marker_viz_srvs', 'catkin_cmake_args': None, 'catkin_skip_building_tests': False, 'cmake_args': None, 'cmake_clean_cache': False, 'cmake_clean_first': False, 'cmake_force_configure': False, 'cmake_target': None, 'cmake_target_skip_unavailable': False, 'install_base': '/home/airlab/seed25/ros_packages/mocap4r2_ws/install/mocap4r2_marker_viz_srvs', 'merge_install': False, 'path': '/home/airlab/seed25/ros_packages/mocap4r2_ws/src/mocap4r2/mocap4r2_marker_viz/mocap4r2_marker_viz_srvs', 'symlink_install': False, 'test_result_base': None}
[1.097s] Level 5:colcon.colcon_core.verb:set package 'mocap4r2_msgs' build argument 'cmake_args' from command line to 'None'
[1.097s] Level 5:colcon.colcon_core.verb:set package 'mocap4r2_msgs' build argument 'cmake_target' from command line to 'None'
[1.097s] Level 5:colcon.colcon_core.verb:set package 'mocap4r2_msgs' build argument 'cmake_target_skip_unavailable' from command line to 'False'
[1.098s] Level 5:colcon.colcon_core.verb:set package 'mocap4r2_msgs' build argument 'cmake_clean_cache' from command line to 'False'
[1.098s] Level 5:colcon.colcon_core.verb:set package 'mocap4r2_msgs' build argument 'cmake_clean_first' from command line to 'False'
[1.098s] Level 5:colcon.colcon_core.verb:set package 'mocap4r2_msgs' build argument 'cmake_force_configure' from command line to 'False'
[1.098s] Level 5:colcon.colcon_core.verb:set package 'mocap4r2_msgs' build argument 'ament_cmake_args' from command line to 'None'
[1.098s] Level 5:colcon.colcon_core.verb:set package 'mocap4r2_msgs' build argument 'catkin_cmake_args' from command line to 'None'
[1.098s] Level 5:colcon.colcon_core.verb:set package 'mocap4r2_msgs' build argument 'catkin_skip_building_tests' from command line to 'False'
[1.098s] DEBUG:colcon.colcon_core.verb:Building package 'mocap4r2_msgs' with the following arguments: {'ament_cmake_args': None, 'build_base': '/home/airlab/seed25/ros_packages/mocap4r2_ws/build/mocap4r2_msgs', 'catkin_cmake_args': None, 'catkin_skip_building_tests': False, 'cmake_args': None, 'cmake_clean_cache': False, 'cmake_clean_first': False, 'cmake_force_configure': False, 'cmake_target': None, 'cmake_target_skip_unavailable': False, 'install_base': '/home/airlab/seed25/ros_packages/mocap4r2_ws/install/mocap4r2_msgs', 'merge_install': False, 'path': '/home/airlab/seed25/ros_packages/mocap4r2_ws/src/mocap_msgs', 'symlink_install': False, 'test_result_base': None}
[1.099s] Level 5:colcon.colcon_core.verb:set package 'mocap4r2_robot_gt_msgs' build argument 'cmake_args' from command line to 'None'
[1.099s] Level 5:colcon.colcon_core.verb:set package 'mocap4r2_robot_gt_msgs' build argument 'cmake_target' from command line to 'None'
[1.099s] Level 5:colcon.colcon_core.verb:set package 'mocap4r2_robot_gt_msgs' build argument 'cmake_target_skip_unavailable' from command line to 'False'
[1.099s] Level 5:colcon.colcon_core.verb:set package 'mocap4r2_robot_gt_msgs' build argument 'cmake_clean_cache' from command line to 'False'
[1.099s] Level 5:colcon.colcon_core.verb:set package 'mocap4r2_robot_gt_msgs' build argument 'cmake_clean_first' from command line to 'False'
[1.099s] Level 5:colcon.colcon_core.verb:set package 'mocap4r2_robot_gt_msgs' build argument 'cmake_force_configure' from command line to 'False'
[1.099s] Level 5:colcon.colcon_core.verb:set package 'mocap4r2_robot_gt_msgs' build argument 'ament_cmake_args' from command line to 'None'
[1.099s] Level 5:colcon.colcon_core.verb:set package 'mocap4r2_robot_gt_msgs' build argument 'catkin_cmake_args' from command line to 'None'
[1.099s] Level 5:colcon.colcon_core.verb:set package 'mocap4r2_robot_gt_msgs' build argument 'catkin_skip_building_tests' from command line to 'False'
[1.099s] DEBUG:colcon.colcon_core.verb:Building package 'mocap4r2_robot_gt_msgs' with the following arguments: {'ament_cmake_args': None, 'build_base': '/home/airlab/seed25/ros_packages/mocap4r2_ws/build/mocap4r2_robot_gt_msgs', 'catkin_cmake_args': None, 'catkin_skip_building_tests': False, 'cmake_args': None, 'cmake_clean_cache': False, 'cmake_clean_first': False, 'cmake_force_configure': False, 'cmake_target': None, 'cmake_target_skip_unavailable': False, 'install_base': '/home/airlab/seed25/ros_packages/mocap4r2_ws/install/mocap4r2_robot_gt_msgs', 'merge_install': False, 'path': '/home/airlab/seed25/ros_packages/mocap4r2_ws/src/mocap4r2/mocap4r2_robot_gt/mocap4r2_robot_gt_msgs', 'symlink_install': False, 'test_result_base': None}
[1.100s] Level 5:colcon.colcon_core.verb:set package 'mocap4r2_control' build argument 'cmake_args' from command line to 'None'
[1.100s] Level 5:colcon.colcon_core.verb:set package 'mocap4r2_control' build argument 'cmake_target' from command line to 'None'
[1.100s] Level 5:colcon.colcon_core.verb:set package 'mocap4r2_control' build argument 'cmake_target_skip_unavailable' from command line to 'False'
[1.100s] Level 5:colcon.colcon_core.verb:set package 'mocap4r2_control' build argument 'cmake_clean_cache' from command line to 'False'
[1.100s] Level 5:colcon.colcon_core.verb:set package 'mocap4r2_control' build argument 'cmake_clean_first' from command line to 'False'
[1.100s] Level 5:colcon.colcon_core.verb:set package 'mocap4r2_control' build argument 'cmake_force_configure' from command line to 'False'
[1.100s] Level 5:colcon.colcon_core.verb:set package 'mocap4r2_control' build argument 'ament_cmake_args' from command line to 'None'
[1.100s] Level 5:colcon.colcon_core.verb:set package 'mocap4r2_control' build argument 'catkin_cmake_args' from command line to 'None'
[1.100s] Level 5:colcon.colcon_core.verb:set package 'mocap4r2_control' build argument 'catkin_skip_building_tests' from command line to 'False'
[1.100s] DEBUG:colcon.colcon_core.verb:Building package 'mocap4r2_control' with the following arguments: {'ament_cmake_args': None, 'build_base': '/home/airlab/seed25/ros_packages/mocap4r2_ws/build/mocap4r2_control', 'catkin_cmake_args': None, 'catkin_skip_building_tests': False, 'cmake_args': None, 'cmake_clean_cache': False, 'cmake_clean_first': False, 'cmake_force_configure': False, 'cmake_target': None, 'cmake_target_skip_unavailable': False, 'install_base': '/home/airlab/seed25/ros_packages/mocap4r2_ws/install/mocap4r2_control', 'merge_install': False, 'path': '/home/airlab/seed25/ros_packages/mocap4r2_ws/src/mocap4r2/mocap4r2_control/mocap4r2_control', 'symlink_install': False, 'test_result_base': None}
[1.101s] Level 5:colcon.colcon_core.verb:set package 'mocap4r2_marker_publisher' build argument 'cmake_args' from command line to 'None'
[1.101s] Level 5:colcon.colcon_core.verb:set package 'mocap4r2_marker_publisher' build argument 'cmake_target' from command line to 'None'
[1.101s] Level 5:colcon.colcon_core.verb:set package 'mocap4r2_marker_publisher' build argument 'cmake_target_skip_unavailable' from command line to 'False'
[1.101s] Level 5:colcon.colcon_core.verb:set package 'mocap4r2_marker_publisher' build argument 'cmake_clean_cache' from command line to 'False'
[1.101s] Level 5:colcon.colcon_core.verb:set package 'mocap4r2_marker_publisher' build argument 'cmake_clean_first' from command line to 'False'
[1.101s] Level 5:colcon.colcon_core.verb:set package 'mocap4r2_marker_publisher' build argument 'cmake_force_configure' from command line to 'False'
[1.101s] Level 5:colcon.colcon_core.verb:set package 'mocap4r2_marker_publisher' build argument 'ament_cmake_args' from command line to 'None'
[1.101s] Level 5:colcon.colcon_core.verb:set package 'mocap4r2_marker_publisher' build argument 'catkin_cmake_args' from command line to 'None'
[1.101s] Level 5:colcon.colcon_core.verb:set package 'mocap4r2_marker_publisher' build argument 'catkin_skip_building_tests' from command line to 'False'
[1.102s] DEBUG:colcon.colcon_core.verb:Building package 'mocap4r2_marker_publisher' with the following arguments: {'ament_cmake_args': None, 'build_base': '/home/airlab/seed25/ros_packages/mocap4r2_ws/build/mocap4r2_marker_publisher', 'catkin_cmake_args': None, 'catkin_skip_building_tests': False, 'cmake_args': None, 'cmake_clean_cache': False, 'cmake_clean_first': False, 'cmake_force_configure': False, 'cmake_target': None, 'cmake_target_skip_unavailable': False, 'install_base': '/home/airlab/seed25/ros_packages/mocap4r2_ws/install/mocap4r2_marker_publisher', 'merge_install': False, 'path': '/home/airlab/seed25/ros_packages/mocap4r2_ws/src/mocap4r2/mocap4r2_marker_viz/mocap4r2_marker_publisher', 'symlink_install': False, 'test_result_base': None}
[1.102s] Level 5:colcon.colcon_core.verb:set package 'mocap4r2_marker_viz' build argument 'cmake_args' from command line to 'None'
[1.102s] Level 5:colcon.colcon_core.verb:set package 'mocap4r2_marker_viz' build argument 'cmake_target' from command line to 'None'
[1.102s] Level 5:colcon.colcon_core.verb:set package 'mocap4r2_marker_viz' build argument 'cmake_target_skip_unavailable' from command line to 'False'
[1.102s] Level 5:colcon.colcon_core.verb:set package 'mocap4r2_marker_viz' build argument 'cmake_clean_cache' from command line to 'False'
[1.103s] Level 5:colcon.colcon_core.verb:set package 'mocap4r2_marker_viz' build argument 'cmake_clean_first' from command line to 'False'
[1.103s] Level 5:colcon.colcon_core.verb:set package 'mocap4r2_marker_viz' build argument 'cmake_force_configure' from command line to 'False'
[1.103s] Level 5:colcon.colcon_core.verb:set package 'mocap4r2_marker_viz' build argument 'ament_cmake_args' from command line to 'None'
[1.103s] Level 5:colcon.colcon_core.verb:set package 'mocap4r2_marker_viz' build argument 'catkin_cmake_args' from command line to 'None'
[1.103s] Level 5:colcon.colcon_core.verb:set package 'mocap4r2_marker_viz' build argument 'catkin_skip_building_tests' from command line to 'False'
[1.103s] DEBUG:colcon.colcon_core.verb:Building package 'mocap4r2_marker_viz' with the following arguments: {'ament_cmake_args': None, 'build_base': '/home/airlab/seed25/ros_packages/mocap4r2_ws/build/mocap4r2_marker_viz', 'catkin_cmake_args': None, 'catkin_skip_building_tests': False, 'cmake_args': None, 'cmake_clean_cache': False, 'cmake_clean_first': False, 'cmake_force_configure': False, 'cmake_target': None, 'cmake_target_skip_unavailable': False, 'install_base': '/home/airlab/seed25/ros_packages/mocap4r2_ws/install/mocap4r2_marker_viz', 'merge_install': False, 'path': '/home/airlab/seed25/ros_packages/mocap4r2_ws/src/mocap4r2/mocap4r2_marker_viz/mocap4r2_marker_viz', 'symlink_install': False, 'test_result_base': None}
[1.103s] Level 5:colcon.colcon_core.verb:set package 'mocap4r2_robot_gt' build argument 'cmake_args' from command line to 'None'
[1.104s] Level 5:colcon.colcon_core.verb:set package 'mocap4r2_robot_gt' build argument 'cmake_target' from command line to 'None'
[1.104s] Level 5:colcon.colcon_core.verb:set package 'mocap4r2_robot_gt' build argument 'cmake_target_skip_unavailable' from command line to 'False'
[1.104s] Level 5:colcon.colcon_core.verb:set package 'mocap4r2_robot_gt' build argument 'cmake_clean_cache' from command line to 'False'
[1.104s] Level 5:colcon.colcon_core.verb:set package 'mocap4r2_robot_gt' build argument 'cmake_clean_first' from command line to 'False'
[1.104s] Level 5:colcon.colcon_core.verb:set package 'mocap4r2_robot_gt' build argument 'cmake_force_configure' from command line to 'False'
[1.104s] Level 5:colcon.colcon_core.verb:set package 'mocap4r2_robot_gt' build argument 'ament_cmake_args' from command line to 'None'
[1.104s] Level 5:colcon.colcon_core.verb:set package 'mocap4r2_robot_gt' build argument 'catkin_cmake_args' from command line to 'None'
[1.104s] Level 5:colcon.colcon_core.verb:set package 'mocap4r2_robot_gt' build argument 'catkin_skip_building_tests' from command line to 'False'
[1.104s] DEBUG:colcon.colcon_core.verb:Building package 'mocap4r2_robot_gt' with the following arguments: {'ament_cmake_args': None, 'build_base': '/home/airlab/seed25/ros_packages/mocap4r2_ws/build/mocap4r2_robot_gt', 'catkin_cmake_args': None, 'catkin_skip_building_tests': False, 'cmake_args': None, 'cmake_clean_cache': False, 'cmake_clean_first': False, 'cmake_force_configure': False, 'cmake_target': None, 'cmake_target_skip_unavailable': False, 'install_base': '/home/airlab/seed25/ros_packages/mocap4r2_ws/install/mocap4r2_robot_gt', 'merge_install': False, 'path': '/home/airlab/seed25/ros_packages/mocap4r2_ws/src/mocap4r2/mocap4r2_robot_gt/mocap4r2_robot_gt', 'symlink_install': False, 'test_result_base': None}
[1.105s] Level 5:colcon.colcon_core.verb:set package 'mocap4r2cli' build argument 'cmake_args' from command line to 'None'
[1.105s] Level 5:colcon.colcon_core.verb:set package 'mocap4r2cli' build argument 'cmake_target' from command line to 'None'
[1.105s] Level 5:colcon.colcon_core.verb:set package 'mocap4r2cli' build argument 'cmake_target_skip_unavailable' from command line to 'False'
[1.105s] Level 5:colcon.colcon_core.verb:set package 'mocap4r2cli' build argument 'cmake_clean_cache' from command line to 'False'
[1.105s] Level 5:colcon.colcon_core.verb:set package 'mocap4r2cli' build argument 'cmake_clean_first' from command line to 'False'
[1.105s] Level 5:colcon.colcon_core.verb:set package 'mocap4r2cli' build argument 'cmake_force_configure' from command line to 'False'
[1.105s] Level 5:colcon.colcon_core.verb:set package 'mocap4r2cli' build argument 'ament_cmake_args' from command line to 'None'
[1.105s] Level 5:colcon.colcon_core.verb:set package 'mocap4r2cli' build argument 'catkin_cmake_args' from command line to 'None'
[1.105s] Level 5:colcon.colcon_core.verb:set package 'mocap4r2cli' build argument 'catkin_skip_building_tests' from command line to 'False'
[1.105s] DEBUG:colcon.colcon_core.verb:Building package 'mocap4r2cli' with the following arguments: {'ament_cmake_args': None, 'build_base': '/home/airlab/seed25/ros_packages/mocap4r2_ws/build/mocap4r2cli', 'catkin_cmake_args': None, 'catkin_skip_building_tests': False, 'cmake_args': None, 'cmake_clean_cache': False, 'cmake_clean_first': False, 'cmake_force_configure': False, 'cmake_target': None, 'cmake_target_skip_unavailable': False, 'install_base': '/home/airlab/seed25/ros_packages/mocap4r2_ws/install/mocap4r2cli', 'merge_install': False, 'path': '/home/airlab/seed25/ros_packages/mocap4r2_ws/src/mocap4r2/mocap4r2cli', 'symlink_install': False, 'test_result_base': None}
[1.106s] Level 5:colcon.colcon_core.verb:set package 'mocap4r2_dummy_driver' build argument 'cmake_args' from command line to 'None'
[1.106s] Level 5:colcon.colcon_core.verb:set package 'mocap4r2_dummy_driver' build argument 'cmake_target' from command line to 'None'
[1.106s] Level 5:colcon.colcon_core.verb:set package 'mocap4r2_dummy_driver' build argument 'cmake_target_skip_unavailable' from command line to 'False'
[1.106s] Level 5:colcon.colcon_core.verb:set package 'mocap4r2_dummy_driver' build argument 'cmake_clean_cache' from command line to 'False'
[1.106s] Level 5:colcon.colcon_core.verb:set package 'mocap4r2_dummy_driver' build argument 'cmake_clean_first' from command line to 'False'
[1.106s] Level 5:colcon.colcon_core.verb:set package 'mocap4r2_dummy_driver' build argument 'cmake_force_configure' from command line to 'False'
[1.106s] Level 5:colcon.colcon_core.verb:set package 'mocap4r2_dummy_driver' build argument 'ament_cmake_args' from command line to 'None'
[1.106s] Level 5:colcon.colcon_core.verb:set package 'mocap4r2_dummy_driver' build argument 'catkin_cmake_args' from command line to 'None'
[1.106s] Level 5:colcon.colcon_core.verb:set package 'mocap4r2_dummy_driver' build argument 'catkin_skip_building_tests' from command line to 'False'
[1.106s] DEBUG:colcon.colcon_core.verb:Building package 'mocap4r2_dummy_driver' with the following arguments: {'ament_cmake_args': None, 'build_base': '/home/airlab/seed25/ros_packages/mocap4r2_ws/build/mocap4r2_dummy_driver', 'catkin_cmake_args': None, 'catkin_skip_building_tests': False, 'cmake_args': None, 'cmake_clean_cache': False, 'cmake_clean_first': False, 'cmake_force_configure': False, 'cmake_target': None, 'cmake_target_skip_unavailable': False, 'install_base': '/home/airlab/seed25/ros_packages/mocap4r2_ws/install/mocap4r2_dummy_driver', 'merge_install': False, 'path': '/home/airlab/seed25/ros_packages/mocap4r2_ws/src/mocap4r2/mocap4r2_dummy_driver', 'symlink_install': False, 'test_result_base': None}
[1.107s] Level 5:colcon.colcon_core.verb:set package 'mocap4r2_optitrack_driver' build argument 'cmake_args' from command line to 'None'
[1.107s] Level 5:colcon.colcon_core.verb:set package 'mocap4r2_optitrack_driver' build argument 'cmake_target' from command line to 'None'
[1.107s] Level 5:colcon.colcon_core.verb:set package 'mocap4r2_optitrack_driver' build argument 'cmake_target_skip_unavailable' from command line to 'False'
[1.107s] Level 5:colcon.colcon_core.verb:set package 'mocap4r2_optitrack_driver' build argument 'cmake_clean_cache' from command line to 'False'
[1.107s] Level 5:colcon.colcon_core.verb:set package 'mocap4r2_optitrack_driver' build argument 'cmake_clean_first' from command line to 'False'
[1.107s] Level 5:colcon.colcon_core.verb:set package 'mocap4r2_optitrack_driver' build argument 'cmake_force_configure' from command line to 'False'
[1.107s] Level 5:colcon.colcon_core.verb:set package 'mocap4r2_optitrack_driver' build argument 'ament_cmake_args' from command line to 'None'
[1.108s] Level 5:colcon.colcon_core.verb:set package 'mocap4r2_optitrack_driver' build argument 'catkin_cmake_args' from command line to 'None'
[1.108s] Level 5:colcon.colcon_core.verb:set package 'mocap4r2_optitrack_driver' build argument 'catkin_skip_building_tests' from command line to 'False'
[1.108s] DEBUG:colcon.colcon_core.verb:Building package 'mocap4r2_optitrack_driver' with the following arguments: {'ament_cmake_args': None, 'build_base': '/home/airlab/seed25/ros_packages/mocap4r2_ws/build/mocap4r2_optitrack_driver', 'catkin_cmake_args': None, 'catkin_skip_building_tests': False, 'cmake_args': None, 'cmake_clean_cache': False, 'cmake_clean_first': False, 'cmake_force_configure': False, 'cmake_target': None, 'cmake_target_skip_unavailable': False, 'install_base': '/home/airlab/seed25/ros_packages/mocap4r2_ws/install/mocap4r2_optitrack_driver', 'merge_install': False, 'path': '/home/airlab/seed25/ros_packages/mocap4r2_ws/src/mocap4ros2_optitrack/mocap4r2_optitrack_driver', 'symlink_install': False, 'test_result_base': None}
[1.108s] Level 5:colcon.colcon_core.verb:set package 'rqt_mocap4r2_control' build argument 'cmake_args' from command line to 'None'
[1.108s] Level 5:colcon.colcon_core.verb:set package 'rqt_mocap4r2_control' build argument 'cmake_target' from command line to 'None'
[1.109s] Level 5:colcon.colcon_core.verb:set package 'rqt_mocap4r2_control' build argument 'cmake_target_skip_unavailable' from command line to 'False'
[1.109s] Level 5:colcon.colcon_core.verb:set package 'rqt_mocap4r2_control' build argument 'cmake_clean_cache' from command line to 'False'
[1.109s] Level 5:colcon.colcon_core.verb:set package 'rqt_mocap4r2_control' build argument 'cmake_clean_first' from command line to 'False'
[1.109s] Level 5:colcon.colcon_core.verb:set package 'rqt_mocap4r2_control' build argument 'cmake_force_configure' from command line to 'False'
[1.109s] Level 5:colcon.colcon_core.verb:set package 'rqt_mocap4r2_control' build argument 'ament_cmake_args' from command line to 'None'
[1.109s] Level 5:colcon.colcon_core.verb:set package 'rqt_mocap4r2_control' build argument 'catkin_cmake_args' from command line to 'None'
[1.109s] Level 5:colcon.colcon_core.verb:set package 'rqt_mocap4r2_control' build argument 'catkin_skip_building_tests' from command line to 'False'
[1.109s] DEBUG:colcon.colcon_core.verb:Building package 'rqt_mocap4r2_control' with the following arguments: {'ament_cmake_args': None, 'build_base': '/home/airlab/seed25/ros_packages/mocap4r2_ws/build/rqt_mocap4r2_control', 'catkin_cmake_args': None, 'catkin_skip_building_tests': False, 'cmake_args': None, 'cmake_clean_cache': False, 'cmake_clean_first': False, 'cmake_force_configure': False, 'cmake_target': None, 'cmake_target_skip_unavailable': False, 'install_base': '/home/airlab/seed25/ros_packages/mocap4r2_ws/install/rqt_mocap4r2_control', 'merge_install': False, 'path': '/home/airlab/seed25/ros_packages/mocap4r2_ws/src/mocap4r2/mocap4r2_control/rqt_mocap4r2_control', 'symlink_install': False, 'test_result_base': None}
[1.109s] INFO:colcon.colcon_core.executor:Executing jobs using 'parallel' executor
[1.112s] DEBUG:colcon.colcon_parallel_executor.executor.parallel:run_until_complete
[1.112s] INFO:colcon.colcon_ros.task.ament_cmake.build:Building ROS package in '/home/airlab/seed25/ros_packages/mocap4r2_ws/src/mocap4r2/mocap4r2_control/mocap4r2_control_msgs' with build type 'ament_cmake'
[1.113s] INFO:colcon.colcon_cmake.task.cmake.build:Building CMake package in '/home/airlab/seed25/ros_packages/mocap4r2_ws/src/mocap4r2/mocap4r2_control/mocap4r2_control_msgs'
[1.118s] INFO:colcon.colcon_core.plugin_system:Skipping extension 'colcon_core.shell.bat': Not used on non-Windows systems
[1.119s] INFO:colcon.colcon_core.shell:Skip shell extension 'powershell' for command environment: Not usable outside of PowerShell
[1.119s] DEBUG:colcon.colcon_core.shell:Skip shell extension 'dsv' for command environment
[1.131s] INFO:colcon.colcon_ros.task.ament_cmake.build:Building ROS package in '/home/airlab/seed25/ros_packages/mocap4r2_ws/src/mocap_msgs' with build type 'ament_cmake'
[1.132s] INFO:colcon.colcon_cmake.task.cmake.build:Building CMake package in '/home/airlab/seed25/ros_packages/mocap4r2_ws/src/mocap_msgs'
[1.133s] INFO:colcon.colcon_core.shell:Skip shell extension 'powershell' for command environment: Not usable outside of PowerShell
[1.133s] DEBUG:colcon.colcon_core.shell:Skip shell extension 'dsv' for command environment
[1.144s] INFO:colcon.colcon_ros.task.ament_cmake.build:Building ROS package in '/home/airlab/seed25/ros_packages/mocap4r2_ws/src/mocap4r2/mocap4r2_marker_viz/mocap4r2_marker_viz_srvs' with build type 'ament_cmake'
[1.144s] INFO:colcon.colcon_cmake.task.cmake.build:Building CMake package in '/home/airlab/seed25/ros_packages/mocap4r2_ws/src/mocap4r2/mocap4r2_marker_viz/mocap4r2_marker_viz_srvs'
[1.145s] INFO:colcon.colcon_core.shell:Skip shell extension 'powershell' for command environment: Not usable outside of PowerShell
[1.145s] DEBUG:colcon.colcon_core.shell:Skip shell extension 'dsv' for command environment
[1.155s] INFO:colcon.colcon_ros.task.ament_cmake.build:Building ROS package in '/home/airlab/seed25/ros_packages/mocap4r2_ws/src/mocap4r2/mocap4r2_robot_gt/mocap4r2_robot_gt_msgs' with build type 'ament_cmake'
[1.156s] INFO:colcon.colcon_cmake.task.cmake.build:Building CMake package in '/home/airlab/seed25/ros_packages/mocap4r2_ws/src/mocap4r2/mocap4r2_robot_gt/mocap4r2_robot_gt_msgs'
[1.157s] INFO:colcon.colcon_core.shell:Skip shell extension 'powershell' for command environment: Not usable outside of PowerShell
[1.157s] DEBUG:colcon.colcon_core.shell:Skip shell extension 'dsv' for command environment
[1.176s] DEBUG:colcon.colcon_core.event_handler.log_command:Invoking command in '/home/airlab/seed25/ros_packages/mocap4r2_ws/build/mocap4r2_control_msgs': CMAKE_PREFIX_PATH=${CMAKE_PREFIX_PATH}:/home/airlab/seed25/ros_packages/mocap4r2_ws/install/mocap4r2cli:/opt/ros/foxy /usr/bin/cmake --build /home/airlab/seed25/ros_packages/mocap4r2_ws/build/mocap4r2_control_msgs -- -j4 -l4
[1.189s] DEBUG:colcon.colcon_core.event_handler.log_command:Invoking command in '/home/airlab/seed25/ros_packages/mocap4r2_ws/build/mocap4r2_msgs': CMAKE_PREFIX_PATH=${CMAKE_PREFIX_PATH}:/home/airlab/seed25/ros_packages/mocap4r2_ws/install/mocap4r2cli:/opt/ros/foxy /usr/bin/cmake --build /home/airlab/seed25/ros_packages/mocap4r2_ws/build/mocap4r2_msgs -- -j4 -l4
[1.198s] DEBUG:colcon.colcon_core.event_handler.log_command:Invoking command in '/home/airlab/seed25/ros_packages/mocap4r2_ws/build/mocap4r2_marker_viz_srvs': CMAKE_PREFIX_PATH=${CMAKE_PREFIX_PATH}:/home/airlab/seed25/ros_packages/mocap4r2_ws/install/mocap4r2cli:/opt/ros/foxy /usr/bin/cmake --build /home/airlab/seed25/ros_packages/mocap4r2_ws/build/mocap4r2_marker_viz_srvs -- -j4 -l4
[1.217s] DEBUG:colcon.colcon_core.event_handler.log_command:Invoking command in '/home/airlab/seed25/ros_packages/mocap4r2_ws/build/mocap4r2_robot_gt_msgs': CMAKE_PREFIX_PATH=${CMAKE_PREFIX_PATH}:/home/airlab/seed25/ros_packages/mocap4r2_ws/install/mocap4r2cli:/opt/ros/foxy /usr/bin/cmake --build /home/airlab/seed25/ros_packages/mocap4r2_ws/build/mocap4r2_robot_gt_msgs -- -j4 -l4
[2.008s] DEBUG:colcon.colcon_core.event_handler.log_command:Invoked command in '/home/airlab/seed25/ros_packages/mocap4r2_ws/build/mocap4r2_control_msgs' returned '0': CMAKE_PREFIX_PATH=${CMAKE_PREFIX_PATH}:/home/airlab/seed25/ros_packages/mocap4r2_ws/install/mocap4r2cli:/opt/ros/foxy /usr/bin/cmake --build /home/airlab/seed25/ros_packages/mocap4r2_ws/build/mocap4r2_control_msgs -- -j4 -l4
[2.048s] DEBUG:colcon.colcon_core.event_handler.log_command:Invoking command in '/home/airlab/seed25/ros_packages/mocap4r2_ws/build/mocap4r2_control_msgs': CMAKE_PREFIX_PATH=${CMAKE_PREFIX_PATH}:/home/airlab/seed25/ros_packages/mocap4r2_ws/install/mocap4r2cli:/opt/ros/foxy /usr/bin/cmake --install /home/airlab/seed25/ros_packages/mocap4r2_ws/build/mocap4r2_control_msgs
[2.068s] DEBUG:colcon.colcon_core.event_handler.log_command:Invoked command in '/home/airlab/seed25/ros_packages/mocap4r2_ws/build/mocap4r2_robot_gt_msgs' returned '0': CMAKE_PREFIX_PATH=${CMAKE_PREFIX_PATH}:/home/airlab/seed25/ros_packages/mocap4r2_ws/install/mocap4r2cli:/opt/ros/foxy /usr/bin/cmake --build /home/airlab/seed25/ros_packages/mocap4r2_ws/build/mocap4r2_robot_gt_msgs -- -j4 -l4
[2.070s] DEBUG:colcon.colcon_core.event_handler.log_command:Invoking command in '/home/airlab/seed25/ros_packages/mocap4r2_ws/build/mocap4r2_robot_gt_msgs': CMAKE_PREFIX_PATH=${CMAKE_PREFIX_PATH}:/home/airlab/seed25/ros_packages/mocap4r2_ws/install/mocap4r2cli:/opt/ros/foxy /usr/bin/cmake --install /home/airlab/seed25/ros_packages/mocap4r2_ws/build/mocap4r2_robot_gt_msgs
[2.101s] DEBUG:colcon.colcon_core.event_handler.log_command:Invoked command in '/home/airlab/seed25/ros_packages/mocap4r2_ws/build/mocap4r2_marker_viz_srvs' returned '0': CMAKE_PREFIX_PATH=${CMAKE_PREFIX_PATH}:/home/airlab/seed25/ros_packages/mocap4r2_ws/install/mocap4r2cli:/opt/ros/foxy /usr/bin/cmake --build /home/airlab/seed25/ros_packages/mocap4r2_ws/build/mocap4r2_marker_viz_srvs -- -j4 -l4
[2.103s] DEBUG:colcon.colcon_core.event_handler.log_command:Invoking command in '/home/airlab/seed25/ros_packages/mocap4r2_ws/build/mocap4r2_marker_viz_srvs': CMAKE_PREFIX_PATH=${CMAKE_PREFIX_PATH}:/home/airlab/seed25/ros_packages/mocap4r2_ws/install/mocap4r2cli:/opt/ros/foxy /usr/bin/cmake --install /home/airlab/seed25/ros_packages/mocap4r2_ws/build/mocap4r2_marker_viz_srvs
[2.195s] DEBUG:colcon.colcon_core.event_handler.log_command:Invoked command in '/home/airlab/seed25/ros_packages/mocap4r2_ws/build/mocap4r2_msgs' returned '0': CMAKE_PREFIX_PATH=${CMAKE_PREFIX_PATH}:/home/airlab/seed25/ros_packages/mocap4r2_ws/install/mocap4r2cli:/opt/ros/foxy /usr/bin/cmake --build /home/airlab/seed25/ros_packages/mocap4r2_ws/build/mocap4r2_msgs -- -j4 -l4
[2.197s] DEBUG:colcon.colcon_core.event_handler.log_command:Invoking command in '/home/airlab/seed25/ros_packages/mocap4r2_ws/build/mocap4r2_msgs': CMAKE_PREFIX_PATH=${CMAKE_PREFIX_PATH}:/home/airlab/seed25/ros_packages/mocap4r2_ws/install/mocap4r2cli:/opt/ros/foxy /usr/bin/cmake --install /home/airlab/seed25/ros_packages/mocap4r2_ws/build/mocap4r2_msgs
[2.215s] Level 1:colcon.colcon_core.environment:create_environment_scripts_only(mocap4r2_control_msgs)
[2.221s] DEBUG:colcon.colcon_core.event_handler.log_command:Invoked command in '/home/airlab/seed25/ros_packages/mocap4r2_ws/build/mocap4r2_control_msgs' returned '0': CMAKE_PREFIX_PATH=${CMAKE_PREFIX_PATH}:/home/airlab/seed25/ros_packages/mocap4r2_ws/install/mocap4r2cli:/opt/ros/foxy /usr/bin/cmake --install /home/airlab/seed25/ros_packages/mocap4r2_ws/build/mocap4r2_control_msgs
[2.228s] Level 1:colcon.colcon_core.environment:checking '/home/airlab/seed25/ros_packages/mocap4r2_ws/install/mocap4r2_control_msgs' for CMake module files
[2.229s] Level 1:colcon.colcon_core.environment:checking '/home/airlab/seed25/ros_packages/mocap4r2_ws/install/mocap4r2_control_msgs' for CMake config files
[2.230s] Level 1:colcon.colcon_core.shell:create_environment_hook('mocap4r2_control_msgs', 'cmake_prefix_path')
[2.231s] INFO:colcon.colcon_core.shell:Creating environment hook '/home/airlab/seed25/ros_packages/mocap4r2_ws/install/mocap4r2_control_msgs/share/mocap4r2_control_msgs/hook/cmake_prefix_path.ps1'
[2.233s] INFO:colcon.colcon_core.shell:Creating environment descriptor '/home/airlab/seed25/ros_packages/mocap4r2_ws/install/mocap4r2_control_msgs/share/mocap4r2_control_msgs/hook/cmake_prefix_path.dsv'
[2.234s] INFO:colcon.colcon_core.shell:Creating environment hook '/home/airlab/seed25/ros_packages/mocap4r2_ws/install/mocap4r2_control_msgs/share/mocap4r2_control_msgs/hook/cmake_prefix_path.sh'
[2.246s] Level 1:colcon.colcon_core.environment:checking '/home/airlab/seed25/ros_packages/mocap4r2_ws/install/mocap4r2_control_msgs/lib'
[2.247s] Level 1:colcon.colcon_core.shell:create_environment_hook('mocap4r2_control_msgs', 'ld_library_path_lib')
[2.248s] INFO:colcon.colcon_core.shell:Creating environment hook '/home/airlab/seed25/ros_packages/mocap4r2_ws/install/mocap4r2_control_msgs/share/mocap4r2_control_msgs/hook/ld_library_path_lib.ps1'
[2.250s] INFO:colcon.colcon_core.shell:Creating environment descriptor '/home/airlab/seed25/ros_packages/mocap4r2_ws/install/mocap4r2_control_msgs/share/mocap4r2_control_msgs/hook/ld_library_path_lib.dsv'
[2.252s] INFO:colcon.colcon_core.shell:Creating environment hook '/home/airlab/seed25/ros_packages/mocap4r2_ws/install/mocap4r2_control_msgs/share/mocap4r2_control_msgs/hook/ld_library_path_lib.sh'
[2.254s] Level 1:colcon.colcon_core.environment:checking '/home/airlab/seed25/ros_packages/mocap4r2_ws/install/mocap4r2_control_msgs/bin'
[2.254s] Level 1:colcon.colcon_core.environment:checking '/home/airlab/seed25/ros_packages/mocap4r2_ws/install/mocap4r2_control_msgs/lib/pkgconfig/mocap4r2_control_msgs.pc'
[2.255s] Level 1:colcon.colcon_core.environment:checking '/home/airlab/seed25/ros_packages/mocap4r2_ws/install/mocap4r2_control_msgs/lib/python3.8/site-packages'
[2.256s] Level 1:colcon.colcon_core.shell:create_environment_hook('mocap4r2_control_msgs', 'pythonpath')
[2.256s] INFO:colcon.colcon_core.shell:Creating environment hook '/home/airlab/seed25/ros_packages/mocap4r2_ws/install/mocap4r2_control_msgs/share/mocap4r2_control_msgs/hook/pythonpath.ps1'
[2.258s] INFO:colcon.colcon_core.shell:Creating environment descriptor '/home/airlab/seed25/ros_packages/mocap4r2_ws/install/mocap4r2_control_msgs/share/mocap4r2_control_msgs/hook/pythonpath.dsv'
[2.259s] INFO:colcon.colcon_core.shell:Creating environment hook '/home/airlab/seed25/ros_packages/mocap4r2_ws/install/mocap4r2_control_msgs/share/mocap4r2_control_msgs/hook/pythonpath.sh'
[2.261s] Level 1:colcon.colcon_core.environment:checking '/home/airlab/seed25/ros_packages/mocap4r2_ws/install/mocap4r2_control_msgs/bin'
[2.263s] INFO:colcon.colcon_core.shell:Creating package script '/home/airlab/seed25/ros_packages/mocap4r2_ws/install/mocap4r2_control_msgs/share/mocap4r2_control_msgs/package.ps1'
[2.266s] INFO:colcon.colcon_core.shell:Creating package descriptor '/home/airlab/seed25/ros_packages/mocap4r2_ws/install/mocap4r2_control_msgs/share/mocap4r2_control_msgs/package.dsv'
[2.268s] INFO:colcon.colcon_core.shell:Creating package script '/home/airlab/seed25/ros_packages/mocap4r2_ws/install/mocap4r2_control_msgs/share/mocap4r2_control_msgs/package.sh'
[2.272s] INFO:colcon.colcon_core.shell:Creating package script '/home/airlab/seed25/ros_packages/mocap4r2_ws/install/mocap4r2_control_msgs/share/mocap4r2_control_msgs/package.bash'
[2.275s] INFO:colcon.colcon_core.shell:Creating package script '/home/airlab/seed25/ros_packages/mocap4r2_ws/install/mocap4r2_control_msgs/share/mocap4r2_control_msgs/package.zsh'
[2.277s] Level 1:colcon.colcon_core.environment:create_file_with_runtime_dependencies(/home/airlab/seed25/ros_packages/mocap4r2_ws/install/mocap4r2_control_msgs/share/colcon-core/packages/mocap4r2_control_msgs)
[2.280s] Level 1:colcon.colcon_core.environment:create_environment_scripts_only(mocap4r2_control_msgs)
[2.281s] Level 1:colcon.colcon_core.environment:checking '/home/airlab/seed25/ros_packages/mocap4r2_ws/install/mocap4r2_control_msgs' for CMake module files
[2.285s] Level 1:colcon.colcon_core.environment:checking '/home/airlab/seed25/ros_packages/mocap4r2_ws/install/mocap4r2_control_msgs' for CMake config files
[2.290s] Level 1:colcon.colcon_core.shell:create_environment_hook('mocap4r2_control_msgs', 'cmake_prefix_path')
[2.291s] INFO:colcon.colcon_core.shell:Creating environment hook '/home/airlab/seed25/ros_packages/mocap4r2_ws/install/mocap4r2_control_msgs/share/mocap4r2_control_msgs/hook/cmake_prefix_path.ps1'
[2.292s] INFO:colcon.colcon_core.shell:Creating environment descriptor '/home/airlab/seed25/ros_packages/mocap4r2_ws/install/mocap4r2_control_msgs/share/mocap4r2_control_msgs/hook/cmake_prefix_path.dsv'
[2.294s] INFO:colcon.colcon_core.shell:Creating environment hook '/home/airlab/seed25/ros_packages/mocap4r2_ws/install/mocap4r2_control_msgs/share/mocap4r2_control_msgs/hook/cmake_prefix_path.sh'
[2.296s] Level 1:colcon.colcon_core.environment:checking '/home/airlab/seed25/ros_packages/mocap4r2_ws/install/mocap4r2_control_msgs/lib'
[2.296s] Level 1:colcon.colcon_core.shell:create_environment_hook('mocap4r2_control_msgs', 'ld_library_path_lib')
[2.297s] INFO:colcon.colcon_core.shell:Creating environment hook '/home/airlab/seed25/ros_packages/mocap4r2_ws/install/mocap4r2_control_msgs/share/mocap4r2_control_msgs/hook/ld_library_path_lib.ps1'
[2.298s] INFO:colcon.colcon_core.shell:Creating environment descriptor '/home/airlab/seed25/ros_packages/mocap4r2_ws/install/mocap4r2_control_msgs/share/mocap4r2_control_msgs/hook/ld_library_path_lib.dsv'
[2.300s] INFO:colcon.colcon_core.shell:Creating environment hook '/home/airlab/seed25/ros_packages/mocap4r2_ws/install/mocap4r2_control_msgs/share/mocap4r2_control_msgs/hook/ld_library_path_lib.sh'
[2.301s] Level 1:colcon.colcon_core.environment:checking '/home/airlab/seed25/ros_packages/mocap4r2_ws/install/mocap4r2_control_msgs/bin'
[2.302s] Level 1:colcon.colcon_core.environment:checking '/home/airlab/seed25/ros_packages/mocap4r2_ws/install/mocap4r2_control_msgs/lib/pkgconfig/mocap4r2_control_msgs.pc'
[2.302s] Level 1:colcon.colcon_core.environment:checking '/home/airlab/seed25/ros_packages/mocap4r2_ws/install/mocap4r2_control_msgs/lib/python3.8/site-packages'
[2.302s] Level 1:colcon.colcon_core.shell:create_environment_hook('mocap4r2_control_msgs', 'pythonpath')
[2.303s] INFO:colcon.colcon_core.shell:Creating environment hook '/home/airlab/seed25/ros_packages/mocap4r2_ws/install/mocap4r2_control_msgs/share/mocap4r2_control_msgs/hook/pythonpath.ps1'
[2.305s] INFO:colcon.colcon_core.shell:Creating environment descriptor '/home/airlab/seed25/ros_packages/mocap4r2_ws/install/mocap4r2_control_msgs/share/mocap4r2_control_msgs/hook/pythonpath.dsv'
[2.306s] INFO:colcon.colcon_core.shell:Creating environment hook '/home/airlab/seed25/ros_packages/mocap4r2_ws/install/mocap4r2_control_msgs/share/mocap4r2_control_msgs/hook/pythonpath.sh'
[2.308s] Level 1:colcon.colcon_core.environment:checking '/home/airlab/seed25/ros_packages/mocap4r2_ws/install/mocap4r2_control_msgs/bin'
[2.309s] INFO:colcon.colcon_core.shell:Creating package script '/home/airlab/seed25/ros_packages/mocap4r2_ws/install/mocap4r2_control_msgs/share/mocap4r2_control_msgs/package.ps1'
[2.311s] INFO:colcon.colcon_core.shell:Creating package descriptor '/home/airlab/seed25/ros_packages/mocap4r2_ws/install/mocap4r2_control_msgs/share/mocap4r2_control_msgs/package.dsv'
[2.312s] INFO:colcon.colcon_core.shell:Creating package script '/home/airlab/seed25/ros_packages/mocap4r2_ws/install/mocap4r2_control_msgs/share/mocap4r2_control_msgs/package.sh'
[2.314s] INFO:colcon.colcon_core.shell:Creating package script '/home/airlab/seed25/ros_packages/mocap4r2_ws/install/mocap4r2_control_msgs/share/mocap4r2_control_msgs/package.bash'
[2.316s] INFO:colcon.colcon_core.shell:Creating package script '/home/airlab/seed25/ros_packages/mocap4r2_ws/install/mocap4r2_control_msgs/share/mocap4r2_control_msgs/package.zsh'
[2.317s] Level 1:colcon.colcon_core.environment:create_file_with_runtime_dependencies(/home/airlab/seed25/ros_packages/mocap4r2_ws/install/mocap4r2_control_msgs/share/colcon-core/packages/mocap4r2_control_msgs)
[2.319s] INFO:colcon.colcon_ros.task.ament_cmake.build:Building ROS package in '/home/airlab/seed25/ros_packages/mocap4r2_ws/src/mocap4r2/mocap4r2_control/mocap4r2_control' with build type 'ament_cmake'
[2.320s] INFO:colcon.colcon_cmake.task.cmake.build:Building CMake package in '/home/airlab/seed25/ros_packages/mocap4r2_ws/src/mocap4r2/mocap4r2_control/mocap4r2_control'
[2.321s] INFO:colcon.colcon_core.shell:Skip shell extension 'powershell' for command environment: Not usable outside of PowerShell
[2.321s] DEBUG:colcon.colcon_core.shell:Skip shell extension 'dsv' for command environment
[2.342s] Level 1:colcon.colcon_core.environment:create_environment_scripts_only(mocap4r2_robot_gt_msgs)
[2.343s] Level 1:colcon.colcon_core.environment:checking '/home/airlab/seed25/ros_packages/mocap4r2_ws/install/mocap4r2_robot_gt_msgs' for CMake module files
[2.347s] Level 1:colcon.colcon_core.environment:checking '/home/airlab/seed25/ros_packages/mocap4r2_ws/install/mocap4r2_robot_gt_msgs' for CMake config files
[2.351s] DEBUG:colcon.colcon_core.event_handler.log_command:Invoked command in '/home/airlab/seed25/ros_packages/mocap4r2_ws/build/mocap4r2_robot_gt_msgs' returned '0': CMAKE_PREFIX_PATH=${CMAKE_PREFIX_PATH}:/home/airlab/seed25/ros_packages/mocap4r2_ws/install/mocap4r2cli:/opt/ros/foxy /usr/bin/cmake --install /home/airlab/seed25/ros_packages/mocap4r2_ws/build/mocap4r2_robot_gt_msgs
[2.351s] Level 1:colcon.colcon_core.shell:create_environment_hook('mocap4r2_robot_gt_msgs', 'cmake_prefix_path')
[2.352s] INFO:colcon.colcon_core.shell:Creating environment hook '/home/airlab/seed25/ros_packages/mocap4r2_ws/install/mocap4r2_robot_gt_msgs/share/mocap4r2_robot_gt_msgs/hook/cmake_prefix_path.ps1'
[2.353s] INFO:colcon.colcon_core.shell:Creating environment descriptor '/home/airlab/seed25/ros_packages/mocap4r2_ws/install/mocap4r2_robot_gt_msgs/share/mocap4r2_robot_gt_msgs/hook/cmake_prefix_path.dsv'
[2.354s] INFO:colcon.colcon_core.shell:Creating environment hook '/home/airlab/seed25/ros_packages/mocap4r2_ws/install/mocap4r2_robot_gt_msgs/share/mocap4r2_robot_gt_msgs/hook/cmake_prefix_path.sh'
[2.355s] Level 1:colcon.colcon_core.environment:checking '/home/airlab/seed25/ros_packages/mocap4r2_ws/install/mocap4r2_robot_gt_msgs/lib'
[2.355s] Level 1:colcon.colcon_core.shell:create_environment_hook('mocap4r2_robot_gt_msgs', 'ld_library_path_lib')
[2.356s] INFO:colcon.colcon_core.shell:Creating environment hook '/home/airlab/seed25/ros_packages/mocap4r2_ws/install/mocap4r2_robot_gt_msgs/share/mocap4r2_robot_gt_msgs/hook/ld_library_path_lib.ps1'
[2.357s] INFO:colcon.colcon_core.shell:Creating environment descriptor '/home/airlab/seed25/ros_packages/mocap4r2_ws/install/mocap4r2_robot_gt_msgs/share/mocap4r2_robot_gt_msgs/hook/ld_library_path_lib.dsv'
[2.357s] INFO:colcon.colcon_core.shell:Creating environment hook '/home/airlab/seed25/ros_packages/mocap4r2_ws/install/mocap4r2_robot_gt_msgs/share/mocap4r2_robot_gt_msgs/hook/ld_library_path_lib.sh'
[2.358s] Level 1:colcon.colcon_core.environment:checking '/home/airlab/seed25/ros_packages/mocap4r2_ws/install/mocap4r2_robot_gt_msgs/bin'
[2.358s] Level 1:colcon.colcon_core.environment:checking '/home/airlab/seed25/ros_packages/mocap4r2_ws/install/mocap4r2_robot_gt_msgs/lib/pkgconfig/mocap4r2_robot_gt_msgs.pc'
[2.359s] Level 1:colcon.colcon_core.environment:checking '/home/airlab/seed25/ros_packages/mocap4r2_ws/install/mocap4r2_robot_gt_msgs/lib/python3.8/site-packages'
[2.359s] Level 1:colcon.colcon_core.shell:create_environment_hook('mocap4r2_robot_gt_msgs', 'pythonpath')
[2.359s] INFO:colcon.colcon_core.shell:Creating environment hook '/home/airlab/seed25/ros_packages/mocap4r2_ws/install/mocap4r2_robot_gt_msgs/share/mocap4r2_robot_gt_msgs/hook/pythonpath.ps1'
[2.360s] INFO:colcon.colcon_core.shell:Creating environment descriptor '/home/airlab/seed25/ros_packages/mocap4r2_ws/install/mocap4r2_robot_gt_msgs/share/mocap4r2_robot_gt_msgs/hook/pythonpath.dsv'
[2.361s] INFO:colcon.colcon_core.shell:Creating environment hook '/home/airlab/seed25/ros_packages/mocap4r2_ws/install/mocap4r2_robot_gt_msgs/share/mocap4r2_robot_gt_msgs/hook/pythonpath.sh'
[2.362s] Level 1:colcon.colcon_core.environment:checking '/home/airlab/seed25/ros_packages/mocap4r2_ws/install/mocap4r2_robot_gt_msgs/bin'
[2.363s] INFO:colcon.colcon_core.shell:Creating package script '/home/airlab/seed25/ros_packages/mocap4r2_ws/install/mocap4r2_robot_gt_msgs/share/mocap4r2_robot_gt_msgs/package.ps1'
[2.364s] INFO:colcon.colcon_core.shell:Creating package descriptor '/home/airlab/seed25/ros_packages/mocap4r2_ws/install/mocap4r2_robot_gt_msgs/share/mocap4r2_robot_gt_msgs/package.dsv'
[2.365s] INFO:colcon.colcon_core.shell:Creating package script '/home/airlab/seed25/ros_packages/mocap4r2_ws/install/mocap4r2_robot_gt_msgs/share/mocap4r2_robot_gt_msgs/package.sh'
[2.366s] INFO:colcon.colcon_core.shell:Creating package script '/home/airlab/seed25/ros_packages/mocap4r2_ws/install/mocap4r2_robot_gt_msgs/share/mocap4r2_robot_gt_msgs/package.bash'
[2.367s] INFO:colcon.colcon_core.shell:Creating package script '/home/airlab/seed25/ros_packages/mocap4r2_ws/install/mocap4r2_robot_gt_msgs/share/mocap4r2_robot_gt_msgs/package.zsh'
[2.367s] Level 1:colcon.colcon_core.environment:create_file_with_runtime_dependencies(/home/airlab/seed25/ros_packages/mocap4r2_ws/install/mocap4r2_robot_gt_msgs/share/colcon-core/packages/mocap4r2_robot_gt_msgs)
[2.369s] Level 1:colcon.colcon_core.environment:create_environment_scripts_only(mocap4r2_robot_gt_msgs)
[2.369s] Level 1:colcon.colcon_core.environment:checking '/home/airlab/seed25/ros_packages/mocap4r2_ws/install/mocap4r2_robot_gt_msgs' for CMake module files
[2.370s] Level 1:colcon.colcon_core.environment:checking '/home/airlab/seed25/ros_packages/mocap4r2_ws/install/mocap4r2_robot_gt_msgs' for CMake config files
[2.371s] Level 1:colcon.colcon_core.shell:create_environment_hook('mocap4r2_robot_gt_msgs', 'cmake_prefix_path')
[2.372s] INFO:colcon.colcon_core.shell:Creating environment hook '/home/airlab/seed25/ros_packages/mocap4r2_ws/install/mocap4r2_robot_gt_msgs/share/mocap4r2_robot_gt_msgs/hook/cmake_prefix_path.ps1'
[2.373s] INFO:colcon.colcon_core.shell:Creating environment descriptor '/home/airlab/seed25/ros_packages/mocap4r2_ws/install/mocap4r2_robot_gt_msgs/share/mocap4r2_robot_gt_msgs/hook/cmake_prefix_path.dsv'
[2.373s] INFO:colcon.colcon_core.shell:Creating environment hook '/home/airlab/seed25/ros_packages/mocap4r2_ws/install/mocap4r2_robot_gt_msgs/share/mocap4r2_robot_gt_msgs/hook/cmake_prefix_path.sh'
[2.374s] Level 1:colcon.colcon_core.environment:checking '/home/airlab/seed25/ros_packages/mocap4r2_ws/install/mocap4r2_robot_gt_msgs/lib'
[2.375s] Level 1:colcon.colcon_core.shell:create_environment_hook('mocap4r2_robot_gt_msgs', 'ld_library_path_lib')
[2.375s] INFO:colcon.colcon_core.shell:Creating environment hook '/home/airlab/seed25/ros_packages/mocap4r2_ws/install/mocap4r2_robot_gt_msgs/share/mocap4r2_robot_gt_msgs/hook/ld_library_path_lib.ps1'
[2.376s] INFO:colcon.colcon_core.shell:Creating environment descriptor '/home/airlab/seed25/ros_packages/mocap4r2_ws/install/mocap4r2_robot_gt_msgs/share/mocap4r2_robot_gt_msgs/hook/ld_library_path_lib.dsv'
[2.378s] INFO:colcon.colcon_core.shell:Creating environment hook '/home/airlab/seed25/ros_packages/mocap4r2_ws/install/mocap4r2_robot_gt_msgs/share/mocap4r2_robot_gt_msgs/hook/ld_library_path_lib.sh'
[2.378s] Level 1:colcon.colcon_core.environment:checking '/home/airlab/seed25/ros_packages/mocap4r2_ws/install/mocap4r2_robot_gt_msgs/bin'
[2.379s] Level 1:colcon.colcon_core.environment:checking '/home/airlab/seed25/ros_packages/mocap4r2_ws/install/mocap4r2_robot_gt_msgs/lib/pkgconfig/mocap4r2_robot_gt_msgs.pc'
[2.379s] Level 1:colcon.colcon_core.environment:checking '/home/airlab/seed25/ros_packages/mocap4r2_ws/install/mocap4r2_robot_gt_msgs/lib/python3.8/site-packages'
[2.379s] Level 1:colcon.colcon_core.shell:create_environment_hook('mocap4r2_robot_gt_msgs', 'pythonpath')
[2.380s] INFO:colcon.colcon_core.shell:Creating environment hook '/home/airlab/seed25/ros_packages/mocap4r2_ws/install/mocap4r2_robot_gt_msgs/share/mocap4r2_robot_gt_msgs/hook/pythonpath.ps1'
[2.380s] INFO:colcon.colcon_core.shell:Creating environment descriptor '/home/airlab/seed25/ros_packages/mocap4r2_ws/install/mocap4r2_robot_gt_msgs/share/mocap4r2_robot_gt_msgs/hook/pythonpath.dsv'
[2.381s] INFO:colcon.colcon_core.shell:Creating environment hook '/home/airlab/seed25/ros_packages/mocap4r2_ws/install/mocap4r2_robot_gt_msgs/share/mocap4r2_robot_gt_msgs/hook/pythonpath.sh'
[2.382s] Level 1:colcon.colcon_core.environment:checking '/home/airlab/seed25/ros_packages/mocap4r2_ws/install/mocap4r2_robot_gt_msgs/bin'
[2.383s] INFO:colcon.colcon_core.shell:Creating package script '/home/airlab/seed25/ros_packages/mocap4r2_ws/install/mocap4r2_robot_gt_msgs/share/mocap4r2_robot_gt_msgs/package.ps1'
[2.384s] INFO:colcon.colcon_core.shell:Creating package descriptor '/home/airlab/seed25/ros_packages/mocap4r2_ws/install/mocap4r2_robot_gt_msgs/share/mocap4r2_robot_gt_msgs/package.dsv'
[2.385s] INFO:colcon.colcon_core.shell:Creating package script '/home/airlab/seed25/ros_packages/mocap4r2_ws/install/mocap4r2_robot_gt_msgs/share/mocap4r2_robot_gt_msgs/package.sh'
[2.386s] INFO:colcon.colcon_core.shell:Creating package script '/home/airlab/seed25/ros_packages/mocap4r2_ws/install/mocap4r2_robot_gt_msgs/share/mocap4r2_robot_gt_msgs/package.bash'
[2.387s] INFO:colcon.colcon_core.shell:Creating package script '/home/airlab/seed25/ros_packages/mocap4r2_ws/install/mocap4r2_robot_gt_msgs/share/mocap4r2_robot_gt_msgs/package.zsh'
[2.388s] Level 1:colcon.colcon_core.environment:create_file_with_runtime_dependencies(/home/airlab/seed25/ros_packages/mocap4r2_ws/install/mocap4r2_robot_gt_msgs/share/colcon-core/packages/mocap4r2_robot_gt_msgs)
[2.389s] Level 1:colcon.colcon_core.environment:create_environment_scripts_only(mocap4r2_marker_viz_srvs)
[2.389s] Level 1:colcon.colcon_core.environment:checking '/home/airlab/seed25/ros_packages/mocap4r2_ws/install/mocap4r2_marker_viz_srvs' for CMake module files
[2.391s] DEBUG:colcon.colcon_core.event_handler.log_command:Invoked command in '/home/airlab/seed25/ros_packages/mocap4r2_ws/build/mocap4r2_marker_viz_srvs' returned '0': CMAKE_PREFIX_PATH=${CMAKE_PREFIX_PATH}:/home/airlab/seed25/ros_packages/mocap4r2_ws/install/mocap4r2cli:/opt/ros/foxy /usr/bin/cmake --install /home/airlab/seed25/ros_packages/mocap4r2_ws/build/mocap4r2_marker_viz_srvs
[2.392s] Level 1:colcon.colcon_core.environment:checking '/home/airlab/seed25/ros_packages/mocap4r2_ws/install/mocap4r2_marker_viz_srvs' for CMake config files
[2.393s] Level 1:colcon.colcon_core.shell:create_environment_hook('mocap4r2_marker_viz_srvs', 'cmake_prefix_path')
[2.393s] INFO:colcon.colcon_core.shell:Creating environment hook '/home/airlab/seed25/ros_packages/mocap4r2_ws/install/mocap4r2_marker_viz_srvs/share/mocap4r2_marker_viz_srvs/hook/cmake_prefix_path.ps1'
[2.394s] INFO:colcon.colcon_core.shell:Creating environment descriptor '/home/airlab/seed25/ros_packages/mocap4r2_ws/install/mocap4r2_marker_viz_srvs/share/mocap4r2_marker_viz_srvs/hook/cmake_prefix_path.dsv'
[2.395s] INFO:colcon.colcon_core.shell:Creating environment hook '/home/airlab/seed25/ros_packages/mocap4r2_ws/install/mocap4r2_marker_viz_srvs/share/mocap4r2_marker_viz_srvs/hook/cmake_prefix_path.sh'
[2.396s] Level 1:colcon.colcon_core.environment:checking '/home/airlab/seed25/ros_packages/mocap4r2_ws/install/mocap4r2_marker_viz_srvs/lib'
[2.396s] Level 1:colcon.colcon_core.shell:create_environment_hook('mocap4r2_marker_viz_srvs', 'ld_library_path_lib')
[2.396s] INFO:colcon.colcon_core.shell:Creating environment hook '/home/airlab/seed25/ros_packages/mocap4r2_ws/install/mocap4r2_marker_viz_srvs/share/mocap4r2_marker_viz_srvs/hook/ld_library_path_lib.ps1'
[2.397s] INFO:colcon.colcon_core.shell:Creating environment descriptor '/home/airlab/seed25/ros_packages/mocap4r2_ws/install/mocap4r2_marker_viz_srvs/share/mocap4r2_marker_viz_srvs/hook/ld_library_path_lib.dsv'
[2.398s] INFO:colcon.colcon_core.shell:Creating environment hook '/home/airlab/seed25/ros_packages/mocap4r2_ws/install/mocap4r2_marker_viz_srvs/share/mocap4r2_marker_viz_srvs/hook/ld_library_path_lib.sh'
[2.399s] Level 1:colcon.colcon_core.environment:checking '/home/airlab/seed25/ros_packages/mocap4r2_ws/install/mocap4r2_marker_viz_srvs/bin'
[2.399s] Level 1:colcon.colcon_core.environment:checking '/home/airlab/seed25/ros_packages/mocap4r2_ws/install/mocap4r2_marker_viz_srvs/lib/pkgconfig/mocap4r2_marker_viz_srvs.pc'
[2.399s] Level 1:colcon.colcon_core.environment:checking '/home/airlab/seed25/ros_packages/mocap4r2_ws/install/mocap4r2_marker_viz_srvs/lib/python3.8/site-packages'
[2.399s] Level 1:colcon.colcon_core.shell:create_environment_hook('mocap4r2_marker_viz_srvs', 'pythonpath')
[2.400s] INFO:colcon.colcon_core.shell:Creating environment hook '/home/airlab/seed25/ros_packages/mocap4r2_ws/install/mocap4r2_marker_viz_srvs/share/mocap4r2_marker_viz_srvs/hook/pythonpath.ps1'
[2.401s] INFO:colcon.colcon_core.shell:Creating environment descriptor '/home/airlab/seed25/ros_packages/mocap4r2_ws/install/mocap4r2_marker_viz_srvs/share/mocap4r2_marker_viz_srvs/hook/pythonpath.dsv'
[2.401s] INFO:colcon.colcon_core.shell:Creating environment hook '/home/airlab/seed25/ros_packages/mocap4r2_ws/install/mocap4r2_marker_viz_srvs/share/mocap4r2_marker_viz_srvs/hook/pythonpath.sh'
[2.402s] Level 1:colcon.colcon_core.environment:checking '/home/airlab/seed25/ros_packages/mocap4r2_ws/install/mocap4r2_marker_viz_srvs/bin'
[2.403s] INFO:colcon.colcon_core.shell:Creating package script '/home/airlab/seed25/ros_packages/mocap4r2_ws/install/mocap4r2_marker_viz_srvs/share/mocap4r2_marker_viz_srvs/package.ps1'
[2.404s] INFO:colcon.colcon_core.shell:Creating package descriptor '/home/airlab/seed25/ros_packages/mocap4r2_ws/install/mocap4r2_marker_viz_srvs/share/mocap4r2_marker_viz_srvs/package.dsv'
[2.405s] INFO:colcon.colcon_core.shell:Creating package script '/home/airlab/seed25/ros_packages/mocap4r2_ws/install/mocap4r2_marker_viz_srvs/share/mocap4r2_marker_viz_srvs/package.sh'
[2.406s] INFO:colcon.colcon_core.shell:Creating package script '/home/airlab/seed25/ros_packages/mocap4r2_ws/install/mocap4r2_marker_viz_srvs/share/mocap4r2_marker_viz_srvs/package.bash'
[2.407s] INFO:colcon.colcon_core.shell:Creating package script '/home/airlab/seed25/ros_packages/mocap4r2_ws/install/mocap4r2_marker_viz_srvs/share/mocap4r2_marker_viz_srvs/package.zsh'
[2.408s] Level 1:colcon.colcon_core.environment:create_file_with_runtime_dependencies(/home/airlab/seed25/ros_packages/mocap4r2_ws/install/mocap4r2_marker_viz_srvs/share/colcon-core/packages/mocap4r2_marker_viz_srvs)
[2.409s] Level 1:colcon.colcon_core.environment:create_environment_scripts_only(mocap4r2_marker_viz_srvs)
[2.409s] Level 1:colcon.colcon_core.environment:checking '/home/airlab/seed25/ros_packages/mocap4r2_ws/install/mocap4r2_marker_viz_srvs' for CMake module files
[2.411s] Level 1:colcon.colcon_core.environment:checking '/home/airlab/seed25/ros_packages/mocap4r2_ws/install/mocap4r2_marker_viz_srvs' for CMake config files
[2.411s] Level 1:colcon.colcon_core.shell:create_environment_hook('mocap4r2_marker_viz_srvs', 'cmake_prefix_path')
[2.412s] INFO:colcon.colcon_core.shell:Creating environment hook '/home/airlab/seed25/ros_packages/mocap4r2_ws/install/mocap4r2_marker_viz_srvs/share/mocap4r2_marker_viz_srvs/hook/cmake_prefix_path.ps1'
[2.412s] INFO:colcon.colcon_core.shell:Creating environment descriptor '/home/airlab/seed25/ros_packages/mocap4r2_ws/install/mocap4r2_marker_viz_srvs/share/mocap4r2_marker_viz_srvs/hook/cmake_prefix_path.dsv'
[2.413s] INFO:colcon.colcon_core.shell:Creating environment hook '/home/airlab/seed25/ros_packages/mocap4r2_ws/install/mocap4r2_marker_viz_srvs/share/mocap4r2_marker_viz_srvs/hook/cmake_prefix_path.sh'
[2.414s] Level 1:colcon.colcon_core.environment:checking '/home/airlab/seed25/ros_packages/mocap4r2_ws/install/mocap4r2_marker_viz_srvs/lib'
[2.415s] Level 1:colcon.colcon_core.shell:create_environment_hook('mocap4r2_marker_viz_srvs', 'ld_library_path_lib')
[2.415s] INFO:colcon.colcon_core.shell:Creating environment hook '/home/airlab/seed25/ros_packages/mocap4r2_ws/install/mocap4r2_marker_viz_srvs/share/mocap4r2_marker_viz_srvs/hook/ld_library_path_lib.ps1'
[2.416s] INFO:colcon.colcon_core.shell:Creating environment descriptor '/home/airlab/seed25/ros_packages/mocap4r2_ws/install/mocap4r2_marker_viz_srvs/share/mocap4r2_marker_viz_srvs/hook/ld_library_path_lib.dsv'
[2.416s] INFO:colcon.colcon_core.shell:Creating environment hook '/home/airlab/seed25/ros_packages/mocap4r2_ws/install/mocap4r2_marker_viz_srvs/share/mocap4r2_marker_viz_srvs/hook/ld_library_path_lib.sh'
[2.417s] Level 1:colcon.colcon_core.environment:checking '/home/airlab/seed25/ros_packages/mocap4r2_ws/install/mocap4r2_marker_viz_srvs/bin'
[2.417s] Level 1:colcon.colcon_core.environment:checking '/home/airlab/seed25/ros_packages/mocap4r2_ws/install/mocap4r2_marker_viz_srvs/lib/pkgconfig/mocap4r2_marker_viz_srvs.pc'
[2.418s] Level 1:colcon.colcon_core.environment:checking '/home/airlab/seed25/ros_packages/mocap4r2_ws/install/mocap4r2_marker_viz_srvs/lib/python3.8/site-packages'
[2.418s] Level 1:colcon.colcon_core.shell:create_environment_hook('mocap4r2_marker_viz_srvs', 'pythonpath')
[2.418s] INFO:colcon.colcon_core.shell:Creating environment hook '/home/airlab/seed25/ros_packages/mocap4r2_ws/install/mocap4r2_marker_viz_srvs/share/mocap4r2_marker_viz_srvs/hook/pythonpath.ps1'
[2.419s] INFO:colcon.colcon_core.shell:Creating environment descriptor '/home/airlab/seed25/ros_packages/mocap4r2_ws/install/mocap4r2_marker_viz_srvs/share/mocap4r2_marker_viz_srvs/hook/pythonpath.dsv'
[2.420s] INFO:colcon.colcon_core.shell:Creating environment hook '/home/airlab/seed25/ros_packages/mocap4r2_ws/install/mocap4r2_marker_viz_srvs/share/mocap4r2_marker_viz_srvs/hook/pythonpath.sh'
[2.421s] Level 1:colcon.colcon_core.environment:checking '/home/airlab/seed25/ros_packages/mocap4r2_ws/install/mocap4r2_marker_viz_srvs/bin'
[2.422s] INFO:colcon.colcon_core.shell:Creating package script '/home/airlab/seed25/ros_packages/mocap4r2_ws/install/mocap4r2_marker_viz_srvs/share/mocap4r2_marker_viz_srvs/package.ps1'
[2.424s] INFO:colcon.colcon_core.shell:Creating package descriptor '/home/airlab/seed25/ros_packages/mocap4r2_ws/install/mocap4r2_marker_viz_srvs/share/mocap4r2_marker_viz_srvs/package.dsv'
[2.425s] INFO:colcon.colcon_core.shell:Creating package script '/home/airlab/seed25/ros_packages/mocap4r2_ws/install/mocap4r2_marker_viz_srvs/share/mocap4r2_marker_viz_srvs/package.sh'
[2.426s] INFO:colcon.colcon_core.shell:Creating package script '/home/airlab/seed25/ros_packages/mocap4r2_ws/install/mocap4r2_marker_viz_srvs/share/mocap4r2_marker_viz_srvs/package.bash'
[2.427s] INFO:colcon.colcon_core.shell:Creating package script '/home/airlab/seed25/ros_packages/mocap4r2_ws/install/mocap4r2_marker_viz_srvs/share/mocap4r2_marker_viz_srvs/package.zsh'
[2.428s] Level 1:colcon.colcon_core.environment:create_file_with_runtime_dependencies(/home/airlab/seed25/ros_packages/mocap4r2_ws/install/mocap4r2_marker_viz_srvs/share/colcon-core/packages/mocap4r2_marker_viz_srvs)
[2.430s] INFO:colcon.colcon_ros.task.ament_python.build:Building ROS package in '/home/airlab/seed25/ros_packages/mocap4r2_ws/src/mocap4r2/mocap4r2cli' with build type 'ament_python'
[2.430s] Level 1:colcon.colcon_core.shell:create_environment_hook('mocap4r2cli', 'ament_prefix_path')
[2.431s] INFO:colcon.colcon_core.shell:Creating environment hook '/home/airlab/seed25/ros_packages/mocap4r2_ws/install/mocap4r2cli/share/mocap4r2cli/hook/ament_prefix_path.ps1'
[2.432s] INFO:colcon.colcon_core.shell:Creating environment descriptor '/home/airlab/seed25/ros_packages/mocap4r2_ws/install/mocap4r2cli/share/mocap4r2cli/hook/ament_prefix_path.dsv'
[2.433s] INFO:colcon.colcon_core.shell:Creating environment hook '/home/airlab/seed25/ros_packages/mocap4r2_ws/install/mocap4r2cli/share/mocap4r2cli/hook/ament_prefix_path.sh'
[2.434s] INFO:colcon.colcon_core.shell:Skip shell extension 'powershell' for command environment: Not usable outside of PowerShell
[2.434s] DEBUG:colcon.colcon_core.shell:Skip shell extension 'dsv' for command environment
[2.447s] Level 1:colcon.colcon_core.environment:create_environment_scripts_only(mocap4r2_msgs)
[2.448s] Level 1:colcon.colcon_core.environment:checking '/home/airlab/seed25/ros_packages/mocap4r2_ws/install/mocap4r2_msgs' for CMake module files
[2.449s] DEBUG:colcon.colcon_core.event_handler.log_command:Invoked command in '/home/airlab/seed25/ros_packages/mocap4r2_ws/build/mocap4r2_msgs' returned '0': CMAKE_PREFIX_PATH=${CMAKE_PREFIX_PATH}:/home/airlab/seed25/ros_packages/mocap4r2_ws/install/mocap4r2cli:/opt/ros/foxy /usr/bin/cmake --install /home/airlab/seed25/ros_packages/mocap4r2_ws/build/mocap4r2_msgs
[2.451s] Level 1:colcon.colcon_core.environment:checking '/home/airlab/seed25/ros_packages/mocap4r2_ws/install/mocap4r2_msgs' for CMake config files
[2.452s] Level 1:colcon.colcon_core.shell:create_environment_hook('mocap4r2_msgs', 'cmake_prefix_path')
[2.452s] INFO:colcon.colcon_core.shell:Creating environment hook '/home/airlab/seed25/ros_packages/mocap4r2_ws/install/mocap4r2_msgs/share/mocap4r2_msgs/hook/cmake_prefix_path.ps1'
[2.454s] INFO:colcon.colcon_core.shell:Creating environment descriptor '/home/airlab/seed25/ros_packages/mocap4r2_ws/install/mocap4r2_msgs/share/mocap4r2_msgs/hook/cmake_prefix_path.dsv'
[2.454s] INFO:colcon.colcon_core.shell:Creating environment hook '/home/airlab/seed25/ros_packages/mocap4r2_ws/install/mocap4r2_msgs/share/mocap4r2_msgs/hook/cmake_prefix_path.sh'
[2.456s] Level 1:colcon.colcon_core.environment:checking '/home/airlab/seed25/ros_packages/mocap4r2_ws/install/mocap4r2_msgs/lib'
[2.456s] Level 1:colcon.colcon_core.shell:create_environment_hook('mocap4r2_msgs', 'ld_library_path_lib')
[2.456s] INFO:colcon.colcon_core.shell:Creating environment hook '/home/airlab/seed25/ros_packages/mocap4r2_ws/install/mocap4r2_msgs/share/mocap4r2_msgs/hook/ld_library_path_lib.ps1'
[2.457s] INFO:colcon.colcon_core.shell:Creating environment descriptor '/home/airlab/seed25/ros_packages/mocap4r2_ws/install/mocap4r2_msgs/share/mocap4r2_msgs/hook/ld_library_path_lib.dsv'
[2.458s] INFO:colcon.colcon_core.shell:Creating environment hook '/home/airlab/seed25/ros_packages/mocap4r2_ws/install/mocap4r2_msgs/share/mocap4r2_msgs/hook/ld_library_path_lib.sh'
[2.459s] Level 1:colcon.colcon_core.environment:checking '/home/airlab/seed25/ros_packages/mocap4r2_ws/install/mocap4r2_msgs/bin'
[2.459s] Level 1:colcon.colcon_core.environment:checking '/home/airlab/seed25/ros_packages/mocap4r2_ws/install/mocap4r2_msgs/lib/pkgconfig/mocap4r2_msgs.pc'
[2.459s] Level 1:colcon.colcon_core.environment:checking '/home/airlab/seed25/ros_packages/mocap4r2_ws/install/mocap4r2_msgs/lib/python3.8/site-packages'
[2.459s] Level 1:colcon.colcon_core.shell:create_environment_hook('mocap4r2_msgs', 'pythonpath')
[2.460s] INFO:colcon.colcon_core.shell:Creating environment hook '/home/airlab/seed25/ros_packages/mocap4r2_ws/install/mocap4r2_msgs/share/mocap4r2_msgs/hook/pythonpath.ps1'
[2.461s] INFO:colcon.colcon_core.shell:Creating environment descriptor '/home/airlab/seed25/ros_packages/mocap4r2_ws/install/mocap4r2_msgs/share/mocap4r2_msgs/hook/pythonpath.dsv'
[2.461s] INFO:colcon.colcon_core.shell:Creating environment hook '/home/airlab/seed25/ros_packages/mocap4r2_ws/install/mocap4r2_msgs/share/mocap4r2_msgs/hook/pythonpath.sh'
[2.462s] Level 1:colcon.colcon_core.environment:checking '/home/airlab/seed25/ros_packages/mocap4r2_ws/install/mocap4r2_msgs/bin'
[2.463s] INFO:colcon.colcon_core.shell:Creating package script '/home/airlab/seed25/ros_packages/mocap4r2_ws/install/mocap4r2_msgs/share/mocap4r2_msgs/package.ps1'
[2.464s] INFO:colcon.colcon_core.shell:Creating package descriptor '/home/airlab/seed25/ros_packages/mocap4r2_ws/install/mocap4r2_msgs/share/mocap4r2_msgs/package.dsv'
[2.465s] INFO:colcon.colcon_core.shell:Creating package script '/home/airlab/seed25/ros_packages/mocap4r2_ws/install/mocap4r2_msgs/share/mocap4r2_msgs/package.sh'
[2.466s] INFO:colcon.colcon_core.shell:Creating package script '/home/airlab/seed25/ros_packages/mocap4r2_ws/install/mocap4r2_msgs/share/mocap4r2_msgs/package.bash'
[2.467s] INFO:colcon.colcon_core.shell:Creating package script '/home/airlab/seed25/ros_packages/mocap4r2_ws/install/mocap4r2_msgs/share/mocap4r2_msgs/package.zsh'
[2.468s] Level 1:colcon.colcon_core.environment:create_file_with_runtime_dependencies(/home/airlab/seed25/ros_packages/mocap4r2_ws/install/mocap4r2_msgs/share/colcon-core/packages/mocap4r2_msgs)
[2.469s] Level 1:colcon.colcon_core.environment:create_environment_scripts_only(mocap4r2_msgs)
[2.470s] Level 1:colcon.colcon_core.environment:checking '/home/airlab/seed25/ros_packages/mocap4r2_ws/install/mocap4r2_msgs' for CMake module files
[2.471s] Level 1:colcon.colcon_core.environment:checking '/home/airlab/seed25/ros_packages/mocap4r2_ws/install/mocap4r2_msgs' for CMake config files
[2.472s] Level 1:colcon.colcon_core.shell:create_environment_hook('mocap4r2_msgs', 'cmake_prefix_path')
[2.472s] INFO:colcon.colcon_core.shell:Creating environment hook '/home/airlab/seed25/ros_packages/mocap4r2_ws/install/mocap4r2_msgs/share/mocap4r2_msgs/hook/cmake_prefix_path.ps1'
[2.473s] INFO:colcon.colcon_core.shell:Creating environment descriptor '/home/airlab/seed25/ros_packages/mocap4r2_ws/install/mocap4r2_msgs/share/mocap4r2_msgs/hook/cmake_prefix_path.dsv'
[2.474s] INFO:colcon.colcon_core.shell:Creating environment hook '/home/airlab/seed25/ros_packages/mocap4r2_ws/install/mocap4r2_msgs/share/mocap4r2_msgs/hook/cmake_prefix_path.sh'
[2.475s] Level 1:colcon.colcon_core.environment:checking '/home/airlab/seed25/ros_packages/mocap4r2_ws/install/mocap4r2_msgs/lib'
[2.475s] Level 1:colcon.colcon_core.shell:create_environment_hook('mocap4r2_msgs', 'ld_library_path_lib')
[2.476s] INFO:colcon.colcon_core.shell:Creating environment hook '/home/airlab/seed25/ros_packages/mocap4r2_ws/install/mocap4r2_msgs/share/mocap4r2_msgs/hook/ld_library_path_lib.ps1'
[2.476s] INFO:colcon.colcon_core.shell:Creating environment descriptor '/home/airlab/seed25/ros_packages/mocap4r2_ws/install/mocap4r2_msgs/share/mocap4r2_msgs/hook/ld_library_path_lib.dsv'
[2.477s] INFO:colcon.colcon_core.shell:Creating environment hook '/home/airlab/seed25/ros_packages/mocap4r2_ws/install/mocap4r2_msgs/share/mocap4r2_msgs/hook/ld_library_path_lib.sh'
[2.478s] Level 1:colcon.colcon_core.environment:checking '/home/airlab/seed25/ros_packages/mocap4r2_ws/install/mocap4r2_msgs/bin'
[2.478s] Level 1:colcon.colcon_core.environment:checking '/home/airlab/seed25/ros_packages/mocap4r2_ws/install/mocap4r2_msgs/lib/pkgconfig/mocap4r2_msgs.pc'
[2.478s] Level 1:colcon.colcon_core.environment:checking '/home/airlab/seed25/ros_packages/mocap4r2_ws/install/mocap4r2_msgs/lib/python3.8/site-packages'
[2.479s] Level 1:colcon.colcon_core.shell:create_environment_hook('mocap4r2_msgs', 'pythonpath')
[2.479s] INFO:colcon.colcon_core.shell:Creating environment hook '/home/airlab/seed25/ros_packages/mocap4r2_ws/install/mocap4r2_msgs/share/mocap4r2_msgs/hook/pythonpath.ps1'
[2.480s] INFO:colcon.colcon_core.shell:Creating environment descriptor '/home/airlab/seed25/ros_packages/mocap4r2_ws/install/mocap4r2_msgs/share/mocap4r2_msgs/hook/pythonpath.dsv'
[2.481s] INFO:colcon.colcon_core.shell:Creating environment hook '/home/airlab/seed25/ros_packages/mocap4r2_ws/install/mocap4r2_msgs/share/mocap4r2_msgs/hook/pythonpath.sh'
[2.482s] Level 1:colcon.colcon_core.environment:checking '/home/airlab/seed25/ros_packages/mocap4r2_ws/install/mocap4r2_msgs/bin'
[2.482s] INFO:colcon.colcon_core.shell:Creating package script '/home/airlab/seed25/ros_packages/mocap4r2_ws/install/mocap4r2_msgs/share/mocap4r2_msgs/package.ps1'
[2.484s] INFO:colcon.colcon_core.shell:Creating package descriptor '/home/airlab/seed25/ros_packages/mocap4r2_ws/install/mocap4r2_msgs/share/mocap4r2_msgs/package.dsv'
[2.485s] INFO:colcon.colcon_core.shell:Creating package script '/home/airlab/seed25/ros_packages/mocap4r2_ws/install/mocap4r2_msgs/share/mocap4r2_msgs/package.sh'
[2.486s] INFO:colcon.colcon_core.shell:Creating package script '/home/airlab/seed25/ros_packages/mocap4r2_ws/install/mocap4r2_msgs/share/mocap4r2_msgs/package.bash'
[2.487s] INFO:colcon.colcon_core.shell:Creating package script '/home/airlab/seed25/ros_packages/mocap4r2_ws/install/mocap4r2_msgs/share/mocap4r2_msgs/package.zsh'
[2.488s] Level 1:colcon.colcon_core.environment:create_file_with_runtime_dependencies(/home/airlab/seed25/ros_packages/mocap4r2_ws/install/mocap4r2_msgs/share/colcon-core/packages/mocap4r2_msgs)
[2.498s] DEBUG:colcon.colcon_core.event_handler.log_command:Invoking command in '/home/airlab/seed25/ros_packages/mocap4r2_ws/build/mocap4r2_control': CMAKE_PREFIX_PATH=/home/airlab/seed25/ros_packages/mocap4r2_ws/install/mocap4r2_control_msgs:/home/airlab/seed25/ros_packages/mocap4r2_ws/install/mocap4r2_robot_gt_msgs:/home/airlab/seed25/ros_packages/mocap4r2_ws/install/mocap4r2_marker_viz:/home/airlab/seed25/ros_packages/mocap4r2_ws/install/mocap4r2_marker_publisher:/home/airlab/seed25/ros_packages/mocap4r2_ws/install/mocap4r2_msgs:/home/airlab/seed25/ros_packages/mocap4r2_ws/install/mocap4r2_marker_viz_srvs:/home/airlab/seed25/ros_packages/mocap4r2_ws/install/mocap4r2cli:/opt/ros/foxy LD_LIBRARY_PATH=/home/airlab/seed25/ros_packages/mocap4r2_ws/install/mocap4r2_control_msgs/lib:/home/airlab/seed25/ros_packages/mocap4r2_ws/install/mocap4r2_robot_gt_msgs/lib:/home/airlab/seed25/ros_packages/mocap4r2_ws/install/mocap4r2_msgs/lib:/home/airlab/seed25/ros_packages/mocap4r2_ws/install/mocap4r2_marker_viz_srvs/lib:/usr/local/cuda-11.4/lib64:/usr/local/cuda-11.4/lib64:/opt/ros/foxy/opt/yaml_cpp_vendor/lib:/opt/ros/foxy/opt/rviz_ogre_vendor/lib:/opt/ros/foxy/lib/aarch64-linux-gnu:/opt/ros/foxy/lib:/usr/local/cuda-11.4/lib64 PYTHONPATH=/home/airlab/seed25/ros_packages/mocap4r2_ws/install/mocap4r2_control_msgs/lib/python3.8/site-packages:/home/airlab/seed25/ros_packages/mocap4r2_ws/install/mocap4r2cli/lib/python3.8/site-packages:/home/airlab/seed25/ros_packages/mocap4r2_ws/install/mocap4r2_robot_gt_msgs/lib/python3.8/site-packages:/home/airlab/seed25/ros_packages/mocap4r2_ws/install/mocap4r2_msgs/lib/python3.8/site-packages:/home/airlab/seed25/ros_packages/mocap4r2_ws/install/mocap4r2_marker_viz_srvs/lib/python3.8/site-packages:/opt/ros/foxy/lib/python3.8/site-packages /usr/bin/cmake --build /home/airlab/seed25/ros_packages/mocap4r2_ws/build/mocap4r2_control -- -j4 -l4
[2.499s] INFO:colcon.colcon_ros.task.ament_cmake.build:Building ROS package in '/home/airlab/seed25/ros_packages/mocap4r2_ws/src/mocap4r2/mocap4r2_marker_viz/mocap4r2_marker_publisher' with build type 'ament_cmake'
[2.500s] INFO:colcon.colcon_cmake.task.cmake.build:Building CMake package in '/home/airlab/seed25/ros_packages/mocap4r2_ws/src/mocap4r2/mocap4r2_marker_viz/mocap4r2_marker_publisher'
[2.501s] INFO:colcon.colcon_core.shell:Skip shell extension 'powershell' for command environment: Not usable outside of PowerShell
[2.501s] DEBUG:colcon.colcon_core.shell:Skip shell extension 'dsv' for command environment
[2.513s] INFO:colcon.colcon_ros.task.ament_cmake.build:Building ROS package in '/home/airlab/seed25/ros_packages/mocap4r2_ws/src/mocap4r2/mocap4r2_marker_viz/mocap4r2_marker_viz' with build type 'ament_cmake'
[2.514s] INFO:colcon.colcon_cmake.task.cmake.build:Building CMake package in '/home/airlab/seed25/ros_packages/mocap4r2_ws/src/mocap4r2/mocap4r2_marker_viz/mocap4r2_marker_viz'
[2.515s] INFO:colcon.colcon_core.shell:Skip shell extension 'powershell' for command environment: Not usable outside of PowerShell
[2.516s] DEBUG:colcon.colcon_core.shell:Skip shell extension 'dsv' for command environment
[3.058s] INFO:colcon.colcon_core.task.python.build:Building Python package in '/home/airlab/seed25/ros_packages/mocap4r2_ws/src/mocap4r2/mocap4r2cli'
[3.059s] INFO:colcon.colcon_core.shell:Skip shell extension 'powershell' for command environment: Not usable outside of PowerShell
[3.060s] DEBUG:colcon.colcon_core.shell:Skip shell extension 'dsv' for command environment
[3.084s] DEBUG:colcon.colcon_core.event_handler.log_command:Invoking command in '/home/airlab/seed25/ros_packages/mocap4r2_ws/build/mocap4r2_marker_publisher': CMAKE_PREFIX_PATH=/home/airlab/seed25/ros_packages/mocap4r2_ws/install/mocap4r2_msgs:/home/airlab/seed25/ros_packages/mocap4r2_ws/install/mocap4r2_robot_gt_msgs:/home/airlab/seed25/ros_packages/mocap4r2_ws/install/mocap4r2_marker_viz:/home/airlab/seed25/ros_packages/mocap4r2_ws/install/mocap4r2_marker_publisher:/home/airlab/seed25/ros_packages/mocap4r2_ws/install/mocap4r2_marker_viz_srvs:/home/airlab/seed25/ros_packages/mocap4r2_ws/install/mocap4r2_control_msgs:/home/airlab/seed25/ros_packages/mocap4r2_ws/install/mocap4r2cli:/opt/ros/foxy LD_LIBRARY_PATH=/home/airlab/seed25/ros_packages/mocap4r2_ws/install/mocap4r2_msgs/lib:/home/airlab/seed25/ros_packages/mocap4r2_ws/install/mocap4r2_robot_gt_msgs/lib:/home/airlab/seed25/ros_packages/mocap4r2_ws/install/mocap4r2_marker_viz_srvs/lib:/home/airlab/seed25/ros_packages/mocap4r2_ws/install/mocap4r2_control_msgs/lib:/usr/local/cuda-11.4/lib64:/usr/local/cuda-11.4/lib64:/opt/ros/foxy/opt/yaml_cpp_vendor/lib:/opt/ros/foxy/opt/rviz_ogre_vendor/lib:/opt/ros/foxy/lib/aarch64-linux-gnu:/opt/ros/foxy/lib:/usr/local/cuda-11.4/lib64 PYTHONPATH=/home/airlab/seed25/ros_packages/mocap4r2_ws/install/mocap4r2_msgs/lib/python3.8/site-packages:/home/airlab/seed25/ros_packages/mocap4r2_ws/install/mocap4r2cli/lib/python3.8/site-packages:/home/airlab/seed25/ros_packages/mocap4r2_ws/install/mocap4r2_robot_gt_msgs/lib/python3.8/site-packages:/home/airlab/seed25/ros_packages/mocap4r2_ws/install/mocap4r2_marker_viz_srvs/lib/python3.8/site-packages:/home/airlab/seed25/ros_packages/mocap4r2_ws/install/mocap4r2_control_msgs/lib/python3.8/site-packages:/opt/ros/foxy/lib/python3.8/site-packages /usr/bin/cmake --build /home/airlab/seed25/ros_packages/mocap4r2_ws/build/mocap4r2_marker_publisher -- -j4 -l4
[3.086s] DEBUG:colcon.colcon_core.event_handler.log_command:Invoked command in '/home/airlab/seed25/ros_packages/mocap4r2_ws/build/mocap4r2_control' returned '0': CMAKE_PREFIX_PATH=/home/airlab/seed25/ros_packages/mocap4r2_ws/install/mocap4r2_control_msgs:/home/airlab/seed25/ros_packages/mocap4r2_ws/install/mocap4r2_robot_gt_msgs:/home/airlab/seed25/ros_packages/mocap4r2_ws/install/mocap4r2_marker_viz:/home/airlab/seed25/ros_packages/mocap4r2_ws/install/mocap4r2_marker_publisher:/home/airlab/seed25/ros_packages/mocap4r2_ws/install/mocap4r2_msgs:/home/airlab/seed25/ros_packages/mocap4r2_ws/install/mocap4r2_marker_viz_srvs:/home/airlab/seed25/ros_packages/mocap4r2_ws/install/mocap4r2cli:/opt/ros/foxy LD_LIBRARY_PATH=/home/airlab/seed25/ros_packages/mocap4r2_ws/install/mocap4r2_control_msgs/lib:/home/airlab/seed25/ros_packages/mocap4r2_ws/install/mocap4r2_robot_gt_msgs/lib:/home/airlab/seed25/ros_packages/mocap4r2_ws/install/mocap4r2_msgs/lib:/home/airlab/seed25/ros_packages/mocap4r2_ws/install/mocap4r2_marker_viz_srvs/lib:/usr/local/cuda-11.4/lib64:/usr/local/cuda-11.4/lib64:/opt/ros/foxy/opt/yaml_cpp_vendor/lib:/opt/ros/foxy/opt/rviz_ogre_vendor/lib:/opt/ros/foxy/lib/aarch64-linux-gnu:/opt/ros/foxy/lib:/usr/local/cuda-11.4/lib64 PYTHONPATH=/home/airlab/seed25/ros_packages/mocap4r2_ws/install/mocap4r2_control_msgs/lib/python3.8/site-packages:/home/airlab/seed25/ros_packages/mocap4r2_ws/install/mocap4r2cli/lib/python3.8/site-packages:/home/airlab/seed25/ros_packages/mocap4r2_ws/install/mocap4r2_robot_gt_msgs/lib/python3.8/site-packages:/home/airlab/seed25/ros_packages/mocap4r2_ws/install/mocap4r2_msgs/lib/python3.8/site-packages:/home/airlab/seed25/ros_packages/mocap4r2_ws/install/mocap4r2_marker_viz_srvs/lib/python3.8/site-packages:/opt/ros/foxy/lib/python3.8/site-packages /usr/bin/cmake --build /home/airlab/seed25/ros_packages/mocap4r2_ws/build/mocap4r2_control -- -j4 -l4
[3.092s] DEBUG:colcon.colcon_core.event_handler.log_command:Invoking command in '/home/airlab/seed25/ros_packages/mocap4r2_ws/build/mocap4r2_control': CMAKE_PREFIX_PATH=/home/airlab/seed25/ros_packages/mocap4r2_ws/install/mocap4r2_control_msgs:/home/airlab/seed25/ros_packages/mocap4r2_ws/install/mocap4r2_robot_gt_msgs:/home/airlab/seed25/ros_packages/mocap4r2_ws/install/mocap4r2_marker_viz:/home/airlab/seed25/ros_packages/mocap4r2_ws/install/mocap4r2_marker_publisher:/home/airlab/seed25/ros_packages/mocap4r2_ws/install/mocap4r2_msgs:/home/airlab/seed25/ros_packages/mocap4r2_ws/install/mocap4r2_marker_viz_srvs:/home/airlab/seed25/ros_packages/mocap4r2_ws/install/mocap4r2cli:/opt/ros/foxy LD_LIBRARY_PATH=/home/airlab/seed25/ros_packages/mocap4r2_ws/install/mocap4r2_control_msgs/lib:/home/airlab/seed25/ros_packages/mocap4r2_ws/install/mocap4r2_robot_gt_msgs/lib:/home/airlab/seed25/ros_packages/mocap4r2_ws/install/mocap4r2_msgs/lib:/home/airlab/seed25/ros_packages/mocap4r2_ws/install/mocap4r2_marker_viz_srvs/lib:/usr/local/cuda-11.4/lib64:/usr/local/cuda-11.4/lib64:/opt/ros/foxy/opt/yaml_cpp_vendor/lib:/opt/ros/foxy/opt/rviz_ogre_vendor/lib:/opt/ros/foxy/lib/aarch64-linux-gnu:/opt/ros/foxy/lib:/usr/local/cuda-11.4/lib64 PYTHONPATH=/home/airlab/seed25/ros_packages/mocap4r2_ws/install/mocap4r2_control_msgs/lib/python3.8/site-packages:/home/airlab/seed25/ros_packages/mocap4r2_ws/install/mocap4r2cli/lib/python3.8/site-packages:/home/airlab/seed25/ros_packages/mocap4r2_ws/install/mocap4r2_robot_gt_msgs/lib/python3.8/site-packages:/home/airlab/seed25/ros_packages/mocap4r2_ws/install/mocap4r2_msgs/lib/python3.8/site-packages:/home/airlab/seed25/ros_packages/mocap4r2_ws/install/mocap4r2_marker_viz_srvs/lib/python3.8/site-packages:/opt/ros/foxy/lib/python3.8/site-packages /usr/bin/cmake --install /home/airlab/seed25/ros_packages/mocap4r2_ws/build/mocap4r2_control
[3.103s] DEBUG:colcon.colcon_core.event_handler.log_command:Invoking command in '/home/airlab/seed25/ros_packages/mocap4r2_ws/build/mocap4r2_marker_viz': CMAKE_PREFIX_PATH=/home/airlab/seed25/ros_packages/mocap4r2_ws/install/mocap4r2_msgs:/home/airlab/seed25/ros_packages/mocap4r2_ws/install/mocap4r2_marker_viz_srvs:/home/airlab/seed25/ros_packages/mocap4r2_ws/install/mocap4r2_robot_gt_msgs:/home/airlab/seed25/ros_packages/mocap4r2_ws/install/mocap4r2_marker_viz:/home/airlab/seed25/ros_packages/mocap4r2_ws/install/mocap4r2_marker_publisher:/home/airlab/seed25/ros_packages/mocap4r2_ws/install/mocap4r2_control_msgs:/home/airlab/seed25/ros_packages/mocap4r2_ws/install/mocap4r2cli:/opt/ros/foxy LD_LIBRARY_PATH=/home/airlab/seed25/ros_packages/mocap4r2_ws/install/mocap4r2_msgs/lib:/home/airlab/seed25/ros_packages/mocap4r2_ws/install/mocap4r2_marker_viz_srvs/lib:/home/airlab/seed25/ros_packages/mocap4r2_ws/install/mocap4r2_robot_gt_msgs/lib:/home/airlab/seed25/ros_packages/mocap4r2_ws/install/mocap4r2_control_msgs/lib:/usr/local/cuda-11.4/lib64:/usr/local/cuda-11.4/lib64:/opt/ros/foxy/opt/yaml_cpp_vendor/lib:/opt/ros/foxy/opt/rviz_ogre_vendor/lib:/opt/ros/foxy/lib/aarch64-linux-gnu:/opt/ros/foxy/lib:/usr/local/cuda-11.4/lib64 PYTHONPATH=/home/airlab/seed25/ros_packages/mocap4r2_ws/install/mocap4r2_msgs/lib/python3.8/site-packages:/home/airlab/seed25/ros_packages/mocap4r2_ws/install/mocap4r2_marker_viz_srvs/lib/python3.8/site-packages:/home/airlab/seed25/ros_packages/mocap4r2_ws/install/mocap4r2cli/lib/python3.8/site-packages:/home/airlab/seed25/ros_packages/mocap4r2_ws/install/mocap4r2_robot_gt_msgs/lib/python3.8/site-packages:/home/airlab/seed25/ros_packages/mocap4r2_ws/install/mocap4r2_control_msgs/lib/python3.8/site-packages:/opt/ros/foxy/lib/python3.8/site-packages /usr/bin/cmake --build /home/airlab/seed25/ros_packages/mocap4r2_ws/build/mocap4r2_marker_viz -- -j4 -l4
[3.136s] Level 1:colcon.colcon_core.environment:create_environment_scripts_only(mocap4r2_control)
[3.138s] Level 1:colcon.colcon_core.environment:checking '/home/airlab/seed25/ros_packages/mocap4r2_ws/install/mocap4r2_control' for CMake module files
[3.139s] Level 1:colcon.colcon_core.environment:checking '/home/airlab/seed25/ros_packages/mocap4r2_ws/install/mocap4r2_control' for CMake config files
[3.139s] Level 1:colcon.colcon_core.shell:create_environment_hook('mocap4r2_control', 'cmake_prefix_path')
[3.140s] INFO:colcon.colcon_core.shell:Creating environment hook '/home/airlab/seed25/ros_packages/mocap4r2_ws/install/mocap4r2_control/share/mocap4r2_control/hook/cmake_prefix_path.ps1'
[3.142s] INFO:colcon.colcon_core.shell:Creating environment descriptor '/home/airlab/seed25/ros_packages/mocap4r2_ws/install/mocap4r2_control/share/mocap4r2_control/hook/cmake_prefix_path.dsv'
[3.142s] INFO:colcon.colcon_core.shell:Creating environment hook '/home/airlab/seed25/ros_packages/mocap4r2_ws/install/mocap4r2_control/share/mocap4r2_control/hook/cmake_prefix_path.sh'
[3.144s] Level 1:colcon.colcon_core.environment:checking '/home/airlab/seed25/ros_packages/mocap4r2_ws/install/mocap4r2_control/lib'
[3.144s] Level 1:colcon.colcon_core.shell:create_environment_hook('mocap4r2_control', 'ld_library_path_lib')
[3.145s] INFO:colcon.colcon_core.shell:Creating environment hook '/home/airlab/seed25/ros_packages/mocap4r2_ws/install/mocap4r2_control/share/mocap4r2_control/hook/ld_library_path_lib.ps1'
[3.146s] DEBUG:colcon.colcon_core.event_handler.log_command:Invoked command in '/home/airlab/seed25/ros_packages/mocap4r2_ws/build/mocap4r2_control' returned '0': CMAKE_PREFIX_PATH=/home/airlab/seed25/ros_packages/mocap4r2_ws/install/mocap4r2_control_msgs:/home/airlab/seed25/ros_packages/mocap4r2_ws/install/mocap4r2_robot_gt_msgs:/home/airlab/seed25/ros_packages/mocap4r2_ws/install/mocap4r2_marker_viz:/home/airlab/seed25/ros_packages/mocap4r2_ws/install/mocap4r2_marker_publisher:/home/airlab/seed25/ros_packages/mocap4r2_ws/install/mocap4r2_msgs:/home/airlab/seed25/ros_packages/mocap4r2_ws/install/mocap4r2_marker_viz_srvs:/home/airlab/seed25/ros_packages/mocap4r2_ws/install/mocap4r2cli:/opt/ros/foxy LD_LIBRARY_PATH=/home/airlab/seed25/ros_packages/mocap4r2_ws/install/mocap4r2_control_msgs/lib:/home/airlab/seed25/ros_packages/mocap4r2_ws/install/mocap4r2_robot_gt_msgs/lib:/home/airlab/seed25/ros_packages/mocap4r2_ws/install/mocap4r2_msgs/lib:/home/airlab/seed25/ros_packages/mocap4r2_ws/install/mocap4r2_marker_viz_srvs/lib:/usr/local/cuda-11.4/lib64:/usr/local/cuda-11.4/lib64:/opt/ros/foxy/opt/yaml_cpp_vendor/lib:/opt/ros/foxy/opt/rviz_ogre_vendor/lib:/opt/ros/foxy/lib/aarch64-linux-gnu:/opt/ros/foxy/lib:/usr/local/cuda-11.4/lib64 PYTHONPATH=/home/airlab/seed25/ros_packages/mocap4r2_ws/install/mocap4r2_control_msgs/lib/python3.8/site-packages:/home/airlab/seed25/ros_packages/mocap4r2_ws/install/mocap4r2cli/lib/python3.8/site-packages:/home/airlab/seed25/ros_packages/mocap4r2_ws/install/mocap4r2_robot_gt_msgs/lib/python3.8/site-packages:/home/airlab/seed25/ros_packages/mocap4r2_ws/install/mocap4r2_msgs/lib/python3.8/site-packages:/home/airlab/seed25/ros_packages/mocap4r2_ws/install/mocap4r2_marker_viz_srvs/lib/python3.8/site-packages:/opt/ros/foxy/lib/python3.8/site-packages /usr/bin/cmake --install /home/airlab/seed25/ros_packages/mocap4r2_ws/build/mocap4r2_control
[3.147s] INFO:colcon.colcon_core.shell:Creating environment descriptor '/home/airlab/seed25/ros_packages/mocap4r2_ws/install/mocap4r2_control/share/mocap4r2_control/hook/ld_library_path_lib.dsv'
[3.148s] INFO:colcon.colcon_core.shell:Creating environment hook '/home/airlab/seed25/ros_packages/mocap4r2_ws/install/mocap4r2_control/share/mocap4r2_control/hook/ld_library_path_lib.sh'
[3.149s] Level 1:colcon.colcon_core.environment:checking '/home/airlab/seed25/ros_packages/mocap4r2_ws/install/mocap4r2_control/bin'
[3.149s] Level 1:colcon.colcon_core.environment:checking '/home/airlab/seed25/ros_packages/mocap4r2_ws/install/mocap4r2_control/lib/pkgconfig/mocap4r2_control.pc'
[3.150s] Level 1:colcon.colcon_core.environment:checking '/home/airlab/seed25/ros_packages/mocap4r2_ws/install/mocap4r2_control/lib/python3.8/site-packages'
[3.150s] Level 1:colcon.colcon_core.environment:checking '/home/airlab/seed25/ros_packages/mocap4r2_ws/install/mocap4r2_control/bin'
[3.151s] INFO:colcon.colcon_core.shell:Creating package script '/home/airlab/seed25/ros_packages/mocap4r2_ws/install/mocap4r2_control/share/mocap4r2_control/package.ps1'
[3.152s] INFO:colcon.colcon_core.shell:Creating package descriptor '/home/airlab/seed25/ros_packages/mocap4r2_ws/install/mocap4r2_control/share/mocap4r2_control/package.dsv'
[3.153s] INFO:colcon.colcon_core.shell:Creating package script '/home/airlab/seed25/ros_packages/mocap4r2_ws/install/mocap4r2_control/share/mocap4r2_control/package.sh'
[3.154s] INFO:colcon.colcon_core.shell:Creating package script '/home/airlab/seed25/ros_packages/mocap4r2_ws/install/mocap4r2_control/share/mocap4r2_control/package.bash'
[3.155s] INFO:colcon.colcon_core.shell:Creating package script '/home/airlab/seed25/ros_packages/mocap4r2_ws/install/mocap4r2_control/share/mocap4r2_control/package.zsh'
[3.156s] Level 1:colcon.colcon_core.environment:create_file_with_runtime_dependencies(/home/airlab/seed25/ros_packages/mocap4r2_ws/install/mocap4r2_control/share/colcon-core/packages/mocap4r2_control)
[3.158s] Level 1:colcon.colcon_core.environment:create_environment_scripts_only(mocap4r2_control)
[3.158s] Level 1:colcon.colcon_core.environment:checking '/home/airlab/seed25/ros_packages/mocap4r2_ws/install/mocap4r2_control' for CMake module files
[3.159s] Level 1:colcon.colcon_core.environment:checking '/home/airlab/seed25/ros_packages/mocap4r2_ws/install/mocap4r2_control' for CMake config files
[3.160s] Level 1:colcon.colcon_core.shell:create_environment_hook('mocap4r2_control', 'cmake_prefix_path')
[3.160s] INFO:colcon.colcon_core.shell:Creating environment hook '/home/airlab/seed25/ros_packages/mocap4r2_ws/install/mocap4r2_control/share/mocap4r2_control/hook/cmake_prefix_path.ps1'
[3.161s] INFO:colcon.colcon_core.shell:Creating environment descriptor '/home/airlab/seed25/ros_packages/mocap4r2_ws/install/mocap4r2_control/share/mocap4r2_control/hook/cmake_prefix_path.dsv'
[3.162s] INFO:colcon.colcon_core.shell:Creating environment hook '/home/airlab/seed25/ros_packages/mocap4r2_ws/install/mocap4r2_control/share/mocap4r2_control/hook/cmake_prefix_path.sh'
[3.164s] Level 1:colcon.colcon_core.environment:checking '/home/airlab/seed25/ros_packages/mocap4r2_ws/install/mocap4r2_control/lib'
[3.164s] Level 1:colcon.colcon_core.shell:create_environment_hook('mocap4r2_control', 'ld_library_path_lib')
[3.164s] INFO:colcon.colcon_core.shell:Creating environment hook '/home/airlab/seed25/ros_packages/mocap4r2_ws/install/mocap4r2_control/share/mocap4r2_control/hook/ld_library_path_lib.ps1'
[3.165s] INFO:colcon.colcon_core.shell:Creating environment descriptor '/home/airlab/seed25/ros_packages/mocap4r2_ws/install/mocap4r2_control/share/mocap4r2_control/hook/ld_library_path_lib.dsv'
[3.166s] INFO:colcon.colcon_core.shell:Creating environment hook '/home/airlab/seed25/ros_packages/mocap4r2_ws/install/mocap4r2_control/share/mocap4r2_control/hook/ld_library_path_lib.sh'
[3.167s] Level 1:colcon.colcon_core.environment:checking '/home/airlab/seed25/ros_packages/mocap4r2_ws/install/mocap4r2_control/bin'
[3.167s] Level 1:colcon.colcon_core.environment:checking '/home/airlab/seed25/ros_packages/mocap4r2_ws/install/mocap4r2_control/lib/pkgconfig/mocap4r2_control.pc'
[3.168s] Level 1:colcon.colcon_core.environment:checking '/home/airlab/seed25/ros_packages/mocap4r2_ws/install/mocap4r2_control/lib/python3.8/site-packages'
[3.168s] Level 1:colcon.colcon_core.environment:checking '/home/airlab/seed25/ros_packages/mocap4r2_ws/install/mocap4r2_control/bin'
[3.169s] INFO:colcon.colcon_core.shell:Creating package script '/home/airlab/seed25/ros_packages/mocap4r2_ws/install/mocap4r2_control/share/mocap4r2_control/package.ps1'
[3.170s] INFO:colcon.colcon_core.shell:Creating package descriptor '/home/airlab/seed25/ros_packages/mocap4r2_ws/install/mocap4r2_control/share/mocap4r2_control/package.dsv'
[3.171s] INFO:colcon.colcon_core.shell:Creating package script '/home/airlab/seed25/ros_packages/mocap4r2_ws/install/mocap4r2_control/share/mocap4r2_control/package.sh'
[3.173s] INFO:colcon.colcon_core.shell:Creating package script '/home/airlab/seed25/ros_packages/mocap4r2_ws/install/mocap4r2_control/share/mocap4r2_control/package.bash'
[3.174s] INFO:colcon.colcon_core.shell:Creating package script '/home/airlab/seed25/ros_packages/mocap4r2_ws/install/mocap4r2_control/share/mocap4r2_control/package.zsh'
[3.175s] Level 1:colcon.colcon_core.environment:create_file_with_runtime_dependencies(/home/airlab/seed25/ros_packages/mocap4r2_ws/install/mocap4r2_control/share/colcon-core/packages/mocap4r2_control)
[3.176s] INFO:colcon.colcon_ros.task.ament_cmake.build:Building ROS package in '/home/airlab/seed25/ros_packages/mocap4r2_ws/src/mocap4r2/mocap4r2_robot_gt/mocap4r2_robot_gt' with build type 'ament_cmake'
[3.181s] INFO:colcon.colcon_cmake.task.cmake.build:Building CMake package in '/home/airlab/seed25/ros_packages/mocap4r2_ws/src/mocap4r2/mocap4r2_robot_gt/mocap4r2_robot_gt'
[3.182s] INFO:colcon.colcon_core.shell:Skip shell extension 'powershell' for command environment: Not usable outside of PowerShell
[3.182s] DEBUG:colcon.colcon_core.shell:Skip shell extension 'dsv' for command environment
[3.237s] DEBUG:colcon.colcon_core.event_handler.log_command:Invoking command in '/home/airlab/seed25/ros_packages/mocap4r2_ws/build/mocap4r2_robot_gt': CMAKE_PREFIX_PATH=/home/airlab/seed25/ros_packages/mocap4r2_ws/install/mocap4r2_robot_gt_msgs:/home/airlab/seed25/ros_packages/mocap4r2_ws/install/mocap4r2_msgs:/home/airlab/seed25/ros_packages/mocap4r2_ws/install/mocap4r2_marker_viz:/home/airlab/seed25/ros_packages/mocap4r2_ws/install/mocap4r2_marker_publisher:/home/airlab/seed25/ros_packages/mocap4r2_ws/install/mocap4r2_marker_viz_srvs:/home/airlab/seed25/ros_packages/mocap4r2_ws/install/mocap4r2_control_msgs:/home/airlab/seed25/ros_packages/mocap4r2_ws/install/mocap4r2cli:/opt/ros/foxy LD_LIBRARY_PATH=/home/airlab/seed25/ros_packages/mocap4r2_ws/install/mocap4r2_robot_gt_msgs/lib:/home/airlab/seed25/ros_packages/mocap4r2_ws/install/mocap4r2_msgs/lib:/home/airlab/seed25/ros_packages/mocap4r2_ws/install/mocap4r2_marker_viz_srvs/lib:/home/airlab/seed25/ros_packages/mocap4r2_ws/install/mocap4r2_control_msgs/lib:/usr/local/cuda-11.4/lib64:/usr/local/cuda-11.4/lib64:/opt/ros/foxy/opt/yaml_cpp_vendor/lib:/opt/ros/foxy/opt/rviz_ogre_vendor/lib:/opt/ros/foxy/lib/aarch64-linux-gnu:/opt/ros/foxy/lib:/usr/local/cuda-11.4/lib64 PYTHONPATH=/home/airlab/seed25/ros_packages/mocap4r2_ws/install/mocap4r2_robot_gt_msgs/lib/python3.8/site-packages:/home/airlab/seed25/ros_packages/mocap4r2_ws/install/mocap4r2_msgs/lib/python3.8/site-packages:/home/airlab/seed25/ros_packages/mocap4r2_ws/install/mocap4r2cli/lib/python3.8/site-packages:/home/airlab/seed25/ros_packages/mocap4r2_ws/install/mocap4r2_marker_viz_srvs/lib/python3.8/site-packages:/home/airlab/seed25/ros_packages/mocap4r2_ws/install/mocap4r2_control_msgs/lib/python3.8/site-packages:/opt/ros/foxy/lib/python3.8/site-packages /usr/bin/cmake --build /home/airlab/seed25/ros_packages/mocap4r2_ws/build/mocap4r2_robot_gt -- -j4 -l4
[3.262s] DEBUG:colcon.colcon_core.event_handler.log_command:Invoked command in '/home/airlab/seed25/ros_packages/mocap4r2_ws/build/mocap4r2_marker_publisher' returned '0': CMAKE_PREFIX_PATH=/home/airlab/seed25/ros_packages/mocap4r2_ws/install/mocap4r2_msgs:/home/airlab/seed25/ros_packages/mocap4r2_ws/install/mocap4r2_robot_gt_msgs:/home/airlab/seed25/ros_packages/mocap4r2_ws/install/mocap4r2_marker_viz:/home/airlab/seed25/ros_packages/mocap4r2_ws/install/mocap4r2_marker_publisher:/home/airlab/seed25/ros_packages/mocap4r2_ws/install/mocap4r2_marker_viz_srvs:/home/airlab/seed25/ros_packages/mocap4r2_ws/install/mocap4r2_control_msgs:/home/airlab/seed25/ros_packages/mocap4r2_ws/install/mocap4r2cli:/opt/ros/foxy LD_LIBRARY_PATH=/home/airlab/seed25/ros_packages/mocap4r2_ws/install/mocap4r2_msgs/lib:/home/airlab/seed25/ros_packages/mocap4r2_ws/install/mocap4r2_robot_gt_msgs/lib:/home/airlab/seed25/ros_packages/mocap4r2_ws/install/mocap4r2_marker_viz_srvs/lib:/home/airlab/seed25/ros_packages/mocap4r2_ws/install/mocap4r2_control_msgs/lib:/usr/local/cuda-11.4/lib64:/usr/local/cuda-11.4/lib64:/opt/ros/foxy/opt/yaml_cpp_vendor/lib:/opt/ros/foxy/opt/rviz_ogre_vendor/lib:/opt/ros/foxy/lib/aarch64-linux-gnu:/opt/ros/foxy/lib:/usr/local/cuda-11.4/lib64 PYTHONPATH=/home/airlab/seed25/ros_packages/mocap4r2_ws/install/mocap4r2_msgs/lib/python3.8/site-packages:/home/airlab/seed25/ros_packages/mocap4r2_ws/install/mocap4r2cli/lib/python3.8/site-packages:/home/airlab/seed25/ros_packages/mocap4r2_ws/install/mocap4r2_robot_gt_msgs/lib/python3.8/site-packages:/home/airlab/seed25/ros_packages/mocap4r2_ws/install/mocap4r2_marker_viz_srvs/lib/python3.8/site-packages:/home/airlab/seed25/ros_packages/mocap4r2_ws/install/mocap4r2_control_msgs/lib/python3.8/site-packages:/opt/ros/foxy/lib/python3.8/site-packages /usr/bin/cmake --build /home/airlab/seed25/ros_packages/mocap4r2_ws/build/mocap4r2_marker_publisher -- -j4 -l4
[3.269s] DEBUG:colcon.colcon_core.event_handler.log_command:Invoking command in '/home/airlab/seed25/ros_packages/mocap4r2_ws/build/mocap4r2_marker_publisher': CMAKE_PREFIX_PATH=/home/airlab/seed25/ros_packages/mocap4r2_ws/install/mocap4r2_msgs:/home/airlab/seed25/ros_packages/mocap4r2_ws/install/mocap4r2_robot_gt_msgs:/home/airlab/seed25/ros_packages/mocap4r2_ws/install/mocap4r2_marker_viz:/home/airlab/seed25/ros_packages/mocap4r2_ws/install/mocap4r2_marker_publisher:/home/airlab/seed25/ros_packages/mocap4r2_ws/install/mocap4r2_marker_viz_srvs:/home/airlab/seed25/ros_packages/mocap4r2_ws/install/mocap4r2_control_msgs:/home/airlab/seed25/ros_packages/mocap4r2_ws/install/mocap4r2cli:/opt/ros/foxy LD_LIBRARY_PATH=/home/airlab/seed25/ros_packages/mocap4r2_ws/install/mocap4r2_msgs/lib:/home/airlab/seed25/ros_packages/mocap4r2_ws/install/mocap4r2_robot_gt_msgs/lib:/home/airlab/seed25/ros_packages/mocap4r2_ws/install/mocap4r2_marker_viz_srvs/lib:/home/airlab/seed25/ros_packages/mocap4r2_ws/install/mocap4r2_control_msgs/lib:/usr/local/cuda-11.4/lib64:/usr/local/cuda-11.4/lib64:/opt/ros/foxy/opt/yaml_cpp_vendor/lib:/opt/ros/foxy/opt/rviz_ogre_vendor/lib:/opt/ros/foxy/lib/aarch64-linux-gnu:/opt/ros/foxy/lib:/usr/local/cuda-11.4/lib64 PYTHONPATH=/home/airlab/seed25/ros_packages/mocap4r2_ws/install/mocap4r2_msgs/lib/python3.8/site-packages:/home/airlab/seed25/ros_packages/mocap4r2_ws/install/mocap4r2cli/lib/python3.8/site-packages:/home/airlab/seed25/ros_packages/mocap4r2_ws/install/mocap4r2_robot_gt_msgs/lib/python3.8/site-packages:/home/airlab/seed25/ros_packages/mocap4r2_ws/install/mocap4r2_marker_viz_srvs/lib/python3.8/site-packages:/home/airlab/seed25/ros_packages/mocap4r2_ws/install/mocap4r2_control_msgs/lib/python3.8/site-packages:/opt/ros/foxy/lib/python3.8/site-packages /usr/bin/cmake --install /home/airlab/seed25/ros_packages/mocap4r2_ws/build/mocap4r2_marker_publisher
[3.312s] Level 1:colcon.colcon_core.environment:create_environment_scripts_only(mocap4r2_marker_publisher)
[3.313s] Level 1:colcon.colcon_core.environment:checking '/home/airlab/seed25/ros_packages/mocap4r2_ws/install/mocap4r2_marker_publisher' for CMake module files
[3.314s] Level 1:colcon.colcon_core.environment:checking '/home/airlab/seed25/ros_packages/mocap4r2_ws/install/mocap4r2_marker_publisher' for CMake config files
[3.315s] Level 1:colcon.colcon_core.shell:create_environment_hook('mocap4r2_marker_publisher', 'cmake_prefix_path')
[3.316s] INFO:colcon.colcon_core.shell:Creating environment hook '/home/airlab/seed25/ros_packages/mocap4r2_ws/install/mocap4r2_marker_publisher/share/mocap4r2_marker_publisher/hook/cmake_prefix_path.ps1'
[3.317s] INFO:colcon.colcon_core.shell:Creating environment descriptor '/home/airlab/seed25/ros_packages/mocap4r2_ws/install/mocap4r2_marker_publisher/share/mocap4r2_marker_publisher/hook/cmake_prefix_path.dsv'
[3.318s] DEBUG:colcon.colcon_core.event_handler.log_command:Invoked command in '/home/airlab/seed25/ros_packages/mocap4r2_ws/build/mocap4r2_marker_publisher' returned '0': CMAKE_PREFIX_PATH=/home/airlab/seed25/ros_packages/mocap4r2_ws/install/mocap4r2_msgs:/home/airlab/seed25/ros_packages/mocap4r2_ws/install/mocap4r2_robot_gt_msgs:/home/airlab/seed25/ros_packages/mocap4r2_ws/install/mocap4r2_marker_viz:/home/airlab/seed25/ros_packages/mocap4r2_ws/install/mocap4r2_marker_publisher:/home/airlab/seed25/ros_packages/mocap4r2_ws/install/mocap4r2_marker_viz_srvs:/home/airlab/seed25/ros_packages/mocap4r2_ws/install/mocap4r2_control_msgs:/home/airlab/seed25/ros_packages/mocap4r2_ws/install/mocap4r2cli:/opt/ros/foxy LD_LIBRARY_PATH=/home/airlab/seed25/ros_packages/mocap4r2_ws/install/mocap4r2_msgs/lib:/home/airlab/seed25/ros_packages/mocap4r2_ws/install/mocap4r2_robot_gt_msgs/lib:/home/airlab/seed25/ros_packages/mocap4r2_ws/install/mocap4r2_marker_viz_srvs/lib:/home/airlab/seed25/ros_packages/mocap4r2_ws/install/mocap4r2_control_msgs/lib:/usr/local/cuda-11.4/lib64:/usr/local/cuda-11.4/lib64:/opt/ros/foxy/opt/yaml_cpp_vendor/lib:/opt/ros/foxy/opt/rviz_ogre_vendor/lib:/opt/ros/foxy/lib/aarch64-linux-gnu:/opt/ros/foxy/lib:/usr/local/cuda-11.4/lib64 PYTHONPATH=/home/airlab/seed25/ros_packages/mocap4r2_ws/install/mocap4r2_msgs/lib/python3.8/site-packages:/home/airlab/seed25/ros_packages/mocap4r2_ws/install/mocap4r2cli/lib/python3.8/site-packages:/home/airlab/seed25/ros_packages/mocap4r2_ws/install/mocap4r2_robot_gt_msgs/lib/python3.8/site-packages:/home/airlab/seed25/ros_packages/mocap4r2_ws/install/mocap4r2_marker_viz_srvs/lib/python3.8/site-packages:/home/airlab/seed25/ros_packages/mocap4r2_ws/install/mocap4r2_control_msgs/lib/python3.8/site-packages:/opt/ros/foxy/lib/python3.8/site-packages /usr/bin/cmake --install /home/airlab/seed25/ros_packages/mocap4r2_ws/build/mocap4r2_marker_publisher
[3.319s] INFO:colcon.colcon_core.shell:Creating environment hook '/home/airlab/seed25/ros_packages/mocap4r2_ws/install/mocap4r2_marker_publisher/share/mocap4r2_marker_publisher/hook/cmake_prefix_path.sh'
[3.321s] Level 1:colcon.colcon_core.environment:checking '/home/airlab/seed25/ros_packages/mocap4r2_ws/install/mocap4r2_marker_publisher/lib'
[3.322s] Level 1:colcon.colcon_core.environment:checking '/home/airlab/seed25/ros_packages/mocap4r2_ws/install/mocap4r2_marker_publisher/bin'
[3.322s] Level 1:colcon.colcon_core.environment:checking '/home/airlab/seed25/ros_packages/mocap4r2_ws/install/mocap4r2_marker_publisher/lib/pkgconfig/mocap4r2_marker_publisher.pc'
[3.323s] Level 1:colcon.colcon_core.environment:checking '/home/airlab/seed25/ros_packages/mocap4r2_ws/install/mocap4r2_marker_publisher/lib/python3.8/site-packages'
[3.323s] Level 1:colcon.colcon_core.environment:checking '/home/airlab/seed25/ros_packages/mocap4r2_ws/install/mocap4r2_marker_publisher/bin'
[3.324s] INFO:colcon.colcon_core.shell:Creating package script '/home/airlab/seed25/ros_packages/mocap4r2_ws/install/mocap4r2_marker_publisher/share/mocap4r2_marker_publisher/package.ps1'
[3.326s] INFO:colcon.colcon_core.shell:Creating package descriptor '/home/airlab/seed25/ros_packages/mocap4r2_ws/install/mocap4r2_marker_publisher/share/mocap4r2_marker_publisher/package.dsv'
[3.327s] INFO:colcon.colcon_core.shell:Creating package script '/home/airlab/seed25/ros_packages/mocap4r2_ws/install/mocap4r2_marker_publisher/share/mocap4r2_marker_publisher/package.sh'
[3.328s] INFO:colcon.colcon_core.shell:Creating package script '/home/airlab/seed25/ros_packages/mocap4r2_ws/install/mocap4r2_marker_publisher/share/mocap4r2_marker_publisher/package.bash'
[3.329s] INFO:colcon.colcon_core.shell:Creating package script '/home/airlab/seed25/ros_packages/mocap4r2_ws/install/mocap4r2_marker_publisher/share/mocap4r2_marker_publisher/package.zsh'
[3.330s] Level 1:colcon.colcon_core.environment:create_file_with_runtime_dependencies(/home/airlab/seed25/ros_packages/mocap4r2_ws/install/mocap4r2_marker_publisher/share/colcon-core/packages/mocap4r2_marker_publisher)
[3.332s] Level 1:colcon.colcon_core.environment:create_environment_scripts_only(mocap4r2_marker_publisher)
[3.332s] Level 1:colcon.colcon_core.environment:checking '/home/airlab/seed25/ros_packages/mocap4r2_ws/install/mocap4r2_marker_publisher' for CMake module files
[3.333s] Level 1:colcon.colcon_core.environment:checking '/home/airlab/seed25/ros_packages/mocap4r2_ws/install/mocap4r2_marker_publisher' for CMake config files
[3.334s] Level 1:colcon.colcon_core.shell:create_environment_hook('mocap4r2_marker_publisher', 'cmake_prefix_path')
[3.334s] INFO:colcon.colcon_core.shell:Creating environment hook '/home/airlab/seed25/ros_packages/mocap4r2_ws/install/mocap4r2_marker_publisher/share/mocap4r2_marker_publisher/hook/cmake_prefix_path.ps1'
[3.335s] INFO:colcon.colcon_core.shell:Creating environment descriptor '/home/airlab/seed25/ros_packages/mocap4r2_ws/install/mocap4r2_marker_publisher/share/mocap4r2_marker_publisher/hook/cmake_prefix_path.dsv'
[3.336s] INFO:colcon.colcon_core.shell:Creating environment hook '/home/airlab/seed25/ros_packages/mocap4r2_ws/install/mocap4r2_marker_publisher/share/mocap4r2_marker_publisher/hook/cmake_prefix_path.sh'
[3.338s] Level 1:colcon.colcon_core.environment:checking '/home/airlab/seed25/ros_packages/mocap4r2_ws/install/mocap4r2_marker_publisher/lib'
[3.338s] Level 1:colcon.colcon_core.environment:checking '/home/airlab/seed25/ros_packages/mocap4r2_ws/install/mocap4r2_marker_publisher/bin'
[3.338s] Level 1:colcon.colcon_core.environment:checking '/home/airlab/seed25/ros_packages/mocap4r2_ws/install/mocap4r2_marker_publisher/lib/pkgconfig/mocap4r2_marker_publisher.pc'
[3.338s] Level 1:colcon.colcon_core.environment:checking '/home/airlab/seed25/ros_packages/mocap4r2_ws/install/mocap4r2_marker_publisher/lib/python3.8/site-packages'
[3.339s] Level 1:colcon.colcon_core.environment:checking '/home/airlab/seed25/ros_packages/mocap4r2_ws/install/mocap4r2_marker_publisher/bin'
[3.339s] INFO:colcon.colcon_core.shell:Creating package script '/home/airlab/seed25/ros_packages/mocap4r2_ws/install/mocap4r2_marker_publisher/share/mocap4r2_marker_publisher/package.ps1'
[3.341s] INFO:colcon.colcon_core.shell:Creating package descriptor '/home/airlab/seed25/ros_packages/mocap4r2_ws/install/mocap4r2_marker_publisher/share/mocap4r2_marker_publisher/package.dsv'
[3.342s] INFO:colcon.colcon_core.shell:Creating package script '/home/airlab/seed25/ros_packages/mocap4r2_ws/install/mocap4r2_marker_publisher/share/mocap4r2_marker_publisher/package.sh'
[3.343s] INFO:colcon.colcon_core.shell:Creating package script '/home/airlab/seed25/ros_packages/mocap4r2_ws/install/mocap4r2_marker_publisher/share/mocap4r2_marker_publisher/package.bash'
[3.344s] INFO:colcon.colcon_core.shell:Creating package script '/home/airlab/seed25/ros_packages/mocap4r2_ws/install/mocap4r2_marker_publisher/share/mocap4r2_marker_publisher/package.zsh'
[3.345s] Level 1:colcon.colcon_core.environment:create_file_with_runtime_dependencies(/home/airlab/seed25/ros_packages/mocap4r2_ws/install/mocap4r2_marker_publisher/share/colcon-core/packages/mocap4r2_marker_publisher)
[3.347s] INFO:colcon.colcon_ros.task.ament_cmake.build:Building ROS package in '/home/airlab/seed25/ros_packages/mocap4r2_ws/src/mocap4r2/mocap4r2_dummy_driver' with build type 'ament_cmake'
[3.348s] INFO:colcon.colcon_cmake.task.cmake.build:Building CMake package in '/home/airlab/seed25/ros_packages/mocap4r2_ws/src/mocap4r2/mocap4r2_dummy_driver'
[3.349s] INFO:colcon.colcon_core.shell:Skip shell extension 'powershell' for command environment: Not usable outside of PowerShell
[3.349s] DEBUG:colcon.colcon_core.shell:Skip shell extension 'dsv' for command environment
[3.374s] DEBUG:colcon.colcon_core.event_handler.log_command:Invoked command in '/home/airlab/seed25/ros_packages/mocap4r2_ws/build/mocap4r2_marker_viz' returned '0': CMAKE_PREFIX_PATH=/home/airlab/seed25/ros_packages/mocap4r2_ws/install/mocap4r2_msgs:/home/airlab/seed25/ros_packages/mocap4r2_ws/install/mocap4r2_marker_viz_srvs:/home/airlab/seed25/ros_packages/mocap4r2_ws/install/mocap4r2_robot_gt_msgs:/home/airlab/seed25/ros_packages/mocap4r2_ws/install/mocap4r2_marker_viz:/home/airlab/seed25/ros_packages/mocap4r2_ws/install/mocap4r2_marker_publisher:/home/airlab/seed25/ros_packages/mocap4r2_ws/install/mocap4r2_control_msgs:/home/airlab/seed25/ros_packages/mocap4r2_ws/install/mocap4r2cli:/opt/ros/foxy LD_LIBRARY_PATH=/home/airlab/seed25/ros_packages/mocap4r2_ws/install/mocap4r2_msgs/lib:/home/airlab/seed25/ros_packages/mocap4r2_ws/install/mocap4r2_marker_viz_srvs/lib:/home/airlab/seed25/ros_packages/mocap4r2_ws/install/mocap4r2_robot_gt_msgs/lib:/home/airlab/seed25/ros_packages/mocap4r2_ws/install/mocap4r2_control_msgs/lib:/usr/local/cuda-11.4/lib64:/usr/local/cuda-11.4/lib64:/opt/ros/foxy/opt/yaml_cpp_vendor/lib:/opt/ros/foxy/opt/rviz_ogre_vendor/lib:/opt/ros/foxy/lib/aarch64-linux-gnu:/opt/ros/foxy/lib:/usr/local/cuda-11.4/lib64 PYTHONPATH=/home/airlab/seed25/ros_packages/mocap4r2_ws/install/mocap4r2_msgs/lib/python3.8/site-packages:/home/airlab/seed25/ros_packages/mocap4r2_ws/install/mocap4r2_marker_viz_srvs/lib/python3.8/site-packages:/home/airlab/seed25/ros_packages/mocap4r2_ws/install/mocap4r2cli/lib/python3.8/site-packages:/home/airlab/seed25/ros_packages/mocap4r2_ws/install/mocap4r2_robot_gt_msgs/lib/python3.8/site-packages:/home/airlab/seed25/ros_packages/mocap4r2_ws/install/mocap4r2_control_msgs/lib/python3.8/site-packages:/opt/ros/foxy/lib/python3.8/site-packages /usr/bin/cmake --build /home/airlab/seed25/ros_packages/mocap4r2_ws/build/mocap4r2_marker_viz -- -j4 -l4
[3.376s] DEBUG:colcon.colcon_core.event_handler.log_command:Invoking command in '/home/airlab/seed25/ros_packages/mocap4r2_ws/build/mocap4r2_marker_viz': CMAKE_PREFIX_PATH=/home/airlab/seed25/ros_packages/mocap4r2_ws/install/mocap4r2_msgs:/home/airlab/seed25/ros_packages/mocap4r2_ws/install/mocap4r2_marker_viz_srvs:/home/airlab/seed25/ros_packages/mocap4r2_ws/install/mocap4r2_robot_gt_msgs:/home/airlab/seed25/ros_packages/mocap4r2_ws/install/mocap4r2_marker_viz:/home/airlab/seed25/ros_packages/mocap4r2_ws/install/mocap4r2_marker_publisher:/home/airlab/seed25/ros_packages/mocap4r2_ws/install/mocap4r2_control_msgs:/home/airlab/seed25/ros_packages/mocap4r2_ws/install/mocap4r2cli:/opt/ros/foxy LD_LIBRARY_PATH=/home/airlab/seed25/ros_packages/mocap4r2_ws/install/mocap4r2_msgs/lib:/home/airlab/seed25/ros_packages/mocap4r2_ws/install/mocap4r2_marker_viz_srvs/lib:/home/airlab/seed25/ros_packages/mocap4r2_ws/install/mocap4r2_robot_gt_msgs/lib:/home/airlab/seed25/ros_packages/mocap4r2_ws/install/mocap4r2_control_msgs/lib:/usr/local/cuda-11.4/lib64:/usr/local/cuda-11.4/lib64:/opt/ros/foxy/opt/yaml_cpp_vendor/lib:/opt/ros/foxy/opt/rviz_ogre_vendor/lib:/opt/ros/foxy/lib/aarch64-linux-gnu:/opt/ros/foxy/lib:/usr/local/cuda-11.4/lib64 PYTHONPATH=/home/airlab/seed25/ros_packages/mocap4r2_ws/install/mocap4r2_msgs/lib/python3.8/site-packages:/home/airlab/seed25/ros_packages/mocap4r2_ws/install/mocap4r2_marker_viz_srvs/lib/python3.8/site-packages:/home/airlab/seed25/ros_packages/mocap4r2_ws/install/mocap4r2cli/lib/python3.8/site-packages:/home/airlab/seed25/ros_packages/mocap4r2_ws/install/mocap4r2_robot_gt_msgs/lib/python3.8/site-packages:/home/airlab/seed25/ros_packages/mocap4r2_ws/install/mocap4r2_control_msgs/lib/python3.8/site-packages:/opt/ros/foxy/lib/python3.8/site-packages /usr/bin/cmake --install /home/airlab/seed25/ros_packages/mocap4r2_ws/build/mocap4r2_marker_viz
[3.449s] DEBUG:colcon.colcon_core.event_handler.log_command:Invoking command in '/home/airlab/seed25/ros_packages/mocap4r2_ws/build/mocap4r2_dummy_driver': AMENT_PREFIX_PATH=/home/airlab/seed25/ros_packages/mocap4r2_ws/install/mocap4r2_control:${AMENT_PREFIX_PATH} CMAKE_PREFIX_PATH=/home/airlab/seed25/ros_packages/mocap4r2_ws/install/mocap4r2_control:/home/airlab/seed25/ros_packages/mocap4r2_ws/install/mocap4r2_msgs:/home/airlab/seed25/ros_packages/mocap4r2_ws/install/mocap4r2_control_msgs:/home/airlab/seed25/ros_packages/mocap4r2_ws/install/mocap4r2_robot_gt_msgs:/home/airlab/seed25/ros_packages/mocap4r2_ws/install/mocap4r2_marker_viz:/home/airlab/seed25/ros_packages/mocap4r2_ws/install/mocap4r2_marker_publisher:/home/airlab/seed25/ros_packages/mocap4r2_ws/install/mocap4r2_marker_viz_srvs:/home/airlab/seed25/ros_packages/mocap4r2_ws/install/mocap4r2cli:/opt/ros/foxy LD_LIBRARY_PATH=/home/airlab/seed25/ros_packages/mocap4r2_ws/install/mocap4r2_control/lib:/home/airlab/seed25/ros_packages/mocap4r2_ws/install/mocap4r2_msgs/lib:/home/airlab/seed25/ros_packages/mocap4r2_ws/install/mocap4r2_control_msgs/lib:/home/airlab/seed25/ros_packages/mocap4r2_ws/install/mocap4r2_robot_gt_msgs/lib:/home/airlab/seed25/ros_packages/mocap4r2_ws/install/mocap4r2_marker_viz_srvs/lib:/usr/local/cuda-11.4/lib64:/usr/local/cuda-11.4/lib64:/opt/ros/foxy/opt/yaml_cpp_vendor/lib:/opt/ros/foxy/opt/rviz_ogre_vendor/lib:/opt/ros/foxy/lib/aarch64-linux-gnu:/opt/ros/foxy/lib:/usr/local/cuda-11.4/lib64 PYTHONPATH=/home/airlab/seed25/ros_packages/mocap4r2_ws/install/mocap4r2_msgs/lib/python3.8/site-packages:/home/airlab/seed25/ros_packages/mocap4r2_ws/install/mocap4r2_control_msgs/lib/python3.8/site-packages:/home/airlab/seed25/ros_packages/mocap4r2_ws/install/mocap4r2cli/lib/python3.8/site-packages:/home/airlab/seed25/ros_packages/mocap4r2_ws/install/mocap4r2_robot_gt_msgs/lib/python3.8/site-packages:/home/airlab/seed25/ros_packages/mocap4r2_ws/install/mocap4r2_marker_viz_srvs/lib/python3.8/site-packages:/opt/ros/foxy/lib/python3.8/site-packages /usr/bin/cmake /home/airlab/seed25/ros_packages/mocap4r2_ws/src/mocap4r2/mocap4r2_dummy_driver -DCMAKE_INSTALL_PREFIX=/home/airlab/seed25/ros_packages/mocap4r2_ws/install/mocap4r2_dummy_driver
[3.459s] Level 1:colcon.colcon_core.environment:create_environment_scripts_only(mocap4r2_marker_viz)
[3.460s] Level 1:colcon.colcon_core.environment:checking '/home/airlab/seed25/ros_packages/mocap4r2_ws/install/mocap4r2_marker_viz' for CMake module files
[3.461s] Level 1:colcon.colcon_core.environment:checking '/home/airlab/seed25/ros_packages/mocap4r2_ws/install/mocap4r2_marker_viz' for CMake config files
[3.461s] Level 1:colcon.colcon_core.shell:create_environment_hook('mocap4r2_marker_viz', 'cmake_prefix_path')
[3.462s] INFO:colcon.colcon_core.shell:Creating environment hook '/home/airlab/seed25/ros_packages/mocap4r2_ws/install/mocap4r2_marker_viz/share/mocap4r2_marker_viz/hook/cmake_prefix_path.ps1'
[3.463s] INFO:colcon.colcon_core.shell:Creating environment descriptor '/home/airlab/seed25/ros_packages/mocap4r2_ws/install/mocap4r2_marker_viz/share/mocap4r2_marker_viz/hook/cmake_prefix_path.dsv'
[3.464s] INFO:colcon.colcon_core.shell:Creating environment hook '/home/airlab/seed25/ros_packages/mocap4r2_ws/install/mocap4r2_marker_viz/share/mocap4r2_marker_viz/hook/cmake_prefix_path.sh'
[3.465s] DEBUG:colcon.colcon_core.event_handler.log_command:Invoked command in '/home/airlab/seed25/ros_packages/mocap4r2_ws/build/mocap4r2_marker_viz' returned '0': CMAKE_PREFIX_PATH=/home/airlab/seed25/ros_packages/mocap4r2_ws/install/mocap4r2_msgs:/home/airlab/seed25/ros_packages/mocap4r2_ws/install/mocap4r2_marker_viz_srvs:/home/airlab/seed25/ros_packages/mocap4r2_ws/install/mocap4r2_robot_gt_msgs:/home/airlab/seed25/ros_packages/mocap4r2_ws/install/mocap4r2_marker_viz:/home/airlab/seed25/ros_packages/mocap4r2_ws/install/mocap4r2_marker_publisher:/home/airlab/seed25/ros_packages/mocap4r2_ws/install/mocap4r2_control_msgs:/home/airlab/seed25/ros_packages/mocap4r2_ws/install/mocap4r2cli:/opt/ros/foxy LD_LIBRARY_PATH=/home/airlab/seed25/ros_packages/mocap4r2_ws/install/mocap4r2_msgs/lib:/home/airlab/seed25/ros_packages/mocap4r2_ws/install/mocap4r2_marker_viz_srvs/lib:/home/airlab/seed25/ros_packages/mocap4r2_ws/install/mocap4r2_robot_gt_msgs/lib:/home/airlab/seed25/ros_packages/mocap4r2_ws/install/mocap4r2_control_msgs/lib:/usr/local/cuda-11.4/lib64:/usr/local/cuda-11.4/lib64:/opt/ros/foxy/opt/yaml_cpp_vendor/lib:/opt/ros/foxy/opt/rviz_ogre_vendor/lib:/opt/ros/foxy/lib/aarch64-linux-gnu:/opt/ros/foxy/lib:/usr/local/cuda-11.4/lib64 PYTHONPATH=/home/airlab/seed25/ros_packages/mocap4r2_ws/install/mocap4r2_msgs/lib/python3.8/site-packages:/home/airlab/seed25/ros_packages/mocap4r2_ws/install/mocap4r2_marker_viz_srvs/lib/python3.8/site-packages:/home/airlab/seed25/ros_packages/mocap4r2_ws/install/mocap4r2cli/lib/python3.8/site-packages:/home/airlab/seed25/ros_packages/mocap4r2_ws/install/mocap4r2_robot_gt_msgs/lib/python3.8/site-packages:/home/airlab/seed25/ros_packages/mocap4r2_ws/install/mocap4r2_control_msgs/lib/python3.8/site-packages:/opt/ros/foxy/lib/python3.8/site-packages /usr/bin/cmake --install /home/airlab/seed25/ros_packages/mocap4r2_ws/build/mocap4r2_marker_viz
[3.467s] Level 1:colcon.colcon_core.environment:checking '/home/airlab/seed25/ros_packages/mocap4r2_ws/install/mocap4r2_marker_viz/lib'
[3.467s] Level 1:colcon.colcon_core.environment:checking '/home/airlab/seed25/ros_packages/mocap4r2_ws/install/mocap4r2_marker_viz/bin'
[3.467s] Level 1:colcon.colcon_core.environment:checking '/home/airlab/seed25/ros_packages/mocap4r2_ws/install/mocap4r2_marker_viz/lib/pkgconfig/mocap4r2_marker_viz.pc'
[3.468s] Level 1:colcon.colcon_core.environment:checking '/home/airlab/seed25/ros_packages/mocap4r2_ws/install/mocap4r2_marker_viz/lib/python3.8/site-packages'
[3.468s] Level 1:colcon.colcon_core.environment:checking '/home/airlab/seed25/ros_packages/mocap4r2_ws/install/mocap4r2_marker_viz/bin'
[3.473s] INFO:colcon.colcon_core.shell:Creating package script '/home/airlab/seed25/ros_packages/mocap4r2_ws/install/mocap4r2_marker_viz/share/mocap4r2_marker_viz/package.ps1'
[3.474s] INFO:colcon.colcon_core.shell:Creating package descriptor '/home/airlab/seed25/ros_packages/mocap4r2_ws/install/mocap4r2_marker_viz/share/mocap4r2_marker_viz/package.dsv'
[3.475s] INFO:colcon.colcon_core.shell:Creating package script '/home/airlab/seed25/ros_packages/mocap4r2_ws/install/mocap4r2_marker_viz/share/mocap4r2_marker_viz/package.sh'
[3.486s] INFO:colcon.colcon_core.shell:Creating package script '/home/airlab/seed25/ros_packages/mocap4r2_ws/install/mocap4r2_marker_viz/share/mocap4r2_marker_viz/package.bash'
[3.487s] INFO:colcon.colcon_core.shell:Creating package script '/home/airlab/seed25/ros_packages/mocap4r2_ws/install/mocap4r2_marker_viz/share/mocap4r2_marker_viz/package.zsh'
[3.488s] Level 1:colcon.colcon_core.environment:create_file_with_runtime_dependencies(/home/airlab/seed25/ros_packages/mocap4r2_ws/install/mocap4r2_marker_viz/share/colcon-core/packages/mocap4r2_marker_viz)
[3.490s] Level 1:colcon.colcon_core.environment:create_environment_scripts_only(mocap4r2_marker_viz)
[3.490s] Level 1:colcon.colcon_core.environment:checking '/home/airlab/seed25/ros_packages/mocap4r2_ws/install/mocap4r2_marker_viz' for CMake module files
[3.491s] Level 1:colcon.colcon_core.environment:checking '/home/airlab/seed25/ros_packages/mocap4r2_ws/install/mocap4r2_marker_viz' for CMake config files
[3.492s] Level 1:colcon.colcon_core.shell:create_environment_hook('mocap4r2_marker_viz', 'cmake_prefix_path')
[3.493s] INFO:colcon.colcon_core.shell:Creating environment hook '/home/airlab/seed25/ros_packages/mocap4r2_ws/install/mocap4r2_marker_viz/share/mocap4r2_marker_viz/hook/cmake_prefix_path.ps1'
[3.494s] INFO:colcon.colcon_core.shell:Creating environment descriptor '/home/airlab/seed25/ros_packages/mocap4r2_ws/install/mocap4r2_marker_viz/share/mocap4r2_marker_viz/hook/cmake_prefix_path.dsv'
[3.496s] INFO:colcon.colcon_core.shell:Creating environment hook '/home/airlab/seed25/ros_packages/mocap4r2_ws/install/mocap4r2_marker_viz/share/mocap4r2_marker_viz/hook/cmake_prefix_path.sh'
[3.498s] Level 1:colcon.colcon_core.environment:checking '/home/airlab/seed25/ros_packages/mocap4r2_ws/install/mocap4r2_marker_viz/lib'
[3.498s] Level 1:colcon.colcon_core.environment:checking '/home/airlab/seed25/ros_packages/mocap4r2_ws/install/mocap4r2_marker_viz/bin'
[3.498s] Level 1:colcon.colcon_core.environment:checking '/home/airlab/seed25/ros_packages/mocap4r2_ws/install/mocap4r2_marker_viz/lib/pkgconfig/mocap4r2_marker_viz.pc'
[3.499s] Level 1:colcon.colcon_core.environment:checking '/home/airlab/seed25/ros_packages/mocap4r2_ws/install/mocap4r2_marker_viz/lib/python3.8/site-packages'
[3.499s] Level 1:colcon.colcon_core.environment:checking '/home/airlab/seed25/ros_packages/mocap4r2_ws/install/mocap4r2_marker_viz/bin'
[3.500s] INFO:colcon.colcon_core.shell:Creating package script '/home/airlab/seed25/ros_packages/mocap4r2_ws/install/mocap4r2_marker_viz/share/mocap4r2_marker_viz/package.ps1'
[3.505s] INFO:colcon.colcon_core.shell:Creating package descriptor '/home/airlab/seed25/ros_packages/mocap4r2_ws/install/mocap4r2_marker_viz/share/mocap4r2_marker_viz/package.dsv'
[3.506s] INFO:colcon.colcon_core.shell:Creating package script '/home/airlab/seed25/ros_packages/mocap4r2_ws/install/mocap4r2_marker_viz/share/mocap4r2_marker_viz/package.sh'
[3.507s] INFO:colcon.colcon_core.shell:Creating package script '/home/airlab/seed25/ros_packages/mocap4r2_ws/install/mocap4r2_marker_viz/share/mocap4r2_marker_viz/package.bash'
[3.508s] INFO:colcon.colcon_core.shell:Creating package script '/home/airlab/seed25/ros_packages/mocap4r2_ws/install/mocap4r2_marker_viz/share/mocap4r2_marker_viz/package.zsh'
[3.509s] Level 1:colcon.colcon_core.environment:create_file_with_runtime_dependencies(/home/airlab/seed25/ros_packages/mocap4r2_ws/install/mocap4r2_marker_viz/share/colcon-core/packages/mocap4r2_marker_viz)
[3.512s] INFO:colcon.colcon_ros.task.ament_cmake.build:Building ROS package in '/home/airlab/seed25/ros_packages/mocap4r2_ws/src/mocap4ros2_optitrack/mocap4r2_optitrack_driver' with build type 'ament_cmake'
[3.513s] INFO:colcon.colcon_cmake.task.cmake.build:Building CMake package in '/home/airlab/seed25/ros_packages/mocap4r2_ws/src/mocap4ros2_optitrack/mocap4r2_optitrack_driver'
[3.513s] INFO:colcon.colcon_core.shell:Skip shell extension 'powershell' for command environment: Not usable outside of PowerShell
[3.513s] DEBUG:colcon.colcon_core.shell:Skip shell extension 'dsv' for command environment
[3.604s] DEBUG:colcon.colcon_core.event_handler.log_command:Invoking command in '/home/airlab/seed25/ros_packages/mocap4r2_ws/build/mocap4r2_optitrack_driver': AMENT_PREFIX_PATH=/home/airlab/seed25/ros_packages/mocap4r2_ws/install/mocap4r2_control:${AMENT_PREFIX_PATH} CMAKE_PREFIX_PATH=/home/airlab/seed25/ros_packages/mocap4r2_ws/install/mocap4r2_control:/home/airlab/seed25/ros_packages/mocap4r2_ws/install/mocap4r2_msgs:/home/airlab/seed25/ros_packages/mocap4r2_ws/install/mocap4r2_control_msgs:/home/airlab/seed25/ros_packages/mocap4r2_ws/install/mocap4r2_robot_gt_msgs:/home/airlab/seed25/ros_packages/mocap4r2_ws/install/mocap4r2_marker_viz:/home/airlab/seed25/ros_packages/mocap4r2_ws/install/mocap4r2_marker_publisher:/home/airlab/seed25/ros_packages/mocap4r2_ws/install/mocap4r2_marker_viz_srvs:/home/airlab/seed25/ros_packages/mocap4r2_ws/install/mocap4r2cli:/opt/ros/foxy LD_LIBRARY_PATH=/home/airlab/seed25/ros_packages/mocap4r2_ws/install/mocap4r2_control/lib:/home/airlab/seed25/ros_packages/mocap4r2_ws/install/mocap4r2_msgs/lib:/home/airlab/seed25/ros_packages/mocap4r2_ws/install/mocap4r2_control_msgs/lib:/home/airlab/seed25/ros_packages/mocap4r2_ws/install/mocap4r2_robot_gt_msgs/lib:/home/airlab/seed25/ros_packages/mocap4r2_ws/install/mocap4r2_marker_viz_srvs/lib:/usr/local/cuda-11.4/lib64:/usr/local/cuda-11.4/lib64:/opt/ros/foxy/opt/yaml_cpp_vendor/lib:/opt/ros/foxy/opt/rviz_ogre_vendor/lib:/opt/ros/foxy/lib/aarch64-linux-gnu:/opt/ros/foxy/lib:/usr/local/cuda-11.4/lib64 PYTHONPATH=/home/airlab/seed25/ros_packages/mocap4r2_ws/install/mocap4r2_msgs/lib/python3.8/site-packages:/home/airlab/seed25/ros_packages/mocap4r2_ws/install/mocap4r2_control_msgs/lib/python3.8/site-packages:/home/airlab/seed25/ros_packages/mocap4r2_ws/install/mocap4r2cli/lib/python3.8/site-packages:/home/airlab/seed25/ros_packages/mocap4r2_ws/install/mocap4r2_robot_gt_msgs/lib/python3.8/site-packages:/home/airlab/seed25/ros_packages/mocap4r2_ws/install/mocap4r2_marker_viz_srvs/lib/python3.8/site-packages:/opt/ros/foxy/lib/python3.8/site-packages /usr/bin/cmake /home/airlab/seed25/ros_packages/mocap4r2_ws/src/mocap4ros2_optitrack/mocap4r2_optitrack_driver -DCMAKE_INSTALL_PREFIX=/home/airlab/seed25/ros_packages/mocap4r2_ws/install/mocap4r2_optitrack_driver
[4.254s] DEBUG:colcon.colcon_core.event_handler.log_command:Invoking command in '/home/airlab/seed25/ros_packages/mocap4r2_ws/src/mocap4r2/mocap4r2cli': CMAKE_PREFIX_PATH=/home/airlab/seed25/ros_packages/mocap4r2_ws/install/mocap4r2_control_msgs:/home/airlab/seed25/ros_packages/mocap4r2_ws/install/mocap4r2_robot_gt_msgs:/home/airlab/seed25/ros_packages/mocap4r2_ws/install/mocap4r2_marker_viz:/home/airlab/seed25/ros_packages/mocap4r2_ws/install/mocap4r2_marker_publisher:/home/airlab/seed25/ros_packages/mocap4r2_ws/install/mocap4r2_msgs:/home/airlab/seed25/ros_packages/mocap4r2_ws/install/mocap4r2_marker_viz_srvs LD_LIBRARY_PATH=/home/airlab/seed25/ros_packages/mocap4r2_ws/install/mocap4r2_control_msgs/lib:/home/airlab/seed25/ros_packages/mocap4r2_ws/install/mocap4r2_robot_gt_msgs/lib:/home/airlab/seed25/ros_packages/mocap4r2_ws/install/mocap4r2_msgs/lib:/home/airlab/seed25/ros_packages/mocap4r2_ws/install/mocap4r2_marker_viz_srvs/lib:/usr/local/cuda-11.4/lib64:/usr/local/cuda-11.4/lib64:/opt/ros/foxy/opt/yaml_cpp_vendor/lib:/opt/ros/foxy/opt/rviz_ogre_vendor/lib:/opt/ros/foxy/lib/aarch64-linux-gnu:/opt/ros/foxy/lib:/usr/local/cuda-11.4/lib64 PYTHONPATH=/home/airlab/seed25/ros_packages/mocap4r2_ws/build/mocap4r2cli/prefix_override:/usr/lib/python3/dist-packages/colcon_core/task/python/colcon_distutils_commands:/home/airlab/seed25/ros_packages/mocap4r2_ws/install/mocap4r2cli/lib/python3.8/site-packages:/home/airlab/seed25/ros_packages/mocap4r2_ws/install/mocap4r2_control_msgs/lib/python3.8/site-packages:/home/airlab/seed25/ros_packages/mocap4r2_ws/install/mocap4r2cli/lib/python3.8/site-packages:/home/airlab/seed25/ros_packages/mocap4r2_ws/install/mocap4r2_robot_gt_msgs/lib/python3.8/site-packages:/home/airlab/seed25/ros_packages/mocap4r2_ws/install/mocap4r2_msgs/lib/python3.8/site-packages:/home/airlab/seed25/ros_packages/mocap4r2_ws/install/mocap4r2_marker_viz_srvs/lib/python3.8/site-packages:/opt/ros/foxy/lib/python3.8/site-packages /usr/bin/python3 -W ignore:setup.py install is deprecated -W ignore:easy_install command is deprecated setup.py egg_info --egg-base ../../../build/mocap4r2cli build --build-base /home/airlab/seed25/ros_packages/mocap4r2_ws/build/mocap4r2cli/build install --record /home/airlab/seed25/ros_packages/mocap4r2_ws/build/mocap4r2cli/install.log --single-version-externally-managed install_data
[5.134s] Level 1:colcon.colcon_core.environment:checking '/home/airlab/seed25/ros_packages/mocap4r2_ws/install/mocap4r2cli' for CMake module files
[5.135s] DEBUG:colcon.colcon_core.event_handler.log_command:Invoked command in '/home/airlab/seed25/ros_packages/mocap4r2_ws/src/mocap4r2/mocap4r2cli' returned '0': CMAKE_PREFIX_PATH=/home/airlab/seed25/ros_packages/mocap4r2_ws/install/mocap4r2_control_msgs:/home/airlab/seed25/ros_packages/mocap4r2_ws/install/mocap4r2_robot_gt_msgs:/home/airlab/seed25/ros_packages/mocap4r2_ws/install/mocap4r2_marker_viz:/home/airlab/seed25/ros_packages/mocap4r2_ws/install/mocap4r2_marker_publisher:/home/airlab/seed25/ros_packages/mocap4r2_ws/install/mocap4r2_msgs:/home/airlab/seed25/ros_packages/mocap4r2_ws/install/mocap4r2_marker_viz_srvs LD_LIBRARY_PATH=/home/airlab/seed25/ros_packages/mocap4r2_ws/install/mocap4r2_control_msgs/lib:/home/airlab/seed25/ros_packages/mocap4r2_ws/install/mocap4r2_robot_gt_msgs/lib:/home/airlab/seed25/ros_packages/mocap4r2_ws/install/mocap4r2_msgs/lib:/home/airlab/seed25/ros_packages/mocap4r2_ws/install/mocap4r2_marker_viz_srvs/lib:/usr/local/cuda-11.4/lib64:/usr/local/cuda-11.4/lib64:/opt/ros/foxy/opt/yaml_cpp_vendor/lib:/opt/ros/foxy/opt/rviz_ogre_vendor/lib:/opt/ros/foxy/lib/aarch64-linux-gnu:/opt/ros/foxy/lib:/usr/local/cuda-11.4/lib64 PYTHONPATH=/home/airlab/seed25/ros_packages/mocap4r2_ws/build/mocap4r2cli/prefix_override:/usr/lib/python3/dist-packages/colcon_core/task/python/colcon_distutils_commands:/home/airlab/seed25/ros_packages/mocap4r2_ws/install/mocap4r2cli/lib/python3.8/site-packages:/home/airlab/seed25/ros_packages/mocap4r2_ws/install/mocap4r2_control_msgs/lib/python3.8/site-packages:/home/airlab/seed25/ros_packages/mocap4r2_ws/install/mocap4r2cli/lib/python3.8/site-packages:/home/airlab/seed25/ros_packages/mocap4r2_ws/install/mocap4r2_robot_gt_msgs/lib/python3.8/site-packages:/home/airlab/seed25/ros_packages/mocap4r2_ws/install/mocap4r2_msgs/lib/python3.8/site-packages:/home/airlab/seed25/ros_packages/mocap4r2_ws/install/mocap4r2_marker_viz_srvs/lib/python3.8/site-packages:/opt/ros/foxy/lib/python3.8/site-packages /usr/bin/python3 -W ignore:setup.py install is deprecated -W ignore:easy_install command is deprecated setup.py egg_info --egg-base ../../../build/mocap4r2cli build --build-base /home/airlab/seed25/ros_packages/mocap4r2_ws/build/mocap4r2cli/build install --record /home/airlab/seed25/ros_packages/mocap4r2_ws/build/mocap4r2cli/install.log --single-version-externally-managed install_data
[5.136s] Level 1:colcon.colcon_core.environment:checking '/home/airlab/seed25/ros_packages/mocap4r2_ws/install/mocap4r2cli' for CMake config files
[5.138s] Level 1:colcon.colcon_core.environment:checking '/home/airlab/seed25/ros_packages/mocap4r2_ws/install/mocap4r2cli/lib'
[5.138s] Level 1:colcon.colcon_core.environment:checking '/home/airlab/seed25/ros_packages/mocap4r2_ws/install/mocap4r2cli/bin'
[5.138s] Level 1:colcon.colcon_core.environment:checking '/home/airlab/seed25/ros_packages/mocap4r2_ws/install/mocap4r2cli/lib/pkgconfig/mocap4r2cli.pc'
[5.139s] Level 1:colcon.colcon_core.environment:checking '/home/airlab/seed25/ros_packages/mocap4r2_ws/install/mocap4r2cli/lib/python3.8/site-packages'
[5.139s] Level 1:colcon.colcon_core.shell:create_environment_hook('mocap4r2cli', 'pythonpath')
[5.140s] INFO:colcon.colcon_core.shell:Creating environment hook '/home/airlab/seed25/ros_packages/mocap4r2_ws/install/mocap4r2cli/share/mocap4r2cli/hook/pythonpath.ps1'
[5.141s] INFO:colcon.colcon_core.shell:Creating environment descriptor '/home/airlab/seed25/ros_packages/mocap4r2_ws/install/mocap4r2cli/share/mocap4r2cli/hook/pythonpath.dsv'
[5.142s] INFO:colcon.colcon_core.shell:Creating environment hook '/home/airlab/seed25/ros_packages/mocap4r2_ws/install/mocap4r2cli/share/mocap4r2cli/hook/pythonpath.sh'
[5.143s] Level 1:colcon.colcon_core.environment:checking '/home/airlab/seed25/ros_packages/mocap4r2_ws/install/mocap4r2cli/bin'
[5.144s] Level 1:colcon.colcon_core.environment:create_environment_scripts_only(mocap4r2cli)
[5.157s] INFO:colcon.colcon_core.shell:Creating package script '/home/airlab/seed25/ros_packages/mocap4r2_ws/install/mocap4r2cli/share/mocap4r2cli/package.ps1'
[5.160s] INFO:colcon.colcon_core.shell:Creating package descriptor '/home/airlab/seed25/ros_packages/mocap4r2_ws/install/mocap4r2cli/share/mocap4r2cli/package.dsv'
[5.162s] INFO:colcon.colcon_core.shell:Creating package script '/home/airlab/seed25/ros_packages/mocap4r2_ws/install/mocap4r2cli/share/mocap4r2cli/package.sh'
[5.163s] INFO:colcon.colcon_core.shell:Creating package script '/home/airlab/seed25/ros_packages/mocap4r2_ws/install/mocap4r2cli/share/mocap4r2cli/package.bash'
[5.164s] INFO:colcon.colcon_core.shell:Creating package script '/home/airlab/seed25/ros_packages/mocap4r2_ws/install/mocap4r2cli/share/mocap4r2cli/package.zsh'
[5.165s] Level 1:colcon.colcon_core.environment:create_file_with_runtime_dependencies(/home/airlab/seed25/ros_packages/mocap4r2_ws/install/mocap4r2cli/share/colcon-core/packages/mocap4r2cli)
[5.166s] INFO:colcon.colcon_ros.task.ament_cmake.build:Building ROS package in '/home/airlab/seed25/ros_packages/mocap4r2_ws/src/mocap4r2/mocap4r2_control/rqt_mocap4r2_control' with build type 'ament_cmake'
[5.177s] INFO:colcon.colcon_cmake.task.cmake.build:Building CMake package in '/home/airlab/seed25/ros_packages/mocap4r2_ws/src/mocap4r2/mocap4r2_control/rqt_mocap4r2_control'
[5.178s] INFO:colcon.colcon_core.shell:Skip shell extension 'powershell' for command environment: Not usable outside of PowerShell
[5.178s] DEBUG:colcon.colcon_core.shell:Skip shell extension 'dsv' for command environment
[5.300s] DEBUG:colcon.colcon_core.event_handler.log_command:Invoking command in '/home/airlab/seed25/ros_packages/mocap4r2_ws/build/rqt_mocap4r2_control': AMENT_PREFIX_PATH=/home/airlab/seed25/ros_packages/mocap4r2_ws/install/mocap4r2_control:${AMENT_PREFIX_PATH} CMAKE_PREFIX_PATH=/home/airlab/seed25/ros_packages/mocap4r2_ws/install/mocap4r2_control:/home/airlab/seed25/ros_packages/mocap4r2_ws/install/mocap4r2_control_msgs:/home/airlab/seed25/ros_packages/mocap4r2_ws/install/mocap4r2_robot_gt_msgs:/home/airlab/seed25/ros_packages/mocap4r2_ws/install/mocap4r2_marker_viz:/home/airlab/seed25/ros_packages/mocap4r2_ws/install/mocap4r2_marker_publisher:/home/airlab/seed25/ros_packages/mocap4r2_ws/install/mocap4r2_msgs:/home/airlab/seed25/ros_packages/mocap4r2_ws/install/mocap4r2_marker_viz_srvs:/home/airlab/seed25/ros_packages/mocap4r2_ws/install/mocap4r2cli:/opt/ros/foxy LD_LIBRARY_PATH=/home/airlab/seed25/ros_packages/mocap4r2_ws/install/mocap4r2_control/lib:/home/airlab/seed25/ros_packages/mocap4r2_ws/install/mocap4r2_control_msgs/lib:/home/airlab/seed25/ros_packages/mocap4r2_ws/install/mocap4r2_robot_gt_msgs/lib:/home/airlab/seed25/ros_packages/mocap4r2_ws/install/mocap4r2_msgs/lib:/home/airlab/seed25/ros_packages/mocap4r2_ws/install/mocap4r2_marker_viz_srvs/lib:/usr/local/cuda-11.4/lib64:/usr/local/cuda-11.4/lib64:/opt/ros/foxy/opt/yaml_cpp_vendor/lib:/opt/ros/foxy/opt/rviz_ogre_vendor/lib:/opt/ros/foxy/lib/aarch64-linux-gnu:/opt/ros/foxy/lib:/usr/local/cuda-11.4/lib64 PYTHONPATH=/home/airlab/seed25/ros_packages/mocap4r2_ws/install/mocap4r2_control_msgs/lib/python3.8/site-packages:/home/airlab/seed25/ros_packages/mocap4r2_ws/install/mocap4r2cli/lib/python3.8/site-packages:/home/airlab/seed25/ros_packages/mocap4r2_ws/install/mocap4r2_robot_gt_msgs/lib/python3.8/site-packages:/home/airlab/seed25/ros_packages/mocap4r2_ws/install/mocap4r2_msgs/lib/python3.8/site-packages:/home/airlab/seed25/ros_packages/mocap4r2_ws/install/mocap4r2_marker_viz_srvs/lib/python3.8/site-packages:/opt/ros/foxy/lib/python3.8/site-packages /usr/bin/cmake /home/airlab/seed25/ros_packages/mocap4r2_ws/src/mocap4r2/mocap4r2_control/rqt_mocap4r2_control -DCMAKE_INSTALL_PREFIX=/home/airlab/seed25/ros_packages/mocap4r2_ws/install/rqt_mocap4r2_control
[9.178s] DEBUG:colcon.colcon_core.event_handler.log_command:Invoked command in '/home/airlab/seed25/ros_packages/mocap4r2_ws/build/mocap4r2_dummy_driver' returned '0': AMENT_PREFIX_PATH=/home/airlab/seed25/ros_packages/mocap4r2_ws/install/mocap4r2_control:${AMENT_PREFIX_PATH} CMAKE_PREFIX_PATH=/home/airlab/seed25/ros_packages/mocap4r2_ws/install/mocap4r2_control:/home/airlab/seed25/ros_packages/mocap4r2_ws/install/mocap4r2_msgs:/home/airlab/seed25/ros_packages/mocap4r2_ws/install/mocap4r2_control_msgs:/home/airlab/seed25/ros_packages/mocap4r2_ws/install/mocap4r2_robot_gt_msgs:/home/airlab/seed25/ros_packages/mocap4r2_ws/install/mocap4r2_marker_viz:/home/airlab/seed25/ros_packages/mocap4r2_ws/install/mocap4r2_marker_publisher:/home/airlab/seed25/ros_packages/mocap4r2_ws/install/mocap4r2_marker_viz_srvs:/home/airlab/seed25/ros_packages/mocap4r2_ws/install/mocap4r2cli:/opt/ros/foxy LD_LIBRARY_PATH=/home/airlab/seed25/ros_packages/mocap4r2_ws/install/mocap4r2_control/lib:/home/airlab/seed25/ros_packages/mocap4r2_ws/install/mocap4r2_msgs/lib:/home/airlab/seed25/ros_packages/mocap4r2_ws/install/mocap4r2_control_msgs/lib:/home/airlab/seed25/ros_packages/mocap4r2_ws/install/mocap4r2_robot_gt_msgs/lib:/home/airlab/seed25/ros_packages/mocap4r2_ws/install/mocap4r2_marker_viz_srvs/lib:/usr/local/cuda-11.4/lib64:/usr/local/cuda-11.4/lib64:/opt/ros/foxy/opt/yaml_cpp_vendor/lib:/opt/ros/foxy/opt/rviz_ogre_vendor/lib:/opt/ros/foxy/lib/aarch64-linux-gnu:/opt/ros/foxy/lib:/usr/local/cuda-11.4/lib64 PYTHONPATH=/home/airlab/seed25/ros_packages/mocap4r2_ws/install/mocap4r2_msgs/lib/python3.8/site-packages:/home/airlab/seed25/ros_packages/mocap4r2_ws/install/mocap4r2_control_msgs/lib/python3.8/site-packages:/home/airlab/seed25/ros_packages/mocap4r2_ws/install/mocap4r2cli/lib/python3.8/site-packages:/home/airlab/seed25/ros_packages/mocap4r2_ws/install/mocap4r2_robot_gt_msgs/lib/python3.8/site-packages:/home/airlab/seed25/ros_packages/mocap4r2_ws/install/mocap4r2_marker_viz_srvs/lib/python3.8/site-packages:/opt/ros/foxy/lib/python3.8/site-packages /usr/bin/cmake /home/airlab/seed25/ros_packages/mocap4r2_ws/src/mocap4r2/mocap4r2_dummy_driver -DCMAKE_INSTALL_PREFIX=/home/airlab/seed25/ros_packages/mocap4r2_ws/install/mocap4r2_dummy_driver
[9.179s] DEBUG:colcon.colcon_core.event_handler.log_command:Invoking command in '/home/airlab/seed25/ros_packages/mocap4r2_ws/build/mocap4r2_dummy_driver': AMENT_PREFIX_PATH=/home/airlab/seed25/ros_packages/mocap4r2_ws/install/mocap4r2_control:${AMENT_PREFIX_PATH} CMAKE_PREFIX_PATH=/home/airlab/seed25/ros_packages/mocap4r2_ws/install/mocap4r2_control:/home/airlab/seed25/ros_packages/mocap4r2_ws/install/mocap4r2_msgs:/home/airlab/seed25/ros_packages/mocap4r2_ws/install/mocap4r2_control_msgs:/home/airlab/seed25/ros_packages/mocap4r2_ws/install/mocap4r2_robot_gt_msgs:/home/airlab/seed25/ros_packages/mocap4r2_ws/install/mocap4r2_marker_viz:/home/airlab/seed25/ros_packages/mocap4r2_ws/install/mocap4r2_marker_publisher:/home/airlab/seed25/ros_packages/mocap4r2_ws/install/mocap4r2_marker_viz_srvs:/home/airlab/seed25/ros_packages/mocap4r2_ws/install/mocap4r2cli:/opt/ros/foxy LD_LIBRARY_PATH=/home/airlab/seed25/ros_packages/mocap4r2_ws/install/mocap4r2_control/lib:/home/airlab/seed25/ros_packages/mocap4r2_ws/install/mocap4r2_msgs/lib:/home/airlab/seed25/ros_packages/mocap4r2_ws/install/mocap4r2_control_msgs/lib:/home/airlab/seed25/ros_packages/mocap4r2_ws/install/mocap4r2_robot_gt_msgs/lib:/home/airlab/seed25/ros_packages/mocap4r2_ws/install/mocap4r2_marker_viz_srvs/lib:/usr/local/cuda-11.4/lib64:/usr/local/cuda-11.4/lib64:/opt/ros/foxy/opt/yaml_cpp_vendor/lib:/opt/ros/foxy/opt/rviz_ogre_vendor/lib:/opt/ros/foxy/lib/aarch64-linux-gnu:/opt/ros/foxy/lib:/usr/local/cuda-11.4/lib64 PYTHONPATH=/home/airlab/seed25/ros_packages/mocap4r2_ws/install/mocap4r2_msgs/lib/python3.8/site-packages:/home/airlab/seed25/ros_packages/mocap4r2_ws/install/mocap4r2_control_msgs/lib/python3.8/site-packages:/home/airlab/seed25/ros_packages/mocap4r2_ws/install/mocap4r2cli/lib/python3.8/site-packages:/home/airlab/seed25/ros_packages/mocap4r2_ws/install/mocap4r2_robot_gt_msgs/lib/python3.8/site-packages:/home/airlab/seed25/ros_packages/mocap4r2_ws/install/mocap4r2_marker_viz_srvs/lib/python3.8/site-packages:/opt/ros/foxy/lib/python3.8/site-packages /usr/bin/cmake --build /home/airlab/seed25/ros_packages/mocap4r2_ws/build/mocap4r2_dummy_driver -- -j4 -l4
[10.268s] DEBUG:colcon.colcon_core.event_handler.log_command:Invoked command in '/home/airlab/seed25/ros_packages/mocap4r2_ws/build/mocap4r2_optitrack_driver' returned '0': AMENT_PREFIX_PATH=/home/airlab/seed25/ros_packages/mocap4r2_ws/install/mocap4r2_control:${AMENT_PREFIX_PATH} CMAKE_PREFIX_PATH=/home/airlab/seed25/ros_packages/mocap4r2_ws/install/mocap4r2_control:/home/airlab/seed25/ros_packages/mocap4r2_ws/install/mocap4r2_msgs:/home/airlab/seed25/ros_packages/mocap4r2_ws/install/mocap4r2_control_msgs:/home/airlab/seed25/ros_packages/mocap4r2_ws/install/mocap4r2_robot_gt_msgs:/home/airlab/seed25/ros_packages/mocap4r2_ws/install/mocap4r2_marker_viz:/home/airlab/seed25/ros_packages/mocap4r2_ws/install/mocap4r2_marker_publisher:/home/airlab/seed25/ros_packages/mocap4r2_ws/install/mocap4r2_marker_viz_srvs:/home/airlab/seed25/ros_packages/mocap4r2_ws/install/mocap4r2cli:/opt/ros/foxy LD_LIBRARY_PATH=/home/airlab/seed25/ros_packages/mocap4r2_ws/install/mocap4r2_control/lib:/home/airlab/seed25/ros_packages/mocap4r2_ws/install/mocap4r2_msgs/lib:/home/airlab/seed25/ros_packages/mocap4r2_ws/install/mocap4r2_control_msgs/lib:/home/airlab/seed25/ros_packages/mocap4r2_ws/install/mocap4r2_robot_gt_msgs/lib:/home/airlab/seed25/ros_packages/mocap4r2_ws/install/mocap4r2_marker_viz_srvs/lib:/usr/local/cuda-11.4/lib64:/usr/local/cuda-11.4/lib64:/opt/ros/foxy/opt/yaml_cpp_vendor/lib:/opt/ros/foxy/opt/rviz_ogre_vendor/lib:/opt/ros/foxy/lib/aarch64-linux-gnu:/opt/ros/foxy/lib:/usr/local/cuda-11.4/lib64 PYTHONPATH=/home/airlab/seed25/ros_packages/mocap4r2_ws/install/mocap4r2_msgs/lib/python3.8/site-packages:/home/airlab/seed25/ros_packages/mocap4r2_ws/install/mocap4r2_control_msgs/lib/python3.8/site-packages:/home/airlab/seed25/ros_packages/mocap4r2_ws/install/mocap4r2cli/lib/python3.8/site-packages:/home/airlab/seed25/ros_packages/mocap4r2_ws/install/mocap4r2_robot_gt_msgs/lib/python3.8/site-packages:/home/airlab/seed25/ros_packages/mocap4r2_ws/install/mocap4r2_marker_viz_srvs/lib/python3.8/site-packages:/opt/ros/foxy/lib/python3.8/site-packages /usr/bin/cmake /home/airlab/seed25/ros_packages/mocap4r2_ws/src/mocap4ros2_optitrack/mocap4r2_optitrack_driver -DCMAKE_INSTALL_PREFIX=/home/airlab/seed25/ros_packages/mocap4r2_ws/install/mocap4r2_optitrack_driver
[10.269s] DEBUG:colcon.colcon_core.event_handler.log_command:Invoking command in '/home/airlab/seed25/ros_packages/mocap4r2_ws/build/mocap4r2_optitrack_driver': AMENT_PREFIX_PATH=/home/airlab/seed25/ros_packages/mocap4r2_ws/install/mocap4r2_control:${AMENT_PREFIX_PATH} CMAKE_PREFIX_PATH=/home/airlab/seed25/ros_packages/mocap4r2_ws/install/mocap4r2_control:/home/airlab/seed25/ros_packages/mocap4r2_ws/install/mocap4r2_msgs:/home/airlab/seed25/ros_packages/mocap4r2_ws/install/mocap4r2_control_msgs:/home/airlab/seed25/ros_packages/mocap4r2_ws/install/mocap4r2_robot_gt_msgs:/home/airlab/seed25/ros_packages/mocap4r2_ws/install/mocap4r2_marker_viz:/home/airlab/seed25/ros_packages/mocap4r2_ws/install/mocap4r2_marker_publisher:/home/airlab/seed25/ros_packages/mocap4r2_ws/install/mocap4r2_marker_viz_srvs:/home/airlab/seed25/ros_packages/mocap4r2_ws/install/mocap4r2cli:/opt/ros/foxy LD_LIBRARY_PATH=/home/airlab/seed25/ros_packages/mocap4r2_ws/install/mocap4r2_control/lib:/home/airlab/seed25/ros_packages/mocap4r2_ws/install/mocap4r2_msgs/lib:/home/airlab/seed25/ros_packages/mocap4r2_ws/install/mocap4r2_control_msgs/lib:/home/airlab/seed25/ros_packages/mocap4r2_ws/install/mocap4r2_robot_gt_msgs/lib:/home/airlab/seed25/ros_packages/mocap4r2_ws/install/mocap4r2_marker_viz_srvs/lib:/usr/local/cuda-11.4/lib64:/usr/local/cuda-11.4/lib64:/opt/ros/foxy/opt/yaml_cpp_vendor/lib:/opt/ros/foxy/opt/rviz_ogre_vendor/lib:/opt/ros/foxy/lib/aarch64-linux-gnu:/opt/ros/foxy/lib:/usr/local/cuda-11.4/lib64 PYTHONPATH=/home/airlab/seed25/ros_packages/mocap4r2_ws/install/mocap4r2_msgs/lib/python3.8/site-packages:/home/airlab/seed25/ros_packages/mocap4r2_ws/install/mocap4r2_control_msgs/lib/python3.8/site-packages:/home/airlab/seed25/ros_packages/mocap4r2_ws/install/mocap4r2cli/lib/python3.8/site-packages:/home/airlab/seed25/ros_packages/mocap4r2_ws/install/mocap4r2_robot_gt_msgs/lib/python3.8/site-packages:/home/airlab/seed25/ros_packages/mocap4r2_ws/install/mocap4r2_marker_viz_srvs/lib/python3.8/site-packages:/opt/ros/foxy/lib/python3.8/site-packages /usr/bin/cmake --build /home/airlab/seed25/ros_packages/mocap4r2_ws/build/mocap4r2_optitrack_driver -- -j4 -l4
[11.193s] DEBUG:colcon.colcon_core.event_handler.log_command:Invoked command in '/home/airlab/seed25/ros_packages/mocap4r2_ws/build/rqt_mocap4r2_control' returned '0': AMENT_PREFIX_PATH=/home/airlab/seed25/ros_packages/mocap4r2_ws/install/mocap4r2_control:${AMENT_PREFIX_PATH} CMAKE_PREFIX_PATH=/home/airlab/seed25/ros_packages/mocap4r2_ws/install/mocap4r2_control:/home/airlab/seed25/ros_packages/mocap4r2_ws/install/mocap4r2_control_msgs:/home/airlab/seed25/ros_packages/mocap4r2_ws/install/mocap4r2_robot_gt_msgs:/home/airlab/seed25/ros_packages/mocap4r2_ws/install/mocap4r2_marker_viz:/home/airlab/seed25/ros_packages/mocap4r2_ws/install/mocap4r2_marker_publisher:/home/airlab/seed25/ros_packages/mocap4r2_ws/install/mocap4r2_msgs:/home/airlab/seed25/ros_packages/mocap4r2_ws/install/mocap4r2_marker_viz_srvs:/home/airlab/seed25/ros_packages/mocap4r2_ws/install/mocap4r2cli:/opt/ros/foxy LD_LIBRARY_PATH=/home/airlab/seed25/ros_packages/mocap4r2_ws/install/mocap4r2_control/lib:/home/airlab/seed25/ros_packages/mocap4r2_ws/install/mocap4r2_control_msgs/lib:/home/airlab/seed25/ros_packages/mocap4r2_ws/install/mocap4r2_robot_gt_msgs/lib:/home/airlab/seed25/ros_packages/mocap4r2_ws/install/mocap4r2_msgs/lib:/home/airlab/seed25/ros_packages/mocap4r2_ws/install/mocap4r2_marker_viz_srvs/lib:/usr/local/cuda-11.4/lib64:/usr/local/cuda-11.4/lib64:/opt/ros/foxy/opt/yaml_cpp_vendor/lib:/opt/ros/foxy/opt/rviz_ogre_vendor/lib:/opt/ros/foxy/lib/aarch64-linux-gnu:/opt/ros/foxy/lib:/usr/local/cuda-11.4/lib64 PYTHONPATH=/home/airlab/seed25/ros_packages/mocap4r2_ws/install/mocap4r2_control_msgs/lib/python3.8/site-packages:/home/airlab/seed25/ros_packages/mocap4r2_ws/install/mocap4r2cli/lib/python3.8/site-packages:/home/airlab/seed25/ros_packages/mocap4r2_ws/install/mocap4r2_robot_gt_msgs/lib/python3.8/site-packages:/home/airlab/seed25/ros_packages/mocap4r2_ws/install/mocap4r2_msgs/lib/python3.8/site-packages:/home/airlab/seed25/ros_packages/mocap4r2_ws/install/mocap4r2_marker_viz_srvs/lib/python3.8/site-packages:/opt/ros/foxy/lib/python3.8/site-packages /usr/bin/cmake /home/airlab/seed25/ros_packages/mocap4r2_ws/src/mocap4r2/mocap4r2_control/rqt_mocap4r2_control -DCMAKE_INSTALL_PREFIX=/home/airlab/seed25/ros_packages/mocap4r2_ws/install/rqt_mocap4r2_control
[11.194s] DEBUG:colcon.colcon_core.event_handler.log_command:Invoking command in '/home/airlab/seed25/ros_packages/mocap4r2_ws/build/rqt_mocap4r2_control': AMENT_PREFIX_PATH=/home/airlab/seed25/ros_packages/mocap4r2_ws/install/mocap4r2_control:${AMENT_PREFIX_PATH} CMAKE_PREFIX_PATH=/home/airlab/seed25/ros_packages/mocap4r2_ws/install/mocap4r2_control:/home/airlab/seed25/ros_packages/mocap4r2_ws/install/mocap4r2_control_msgs:/home/airlab/seed25/ros_packages/mocap4r2_ws/install/mocap4r2_robot_gt_msgs:/home/airlab/seed25/ros_packages/mocap4r2_ws/install/mocap4r2_marker_viz:/home/airlab/seed25/ros_packages/mocap4r2_ws/install/mocap4r2_marker_publisher:/home/airlab/seed25/ros_packages/mocap4r2_ws/install/mocap4r2_msgs:/home/airlab/seed25/ros_packages/mocap4r2_ws/install/mocap4r2_marker_viz_srvs:/home/airlab/seed25/ros_packages/mocap4r2_ws/install/mocap4r2cli:/opt/ros/foxy LD_LIBRARY_PATH=/home/airlab/seed25/ros_packages/mocap4r2_ws/install/mocap4r2_control/lib:/home/airlab/seed25/ros_packages/mocap4r2_ws/install/mocap4r2_control_msgs/lib:/home/airlab/seed25/ros_packages/mocap4r2_ws/install/mocap4r2_robot_gt_msgs/lib:/home/airlab/seed25/ros_packages/mocap4r2_ws/install/mocap4r2_msgs/lib:/home/airlab/seed25/ros_packages/mocap4r2_ws/install/mocap4r2_marker_viz_srvs/lib:/usr/local/cuda-11.4/lib64:/usr/local/cuda-11.4/lib64:/opt/ros/foxy/opt/yaml_cpp_vendor/lib:/opt/ros/foxy/opt/rviz_ogre_vendor/lib:/opt/ros/foxy/lib/aarch64-linux-gnu:/opt/ros/foxy/lib:/usr/local/cuda-11.4/lib64 PYTHONPATH=/home/airlab/seed25/ros_packages/mocap4r2_ws/install/mocap4r2_control_msgs/lib/python3.8/site-packages:/home/airlab/seed25/ros_packages/mocap4r2_ws/install/mocap4r2cli/lib/python3.8/site-packages:/home/airlab/seed25/ros_packages/mocap4r2_ws/install/mocap4r2_robot_gt_msgs/lib/python3.8/site-packages:/home/airlab/seed25/ros_packages/mocap4r2_ws/install/mocap4r2_msgs/lib/python3.8/site-packages:/home/airlab/seed25/ros_packages/mocap4r2_ws/install/mocap4r2_marker_viz_srvs/lib/python3.8/site-packages:/opt/ros/foxy/lib/python3.8/site-packages /usr/bin/cmake --build /home/airlab/seed25/ros_packages/mocap4r2_ws/build/rqt_mocap4r2_control -- -j4 -l4
[22.448s] Level 1:colcon.colcon_core.environment:create_environment_scripts_only(mocap4r2_optitrack_driver)
[22.448s] Level 1:colcon.colcon_core.environment:checking '/home/airlab/seed25/ros_packages/mocap4r2_ws/install/mocap4r2_optitrack_driver' for CMake module files
[22.449s] Level 1:colcon.colcon_core.environment:checking '/home/airlab/seed25/ros_packages/mocap4r2_ws/install/mocap4r2_optitrack_driver' for CMake config files
[22.450s] Level 1:colcon.colcon_core.environment:checking '/home/airlab/seed25/ros_packages/mocap4r2_ws/install/mocap4r2_optitrack_driver/bin'
[22.450s] Level 1:colcon.colcon_core.environment:checking '/home/airlab/seed25/ros_packages/mocap4r2_ws/install/mocap4r2_optitrack_driver/lib/pkgconfig/mocap4r2_optitrack_driver.pc'
[22.450s] Level 1:colcon.colcon_core.environment:checking '/home/airlab/seed25/ros_packages/mocap4r2_ws/install/mocap4r2_optitrack_driver/lib/python3.8/site-packages'
[22.451s] Level 1:colcon.colcon_core.environment:checking '/home/airlab/seed25/ros_packages/mocap4r2_ws/install/mocap4r2_optitrack_driver/bin'
[22.451s] INFO:colcon.colcon_core.shell:Creating package script '/home/airlab/seed25/ros_packages/mocap4r2_ws/install/mocap4r2_optitrack_driver/share/mocap4r2_optitrack_driver/package.ps1'
[22.453s] DEBUG:colcon.colcon_core.event_handler.log_command:Invoked command in '/home/airlab/seed25/ros_packages/mocap4r2_ws/build/mocap4r2_optitrack_driver' returned '2': AMENT_PREFIX_PATH=/home/airlab/seed25/ros_packages/mocap4r2_ws/install/mocap4r2_control:${AMENT_PREFIX_PATH} CMAKE_PREFIX_PATH=/home/airlab/seed25/ros_packages/mocap4r2_ws/install/mocap4r2_control:/home/airlab/seed25/ros_packages/mocap4r2_ws/install/mocap4r2_msgs:/home/airlab/seed25/ros_packages/mocap4r2_ws/install/mocap4r2_control_msgs:/home/airlab/seed25/ros_packages/mocap4r2_ws/install/mocap4r2_robot_gt_msgs:/home/airlab/seed25/ros_packages/mocap4r2_ws/install/mocap4r2_marker_viz:/home/airlab/seed25/ros_packages/mocap4r2_ws/install/mocap4r2_marker_publisher:/home/airlab/seed25/ros_packages/mocap4r2_ws/install/mocap4r2_marker_viz_srvs:/home/airlab/seed25/ros_packages/mocap4r2_ws/install/mocap4r2cli:/opt/ros/foxy LD_LIBRARY_PATH=/home/airlab/seed25/ros_packages/mocap4r2_ws/install/mocap4r2_control/lib:/home/airlab/seed25/ros_packages/mocap4r2_ws/install/mocap4r2_msgs/lib:/home/airlab/seed25/ros_packages/mocap4r2_ws/install/mocap4r2_control_msgs/lib:/home/airlab/seed25/ros_packages/mocap4r2_ws/install/mocap4r2_robot_gt_msgs/lib:/home/airlab/seed25/ros_packages/mocap4r2_ws/install/mocap4r2_marker_viz_srvs/lib:/usr/local/cuda-11.4/lib64:/usr/local/cuda-11.4/lib64:/opt/ros/foxy/opt/yaml_cpp_vendor/lib:/opt/ros/foxy/opt/rviz_ogre_vendor/lib:/opt/ros/foxy/lib/aarch64-linux-gnu:/opt/ros/foxy/lib:/usr/local/cuda-11.4/lib64 PYTHONPATH=/home/airlab/seed25/ros_packages/mocap4r2_ws/install/mocap4r2_msgs/lib/python3.8/site-packages:/home/airlab/seed25/ros_packages/mocap4r2_ws/install/mocap4r2_control_msgs/lib/python3.8/site-packages:/home/airlab/seed25/ros_packages/mocap4r2_ws/install/mocap4r2cli/lib/python3.8/site-packages:/home/airlab/seed25/ros_packages/mocap4r2_ws/install/mocap4r2_robot_gt_msgs/lib/python3.8/site-packages:/home/airlab/seed25/ros_packages/mocap4r2_ws/install/mocap4r2_marker_viz_srvs/lib/python3.8/site-packages:/opt/ros/foxy/lib/python3.8/site-packages /usr/bin/cmake --build /home/airlab/seed25/ros_packages/mocap4r2_ws/build/mocap4r2_optitrack_driver -- -j4 -l4
[22.454s] INFO:colcon.colcon_core.shell:Creating package descriptor '/home/airlab/seed25/ros_packages/mocap4r2_ws/install/mocap4r2_optitrack_driver/share/mocap4r2_optitrack_driver/package.dsv'
[22.455s] INFO:colcon.colcon_core.shell:Creating package script '/home/airlab/seed25/ros_packages/mocap4r2_ws/install/mocap4r2_optitrack_driver/share/mocap4r2_optitrack_driver/package.sh'
[22.456s] INFO:colcon.colcon_core.shell:Creating package script '/home/airlab/seed25/ros_packages/mocap4r2_ws/install/mocap4r2_optitrack_driver/share/mocap4r2_optitrack_driver/package.bash'
[22.457s] INFO:colcon.colcon_core.shell:Creating package script '/home/airlab/seed25/ros_packages/mocap4r2_ws/install/mocap4r2_optitrack_driver/share/mocap4r2_optitrack_driver/package.zsh'
[22.458s] Level 1:colcon.colcon_core.environment:create_file_with_runtime_dependencies(/home/airlab/seed25/ros_packages/mocap4r2_ws/install/mocap4r2_optitrack_driver/share/colcon-core/packages/mocap4r2_optitrack_driver)
[33.718s] DEBUG:colcon.colcon_parallel_executor.executor.parallel:closing loop
[33.719s] DEBUG:colcon.colcon_parallel_executor.executor.parallel:loop closed
[33.719s] DEBUG:colcon.colcon_parallel_executor.executor.parallel:run_until_complete finished with '2'
[33.720s] DEBUG:colcon.colcon_core.event_reactor:joining thread
[33.737s] INFO:colcon.colcon_core.plugin_system:Skipping extension 'colcon_notification.desktop_notification.terminal_notifier': Not used on non-Darwin systems
[33.737s] INFO:colcon.colcon_core.plugin_system:Skipping extension 'colcon_notification.desktop_notification.win32': Not used on non-Windows systems
[33.738s] INFO:colcon.colcon_notification.desktop_notification:Sending desktop notification using 'notify2'
[33.762s] DEBUG:colcon.colcon_notification.desktop_notification.notify2:Failed to initialize notify2: org.freedesktop.DBus.Error.Spawn.ChildExited: Process org.freedesktop.Notifications exited with status 1
[33.762s] DEBUG:colcon.colcon_core.event_reactor:joined thread
[33.764s] INFO:colcon.colcon_core.shell:Creating prefix script '/home/airlab/seed25/ros_packages/mocap4r2_ws/install/local_setup.ps1'
[33.767s] INFO:colcon.colcon_core.shell:Creating prefix util module '/home/airlab/seed25/ros_packages/mocap4r2_ws/install/_local_setup_util_ps1.py'
[33.773s] INFO:colcon.colcon_core.shell:Creating prefix chain script '/home/airlab/seed25/ros_packages/mocap4r2_ws/install/setup.ps1'
[33.777s] INFO:colcon.colcon_core.shell:Creating prefix script '/home/airlab/seed25/ros_packages/mocap4r2_ws/install/local_setup.sh'
[33.779s] INFO:colcon.colcon_core.shell:Creating prefix util module '/home/airlab/seed25/ros_packages/mocap4r2_ws/install/_local_setup_util_sh.py'
[33.782s] INFO:colcon.colcon_core.shell:Creating prefix chain script '/home/airlab/seed25/ros_packages/mocap4r2_ws/install/setup.sh'
[33.786s] INFO:colcon.colcon_core.shell:Creating prefix script '/home/airlab/seed25/ros_packages/mocap4r2_ws/install/local_setup.bash'
[33.788s] INFO:colcon.colcon_core.shell:Creating prefix chain script '/home/airlab/seed25/ros_packages/mocap4r2_ws/install/setup.bash'
[33.792s] INFO:colcon.colcon_core.shell:Creating prefix script '/home/airlab/seed25/ros_packages/mocap4r2_ws/install/local_setup.zsh'
[33.794s] INFO:colcon.colcon_core.shell:Creating prefix chain script '/home/airlab/seed25/ros_packages/mocap4r2_ws/install/setup.zsh'
